time,wind_speed_10m,wind_direction_10m
2022-01-01T00:00,6.49,245
2022-01-01T01:00,5.92,233
2022-01-01T02:00,7.02,229
2022-01-01T03:00,6.66,229
2022-01-01T04:00,7.3,234
2022-01-01T05:00,7.45,230
2022-01-01T06:00,7.92,225
2022-01-01T07:00,8.49,224
2022-01-01T08:00,7.64,217
2022-01-01T09:00,7.65,207
2022-01-01T10:00,7.83,205
2022-01-01T11:00,8.29,203
2022-01-01T12:00,9.48,206
2022-01-01T13:00,9.48,206
2022-01-01T14:00,9.4,213
2022-01-01T15:00,9.16,212
2022-01-01T16:00,9.07,212
2022-01-01T17:00,8.77,204
2022-01-01T18:00,9.12,207
2022-01-01T19:00,9.06,211
2022-01-01T20:00,8.99,212
2022-01-01T21:00,8.24,216
2022-01-01T22:00,8.72,221
2022-01-01T23:00,8.43,222
2022-01-02T00:00,8.13,224
2022-01-02T01:00,8.46,219
2022-01-02T02:00,8.74,213
2022-01-02T03:00,8.48,218
2022-01-02T04:00,8.57,222
2022-01-02T05:00,9.15,220
2022-01-02T06:00,8.77,225
2022-01-02T07:00,8.15,222
2022-01-02T08:00,9.22,229
2022-01-02T09:00,10.96,226
2022-01-02T10:00,11.93,235
2022-01-02T11:00,12.11,239
2022-01-02T12:00,10.54,253
2022-01-02T13:00,8.49,258
2022-01-02T14:00,8.21,248
2022-01-02T15:00,8.64,233
2022-01-02T16:00,9.25,231
2022-01-02T17:00,8.67,231
2022-01-02T18:00,8.01,221
2022-01-02T19:00,7.85,223
2022-01-02T20:00,9.14,221
2022-01-02T21:00,12.18,252
2022-01-02T22:00,10.99,263
2022-01-02T23:00,10.51,254
2022-01-03T00:00,10.29,249
2022-01-03T01:00,11.01,249
2022-01-03T02:00,11.05,244
2022-01-03T03:00,10.97,246
2022-01-03T04:00,11.14,243
2022-01-03T05:00,11.23,244
2022-01-03T06:00,10.78,243
2022-01-03T07:00,10.83,241
2022-01-03T08:00,11.18,242
2022-01-03T09:00,10.65,242
2022-01-03T10:00,10.53,240
2022-01-03T11:00,9.55,239
2022-01-03T12:00,9.57,236
2022-01-03T13:00,9.51,236
2022-01-03T14:00,10.07,238
2022-01-03T15:00,9.63,241
2022-01-03T16:00,9.31,242
2022-01-03T17:00,9.22,241
2022-01-03T18:00,8.97,239
2022-01-03T19:00,9.04,241
2022-01-03T20:00,8.51,240
2022-01-03T21:00,8.45,244
2022-01-03T22:00,8.12,248
2022-01-03T23:00,7.6,249
2022-01-04T00:00,6.46,248
2022-01-04T01:00,6.31,245
2022-01-04T02:00,6.63,247
2022-01-04T03:00,6.02,249
2022-01-04T04:00,5.09,250
2022-01-04T05:00,5.69,260
2022-01-04T06:00,5.41,267
2022-01-04T07:00,4.93,276
2022-01-04T08:00,5.33,293
2022-01-04T09:00,7.31,358
2022-01-04T10:00,6.46,352
2022-01-04T11:00,4.85,338
2022-01-04T12:00,4.65,332
2022-01-04T13:00,4.38,315
2022-01-04T14:00,5.26,309
2022-01-04T15:00,6.67,310
2022-01-04T16:00,6.24,305
2022-01-04T17:00,5.51,299
2022-01-04T18:00,6.08,297
2022-01-04T19:00,7.02,296
2022-01-04T20:00,7.47,298
2022-01-04T21:00,7.75,287
2022-01-04T22:00,7.98,282
2022-01-04T23:00,8.99,278
2022-01-05T00:00,9.19,278
2022-01-05T01:00,9.59,281
2022-01-05T02:00,9.58,284
2022-01-05T03:00,10.12,282
2022-01-05T04:00,11.0,281
2022-01-05T05:00,11.4,283
2022-01-05T06:00,13.34,281
2022-01-05T07:00,13.47,288
2022-01-05T08:00,12.75,296
2022-01-05T09:00,13.56,304
2022-01-05T10:00,12.96,306
2022-01-05T11:00,12.79,309
2022-01-05T12:00,11.95,314
2022-01-05T13:00,10.39,315
2022-01-05T14:00,10.47,316
2022-01-05T15:00,9.68,322
2022-01-05T16:00,10.02,328
2022-01-05T17:00,9.4,325
2022-01-05T18:00,9.6,324
2022-01-05T19:00,9.35,325
2022-01-05T20:00,9.02,324
2022-01-05T21:00,8.88,326
2022-01-05T22:00,8.73,330
2022-01-05T23:00,8.28,332
2022-01-06T00:00,7.34,336
2022-01-06T01:00,6.37,338
2022-01-06T02:00,5.61,338
2022-01-06T03:00,4.4,339
2022-01-06T04:00,3.58,333
2022-01-06T05:00,2.69,329
2022-01-06T06:00,2.3,326
2022-01-06T07:00,3.11,312
2022-01-06T08:00,2.69,301
2022-01-06T09:00,2.21,265
2022-01-06T10:00,2.46,243
2022-01-06T11:00,3.31,241
2022-01-06T12:00,4.55,230
2022-01-06T13:00,5.69,231
2022-01-06T14:00,5.46,221
2022-01-06T15:00,5.92,217
2022-01-06T16:00,7.95,230
2022-01-06T17:00,7.09,220
2022-01-06T18:00,6.9,210
2022-01-06T19:00,8.0,193
2022-01-06T20:00,8.95,194
2022-01-06T21:00,9.31,195
2022-01-06T22:00,10.73,201
2022-01-06T23:00,10.85,203
2022-01-07T00:00,11.19,204
2022-01-07T01:00,10.69,212
2022-01-07T02:00,10.35,213
2022-01-07T03:00,9.66,212
2022-01-07T04:00,8.49,224
2022-01-07T05:00,8.44,229
2022-01-07T06:00,8.32,252
2022-01-07T07:00,8.19,250
2022-01-07T08:00,7.94,253
2022-01-07T09:00,7.65,253
2022-01-07T10:00,7.43,253
2022-01-07T11:00,7.89,258
2022-01-07T12:00,6.83,252
2022-01-07T13:00,7.34,250
2022-01-07T14:00,7.48,262
2022-01-07T15:00,7.32,265
2022-01-07T16:00,6.61,267
2022-01-07T17:00,6.3,269
2022-01-07T18:00,5.0,258
2022-01-07T19:00,3.93,263
2022-01-07T20:00,4.84,263
2022-01-07T21:00,5.31,267
2022-01-07T22:00,4.74,277
2022-01-07T23:00,4.8,269
2022-01-08T00:00,5.15,288
2022-01-08T01:00,4.24,289
2022-01-08T02:00,3.01,291
2022-01-08T03:00,3.54,278
2022-01-08T04:00,3.61,273
2022-01-08T05:00,3.82,264
2022-01-08T06:00,4.32,257
2022-01-08T07:00,4.25,246
2022-01-08T08:00,5.4,231
2022-01-08T09:00,6.08,224
2022-01-08T10:00,6.83,212
2022-01-08T11:00,8.1,198
2022-01-08T12:00,9.72,189
2022-01-08T13:00,9.26,169
2022-01-08T14:00,9.58,166
2022-01-08T15:00,10.35,174
2022-01-08T16:00,10.18,173
2022-01-08T17:00,10.22,176
2022-01-08T18:00,9.2,182
2022-01-08T19:00,9.76,186
2022-01-08T20:00,9.54,185
2022-01-08T21:00,7.44,216
2022-01-08T22:00,6.36,315
2022-01-08T23:00,6.42,307
2022-01-09T00:00,9.5,311
2022-01-09T01:00,9.15,304
2022-01-09T02:00,9.42,301
2022-01-09T03:00,9.18,299
2022-01-09T04:00,8.93,292
2022-01-09T05:00,9.73,292
2022-01-09T06:00,9.38,292
2022-01-09T07:00,8.52,292
2022-01-09T08:00,8.32,290
2022-01-09T09:00,7.84,293
2022-01-09T10:00,7.69,296
2022-01-09T11:00,7.16,295
2022-01-09T12:00,6.87,286
2022-01-09T13:00,6.86,289
2022-01-09T14:00,6.2,291
2022-01-09T15:00,5.57,291
2022-01-09T16:00,4.74,288
2022-01-09T17:00,4.63,284
2022-01-09T18:00,4.46,279
2022-01-09T19:00,3.81,275
2022-01-09T20:00,3.2,272
2022-01-09T21:00,2.7,272
2022-01-09T22:00,2.21,275
2022-01-09T23:00,2.22,278
2022-01-10T00:00,2.32,277
2022-01-10T01:00,1.84,241
2022-01-10T02:00,2.28,218
2022-01-10T03:00,3.04,226
2022-01-10T04:00,2.72,216
2022-01-10T05:00,2.6,203
2022-01-10T06:00,2.18,196
2022-01-10T07:00,2.16,193
2022-01-10T08:00,2.42,187
2022-01-10T09:00,2.72,186
2022-01-10T10:00,3.01,174
2022-01-10T11:00,3.11,174
2022-01-10T12:00,2.96,192
2022-01-10T13:00,3.18,193
2022-01-10T14:00,3.18,193
2022-01-10T15:00,3.45,197
2022-01-10T16:00,3.32,196
2022-01-10T17:00,3.2,194
2022-01-10T18:00,3.18,193
2022-01-10T19:00,3.5,182
2022-01-10T20:00,3.91,176
2022-01-10T21:00,3.81,177
2022-01-10T22:00,4.0,177
2022-01-10T23:00,4.21,176
2022-01-11T00:00,4.92,185
2022-01-11T01:00,5.4,180
2022-01-11T02:00,5.2,179
2022-01-11T03:00,5.2,179
2022-01-11T04:00,5.51,177
2022-01-11T05:00,5.22,185
2022-01-11T06:00,5.12,184
2022-01-11T07:00,5.3,181
2022-01-11T08:00,5.5,180
2022-01-11T09:00,5.5,180
2022-01-11T10:00,5.41,184
2022-01-11T11:00,5.54,187
2022-01-11T12:00,4.85,202
2022-01-11T13:00,5.29,202
2022-01-11T14:00,4.88,208
2022-01-11T15:00,4.83,214
2022-01-11T16:00,5.14,207
2022-01-11T17:00,5.1,206
2022-01-11T18:00,5.32,208
2022-01-11T19:00,4.94,216
2022-01-11T20:00,4.96,214
2022-01-11T21:00,5.1,208
2022-01-11T22:00,3.58,210
2022-01-11T23:00,1.42,219
2022-01-12T00:00,2.34,340
2022-01-12T01:00,2.56,339
2022-01-12T02:00,3.18,336
2022-01-12T03:00,2.28,337
2022-01-12T04:00,2.2,330
2022-01-12T05:00,2.16,326
2022-01-12T06:00,2.2,321
2022-01-12T07:00,2.52,304
2022-01-12T08:00,2.69,285
2022-01-12T09:00,2.65,281
2022-01-12T10:00,3.51,267
2022-01-12T11:00,3.73,250
2022-01-12T12:00,4.35,247
2022-01-12T13:00,4.54,256
2022-01-12T14:00,4.51,257
2022-01-12T15:00,4.13,263
2022-01-12T16:00,4.16,260
2022-01-12T17:00,4.11,266
2022-01-12T18:00,3.9,269
2022-01-12T19:00,3.76,253
2022-01-12T20:00,3.81,256
2022-01-12T21:00,4.03,256
2022-01-12T22:00,4.43,252
2022-01-12T23:00,4.65,261
2022-01-13T00:00,4.39,258
2022-01-13T01:00,4.24,251
2022-01-13T02:00,4.48,246
2022-01-13T03:00,4.79,247
2022-01-13T04:00,5.2,247
2022-01-13T05:00,5.43,257
2022-01-13T06:00,5.23,263
2022-01-13T07:00,4.92,265
2022-01-13T08:00,4.84,263
2022-01-13T09:00,4.94,263
2022-01-13T10:00,5.38,260
2022-01-13T11:00,5.71,259
2022-01-13T12:00,6.38,256
2022-01-13T13:00,5.95,262
2022-01-13T14:00,5.33,264
2022-01-13T15:00,5.25,262
2022-01-13T16:00,4.96,261
2022-01-13T17:00,4.87,261
2022-01-13T18:00,4.81,266
2022-01-13T19:00,4.61,274
2022-01-13T20:00,4.4,271
2022-01-13T21:00,5.01,267
2022-01-13T22:00,5.7,268
2022-01-13T23:00,5.81,274
2022-01-14T00:00,5.1,272
2022-01-14T01:00,4.83,276
2022-01-14T02:00,4.47,280
2022-01-14T03:00,4.32,275
2022-01-14T04:00,4.51,274
2022-01-14T05:00,4.43,276
2022-01-14T06:00,4.49,291
2022-01-14T07:00,4.27,303
2022-01-14T08:00,3.8,297
2022-01-14T09:00,3.89,296
2022-01-14T10:00,4.2,295
2022-01-14T11:00,4.44,306
2022-01-14T12:00,3.26,297
2022-01-14T13:00,3.26,310
2022-01-14T14:00,2.91,319
2022-01-14T15:00,1.92,298
2022-01-14T16:00,1.68,287
2022-01-14T17:00,1.0,264
2022-01-14T18:00,1.33,257
2022-01-14T19:00,0.98,246
2022-01-14T20:00,1.17,239
2022-01-14T21:00,1.12,243
2022-01-14T22:00,1.58,235
2022-01-14T23:00,1.72,216
2022-01-15T00:00,1.3,176
2022-01-15T01:00,1.91,186
2022-01-15T02:00,2.01,186
2022-01-15T03:00,2.1,183
2022-01-15T04:00,2.4,178
2022-01-15T05:00,2.55,169
2022-01-15T06:00,2.86,168
2022-01-15T07:00,2.69,165
2022-01-15T08:00,2.92,158
2022-01-15T09:00,3.14,149
2022-01-15T10:00,3.55,158
2022-01-15T11:00,3.67,163
2022-01-15T12:00,4.03,150
2022-01-15T13:00,4.08,163
2022-01-15T14:00,4.63,194
2022-01-15T15:00,4.48,204
2022-01-15T16:00,3.74,196
2022-01-15T17:00,3.04,189
2022-01-15T18:00,3.11,186
2022-01-15T19:00,3.63,188
2022-01-15T20:00,3.89,198
2022-01-15T21:00,3.89,206
2022-01-15T22:00,4.18,201
2022-01-15T23:00,4.52,198
2022-01-16T00:00,4.92,193
2022-01-16T01:00,5.64,233
2022-01-16T02:00,7.04,259
2022-01-16T03:00,5.81,259
2022-01-16T04:00,5.91,266
2022-01-16T05:00,6.42,274
2022-01-16T06:00,6.46,278
2022-01-16T07:00,7.0,271
2022-01-16T08:00,6.62,274
2022-01-16T09:00,6.93,275
2022-01-16T10:00,7.11,268
2022-01-16T11:00,7.01,267
2022-01-16T12:00,7.48,262
2022-01-16T13:00,7.42,265
2022-01-16T14:00,6.32,275
2022-01-16T15:00,5.41,286
2022-01-16T16:00,5.76,290
2022-01-16T17:00,6.3,303
2022-01-16T18:00,6.44,312
2022-01-16T19:00,5.95,311
2022-01-16T20:00,5.33,304
2022-01-16T21:00,5.92,307
2022-01-16T22:00,6.1,305
2022-01-16T23:00,6.16,302
2022-01-17T00:00,6.28,284
2022-01-17T01:00,7.02,281
2022-01-17T02:00,7.17,278
2022-01-17T03:00,7.8,270
2022-01-17T04:00,8.1,286
2022-01-17T05:00,7.21,287
2022-01-17T06:00,7.18,286
2022-01-17T07:00,7.78,288
2022-01-17T08:00,7.79,299
2022-01-17T09:00,8.32,309
2022-01-17T10:00,8.0,312
2022-01-17T11:00,7.29,318
2022-01-17T12:00,7.09,320
2022-01-17T13:00,7.09,320
2022-01-17T14:00,6.67,320
2022-01-17T15:00,6.3,324
2022-01-17T16:00,5.88,328
2022-01-17T17:00,6.19,329
2022-01-17T18:00,5.78,330
2022-01-17T19:00,5.13,327
2022-01-17T20:00,4.5,323
2022-01-17T21:00,3.68,317
2022-01-17T22:00,3.47,314
2022-01-17T23:00,2.48,320
2022-01-18T00:00,3.0,307
2022-01-18T01:00,3.05,311
2022-01-18T02:00,2.28,308
2022-01-18T03:00,2.33,295
2022-01-18T04:00,2.47,291
2022-01-18T05:00,3.16,288
2022-01-18T06:00,2.67,257
2022-01-18T07:00,2.42,232
2022-01-18T08:00,2.19,223
2022-01-18T09:00,2.88,214
2022-01-18T10:00,4.08,211
2022-01-18T11:00,5.88,222
2022-01-18T12:00,6.79,225
2022-01-18T13:00,6.58,224
2022-01-18T14:00,5.69,219
2022-01-18T15:00,5.34,218
2022-01-18T16:00,4.88,223
2022-01-18T17:00,4.88,227
2022-01-18T18:00,5.2,232
2022-01-18T19:00,5.37,225
2022-01-18T20:00,5.34,218
2022-01-18T21:00,5.1,215
2022-01-18T22:00,4.84,210
2022-01-18T23:00,4.92,207
2022-01-19T00:00,5.12,192
2022-01-19T01:00,5.26,189
2022-01-19T02:00,5.06,189
2022-01-19T03:00,4.25,207
2022-01-19T04:00,5.04,219
2022-01-19T05:00,5.62,219
2022-01-19T06:00,5.67,221
2022-01-19T07:00,6.12,232
2022-01-19T08:00,6.54,247
2022-01-19T09:00,7.22,248
2022-01-19T10:00,8.73,250
2022-01-19T11:00,8.44,251
2022-01-19T12:00,8.72,245
2022-01-19T13:00,9.52,251
2022-01-19T14:00,8.33,275
2022-01-19T15:00,8.87,300
2022-01-19T16:00,9.12,315
2022-01-19T17:00,8.44,319
2022-01-19T18:00,8.42,316
2022-01-19T19:00,8.79,326
2022-01-19T20:00,8.85,326
2022-01-19T21:00,8.61,321
2022-01-19T22:00,8.63,316
2022-01-19T23:00,9.48,318
2022-01-20T00:00,9.91,317
2022-01-20T01:00,9.92,319
2022-01-20T02:00,9.98,332
2022-01-20T03:00,9.4,339
2022-01-20T04:00,10.22,340
2022-01-20T05:00,10.09,340
2022-01-20T06:00,10.68,338
2022-01-20T07:00,10.29,339
2022-01-20T08:00,8.51,336
2022-01-20T09:00,9.32,337
2022-01-20T10:00,9.77,337
2022-01-20T11:00,9.92,338
2022-01-20T12:00,9.57,334
2022-01-20T13:00,10.15,343
2022-01-20T14:00,10.69,341
2022-01-20T15:00,9.68,342
2022-01-20T16:00,10.22,344
2022-01-20T17:00,9.24,344
2022-01-20T18:00,8.79,348
2022-01-20T19:00,8.16,343
2022-01-20T20:00,8.17,345
2022-01-20T21:00,8.34,346
2022-01-20T22:00,8.2,344
2022-01-20T23:00,7.23,346
2022-01-21T00:00,7.59,342
2022-01-21T01:00,6.52,339
2022-01-21T02:00,7.13,338
2022-01-21T03:00,6.8,336
2022-01-21T04:00,6.45,336
2022-01-21T05:00,6.62,333
2022-01-21T06:00,6.89,336
2022-01-21T07:00,6.88,327
2022-01-21T08:00,7.5,315
2022-01-21T09:00,7.76,322
2022-01-21T10:00,7.82,321
2022-01-21T11:00,7.64,314
2022-01-21T12:00,6.44,314
2022-01-21T13:00,6.75,310
2022-01-21T14:00,7.03,310
2022-01-21T15:00,6.62,308
2022-01-21T16:00,6.33,301
2022-01-21T17:00,6.75,297
2022-01-21T18:00,6.75,295
2022-01-21T19:00,7.02,298
2022-01-21T20:00,8.35,312
2022-01-21T21:00,8.17,310
2022-01-21T22:00,8.21,313
2022-01-21T23:00,7.72,318
2022-01-22T00:00,5.04,309
2022-01-22T01:00,5.2,308
2022-01-22T02:00,5.11,310
2022-01-22T03:00,5.1,312
2022-01-22T04:00,4.75,311
2022-01-22T05:00,4.56,308
2022-01-22T06:00,4.34,308
2022-01-22T07:00,4.18,312
2022-01-22T08:00,4.1,315
2022-01-22T09:00,4.46,314
2022-01-22T10:00,5.02,314
2022-01-22T11:00,5.3,316
2022-01-22T12:00,5.19,298
2022-01-22T13:00,5.11,301
2022-01-22T14:00,4.07,295
2022-01-22T15:00,3.94,294
2022-01-22T16:00,4.11,296
2022-01-22T17:00,4.66,301
2022-01-22T18:00,4.74,316
2022-01-22T19:00,3.61,326
2022-01-22T20:00,2.56,321
2022-01-22T21:00,2.25,302
2022-01-22T22:00,2.82,293
2022-01-22T23:00,3.4,294
2022-01-23T00:00,2.24,280
2022-01-23T01:00,1.81,276
2022-01-23T02:00,1.6,266
2022-01-23T03:00,1.7,270
2022-01-23T04:00,1.3,274
2022-01-23T05:00,1.39,240
2022-01-23T06:00,1.84,221
2022-01-23T07:00,1.36,234
2022-01-23T08:00,1.13,225
2022-01-23T09:00,1.7,208
2022-01-23T10:00,2.02,213
2022-01-23T11:00,2.2,231
2022-01-23T12:00,3.42,232
2022-01-23T13:00,4.2,232
2022-01-23T14:00,4.24,236
2022-01-23T15:00,3.47,229
2022-01-23T16:00,3.05,221
2022-01-23T17:00,2.94,215
2022-01-23T18:00,3.28,211
2022-01-23T19:00,3.19,212
2022-01-23T20:00,3.0,217
2022-01-23T21:00,3.11,225
2022-01-23T22:00,2.69,222
2022-01-23T23:00,2.06,209
2022-01-24T00:00,2.72,186
2022-01-24T01:00,2.73,188
2022-01-24T02:00,2.91,196
2022-01-24T03:00,2.4,197
2022-01-24T04:00,2.52,187
2022-01-24T05:00,2.72,186
2022-01-24T06:00,2.51,185
2022-01-24T07:00,2.41,175
2022-01-24T08:00,2.51,185
2022-01-24T09:00,2.47,201
2022-01-24T10:00,2.25,212
2022-01-24T11:00,2.14,217
2022-01-24T12:00,1.93,249
2022-01-24T13:00,2.06,247
2022-01-24T14:00,1.84,248
2022-01-24T15:00,1.58,252
2022-01-24T16:00,1.03,241
2022-01-24T17:00,1.27,225
2022-01-24T18:00,1.34,207
2022-01-24T19:00,1.5,180
2022-01-24T20:00,1.9,180
2022-01-24T21:00,2.01,186
2022-01-24T22:00,2.06,194
2022-01-24T23:00,2.19,204
2022-01-25T00:00,1.6,184
2022-01-25T01:00,1.61,187
2022-01-25T02:00,1.6,180
2022-01-25T03:00,1.51,188
2022-01-25T04:00,1.49,200
2022-01-25T05:00,1.71,201
2022-01-25T06:00,1.66,205
2022-01-25T07:00,1.88,205
2022-01-25T08:00,2.19,204
2022-01-25T09:00,2.15,208
2022-01-25T10:00,1.91,223
2022-01-25T11:00,1.28,231
2022-01-25T12:00,2.3,214
2022-01-25T13:00,2.2,231
2022-01-25T14:00,2.11,239
2022-01-25T15:00,2.34,230
2022-01-25T16:00,2.56,219
2022-01-25T17:00,3.0,210
2022-01-25T18:00,3.22,216
2022-01-25T19:00,2.97,228
2022-01-25T20:00,2.72,234
2022-01-25T21:00,3.04,224
2022-01-25T22:00,3.04,226
2022-01-25T23:00,2.7,219
2022-01-26T00:00,3.64,196
2022-01-26T01:00,3.91,183
2022-01-26T02:00,3.44,206
2022-01-26T03:00,3.52,235
2022-01-26T04:00,4.61,257
2022-01-26T05:00,5.32,265
2022-01-26T06:00,4.9,272
2022-01-26T07:00,4.63,276
2022-01-26T08:00,4.5,273
2022-01-26T09:00,4.71,274
2022-01-26T10:00,5.57,279
2022-01-26T11:00,5.11,273
2022-01-26T12:00,6.14,263
2022-01-26T13:00,5.7,255
2022-01-26T14:00,5.57,249
2022-01-26T15:00,5.77,244
2022-01-26T16:00,6.31,243
2022-01-26T17:00,6.71,242
2022-01-26T18:00,7.29,243
2022-01-26T19:00,8.1,243
2022-01-26T20:00,8.59,244
2022-01-26T21:00,8.91,245
2022-01-26T22:00,9.21,249
2022-01-26T23:00,9.4,246
2022-01-27T00:00,8.9,243
2022-01-27T01:00,9.46,237
2022-01-27T02:00,10.01,236
2022-01-27T03:00,10.14,239
2022-01-27T04:00,10.29,243
2022-01-27T05:00,10.44,250
2022-01-27T06:00,10.67,257
2022-01-27T07:00,11.02,262
2022-01-27T08:00,10.28,263
2022-01-27T09:00,10.02,266
2022-01-27T10:00,9.86,276
2022-01-27T11:00,8.98,287
2022-01-27T12:00,8.51,288
2022-01-27T13:00,8.65,292
2022-01-27T14:00,9.32,300
2022-01-27T15:00,8.92,300
2022-01-27T16:00,9.1,303
2022-01-27T17:00,9.48,308
2022-01-27T18:00,10.49,311
2022-01-27T19:00,10.49,311
2022-01-27T20:00,10.47,315
2022-01-27T21:00,10.18,316
2022-01-27T22:00,9.69,315
2022-01-27T23:00,9.33,315
2022-01-28T00:00,9.76,316
2022-01-28T01:00,8.84,315
2022-01-28T02:00,8.44,311
2022-01-28T03:00,8.35,318
2022-01-28T04:00,7.9,322
2022-01-28T05:00,7.04,321
2022-01-28T06:00,6.42,323
2022-01-28T07:00,5.46,325
2022-01-28T08:00,4.22,324
2022-01-28T09:00,3.58,324
2022-01-28T10:00,2.92,301
2022-01-28T11:00,3.13,277
2022-01-28T12:00,3.67,244
2022-01-28T13:00,4.33,236
2022-01-28T14:00,5.31,227
2022-01-28T15:00,6.22,226
2022-01-28T16:00,6.22,233
2022-01-28T17:00,6.38,229
2022-01-28T18:00,7.0,223
2022-01-28T19:00,8.36,229
2022-01-28T20:00,8.63,235
2022-01-28T21:00,8.59,242
2022-01-28T22:00,8.32,241
2022-01-28T23:00,8.29,240
2022-01-29T00:00,8.86,245
2022-01-29T01:00,9.1,247
2022-01-29T02:00,9.1,247
2022-01-29T03:00,9.39,243
2022-01-29T04:00,9.3,245
2022-01-29T05:00,9.3,249
2022-01-29T06:00,9.21,249
2022-01-29T07:00,9.68,250
2022-01-29T08:00,9.88,249
2022-01-29T09:00,10.28,252
2022-01-29T10:00,10.16,246
2022-01-29T11:00,10.85,250
2022-01-29T12:00,11.26,252
2022-01-29T13:00,11.99,257
2022-01-29T14:00,10.98,263
2022-01-29T15:00,14.31,277
2022-01-29T16:00,12.94,289
2022-01-29T17:00,12.48,292
2022-01-29T18:00,11.96,293
2022-01-29T19:00,12.21,297
2022-01-29T20:00,11.92,300
2022-01-29T21:00,10.96,295
2022-01-29T22:00,10.87,296
2022-01-29T23:00,10.78,297
2022-01-30T00:00,10.44,306
2022-01-30T01:00,10.72,307
2022-01-30T02:00,11.17,309
2022-01-30T03:00,11.17,314
2022-01-30T04:00,11.04,317
2022-01-30T05:00,10.35,319
2022-01-30T06:00,9.67,321
2022-01-30T07:00,8.94,324
2022-01-30T08:00,7.79,327
2022-01-30T09:00,6.63,326
2022-01-30T10:00,6.62,322
2022-01-30T11:00,6.44,317
2022-01-30T12:00,5.32,319
2022-01-30T13:00,4.46,312
2022-01-30T14:00,3.72,301
2022-01-30T15:00,3.37,282
2022-01-30T16:00,3.28,258
2022-01-30T17:00,4.18,249
2022-01-30T18:00,5.06,245
2022-01-30T19:00,6.27,236
2022-01-30T20:00,6.86,227
2022-01-30T21:00,8.01,229
2022-01-30T22:00,9.22,221
2022-01-30T23:00,9.92,229
2022-01-31T00:00,10.08,230
2022-01-31T01:00,11.01,236
2022-01-31T02:00,12.9,270
2022-01-31T03:00,12.01,283
2022-01-31T04:00,14.14,289
2022-01-31T05:00,15.14,293
2022-01-31T06:00,16.92,299
2022-01-31T07:00,16.63,309
2022-01-31T08:00,17.19,313
2022-01-31T09:00,15.77,314
2022-01-31T10:00,16.85,318
2022-01-31T11:00,16.24,319
2022-01-31T12:00,17.14,331
2022-01-31T13:00,15.53,331
2022-01-31T14:00,15.13,336
2022-01-31T15:00,14.02,339
2022-01-31T16:00,12.84,336
2022-01-31T17:00,12.98,339
2022-01-31T18:00,11.96,339
2022-01-31T19:00,10.4,337
2022-01-31T20:00,9.98,331
2022-01-31T21:00,9.15,326
2022-01-31T22:00,8.31,320
2022-01-31T23:00,7.28,314
2022-02-01T00:00,6.38,302
2022-02-01T01:00,6.85,293
2022-02-01T02:00,6.99,287
2022-02-01T03:00,7.4,269
2022-02-01T04:00,8.09,261
2022-02-01T05:00,8.22,257
2022-02-01T06:00,8.34,256
2022-02-01T07:00,9.74,253
2022-02-01T08:00,10.17,255
2022-02-01T09:00,10.52,261
2022-02-01T10:00,10.52,267
2022-02-01T11:00,10.55,280
2022-02-01T12:00,10.95,286
2022-02-01T13:00,10.6,291
2022-02-01T14:00,11.14,297
2022-02-01T15:00,11.45,297
2022-02-01T16:00,11.01,295
2022-02-01T17:00,11.27,297
2022-02-01T18:00,11.32,302
2022-02-01T19:00,11.13,301
2022-02-01T20:00,11.54,304
2022-02-01T21:00,11.26,305
2022-02-01T22:00,10.36,310
2022-02-01T23:00,9.76,313
2022-02-02T00:00,9.24,306
2022-02-02T01:00,9.1,306
2022-02-02T02:00,9.02,301
2022-02-02T03:00,9.21,304
2022-02-02T04:00,8.53,309
2022-02-02T05:00,7.78,314
2022-02-02T06:00,6.3,313
2022-02-02T07:00,5.54,309
2022-02-02T08:00,5.0,307
2022-02-02T09:00,4.97,300
2022-02-02T10:00,5.23,296
2022-02-02T11:00,4.87,289
2022-02-02T12:00,4.09,292
2022-02-02T13:00,3.11,276
2022-02-02T14:00,4.15,255
2022-02-02T15:00,4.31,248
2022-02-02T16:00,3.58,247
2022-02-02T17:00,3.74,236
2022-02-02T18:00,4.1,227
2022-02-02T19:00,4.33,220
2022-02-02T20:00,4.96,228
2022-02-02T21:00,5.26,249
2022-02-02T22:00,5.7,248
2022-02-02T23:00,5.82,246
2022-02-03T00:00,5.86,245
2022-02-03T01:00,5.55,247
2022-02-03T02:00,5.56,240
2022-02-03T03:00,5.73,227
2022-02-03T04:00,6.14,210
2022-02-03T05:00,7.49,214
2022-02-03T06:00,7.8,221
2022-02-03T07:00,7.5,225
2022-02-03T08:00,7.57,227
2022-02-03T09:00,7.9,232
2022-02-03T10:00,7.18,231
2022-02-03T11:00,7.27,236
2022-02-03T12:00,7.03,240
2022-02-03T13:00,7.47,245
2022-02-03T14:00,6.71,245
2022-02-03T15:00,6.18,247
2022-02-03T16:00,6.22,246
2022-02-03T17:00,6.41,247
2022-02-03T18:00,6.41,247
2022-02-03T19:00,5.92,240
2022-02-03T20:00,6.13,236
2022-02-03T21:00,6.66,234
2022-02-03T22:00,6.98,232
2022-02-03T23:00,7.25,231
2022-02-04T00:00,7.99,227
2022-02-04T01:00,8.86,229
2022-02-04T02:00,9.32,232
2022-02-04T03:00,9.23,230
2022-02-04T04:00,9.32,232
2022-02-04T05:00,9.56,233
2022-02-04T06:00,10.1,231
2022-02-04T07:00,10.44,230
2022-02-04T08:00,10.54,227
2022-02-04T09:00,10.89,225
2022-02-04T10:00,10.69,228
2022-02-04T11:00,11.03,226
2022-02-04T12:00,8.9,297
2022-02-04T13:00,7.93,318
2022-02-04T14:00,7.21,314
2022-02-04T15:00,8.29,304
2022-02-04T16:00,7.64,284
2022-02-04T17:00,7.62,284
2022-02-04T18:00,8.85,288
2022-02-04T19:00,8.53,275
2022-02-04T20:00,9.79,281
2022-02-04T21:00,10.65,285
2022-02-04T22:00,10.59,281
2022-02-04T23:00,10.43,274
2022-02-05T00:00,10.58,277
2022-02-05T01:00,10.77,276
2022-02-05T02:00,10.65,280
2022-02-05T03:00,10.08,281
2022-02-05T04:00,9.39,282
2022-02-05T05:00,9.36,280
2022-02-05T06:00,8.68,278
2022-02-05T07:00,8.34,276
2022-02-05T08:00,8.3,269
2022-02-05T09:00,8.78,262
2022-02-05T10:00,9.36,256
2022-02-05T11:00,9.23,247
2022-02-05T12:00,9.96,234
2022-02-05T13:00,11.96,234
2022-02-05T14:00,12.48,232
2022-02-05T15:00,11.03,226
2022-02-05T16:00,11.95,225
2022-02-05T17:00,12.42,233
2022-02-05T18:00,12.87,235
2022-02-05T19:00,12.65,235
2022-02-05T20:00,12.68,236
2022-02-05T21:00,12.92,237
2022-02-05T22:00,13.02,239
2022-02-05T23:00,12.9,240
2022-02-06T00:00,12.97,244
2022-02-06T01:00,13.55,243
2022-02-06T02:00,13.28,243
2022-02-06T03:00,13.15,245
2022-02-06T04:00,13.22,247
2022-02-06T05:00,12.89,249
2022-02-06T06:00,12.89,246
2022-02-06T07:00,12.13,241
2022-02-06T08:00,11.92,240
2022-02-06T09:00,12.53,241
2022-02-06T10:00,10.98,253
2022-02-06T11:00,10.61,299
2022-02-06T12:00,9.6,268
2022-02-06T13:00,11.41,273
2022-02-06T14:00,11.18,280
2022-02-06T15:00,10.8,268
2022-02-06T16:00,12.45,279
2022-02-06T17:00,11.4,278
2022-02-06T18:00,11.93,284
2022-02-06T19:00,12.31,291
2022-02-06T20:00,11.81,296
2022-02-06T21:00,10.4,305
2022-02-06T22:00,11.74,316
2022-02-06T23:00,11.81,315
2022-02-07T00:00,12.3,316
2022-02-07T01:00,11.53,316
2022-02-07T02:00,12.34,310
2022-02-07T03:00,12.52,313
2022-02-07T04:00,11.31,315
2022-02-07T05:00,9.98,318
2022-02-07T06:00,8.7,316
2022-02-07T07:00,7.73,310
2022-02-07T08:00,7.79,303
2022-02-07T09:00,8.41,298
2022-02-07T10:00,8.64,294
2022-02-07T11:00,9.33,287
2022-02-07T12:00,8.13,284
2022-02-07T13:00,8.17,278
2022-02-07T14:00,7.4,270
2022-02-07T15:00,6.82,259
2022-02-07T16:00,7.06,249
2022-02-07T17:00,7.02,244
2022-02-07T18:00,7.05,238
2022-02-07T19:00,8.04,232
2022-02-07T20:00,8.74,234
2022-02-07T21:00,8.22,238
2022-02-07T22:00,8.11,240
2022-02-07T23:00,7.89,240
2022-02-08T00:00,8.68,243
2022-02-08T01:00,9.04,245
2022-02-08T02:00,9.22,246
2022-02-08T03:00,9.0,246
2022-02-08T04:00,9.09,246
2022-02-08T05:00,9.44,243
2022-02-08T06:00,9.79,243
2022-02-08T07:00,9.34,249
2022-02-08T08:00,9.39,245
2022-02-08T09:00,9.19,248
2022-02-08T10:00,8.46,246
2022-02-08T11:00,8.59,245
2022-02-08T12:00,8.14,245
2022-02-08T13:00,8.32,244
2022-02-08T14:00,8.1,243
2022-02-08T15:00,7.32,238
2022-02-08T16:00,7.98,232
2022-02-08T17:00,8.31,230
2022-02-08T18:00,8.35,227
2022-02-08T19:00,8.51,230
2022-02-08T20:00,8.58,234
2022-02-08T21:00,8.65,236
2022-02-08T22:00,8.49,236
2022-02-08T23:00,8.48,232
2022-02-09T00:00,8.07,228
2022-02-09T01:00,8.53,231
2022-02-09T02:00,9.06,233
2022-02-09T03:00,8.99,235
2022-02-09T04:00,9.07,236
2022-02-09T05:00,9.42,233
2022-02-09T06:00,9.5,233
2022-02-09T07:00,9.57,238
2022-02-09T08:00,9.22,241
2022-02-09T09:00,9.3,245
2022-02-09T10:00,9.12,244
2022-02-09T11:00,8.56,247
2022-02-09T12:00,7.72,251
2022-02-09T13:00,6.89,257
2022-02-09T14:00,6.38,261
2022-02-09T15:00,5.52,265
2022-02-09T16:00,4.37,259
2022-02-09T17:00,4.34,232
2022-02-09T18:00,4.4,231
2022-02-09T19:00,3.96,227
2022-02-09T20:00,3.14,217
2022-02-09T21:00,3.31,209
2022-02-09T22:00,4.2,218
2022-02-09T23:00,5.06,245
2022-02-10T00:00,1.03,241
2022-02-10T01:00,1.6,266
2022-02-10T02:00,1.43,245
2022-02-10T03:00,2.28,255
2022-02-10T04:00,3.21,265
2022-02-10T05:00,3.23,286
2022-02-10T06:00,2.53,279
2022-02-10T07:00,2.81,274
2022-02-10T08:00,3.61,265
2022-02-10T09:00,4.61,266
2022-02-10T10:00,5.51,273
2022-02-10T11:00,6.15,277
2022-02-10T12:00,5.72,275
2022-02-10T13:00,6.1,270
2022-02-10T14:00,6.81,273
2022-02-10T15:00,6.4,272
2022-02-10T16:00,6.54,264
2022-02-10T17:00,6.21,266
2022-02-10T18:00,6.71,260
2022-02-10T19:00,7.13,264
2022-02-10T20:00,7.47,262
2022-02-10T21:00,7.75,259
2022-02-10T22:00,8.61,261
2022-02-10T23:00,9.6,272
2022-02-11T00:00,7.12,266
2022-02-11T01:00,10.38,283
2022-02-11T02:00,11.8,301
2022-02-11T03:00,12.82,306
2022-02-11T04:00,12.55,311
2022-02-11T05:00,12.52,314
2022-02-11T06:00,12.06,320
2022-02-11T07:00,11.23,326
2022-02-11T08:00,10.14,329
2022-02-11T09:00,9.53,333
2022-02-11T10:00,8.99,333
2022-02-11T11:00,8.05,335
2022-02-11T12:00,6.8,334
2022-02-11T13:00,5.69,329
2022-02-11T14:00,5.06,330
2022-02-11T15:00,3.69,327
2022-02-11T16:00,1.88,335
2022-02-11T17:00,2.14,323
2022-02-11T18:00,0.91,264
2022-02-11T19:00,1.44,214
2022-02-11T20:00,2.1,205
2022-02-11T21:00,2.06,203
2022-02-11T22:00,2.47,201
2022-02-11T23:00,2.88,200
2022-02-12T00:00,4.6,181
2022-02-12T01:00,4.82,175
2022-02-12T02:00,5.35,172
2022-02-12T03:00,5.5,179
2022-02-12T04:00,5.8,180
2022-02-12T05:00,6.6,182
2022-02-12T06:00,6.77,188
2022-02-12T07:00,7.03,186
2022-02-12T08:00,7.45,187
2022-02-12T09:00,7.14,186
2022-02-12T10:00,6.61,190
2022-02-12T11:00,7.75,197
2022-02-12T12:00,8.08,195
2022-02-12T13:00,8.64,200
2022-02-12T14:00,8.95,205
2022-02-12T15:00,8.17,202
2022-02-12T16:00,7.89,192
2022-02-12T17:00,7.98,188
2022-02-12T18:00,8.66,187
2022-02-12T19:00,8.86,186
2022-02-12T20:00,8.86,191
2022-02-12T21:00,9.44,190
2022-02-12T22:00,8.96,196
2022-02-12T23:00,9.14,203
2022-02-13T00:00,9.68,200
2022-02-13T01:00,9.58,198
2022-02-13T02:00,9.53,201
2022-02-13T03:00,9.08,199
2022-02-13T04:00,9.23,198
2022-02-13T05:00,8.9,195
2022-02-13T06:00,8.61,195
2022-02-13T07:00,8.61,193
2022-02-13T08:00,8.49,195
2022-02-13T09:00,7.5,189
2022-02-13T10:00,7.54,186
2022-02-13T11:00,8.49,188
2022-02-13T12:00,8.2,181
2022-02-13T13:00,9.88,196
2022-02-13T14:00,7.92,184
2022-02-13T15:00,8.01,178
2022-02-13T16:00,9.14,186
2022-02-13T17:00,9.46,187
2022-02-13T18:00,10.36,186
2022-02-13T19:00,10.59,188
2022-02-13T20:00,11.04,192
2022-02-13T21:00,11.06,195
2022-02-13T22:00,10.78,199
2022-02-13T23:00,10.72,198
2022-02-14T00:00,11.16,198
2022-02-14T01:00,11.26,200
2022-02-14T02:00,10.78,199
2022-02-14T03:00,10.55,193
2022-02-14T04:00,10.92,188
2022-02-14T05:00,11.69,195
2022-02-14T06:00,11.2,203
2022-02-14T07:00,10.89,210
2022-02-14T08:00,9.85,229
2022-02-14T09:00,8.09,230
2022-02-14T10:00,9.41,224
2022-02-14T11:00,10.9,228
2022-02-14T12:00,10.15,230
2022-02-14T13:00,10.29,230
2022-02-14T14:00,10.83,228
2022-02-14T15:00,9.41,224
2022-02-14T16:00,10.07,221
2022-02-14T17:00,10.38,216
2022-02-14T18:00,10.48,222
2022-02-14T19:00,9.79,238
2022-02-14T20:00,8.81,268
2022-02-14T21:00,7.94,253
2022-02-14T22:00,8.19,250
2022-02-14T23:00,8.57,259
2022-02-15T00:00,7.41,267
2022-02-15T01:00,6.89,261
2022-02-15T02:00,6.58,261
2022-02-15T03:00,5.98,260
2022-02-15T04:00,5.46,262
2022-02-15T05:00,5.41,258
2022-02-15T06:00,5.19,251
2022-02-15T07:00,5.28,245
2022-02-15T08:00,6.57,244
2022-02-15T09:00,7.11,242
2022-02-15T10:00,8.06,233
2022-02-15T11:00,8.85,214
2022-02-15T12:00,10.69,205
2022-02-15T13:00,10.98,200
2022-02-15T14:00,13.62,210
2022-02-15T15:00,12.9,210
2022-02-15T16:00,12.7,217
2022-02-15T17:00,12.81,227
2022-02-15T18:00,10.88,250
2022-02-15T19:00,7.82,249
2022-02-15T20:00,6.58,250
2022-02-15T21:00,5.31,250
2022-02-15T22:00,4.72,249
2022-02-15T23:00,4.49,238
2022-02-16T00:00,6.01,224
2022-02-16T01:00,6.02,216
2022-02-16T02:00,6.26,205
2022-02-16T03:00,7.38,205
2022-02-16T04:00,9.23,210
2022-02-16T05:00,10.75,210
2022-02-16T06:00,12.29,213
2022-02-16T07:00,11.96,227
2022-02-16T08:00,11.73,240
2022-02-16T09:00,12.57,244
2022-02-16T10:00,11.23,243
2022-02-16T11:00,11.19,241
2022-02-16T12:00,9.86,240
2022-02-16T13:00,10.07,229
2022-02-16T14:00,10.99,235
2022-02-16T15:00,11.75,227
2022-02-16T16:00,13.66,228
2022-02-16T17:00,14.28,230
2022-02-16T18:00,15.46,229
2022-02-16T19:00,15.39,237
2022-02-16T20:00,16.91,244
2022-02-16T21:00,14.93,258
2022-02-16T22:00,13.81,260
2022-02-16T23:00,14.6,263
2022-02-17T00:00,14.35,265
2022-02-17T01:00,15.52,267
2022-02-17T02:00,13.8,269
2022-02-17T03:00,13.6,269
2022-02-17T04:00,15.2,271
2022-02-17T05:00,14.53,274
2022-02-17T06:00,14.06,275
2022-02-17T07:00,13.97,276
2022-02-17T08:00,13.25,275
2022-02-17T09:00,13.64,274
2022-02-17T10:00,14.32,273
2022-02-17T11:00,13.7,269
2022-02-17T12:00,13.7,270
2022-02-17T13:00,13.2,270
2022-02-17T14:00,13.0,271
2022-02-17T15:00,12.7,270
2022-02-17T16:00,11.86,276
2022-02-17T17:00,11.0,271
2022-02-17T18:00,10.26,264
2022-02-17T19:00,10.73,258
2022-02-17T20:00,8.23,265
2022-02-17T21:00,7.4,270
2022-02-17T22:00,8.0,271
2022-02-17T23:00,7.0,272
2022-02-18T00:00,4.69,259
2022-02-18T01:00,4.49,249
2022-02-18T02:00,3.74,236
2022-02-18T03:00,3.55,220
2022-02-18T04:00,5.58,216
2022-02-18T05:00,5.22,192
2022-02-18T06:00,5.41,155
2022-02-18T07:00,7.29,155
2022-02-18T08:00,8.9,179
2022-02-18T09:00,12.66,205
2022-02-18T10:00,14.04,213
2022-02-18T11:00,14.76,218
2022-02-18T12:00,14.73,222
2022-02-18T13:00,16.64,222
2022-02-18T14:00,16.3,218
2022-02-18T15:00,16.98,217
2022-02-18T16:00,19.33,231
2022-02-18T17:00,16.95,252
2022-02-18T18:00,19.07,260
2022-02-18T19:00,20.82,262
2022-02-18T20:00,19.74,257
2022-02-18T21:00,20.52,260
2022-02-18T22:00,19.96,263
2022-02-18T23:00,18.24,259
2022-02-19T00:00,16.6,270
2022-02-19T01:00,16.04,274
2022-02-19T02:00,14.31,272
2022-02-19T03:00,14.47,276
2022-02-19T04:00,13.88,276
2022-02-19T05:00,13.6,271
2022-02-19T06:00,12.9,269
2022-02-19T07:00,12.51,268
2022-02-19T08:00,11.86,264
2022-02-19T09:00,11.81,259
2022-02-19T10:00,11.57,255
2022-02-19T11:00,10.85,247
2022-02-19T12:00,10.94,250
2022-02-19T13:00,10.3,241
2022-02-19T14:00,10.51,236
2022-02-19T15:00,8.94,230
2022-02-19T16:00,8.86,221
2022-02-19T17:00,7.54,195
2022-02-19T18:00,6.26,153
2022-02-19T19:00,10.65,192
2022-02-19T20:00,9.19,239
2022-02-19T21:00,6.96,277
2022-02-19T22:00,8.1,331
2022-02-19T23:00,6.96,344
2022-02-20T00:00,5.91,326
2022-02-20T01:00,4.74,295
2022-02-20T02:00,4.46,254
2022-02-20T03:00,5.06,232
2022-02-20T04:00,5.92,210
2022-02-20T05:00,8.23,196
2022-02-20T06:00,10.22,196
2022-02-20T07:00,11.97,222
2022-02-20T08:00,12.8,234
2022-02-20T09:00,13.54,237
2022-02-20T10:00,13.23,237
2022-02-20T11:00,13.07,238
2022-02-20T12:00,13.06,233
2022-02-20T13:00,14.16,234
2022-02-20T14:00,14.12,235
2022-02-20T15:00,13.62,235
2022-02-20T16:00,13.48,230
2022-02-20T17:00,14.37,228
2022-02-20T18:00,15.27,226
2022-02-20T19:00,16.69,226
2022-02-20T20:00,17.12,226
2022-02-20T21:00,15.94,274
2022-02-20T22:00,13.71,268
2022-02-20T23:00,15.18,276
2022-02-21T00:00,14.07,285
2022-02-21T01:00,13.67,276
2022-02-21T02:00,16.34,274
2022-02-21T03:00,14.4,271
2022-02-21T04:00,14.51,268
2022-02-21T05:00,13.89,263
2022-02-21T06:00,13.87,257
2022-02-21T07:00,14.21,249
2022-02-21T08:00,13.98,240
2022-02-21T09:00,14.48,236
2022-02-21T10:00,14.86,248
2022-02-21T11:00,13.64,275
2022-02-21T12:00,11.87,304
2022-02-21T13:00,12.58,323
2022-02-21T14:00,13.12,326
2022-02-21T15:00,11.6,314
2022-02-21T16:00,11.4,305
2022-02-21T17:00,12.71,310
2022-02-21T18:00,12.23,315
2022-02-21T19:00,11.6,314
2022-02-21T20:00,11.39,316
2022-02-21T21:00,10.54,316
2022-02-21T22:00,9.63,318
2022-02-21T23:00,8.85,313
2022-02-22T00:00,7.24,303
2022-02-22T01:00,7.56,296
2022-02-22T02:00,7.66,294
2022-02-22T03:00,7.17,293
2022-02-22T04:00,6.04,286
2022-02-22T05:00,5.91,274
2022-02-22T06:00,4.85,248
2022-02-22T07:00,5.64,233
2022-02-22T08:00,6.8,229
2022-02-22T09:00,7.86,217
2022-02-22T10:00,9.16,216
2022-02-22T11:00,9.0,217
2022-02-22T12:00,9.94,230
2022-02-22T13:00,10.76,237
2022-02-22T14:00,10.97,241
2022-02-22T15:00,11.74,247
2022-02-22T16:00,11.1,271
2022-02-22T17:00,9.76,299
2022-02-22T18:00,9.21,296
2022-02-22T19:00,7.96,285
2022-02-22T20:00,9.69,281
2022-02-22T21:00,10.53,288
2022-02-22T22:00,9.84,287
2022-02-22T23:00,9.36,290
2022-02-23T00:00,8.93,283
2022-02-23T01:00,8.56,277
2022-02-23T02:00,8.97,277
2022-02-23T03:00,8.62,274
2022-02-23T04:00,7.91,267
2022-02-23T05:00,7.45,263
2022-02-23T06:00,7.1,260
2022-02-23T07:00,6.48,250
2022-02-23T08:00,6.94,242
2022-02-23T09:00,7.0,239
2022-02-23T10:00,7.56,233
2022-02-23T11:00,8.77,223
2022-02-23T12:00,10.0,217
2022-02-23T13:00,9.96,216
2022-02-23T14:00,9.96,216
2022-02-23T15:00,10.24,219
2022-02-23T16:00,10.0,217
2022-02-23T17:00,10.2,217
2022-02-23T18:00,9.72,220
2022-02-23T19:00,10.09,219
2022-02-23T20:00,10.18,218
2022-02-23T21:00,10.7,217
2022-02-23T22:00,10.74,219
2022-02-23T23:00,10.48,218
2022-02-24T00:00,10.13,215
2022-02-24T01:00,10.54,215
2022-02-24T02:00,10.54,218
2022-02-24T03:00,10.45,219
2022-02-24T04:00,10.13,221
2022-02-24T05:00,10.03,219
2022-02-24T06:00,10.34,218
2022-02-24T07:00,10.59,214
2022-02-24T08:00,10.79,209
2022-02-24T09:00,12.5,210
2022-02-24T10:00,11.06,204
2022-02-24T11:00,12.35,205
2022-02-24T12:00,9.74,265
2022-02-24T13:00,5.92,307
2022-02-24T14:00,7.0,269
2022-02-24T15:00,10.38,263
2022-02-24T16:00,9.41,282
2022-02-24T17:00,9.66,286
2022-02-24T18:00,10.1,278
2022-02-24T19:00,8.22,274
2022-02-24T20:00,9.63,274
2022-02-24T21:00,9.8,270
2022-02-24T22:00,10.24,265
2022-02-24T23:00,10.87,264
2022-02-25T00:00,9.01,267
2022-02-25T01:00,8.44,256
2022-02-25T02:00,9.66,249
2022-02-25T03:00,10.31,250
2022-02-25T04:00,10.2,246
2022-02-25T05:00,11.31,262
2022-02-25T06:00,9.87,277
2022-02-25T07:00,10.25,289
2022-02-25T08:00,9.65,289
2022-02-25T09:00,10.38,298
2022-02-25T10:00,10.34,300
2022-02-25T11:00,9.26,295
2022-02-25T12:00,9.65,310
2022-02-25T13:00,8.03,309
2022-02-25T14:00,8.2,314
2022-02-25T15:00,7.78,307
2022-02-25T16:00,7.02,306
2022-02-25T17:00,6.39,310
2022-02-25T18:00,5.94,314
2022-02-25T19:00,5.66,318
2022-02-25T20:00,5.32,319
2022-02-25T21:00,4.48,321
2022-02-25T22:00,3.82,315
2022-02-25T23:00,2.98,310
2022-02-26T00:00,2.66,290
2022-02-26T01:00,2.14,281
2022-02-26T02:00,3.11,276
2022-02-26T03:00,2.6,270
2022-02-26T04:00,2.45,258
2022-02-26T05:00,2.6,247
2022-02-26T06:00,3.14,211
2022-02-26T07:00,1.84,167
2022-02-26T08:00,3.58,157
2022-02-26T09:00,3.61,166
2022-02-26T10:00,3.6,180
2022-02-26T11:00,3.49,193
2022-02-26T12:00,3.64,201
2022-02-26T13:00,3.42,201
2022-02-26T14:00,2.94,190
2022-02-26T15:00,3.35,170
2022-02-26T16:00,3.44,154
2022-02-26T17:00,2.86,144
2022-02-26T18:00,2.84,141
2022-02-26T19:00,2.66,146
2022-02-26T20:00,2.91,153
2022-02-26T21:00,3.28,142
2022-02-26T22:00,3.98,141
2022-02-26T23:00,4.55,140
2022-02-27T00:00,4.88,137
2022-02-27T01:00,4.55,140
2022-02-27T02:00,4.67,135
2022-02-27T03:00,5.1,138
2022-02-27T04:00,4.82,138
2022-02-27T05:00,4.6,136
2022-02-27T06:00,4.67,137
2022-02-27T07:00,4.74,132
2022-02-27T08:00,5.17,133
2022-02-27T09:00,4.89,131
2022-02-27T10:00,5.54,129
2022-02-27T11:00,6.87,138
2022-02-27T12:00,6.94,133
2022-02-27T13:00,6.94,139
2022-02-27T14:00,6.48,142
2022-02-27T15:00,6.2,142
2022-02-27T16:00,5.73,137
2022-02-27T17:00,5.23,135
2022-02-27T18:00,5.53,139
2022-02-27T19:00,6.25,140
2022-02-27T20:00,6.54,141
2022-02-27T21:00,6.6,145
2022-02-27T22:00,6.64,149
2022-02-27T23:00,6.17,153
2022-02-28T00:00,6.04,161
2022-02-28T01:00,5.7,165
2022-02-28T02:00,5.39,165
2022-02-28T03:00,5.29,165
2022-02-28T04:00,5.19,164
2022-02-28T05:00,5.17,165
2022-02-28T06:00,5.24,167
2022-02-28T07:00,5.26,166
2022-02-28T08:00,5.7,165
2022-02-28T09:00,5.66,163
2022-02-28T10:00,5.82,161
2022-02-28T11:00,5.82,168
2022-02-28T12:00,5.22,168
2022-02-28T13:00,5.54,163
2022-02-28T14:00,5.68,154
2022-02-28T15:00,5.5,153
2022-02-28T16:00,4.44,166
2022-02-28T17:00,4.52,162
2022-02-28T18:00,5.06,155
2022-02-28T19:00,5.32,164
2022-02-28T20:00,5.46,166
2022-02-28T21:00,4.97,165
2022-02-28T22:00,5.06,162
2022-02-28T23:00,4.79,169
2022-03-01T00:00,4.1,180
2022-03-01T01:00,4.1,181
2022-03-01T02:00,4.2,183
2022-03-01T03:00,3.86,190
2022-03-01T04:00,3.7,182
2022-03-01T05:00,3.14,189
2022-03-01T06:00,2.96,192
2022-03-01T07:00,2.62,173
2022-03-01T08:00,2.16,167
2022-03-01T09:00,2.42,156
2022-03-01T10:00,1.7,177
2022-03-01T11:00,1.93,159
2022-03-01T12:00,1.75,114
2022-03-01T13:00,2.21,95
2022-03-01T14:00,1.8,124
2022-03-01T15:00,1.1,95
2022-03-01T16:00,1.6,86
2022-03-01T17:00,2.1,87
2022-03-01T18:00,2.38,75
2022-03-01T19:00,2.75,80
2022-03-01T20:00,2.53,81
2022-03-01T21:00,2.75,80
2022-03-01T22:00,3.2,76
2022-03-01T23:00,3.22,64
2022-03-02T00:00,3.22,64
2022-03-02T01:00,3.42,69
2022-03-02T02:00,3.71,76
2022-03-02T03:00,3.77,79
2022-03-02T04:00,3.96,74
2022-03-02T05:00,4.22,76
2022-03-02T06:00,4.26,81
2022-03-02T07:00,4.63,84
2022-03-02T08:00,4.8,88
2022-03-02T09:00,4.61,86
2022-03-02T10:00,4.5,87
2022-03-02T11:00,4.0,91
2022-03-02T12:00,4.24,75
2022-03-02T13:00,4.3,72
2022-03-02T14:00,4.25,66
2022-03-02T15:00,4.11,64
2022-03-02T16:00,3.85,62
2022-03-02T17:00,3.92,71
2022-03-02T18:00,4.23,83
2022-03-02T19:00,4.6,90
2022-03-02T20:00,4.9,92
2022-03-02T21:00,4.71,94
2022-03-02T22:00,4.61,94
2022-03-02T23:00,4.77,100
2022-03-03T00:00,4.39,102
2022-03-03T01:00,3.96,100
2022-03-03T02:00,4.75,98
2022-03-03T03:00,4.88,105
2022-03-03T04:00,4.63,104
2022-03-03T05:00,4.25,114
2022-03-03T06:00,4.78,110
2022-03-03T07:00,5.22,107
2022-03-03T08:00,5.03,107
2022-03-03T09:00,4.27,111
2022-03-03T10:00,4.41,103
2022-03-03T11:00,4.59,101
2022-03-03T12:00,4.82,95
2022-03-03T13:00,5.22,102
2022-03-03T14:00,4.92,103
2022-03-03T15:00,4.95,98
2022-03-03T16:00,5.12,96
2022-03-03T17:00,5.54,97
2022-03-03T18:00,5.67,99
2022-03-03T19:00,5.98,100
2022-03-03T20:00,6.16,103
2022-03-03T21:00,6.07,107
2022-03-03T22:00,6.01,108
2022-03-03T23:00,5.85,110
2022-03-04T00:00,5.29,112
2022-03-04T01:00,4.98,112
2022-03-04T02:00,4.81,111
2022-03-04T03:00,4.72,111
2022-03-04T04:00,4.85,112
2022-03-04T05:00,5.13,111
2022-03-04T06:00,4.98,112
2022-03-04T07:00,5.06,115
2022-03-04T08:00,4.92,117
2022-03-04T09:00,5.1,116
2022-03-04T10:00,5.05,117
2022-03-04T11:00,4.83,117
2022-03-04T12:00,4.4,107
2022-03-04T13:00,4.43,108
2022-03-04T14:00,4.55,109
2022-03-04T15:00,4.49,111
2022-03-04T16:00,4.54,104
2022-03-04T17:00,4.88,105
2022-03-04T18:00,5.29,112
2022-03-04T19:00,5.05,117
2022-03-04T20:00,4.92,117
2022-03-04T21:00,5.1,118
2022-03-04T22:00,5.15,119
2022-03-04T23:00,5.19,118
2022-03-05T00:00,4.79,116
2022-03-05T01:00,3.94,120
2022-03-05T02:00,3.58,117
2022-03-05T03:00,3.9,113
2022-03-05T04:00,4.08,107
2022-03-05T05:00,4.24,105
2022-03-05T06:00,4.46,106
2022-03-05T07:00,4.3,108
2022-03-05T08:00,4.22,104
2022-03-05T09:00,4.14,98
2022-03-05T10:00,3.91,93
2022-03-05T11:00,4.11,86
2022-03-05T12:00,4.34,75
2022-03-05T13:00,4.31,68
2022-03-05T14:00,4.49,58
2022-03-05T15:00,4.81,47
2022-03-05T16:00,4.95,45
2022-03-05T17:00,5.24,35
2022-03-05T18:00,6.61,39
2022-03-05T19:00,6.93,45
2022-03-05T20:00,7.01,48
2022-03-05T21:00,6.89,50
2022-03-05T22:00,6.67,50
2022-03-05T23:00,6.72,47
2022-03-06T00:00,6.82,51
2022-03-06T01:00,6.67,50
2022-03-06T02:00,6.33,51
2022-03-06T03:00,6.39,50
2022-03-06T04:00,6.66,49
2022-03-06T05:00,6.37,46
2022-03-06T06:00,6.58,47
2022-03-06T07:00,6.7,52
2022-03-06T08:00,6.45,60
2022-03-06T09:00,6.17,63
2022-03-06T10:00,5.64,60
2022-03-06T11:00,4.65,62
2022-03-06T12:00,5.6,49
2022-03-06T13:00,4.62,39
2022-03-06T14:00,4.6,34
2022-03-06T15:00,4.02,27
2022-03-06T16:00,4.18,11
2022-03-06T17:00,2.73,8
2022-03-06T18:00,2.21,355
2022-03-06T19:00,3.31,29
2022-03-06T20:00,4.64,37
2022-03-06T21:00,3.75,46
2022-03-06T22:00,3.52,55
2022-03-06T23:00,3.1,69
2022-03-07T00:00,2.14,79
2022-03-07T01:00,3.26,79
2022-03-07T02:00,3.01,86
2022-03-07T03:00,2.96,78
2022-03-07T04:00,3.0,92
2022-03-07T05:00,2.33,100
2022-03-07T06:00,2.79,105
2022-03-07T07:00,1.99,108
2022-03-07T08:00,1.49,138
2022-03-07T09:00,1.2,132
2022-03-07T10:00,1.44,124
2022-03-07T11:00,1.21,114
2022-03-07T12:00,3.01,94
2022-03-07T13:00,3.93,83
2022-03-07T14:00,3.83,70
2022-03-07T15:00,3.74,56
2022-03-07T16:00,4.34,52
2022-03-07T17:00,4.19,50
2022-03-07T18:00,3.67,61
2022-03-07T19:00,3.31,87
2022-03-07T20:00,3.81,93
2022-03-07T21:00,4.28,101
2022-03-07T22:00,4.49,111
2022-03-07T23:00,4.65,115
2022-03-08T00:00,5.28,119
2022-03-08T01:00,4.98,128
2022-03-08T02:00,4.74,138
2022-03-08T03:00,4.62,141
2022-03-08T04:00,4.6,132
2022-03-08T05:00,4.95,133
2022-03-08T06:00,5.24,132
2022-03-08T07:00,5.73,133
2022-03-08T08:00,5.67,131
2022-03-08T09:00,6.26,129
2022-03-08T10:00,6.86,136
2022-03-08T11:00,7.25,141
2022-03-08T12:00,6.86,134
2022-03-08T13:00,7.0,137
2022-03-08T14:00,7.09,140
2022-03-08T15:00,6.86,137
2022-03-08T16:00,6.38,131
2022-03-08T17:00,6.15,136
2022-03-08T18:00,5.69,146
2022-03-08T19:00,5.41,152
2022-03-08T20:00,5.15,151
2022-03-08T21:00,4.41,147
2022-03-08T22:00,4.64,143
2022-03-08T23:00,4.78,143
2022-03-09T00:00,4.53,149
2022-03-09T01:00,4.53,158
2022-03-09T02:00,4.44,157
2022-03-09T03:00,4.7,156
2022-03-09T04:00,4.65,155
2022-03-09T05:00,4.57,151
2022-03-09T06:00,4.56,154
2022-03-09T07:00,4.43,152
2022-03-09T08:00,4.7,142
2022-03-09T09:00,4.61,139
2022-03-09T10:00,4.36,148
2022-03-09T11:00,4.71,163
2022-03-09T12:00,4.2,155
2022-03-09T13:00,4.53,149
2022-03-09T14:00,4.78,143
2022-03-09T15:00,4.66,145
2022-03-09T16:00,4.22,144
2022-03-09T17:00,3.94,144
2022-03-09T18:00,4.36,143
2022-03-09T19:00,5.11,140
2022-03-09T20:00,5.14,143
2022-03-09T21:00,5.16,144
2022-03-09T22:00,4.65,152
2022-03-09T23:00,4.43,152
2022-03-10T00:00,3.89,151
2022-03-10T01:00,3.91,148
2022-03-10T02:00,3.91,140
2022-03-10T03:00,3.69,147
2022-03-10T04:00,3.44,144
2022-03-10T05:00,3.61,146
2022-03-10T06:00,3.67,151
2022-03-10T07:00,4.38,145
2022-03-10T08:00,5.32,131
2022-03-10T09:00,4.39,133
2022-03-10T10:00,5.02,149
2022-03-10T11:00,4.74,152
2022-03-10T12:00,4.53,139
2022-03-10T13:00,4.81,137
2022-03-10T14:00,5.11,140
2022-03-10T15:00,5.09,135
2022-03-10T16:00,4.97,130
2022-03-10T17:00,5.31,133
2022-03-10T18:00,5.67,131
2022-03-10T19:00,5.87,133
2022-03-10T20:00,5.87,137
2022-03-10T21:00,5.73,137
2022-03-10T22:00,5.94,136
2022-03-10T23:00,6.23,138
2022-03-11T00:00,6.01,134
2022-03-11T01:00,6.22,134
2022-03-11T02:00,6.45,131
2022-03-11T03:00,6.68,129
2022-03-11T04:00,6.84,128
2022-03-11T05:00,7.25,129
2022-03-11T06:00,7.26,128
2022-03-11T07:00,7.54,129
2022-03-11T08:00,7.09,130
2022-03-11T09:00,8.28,134
2022-03-11T10:00,8.0,132
2022-03-11T11:00,7.85,133
2022-03-11T12:00,7.63,122
2022-03-11T13:00,7.71,124
2022-03-11T14:00,8.21,124
2022-03-11T15:00,8.06,127
2022-03-11T16:00,8.35,134
2022-03-11T17:00,8.13,135
2022-03-11T18:00,8.15,138
2022-03-11T19:00,8.15,138
2022-03-11T20:00,7.87,140
2022-03-11T21:00,7.74,144
2022-03-11T22:00,7.74,144
2022-03-11T23:00,8.02,147
2022-03-12T00:00,7.07,153
2022-03-12T01:00,7.32,158
2022-03-12T02:00,7.37,159
2022-03-12T03:00,7.72,163
2022-03-12T04:00,7.08,167
2022-03-12T05:00,6.84,174
2022-03-12T06:00,6.44,174
2022-03-12T07:00,6.64,174
2022-03-12T08:00,7.3,179
2022-03-12T09:00,7.69,193
2022-03-12T10:00,7.72,199
2022-03-12T11:00,8.19,204
2022-03-12T12:00,5.88,198
2022-03-12T13:00,5.94,193
2022-03-12T14:00,5.25,188
2022-03-12T15:00,4.71,192
2022-03-12T16:00,3.71,166
2022-03-12T17:00,4.05,140
2022-03-12T18:00,3.92,128
2022-03-12T19:00,3.77,112
2022-03-12T20:00,5.85,123
2022-03-12T21:00,6.86,136
2022-03-12T22:00,6.18,141
2022-03-12T23:00,6.06,142
2022-03-13T00:00,5.98,162
2022-03-13T01:00,6.25,173
2022-03-13T02:00,6.51,169
2022-03-13T03:00,7.34,174
2022-03-13T04:00,6.86,172
2022-03-13T05:00,6.96,164
2022-03-13T06:00,6.49,151
2022-03-13T07:00,6.46,145
2022-03-13T08:00,6.67,156
2022-03-13T09:00,5.74,145
2022-03-13T10:00,6.01,136
2022-03-13T11:00,6.29,134
2022-03-13T12:00,6.93,135
2022-03-13T13:00,5.45,133
2022-03-13T14:00,6.37,136
2022-03-13T15:00,6.44,136
2022-03-13T16:00,5.48,128
2022-03-13T17:00,4.7,119
2022-03-13T18:00,4.64,127
2022-03-13T19:00,4.78,127
2022-03-13T20:00,4.88,145
2022-03-13T21:00,5.57,159
2022-03-13T22:00,5.83,186
2022-03-13T23:00,5.22,192
2022-03-14T00:00,2.01,153
2022-03-14T01:00,2.06,141
2022-03-14T02:00,3.2,166
2022-03-14T03:00,3.95,189
2022-03-14T04:00,4.49,197
2022-03-14T05:00,4.75,202
2022-03-14T06:00,4.84,218
2022-03-14T07:00,4.94,238
2022-03-14T08:00,5.52,248
2022-03-14T09:00,5.19,245
2022-03-14T10:00,4.96,242
2022-03-14T11:00,5.55,242
2022-03-14T12:00,5.63,237
2022-03-14T13:00,5.88,238
2022-03-14T14:00,5.42,240
2022-03-14T15:00,4.84,240
2022-03-14T16:00,3.58,240
2022-03-14T17:00,4.81,223
2022-03-14T18:00,4.03,224
2022-03-14T19:00,3.68,227
2022-03-14T20:00,3.48,219
2022-03-14T21:00,2.28,209
2022-03-14T22:00,2.75,199
2022-03-14T23:00,2.97,200
2022-03-15T00:00,3.45,190
2022-03-15T01:00,3.86,197
2022-03-15T02:00,3.49,193
2022-03-15T03:00,2.85,198
2022-03-15T04:00,2.4,197
2022-03-15T05:00,2.11,185
2022-03-15T06:00,1.71,173
2022-03-15T07:00,2.33,155
2022-03-15T08:00,2.87,151
2022-03-15T09:00,2.37,152
2022-03-15T10:00,1.8,146
2022-03-15T11:00,2.3,124
2022-03-15T12:00,1.65,76
2022-03-15T13:00,1.92,51
2022-03-15T14:00,3.48,39
2022-03-15T15:00,3.36,53
2022-03-15T16:00,4.25,49
2022-03-15T17:00,3.22,64
2022-03-15T18:00,3.01,94
2022-03-15T19:00,3.18,114
2022-03-15T20:00,3.38,124
2022-03-15T21:00,3.26,130
2022-03-15T22:00,3.28,142
2022-03-15T23:00,3.76,155
2022-03-16T00:00,2.6,178
2022-03-16T01:00,2.6,182
2022-03-16T02:00,2.44,161
2022-03-16T03:00,2.4,135
2022-03-16T04:00,3.33,131
2022-03-16T05:00,4.44,121
2022-03-16T06:00,5.28,127
2022-03-16T07:00,5.64,127
2022-03-16T08:00,6.14,127
2022-03-16T09:00,6.32,125
2022-03-16T10:00,6.82,125
2022-03-16T11:00,7.2,128
2022-03-16T12:00,7.05,122
2022-03-16T13:00,6.87,132
2022-03-16T14:00,6.58,134
2022-03-16T15:00,7.43,137
2022-03-16T16:00,7.08,137
2022-03-16T17:00,5.97,149
2022-03-16T18:00,5.75,140
2022-03-16T19:00,6.73,138
2022-03-16T20:00,6.89,140
2022-03-16T21:00,7.39,140
2022-03-16T22:00,7.2,142
2022-03-16T23:00,7.55,148
2022-03-17T00:00,6.81,170
2022-03-17T01:00,7.21,177
2022-03-17T02:00,8.59,205
2022-03-17T03:00,8.13,275
2022-03-17T04:00,8.22,274
2022-03-17T05:00,8.43,280
2022-03-17T06:00,8.41,288
2022-03-17T07:00,8.63,295
2022-03-17T08:00,7.8,293
2022-03-17T09:00,8.16,289
2022-03-17T10:00,7.67,282
2022-03-17T11:00,7.57,278
2022-03-17T12:00,6.46,278
2022-03-17T13:00,5.91,266
2022-03-17T14:00,5.41,258
2022-03-17T15:00,5.13,249
2022-03-17T16:00,4.97,245
2022-03-17T17:00,4.33,236
2022-03-17T18:00,3.84,231
2022-03-17T19:00,4.0,217
2022-03-17T20:00,4.47,207
2022-03-17T21:00,4.72,201
2022-03-17T22:00,5.01,209
2022-03-17T23:00,5.05,214
2022-03-18T00:00,4.48,219
2022-03-18T01:00,4.08,216
2022-03-18T02:00,3.47,224
2022-03-18T03:00,3.14,233
2022-03-18T04:00,2.51,247
2022-03-18T05:00,2.31,252
2022-03-18T06:00,2.86,282
2022-03-18T07:00,1.7,315
2022-03-18T08:00,2.69,345
2022-03-18T09:00,3.01,15
2022-03-18T10:00,3.11,48
2022-03-18T11:00,3.55,58
2022-03-18T12:00,3.96,47
2022-03-18T13:00,4.05,50
2022-03-18T14:00,4.24,45
2022-03-18T15:00,4.62,39
2022-03-18T16:00,4.82,42
2022-03-18T17:00,5.52,45
2022-03-18T18:00,5.88,55
2022-03-18T19:00,5.78,60
2022-03-18T20:00,5.95,65
2022-03-18T21:00,5.98,72
2022-03-18T22:00,5.69,80
2022-03-18T23:00,5.1,79
2022-03-19T00:00,5.0,74
2022-03-19T01:00,5.26,76
2022-03-19T02:00,4.96,81
2022-03-19T03:00,4.9,78
2022-03-19T04:00,4.96,81
2022-03-19T05:00,4.92,85
2022-03-19T06:00,4.51,86
2022-03-19T07:00,5.71,86
2022-03-19T08:00,6.21,86
2022-03-19T09:00,6.6,89
2022-03-19T10:00,6.3,89
2022-03-19T11:00,6.6,88
2022-03-19T12:00,7.18,74
2022-03-19T13:00,7.09,74
2022-03-19T14:00,7.13,68
2022-03-19T15:00,7.22,59
2022-03-19T16:00,7.8,54
2022-03-19T17:00,8.29,56
2022-03-19T18:00,7.88,66
2022-03-19T19:00,7.85,68
2022-03-19T20:00,8.42,74
2022-03-19T21:00,7.32,85
2022-03-19T22:00,6.86,82
2022-03-19T23:00,7.21,88
2022-03-20T00:00,7.41,88
2022-03-20T01:00,7.42,86
2022-03-20T02:00,7.12,79
2022-03-20T03:00,7.3,77
2022-03-20T04:00,7.41,80
2022-03-20T05:00,7.61,80
2022-03-20T06:00,7.84,84
2022-03-20T07:00,7.84,84
2022-03-20T08:00,7.96,83
2022-03-20T09:00,8.73,85
2022-03-20T10:00,8.43,85
2022-03-20T11:00,7.9,89
2022-03-20T12:00,6.02,122
2022-03-20T13:00,4.2,128
2022-03-20T14:00,2.04,101
2022-03-20T15:00,2.35,102
2022-03-20T16:00,3.32,134
2022-03-20T17:00,3.42,105
2022-03-20T18:00,3.26,108
2022-03-20T19:00,4.31,136
2022-03-20T20:00,5.11,177
2022-03-20T21:00,4.03,187
2022-03-20T22:00,4.11,176
2022-03-20T23:00,4.05,164
2022-03-21T00:00,4.66,157
2022-03-21T01:00,4.32,167
2022-03-21T02:00,4.63,174
2022-03-21T03:00,4.32,167
2022-03-21T04:00,4.03,166
2022-03-21T05:00,3.71,166
2022-03-21T06:00,3.61,166
2022-03-21T07:00,3.86,163
2022-03-21T08:00,3.83,165
2022-03-21T09:00,3.04,171
2022-03-21T10:00,3.5,178
2022-03-21T11:00,3.67,191
2022-03-21T12:00,3.94,207
2022-03-21T13:00,3.42,232
2022-03-21T14:00,2.63,279
2022-03-21T15:00,2.02,340
2022-03-21T16:00,3.36,37
2022-03-21T17:00,3.33,57
2022-03-21T18:00,2.72,54
2022-03-21T19:00,2.86,65
2022-03-21T20:00,2.98,76
2022-03-21T21:00,2.71,86
2022-03-21T22:00,2.7,92
2022-03-21T23:00,2.42,97
2022-03-22T00:00,1.99,72
2022-03-22T01:00,2.89,76
2022-03-22T02:00,2.34,70
2022-03-22T03:00,1.84,45
2022-03-22T04:00,1.84,45
2022-03-22T05:00,1.68,73
2022-03-22T06:00,2.04,101
2022-03-22T07:00,2.52,83
2022-03-22T08:00,2.71,86
2022-03-22T09:00,2.6,88
2022-03-22T10:00,2.53,81
2022-03-22T11:00,2.61,86
2022-03-22T12:00,3.14,81
2022-03-22T13:00,3.24,81
2022-03-22T14:00,3.32,83
2022-03-22T15:00,3.11,86
2022-03-22T16:00,2.7,90
2022-03-22T17:00,2.06,67
2022-03-22T18:00,2.14,53
2022-03-22T19:00,2.22,54
2022-03-22T20:00,2.16,56
2022-03-22T21:00,2.37,62
2022-03-22T22:00,2.45,78
2022-03-22T23:00,2.24,80
2022-03-23T00:00,2.63,81
2022-03-23T01:00,2.51,85
2022-03-23T02:00,2.01,84
2022-03-23T03:00,1.94,78
2022-03-23T04:00,2.1,90
2022-03-23T05:00,2.0,93
2022-03-23T06:00,1.92,99
2022-03-23T07:00,2.67,103
2022-03-23T08:00,2.55,101
2022-03-23T09:00,2.22,82
2022-03-23T10:00,2.75,71
2022-03-23T11:00,2.89,76
2022-03-23T12:00,2.46,63
2022-03-23T13:00,2.47,58
2022-03-23T14:00,2.77,49
2022-03-23T15:00,2.7,39
2022-03-23T16:00,2.73,28
2022-03-23T17:00,2.61,32
2022-03-23T18:00,2.34,40
2022-03-23T19:00,2.48,47
2022-03-23T20:00,2.5,53
2022-03-23T21:00,2.28,61
2022-03-23T22:00,2.06,76
2022-03-23T23:00,2.81,94
2022-03-24T00:00,2.28,61
2022-03-24T01:00,1.78,38
2022-03-24T02:00,1.98,45
2022-03-24T03:00,1.89,58
2022-03-24T04:00,1.53,58
2022-03-24T05:00,1.5,53
2022-03-24T06:00,1.06,49
2022-03-24T07:00,1.84,45
2022-03-24T08:00,1.7,45
2022-03-24T09:00,2.06,39
2022-03-24T10:00,2.48,40
2022-03-24T11:00,2.69,45
2022-03-24T12:00,1.94,12
2022-03-24T13:00,2.5,16
2022-03-24T14:00,2.97,20
2022-03-24T15:00,3.31,25
2022-03-24T16:00,3.18,24
2022-03-24T17:00,2.83,32
2022-03-24T18:00,1.92,39
2022-03-24T19:00,1.98,45
2022-03-24T20:00,2.26,45
2022-03-24T21:00,2.77,41
2022-03-24T22:00,2.91,41
2022-03-24T23:00,2.39,33
2022-03-25T00:00,2.62,50
2022-03-25T01:00,2.83,45
2022-03-25T02:00,2.76,46
2022-03-25T03:00,2.36,54
2022-03-25T04:00,2.14,53
2022-03-25T05:00,2.19,47
2022-03-25T06:00,2.12,45
2022-03-25T07:00,2.84,39
2022-03-25T08:00,3.06,38
2022-03-25T09:00,3.34,39
2022-03-25T10:00,3.14,37
2022-03-25T11:00,2.94,35
2022-03-25T12:00,3.41,40
2022-03-25T13:00,3.48,39
2022-03-25T14:00,3.11,33
2022-03-25T15:00,3.09,29
2022-03-25T16:00,2.77,26
2022-03-25T17:00,2.66,20
2022-03-25T18:00,2.06,14
2022-03-25T19:00,2.24,10
2022-03-25T20:00,2.18,16
2022-03-25T21:00,3.2,20
2022-03-25T22:00,2.15,28
2022-03-25T23:00,1.75,13
2022-03-26T00:00,2.88,34
2022-03-26T01:00,2.92,31
2022-03-26T02:00,2.09,17
2022-03-26T03:00,2.06,346
2022-03-26T04:00,2.21,342
2022-03-26T05:00,1.17,301
2022-03-26T06:00,2.26,315
2022-03-26T07:00,3.26,342
2022-03-26T08:00,3.01,356
2022-03-26T09:00,2.93,8
2022-03-26T10:00,2.32,7
2022-03-26T11:00,3.01,15
2022-03-26T12:00,3.72,31
2022-03-26T13:00,4.02,27
2022-03-26T14:00,4.27,21
2022-03-26T15:00,4.21,18
2022-03-26T16:00,4.09,22
2022-03-26T17:00,3.83,15
2022-03-26T18:00,4.62,22
2022-03-26T19:00,4.39,24
2022-03-26T20:00,4.94,32
2022-03-26T21:00,5.04,39
2022-03-26T22:00,4.24,47
2022-03-26T23:00,3.4,47
2022-03-27T00:00,4.1,47
2022-03-27T01:00,3.47,46
2022-03-27T02:00,3.33,41
2022-03-27T03:00,3.36,37
2022-03-27T04:00,3.22,36
2022-03-27T05:00,2.91,41
2022-03-27T06:00,2.9,44
2022-03-27T07:00,3.32,46
2022-03-27T08:00,3.89,46
2022-03-27T09:00,3.68,47
2022-03-27T10:00,3.54,45
2022-03-27T11:00,3.33,41
2022-03-27T12:00,3.78,37
2022-03-27T13:00,4.34,29
2022-03-27T14:00,5.19,28
2022-03-27T15:00,5.58,33
2022-03-27T16:00,5.86,37
2022-03-27T17:00,5.81,42
2022-03-27T18:00,5.16,46
2022-03-27T19:00,4.56,52
2022-03-27T20:00,3.94,60
2022-03-27T21:00,3.81,60
2022-03-27T22:00,3.72,59
2022-03-27T23:00,3.5,59
2022-03-28T00:00,3.31,61
2022-03-28T01:00,3.09,65
2022-03-28T02:00,2.82,67
2022-03-28T03:00,2.56,69
2022-03-28T04:00,2.64,65
2022-03-28T05:00,2.69,75
2022-03-28T06:00,2.4,90
2022-03-28T07:00,2.6,90
2022-03-28T08:00,2.42,83
2022-03-28T09:00,1.92,62
2022-03-28T10:00,1.92,62
2022-03-28T11:00,1.49,48
2022-03-28T12:00,1.71,69
2022-03-28T13:00,1.84,41
2022-03-28T14:00,2.38,22
2022-03-28T15:00,2.87,29
2022-03-28T16:00,2.75,19
2022-03-28T17:00,3.0,30
2022-03-28T18:00,3.09,29
2022-03-28T19:00,2.92,22
2022-03-28T20:00,3.18,28
2022-03-28T21:00,3.19,32
2022-03-28T22:00,3.34,39
2022-03-28T23:00,3.11,48
2022-03-29T00:00,2.14,53
2022-03-29T01:00,2.37,62
2022-03-29T02:00,2.15,68
2022-03-29T03:00,1.75,77
2022-03-29T04:00,1.75,77
2022-03-29T05:00,1.77,74
2022-03-29T06:00,1.73,80
2022-03-29T07:00,2.82,67
2022-03-29T08:00,3.22,64
2022-03-29T09:00,3.58,60
2022-03-29T10:00,4.19,57
2022-03-29T11:00,4.13,58
2022-03-29T12:00,4.05,50
2022-03-29T13:00,4.14,53
2022-03-29T14:00,4.42,52
2022-03-29T15:00,4.53,45
2022-03-29T16:00,5.03,41
2022-03-29T17:00,4.32,42
2022-03-29T18:00,4.14,37
2022-03-29T19:00,3.98,39
2022-03-29T20:00,3.2,39
2022-03-29T21:00,3.0,37
2022-03-29T22:00,2.66,34
2022-03-29T23:00,2.47,21
2022-03-30T00:00,2.38,22
2022-03-30T01:00,1.49,20
2022-03-30T02:00,1.6,356
2022-03-30T03:00,3.42,21
2022-03-30T04:00,4.12,29
2022-03-30T05:00,3.91,32
2022-03-30T06:00,4.2,38
2022-03-30T07:00,4.38,45
2022-03-30T08:00,4.68,48
2022-03-30T09:00,4.72,54
2022-03-30T10:00,4.44,59
2022-03-30T11:00,4.13,58
2022-03-30T12:00,3.88,55
2022-03-30T13:00,4.2,52
2022-03-30T14:00,4.44,54
2022-03-30T15:00,4.92,52
2022-03-30T16:00,6.18,51
2022-03-30T17:00,7.21,46
2022-03-30T18:00,7.65,42
2022-03-30T19:00,7.22,42
2022-03-30T20:00,6.2,38
2022-03-30T21:00,5.92,37
2022-03-30T22:00,5.26,39
2022-03-30T23:00,5.11,40
2022-03-31T00:00,5.28,27
2022-03-31T01:00,5.22,20
2022-03-31T02:00,5.26,21
2022-03-31T03:00,5.55,23
2022-03-31T04:00,5.55,28
2022-03-31T05:00,5.1,35
2022-03-31T06:00,4.64,37
2022-03-31T07:00,5.12,51
2022-03-31T08:00,5.14,37
2022-03-31T09:00,6.72,30
2022-03-31T10:00,9.17,39
2022-03-31T11:00,11.1,45
2022-03-31T12:00,10.64,37
2022-03-31T13:00,12.36,37
2022-03-31T14:00,12.68,32
2022-03-31T15:00,13.9,33
2022-03-31T16:00,13.57,39
2022-03-31T17:00,12.94,44
2022-03-31T18:00,13.58,47
2022-03-31T19:00,13.05,49
2022-03-31T20:00,12.82,52
2022-03-31T21:00,12.68,54
2022-03-31T22:00,12.48,56
2022-03-31T23:00,12.57,55
2022-04-01T00:00,10.57,55
2022-04-01T01:00,11.35,55
2022-04-01T02:00,11.08,59
2022-04-01T03:00,10.56,62
2022-04-01T04:00,10.12,57
2022-04-01T05:00,9.96,54
2022-04-01T06:00,10.09,51
2022-04-01T07:00,10.23,51
2022-04-01T08:00,10.59,51
2022-04-01T09:00,10.68,52
2022-04-01T10:00,11.03,51
2022-04-01T11:00,11.01,51
2022-04-01T12:00,10.71,49
2022-04-01T13:00,9.69,45
2022-04-01T14:00,9.67,39
2022-04-01T15:00,10.06,37
2022-04-01T16:00,9.82,33
2022-04-01T17:00,9.07,32
2022-04-01T18:00,8.74,33
2022-04-01T19:00,8.35,32
2022-04-01T20:00,7.85,31
2022-04-01T21:00,7.49,31
2022-04-01T22:00,7.44,36
2022-04-01T23:00,7.66,41
2022-04-02T00:00,7.18,39
2022-04-02T01:00,6.52,49
2022-04-02T02:00,5.73,46
2022-04-02T03:00,5.53,41
2022-04-02T04:00,5.67,41
2022-04-02T05:00,5.83,39
2022-04-02T06:00,6.16,43
2022-04-02T07:00,6.37,44
2022-04-02T08:00,7.29,43
2022-04-02T09:00,7.45,40
2022-04-02T10:00,7.64,37
2022-04-02T11:00,7.63,32
2022-04-02T12:00,7.11,39
2022-04-02T13:00,6.99,34
2022-04-02T14:00,7.38,28
2022-04-02T15:00,7.56,28
2022-04-02T16:00,7.03,24
2022-04-02T17:00,6.2,21
2022-04-02T18:00,5.54,17
2022-04-02T19:00,5.2,11
2022-04-02T20:00,4.63,14
2022-04-02T21:00,4.18,17
2022-04-02T22:00,3.54,16
2022-04-02T23:00,3.26,18
2022-04-03T00:00,3.63,8
2022-04-03T01:00,3.11,6
2022-04-03T02:00,3.3,358
2022-04-03T03:00,3.55,338
2022-04-03T04:00,4.12,331
2022-04-03T05:00,4.03,330
2022-04-03T06:00,4.21,332
2022-04-03T07:00,5.55,334
2022-04-03T08:00,5.77,326
2022-04-03T09:00,5.42,322
2022-04-03T10:00,5.09,317
2022-04-03T11:00,5.26,309
2022-04-03T12:00,4.28,307
2022-04-03T13:00,4.89,301
2022-04-03T14:00,5.52,292
2022-04-03T15:00,6.65,291
2022-04-03T16:00,6.84,291
2022-04-03T17:00,6.07,290
2022-04-03T18:00,5.03,291
2022-04-03T19:00,4.32,283
2022-04-03T20:00,4.4,267
2022-04-03T21:00,4.9,253
2022-04-03T22:00,5.44,234
2022-04-03T23:00,6.78,233
2022-04-04T00:00,8.88,234
2022-04-04T01:00,10.24,238
2022-04-04T02:00,11.39,239
2022-04-04T03:00,11.05,244
2022-04-04T04:00,11.54,242
2022-04-04T05:00,13.16,246
2022-04-04T06:00,13.05,239
2022-04-04T07:00,14.31,243
2022-04-04T08:00,14.04,243
2022-04-04T09:00,13.39,247
2022-04-04T10:00,12.48,248
2022-04-04T11:00,11.48,253
2022-04-04T12:00,9.41,258
2022-04-04T13:00,9.97,277
2022-04-04T14:00,10.31,278
2022-04-04T15:00,9.8,278
2022-04-04T16:00,7.32,284
2022-04-04T17:00,6.2,288
2022-04-04T18:00,5.12,282
2022-04-04T19:00,5.26,279
2022-04-04T20:00,4.59,286
2022-04-04T21:00,3.83,311
2022-04-04T22:00,2.64,307
2022-04-04T23:00,2.16,304
2022-04-05T00:00,2.42,300
2022-04-05T01:00,2.82,293
2022-04-05T02:00,3.14,292
2022-04-05T03:00,2.79,291
2022-04-05T04:00,1.78,308
2022-04-05T05:00,1.12,333
2022-04-05T06:00,1.8,19
2022-04-05T07:00,0.81,30
2022-04-05T08:00,1.25,119
2022-04-05T09:00,2.91,243
2022-04-05T10:00,7.02,274
2022-04-05T11:00,7.51,272
2022-04-05T12:00,8.3,271
2022-04-05T13:00,8.34,264
2022-04-05T14:00,8.63,265
2022-04-05T15:00,8.51,268
2022-04-05T16:00,8.61,267
2022-04-05T17:00,8.21,267
2022-04-05T18:00,8.61,267
2022-04-05T19:00,8.43,260
2022-04-05T20:00,8.15,256
2022-04-05T21:00,7.62,251
2022-04-05T22:00,6.8,242
2022-04-05T23:00,7.81,251
2022-04-06T00:00,8.19,252
2022-04-06T01:00,8.05,245
2022-04-06T02:00,9.58,241
2022-04-06T03:00,9.27,241
2022-04-06T04:00,9.02,239
2022-04-06T05:00,10.1,234
2022-04-06T06:00,10.39,231
2022-04-06T07:00,9.98,232
2022-04-06T08:00,9.9,232
2022-04-06T09:00,10.76,235
2022-04-06T10:00,12.13,238
2022-04-06T11:00,12.34,237
2022-04-06T12:00,12.36,230
2022-04-06T13:00,11.31,224
2022-04-06T14:00,11.6,224
2022-04-06T15:00,12.27,221
2022-04-06T16:00,12.18,218
2022-04-06T17:00,12.55,221
2022-04-06T18:00,12.73,226
2022-04-06T19:00,11.98,229
2022-04-06T20:00,10.87,236
2022-04-06T21:00,11.24,226
2022-04-06T22:00,11.1,225
2022-04-06T23:00,11.32,226
2022-04-07T00:00,11.19,229
2022-04-07T01:00,11.61,228
2022-04-07T02:00,12.02,226
2022-04-07T03:00,12.67,228
2022-04-07T04:00,13.43,231
2022-04-07T05:00,11.44,239
2022-04-07T06:00,10.8,234
2022-04-07T07:00,10.3,234
2022-04-07T08:00,11.66,248
2022-04-07T09:00,13.13,247
2022-04-07T10:00,13.71,247
2022-04-07T11:00,13.86,243
2022-04-07T12:00,14.78,254
2022-04-07T13:00,12.1,260
2022-04-07T14:00,14.12,267
2022-04-07T15:00,13.51,272
2022-04-07T16:00,11.83,266
2022-04-07T17:00,11.0,259
2022-04-07T18:00,13.84,274
2022-04-07T19:00,12.88,284
2022-04-07T20:00,11.9,296
2022-04-07T21:00,11.01,302
2022-04-07T22:00,8.39,309
2022-04-07T23:00,9.65,304
2022-04-08T00:00,8.99,296
2022-04-08T01:00,9.66,291
2022-04-08T02:00,9.55,290
2022-04-08T03:00,6.36,283
2022-04-08T04:00,7.74,284
2022-04-08T05:00,7.79,283
2022-04-08T06:00,7.18,279
2022-04-08T07:00,7.04,281
2022-04-08T08:00,6.71,280
2022-04-08T09:00,6.48,279
2022-04-08T10:00,6.11,285
2022-04-08T11:00,6.02,291
2022-04-08T12:00,5.38,288
2022-04-08T13:00,5.97,301
2022-04-08T14:00,5.69,304
2022-04-08T15:00,7.47,309
2022-04-08T16:00,7.12,308
2022-04-08T17:00,7.52,311
2022-04-08T18:00,7.85,317
2022-04-08T19:00,7.8,319
2022-04-08T20:00,7.95,320
2022-04-08T21:00,8.59,320
2022-04-08T22:00,8.87,320
2022-04-08T23:00,9.28,319
2022-04-09T00:00,9.12,315
2022-04-09T01:00,9.48,313
2022-04-09T02:00,9.84,312
2022-04-09T03:00,9.78,311
2022-04-09T04:00,9.4,308
2022-04-09T05:00,9.6,306
2022-04-09T06:00,9.63,303
2022-04-09T07:00,10.24,302
2022-04-09T08:00,10.13,305
2022-04-09T09:00,9.04,305
2022-04-09T10:00,8.61,301
2022-04-09T11:00,8.81,296
2022-04-09T12:00,9.36,293
2022-04-09T13:00,8.86,290
2022-04-09T14:00,9.12,297
2022-04-09T15:00,8.85,302
2022-04-09T16:00,8.36,307
2022-04-09T17:00,7.82,305
2022-04-09T18:00,7.68,309
2022-04-09T19:00,7.64,313
2022-04-09T20:00,6.93,314
2022-04-09T21:00,6.36,315
2022-04-09T22:00,5.97,310
2022-04-09T23:00,6.1,305
2022-04-10T00:00,6.28,301
2022-04-10T01:00,6.13,298
2022-04-10T02:00,6.45,300
2022-04-10T03:00,6.88,303
2022-04-10T04:00,6.66,311
2022-04-10T05:00,6.08,306
2022-04-10T06:00,5.32,311
2022-04-10T07:00,5.31,313
2022-04-10T08:00,5.04,309
2022-04-10T09:00,4.69,304
2022-04-10T10:00,4.7,297
2022-04-10T11:00,4.49,291
2022-04-10T12:00,3.1,272
2022-04-10T13:00,3.61,265
2022-04-10T14:00,3.52,263
2022-04-10T15:00,3.06,259
2022-04-10T16:00,3.1,255
2022-04-10T17:00,2.83,262
2022-04-10T18:00,1.14,255
2022-04-10T19:00,1.98,225
2022-04-10T20:00,2.24,207
2022-04-10T21:00,2.51,175
2022-04-10T22:00,2.84,170
2022-04-10T23:00,2.34,160
2022-04-11T00:00,2.69,149
2022-04-11T01:00,2.3,146
2022-04-11T02:00,2.33,137
2022-04-11T03:00,2.19,133
2022-04-11T04:00,1.44,124
2022-04-11T05:00,1.68,107
2022-04-11T06:00,2.91,106
2022-04-11T07:00,3.26,108
2022-04-11T08:00,3.47,102
2022-04-11T09:00,4.12,96
2022-04-11T10:00,4.44,98
2022-04-11T11:00,4.61,103
2022-04-11T12:00,5.25,98
2022-04-11T13:00,5.32,95
2022-04-11T14:00,6.3,89
2022-04-11T15:00,6.41,93
2022-04-11T16:00,5.56,98
2022-04-11T17:00,5.82,95
2022-04-11T18:00,6.73,95
2022-04-11T19:00,6.89,99
2022-04-11T20:00,7.26,102
2022-04-11T21:00,7.52,104
2022-04-11T22:00,6.96,108
2022-04-11T23:00,6.71,110
2022-04-12T00:00,6.26,110
2022-04-12T01:00,5.77,118
2022-04-12T02:00,5.05,124
2022-04-12T03:00,5.24,114
2022-04-12T04:00,5.95,110
2022-04-12T05:00,5.99,116
2022-04-12T06:00,5.58,123
2022-04-12T07:00,5.37,119
2022-04-12T08:00,5.78,113
2022-04-12T09:00,6.17,117
2022-04-12T10:00,6.13,118
2022-04-12T11:00,5.38,125
2022-04-12T12:00,6.43,111
2022-04-12T13:00,5.64,117
2022-04-12T14:00,5.44,126
2022-04-12T15:00,4.75,131
2022-04-12T16:00,3.76,151
2022-04-12T17:00,2.84,170
2022-04-12T18:00,2.94,145
2022-04-12T19:00,3.5,149
2022-04-12T20:00,3.14,171
2022-04-12T21:00,2.4,180
2022-04-12T22:00,3.83,237
2022-04-12T23:00,4.12,247
2022-04-13T00:00,3.82,227
2022-04-13T01:00,4.03,224
2022-04-13T02:00,5.05,243
2022-04-13T03:00,4.97,240
2022-04-13T04:00,4.75,229
2022-04-13T05:00,4.9,231
2022-04-13T06:00,5.19,230
2022-04-13T07:00,4.46,228
2022-04-13T08:00,4.83,230
2022-04-13T09:00,5.0,233
2022-04-13T10:00,5.38,235
2022-04-13T11:00,4.68,228
2022-04-13T12:00,4.67,227
2022-04-13T13:00,4.83,230
2022-04-13T14:00,4.53,223
2022-04-13T15:00,3.75,226
2022-04-13T16:00,4.1,225
2022-04-13T17:00,4.38,215
2022-04-13T18:00,4.8,216
2022-04-13T19:00,4.48,219
2022-04-13T20:00,4.75,221
2022-04-13T21:00,4.39,229
2022-04-13T22:00,4.2,232
2022-04-13T23:00,4.32,222
2022-04-14T00:00,2.97,228
2022-04-14T01:00,2.67,257
2022-04-14T02:00,2.09,253
2022-04-14T03:00,1.58,235
2022-04-14T04:00,1.93,249
2022-04-14T05:00,2.12,278
2022-04-14T06:00,2.52,277
2022-04-14T07:00,2.5,272
2022-04-14T08:00,2.6,270
2022-04-14T09:00,2.96,282
2022-04-14T10:00,3.2,284
2022-04-14T11:00,3.38,289
2022-04-14T12:00,2.9,314
2022-04-14T13:00,2.31,288
2022-04-14T14:00,3.2,270
2022-04-14T15:00,3.68,292
2022-04-14T16:00,3.61,326
2022-04-14T17:00,2.47,339
2022-04-14T18:00,2.14,349
2022-04-14T19:00,1.92,351
2022-04-14T20:00,2.02,351
2022-04-14T21:00,2.02,351
2022-04-14T22:00,2.1,357
2022-04-14T23:00,1.81,6
2022-04-15T00:00,1.97,24
2022-04-15T01:00,1.79,27
2022-04-15T02:00,1.79,27
2022-04-15T03:00,1.92,28
2022-04-15T04:00,2.19,24
2022-04-15T05:00,2.59,28
2022-04-15T06:00,3.45,30
2022-04-15T07:00,3.77,32
2022-04-15T08:00,4.18,42
2022-04-15T09:00,4.12,51
2022-04-15T10:00,3.7,52
2022-04-15T11:00,3.64,53
2022-04-15T12:00,3.83,75
2022-04-15T13:00,3.55,68
2022-04-15T14:00,4.16,55
2022-04-15T15:00,5.3,44
2022-04-15T16:00,5.87,47
2022-04-15T17:00,5.74,49
2022-04-15T18:00,5.17,49
2022-04-15T19:00,4.94,54
2022-04-15T20:00,4.12,61
2022-04-15T21:00,3.4,66
2022-04-15T22:00,3.16,72
2022-04-15T23:00,3.13,73
2022-04-16T00:00,3.0,92
2022-04-16T01:00,3.4,92
2022-04-16T02:00,3.7,92
2022-04-16T03:00,3.3,92
2022-04-16T04:00,2.71,94
2022-04-16T05:00,2.83,98
2022-04-16T06:00,3.96,100
2022-04-16T07:00,4.59,101
2022-04-16T08:00,4.85,104
2022-04-16T09:00,5.0,106
2022-04-16T10:00,5.15,108
2022-04-16T11:00,5.0,106
2022-04-16T12:00,4.88,105
2022-04-16T13:00,4.94,97
2022-04-16T14:00,5.3,101
2022-04-16T15:00,4.81,102
2022-04-16T16:00,4.12,96
2022-04-16T17:00,3.61,95
2022-04-16T18:00,3.31,93
2022-04-16T19:00,4.06,100
2022-04-16T20:00,4.4,107
2022-04-16T21:00,4.7,117
2022-04-16T22:00,4.83,124
2022-04-16T23:00,4.08,126
2022-04-17T00:00,3.86,127
2022-04-17T01:00,3.98,129
2022-04-17T02:00,3.89,134
2022-04-17T03:00,3.76,140
2022-04-17T04:00,3.7,142
2022-04-17T05:00,3.61,138
2022-04-17T06:00,4.14,143
2022-04-17T07:00,3.86,143
2022-04-17T08:00,3.88,145
2022-04-17T09:00,3.94,144
2022-04-17T10:00,4.11,139
2022-04-17T11:00,4.39,133
2022-04-17T12:00,4.27,123
2022-04-17T13:00,3.91,130
2022-04-17T14:00,3.75,132
2022-04-17T15:00,4.07,118
2022-04-17T16:00,4.49,111
2022-04-17T17:00,4.3,108
2022-04-17T18:00,4.09,112
2022-04-17T19:00,4.43,118
2022-04-17T20:00,4.83,124
2022-04-17T21:00,4.97,130
2022-04-17T22:00,5.02,134
2022-04-17T23:00,5.09,135
2022-04-18T00:00,4.82,132
2022-04-18T01:00,4.46,136
2022-04-18T02:00,4.53,139
2022-04-18T03:00,4.94,148
2022-04-18T04:00,5.07,158
2022-04-18T05:00,4.78,164
2022-04-18T06:00,4.93,162
2022-04-18T07:00,4.53,158
2022-04-18T08:00,4.47,170
2022-04-18T09:00,4.33,173
2022-04-18T10:00,3.96,190
2022-04-18T11:00,3.72,204
2022-04-18T12:00,3.19,212
2022-04-18T13:00,2.75,237
2022-04-18T14:00,3.01,276
2022-04-18T15:00,2.75,303
2022-04-18T16:00,2.75,327
2022-04-18T17:00,3.05,337
2022-04-18T18:00,1.87,344
2022-04-18T19:00,1.7,3
2022-04-18T20:00,1.79,27
2022-04-18T21:00,2.55,42
2022-04-18T22:00,2.42,60
2022-04-18T23:00,2.19,66
2022-04-19T00:00,2.48,43
2022-04-19T01:00,1.98,49
2022-04-19T02:00,2.68,63
2022-04-19T03:00,2.7,92
2022-04-19T04:00,2.69,105
2022-04-19T05:00,2.12,109
2022-04-19T06:00,3.32,106
2022-04-19T07:00,3.64,106
2022-04-19T08:00,3.3,104
2022-04-19T09:00,3.83,97
2022-04-19T10:00,4.43,96
2022-04-19T11:00,4.5,93
2022-04-19T12:00,3.94,66
2022-04-19T13:00,4.28,53
2022-04-19T14:00,4.74,42
2022-04-19T15:00,5.46,35
2022-04-19T16:00,6.34,38
2022-04-19T17:00,7.5,46
2022-04-19T18:00,7.68,51
2022-04-19T19:00,7.46,58
2022-04-19T20:00,7.65,61
2022-04-19T21:00,7.2,63
2022-04-19T22:00,6.4,65
2022-04-19T23:00,5.74,67
2022-04-20T00:00,5.87,67
2022-04-20T01:00,5.63,70
2022-04-20T02:00,5.29,75
2022-04-20T03:00,4.69,79
2022-04-20T04:00,4.14,82
2022-04-20T05:00,4.12,84
2022-04-20T06:00,4.74,83
2022-04-20T07:00,5.0,78
2022-04-20T08:00,4.9,78
2022-04-20T09:00,5.14,77
2022-04-20T10:00,5.17,75
2022-04-20T11:00,4.96,71
2022-04-20T12:00,5.38,48
2022-04-20T13:00,6.32,35
2022-04-20T14:00,7.14,37
2022-04-20T15:00,7.61,39
2022-04-20T16:00,7.99,44
2022-04-20T17:00,7.58,49
2022-04-20T18:00,7.2,52
2022-04-20T19:00,7.32,58
2022-04-20T20:00,6.81,60
2022-04-20T21:00,5.91,62
2022-04-20T22:00,5.42,67
2022-04-20T23:00,5.0,70
2022-04-21T00:00,4.81,73
2022-04-21T01:00,4.44,76
2022-04-21T02:00,3.98,78
2022-04-21T03:00,3.71,76
2022-04-21T04:00,4.09,68
2022-04-21T05:00,4.43,72
2022-04-21T06:00,4.51,77
2022-04-21T07:00,5.04,76
2022-04-21T08:00,5.54,83
2022-04-21T09:00,6.03,84
2022-04-21T10:00,6.04,83
2022-04-21T11:00,5.74,67
2022-04-21T12:00,6.33,51
2022-04-21T13:00,7.31,40
2022-04-21T14:00,8.6,36
2022-04-21T15:00,8.78,37
2022-04-21T16:00,8.54,38
2022-04-21T17:00,7.57,34
2022-04-21T18:00,6.75,40
2022-04-21T19:00,7.15,48
2022-04-21T20:00,7.14,53
2022-04-21T21:00,7.05,58
2022-04-21T22:00,6.83,58
2022-04-21T23:00,6.98,65
2022-04-22T00:00,7.46,72
2022-04-22T01:00,7.65,79
2022-04-22T02:00,6.96,78
2022-04-22T03:00,6.15,68
2022-04-22T04:00,6.4,65
2022-04-22T05:00,6.58,66
2022-04-22T06:00,7.09,68
2022-04-22T07:00,6.96,69
2022-04-22T08:00,7.16,65
2022-04-22T09:00,7.48,60
2022-04-22T10:00,7.66,57
2022-04-22T11:00,7.86,53
2022-04-22T12:00,8.27,45
2022-04-22T13:00,8.57,42
2022-04-22T14:00,8.27,45
2022-04-22T15:00,7.94,41
2022-04-22T16:00,7.3,41
2022-04-22T17:00,6.78,53
2022-04-22T18:00,6.83,58
2022-04-22T19:00,6.71,65
2022-04-22T20:00,6.31,61
2022-04-22T21:00,7.59,72
2022-04-22T22:00,7.43,73
2022-04-22T23:00,6.96,69
2022-04-23T00:00,7.16,75
2022-04-23T01:00,7.53,79
2022-04-23T02:00,7.52,85
2022-04-23T03:00,7.38,81
2022-04-23T04:00,7.01,76
2022-04-23T05:00,7.18,77
2022-04-23T06:00,7.47,78
2022-04-23T07:00,8.34,76
2022-04-23T08:00,9.06,79
2022-04-23T09:00,9.1,78
2022-04-23T10:00,9.19,76
2022-04-23T11:00,9.41,78
2022-04-23T12:00,9.0,75
2022-04-23T13:00,8.63,77
2022-04-23T14:00,9.12,77
2022-04-23T15:00,8.96,79
2022-04-23T16:00,8.17,82
2022-04-23T17:00,7.28,81
2022-04-23T18:00,6.8,73
2022-04-23T19:00,7.24,64
2022-04-23T20:00,7.88,61
2022-04-23T21:00,7.96,62
2022-04-23T22:00,8.64,66
2022-04-23T23:00,8.08,68
2022-04-24T00:00,7.46,72
2022-04-24T01:00,7.0,68
2022-04-24T02:00,6.62,63
2022-04-24T03:00,6.6,58
2022-04-24T04:00,6.88,57
2022-04-24T05:00,7.31,60
2022-04-24T06:00,7.69,62
2022-04-24T07:00,7.87,63
2022-04-24T08:00,8.01,62
2022-04-24T09:00,7.94,59
2022-04-24T10:00,8.22,49
2022-04-24T11:00,9.06,42
2022-04-24T12:00,9.48,38
2022-04-24T13:00,9.98,38
2022-04-24T14:00,9.6,39
2022-04-24T15:00,9.31,39
2022-04-24T16:00,9.12,38
2022-04-24T17:00,9.14,37
2022-04-24T18:00,8.32,35
2022-04-24T19:00,7.38,36
2022-04-24T20:00,6.71,33
2022-04-24T21:00,6.32,35
2022-04-24T22:00,6.28,37
2022-04-24T23:00,6.2,38
2022-04-25T00:00,6.58,36
2022-04-25T01:00,7.25,39
2022-04-25T02:00,6.51,45
2022-04-25T03:00,5.66,45
2022-04-25T04:00,6.36,53
2022-04-25T05:00,6.54,51
2022-04-25T06:00,6.78,53
2022-04-25T07:00,6.98,52
2022-04-25T08:00,7.6,57
2022-04-25T09:00,7.7,60
2022-04-25T10:00,7.26,60
2022-04-25T11:00,7.35,56
2022-04-25T12:00,7.5,37
2022-04-25T13:00,8.15,42
2022-04-25T14:00,8.46,39
2022-04-25T15:00,8.3,36
2022-04-25T16:00,8.22,37
2022-04-25T17:00,8.16,36
2022-04-25T18:00,8.2,38
2022-04-25T19:00,7.86,41
2022-04-25T20:00,7.67,40
2022-04-25T21:00,7.07,33
2022-04-25T22:00,6.44,28
2022-04-25T23:00,6.09,23
2022-04-26T00:00,6.04,16
2022-04-26T01:00,6.36,16
2022-04-26T02:00,6.56,21
2022-04-26T03:00,6.56,21
2022-04-26T04:00,6.62,25
2022-04-26T05:00,6.22,24
2022-04-26T06:00,6.28,14
2022-04-26T07:00,6.36,13
2022-04-26T08:00,6.26,8
2022-04-26T09:00,5.93,6
2022-04-26T10:00,5.8,1
2022-04-26T11:00,5.63,354
2022-04-26T12:00,5.19,341
2022-04-26T13:00,4.84,342
2022-04-26T14:00,4.66,337
2022-04-26T15:00,4.75,338
2022-04-26T16:00,4.68,340
2022-04-26T17:00,4.61,347
2022-04-26T18:00,4.54,352
2022-04-26T19:00,4.4,357
2022-04-26T20:00,3.4,360
2022-04-26T21:00,3.41,355
2022-04-26T22:00,2.81,356
2022-04-26T23:00,2.81,356
2022-04-27T00:00,2.7,358
2022-04-27T01:00,1.8,360
2022-04-27T02:00,1.7,357
2022-04-27T03:00,1.9,360
2022-04-27T04:00,1.32,9
2022-04-27T05:00,2.12,341
2022-04-27T06:00,2.86,335
2022-04-27T07:00,2.79,339
2022-04-27T08:00,2.64,335
2022-04-27T09:00,2.78,330
2022-04-27T10:00,3.05,319
2022-04-27T11:00,3.39,315
2022-04-27T12:00,2.51,299
2022-04-27T13:00,3.26,310
2022-04-27T14:00,3.48,288
2022-04-27T15:00,3.61,273
2022-04-27T16:00,2.82,264
2022-04-27T17:00,1.46,286
2022-04-27T18:00,1.12,350
2022-04-27T19:00,0.85,21
2022-04-27T20:00,1.36,36
2022-04-27T21:00,1.48,28
2022-04-27T22:00,1.8,3
2022-04-27T23:00,2.5,360
2022-04-28T00:00,1.8,34
2022-04-28T01:00,2.0,37
2022-04-28T02:00,3.06,38
2022-04-28T03:00,3.86,37
2022-04-28T04:00,3.83,33
2022-04-28T05:00,3.89,42
2022-04-28T06:00,3.94,60
2022-04-28T07:00,3.29,70
2022-04-28T08:00,3.09,65
2022-04-28T09:00,3.5,53
2022-04-28T10:00,4.0,53
2022-04-28T11:00,4.32,48
2022-04-28T12:00,5.11,40
2022-04-28T13:00,5.0,37
2022-04-28T14:00,4.8,31
2022-04-28T15:00,4.97,25
2022-04-28T16:00,5.37,24
2022-04-28T17:00,5.32,26
2022-04-28T18:00,5.27,33
2022-04-28T19:00,5.09,45
2022-04-28T20:00,4.53,47
2022-04-28T21:00,4.4,51
2022-04-28T22:00,3.75,48
2022-04-28T23:00,3.66,55
2022-04-29T00:00,4.38,55
2022-04-29T01:00,4.43,62
2022-04-29T02:00,4.31,68
2022-04-29T03:00,3.98,62
2022-04-29T04:00,4.12,61
2022-04-29T05:00,4.34,61
2022-04-29T06:00,4.39,60
2022-04-29T07:00,4.72,54
2022-04-29T08:00,5.23,45
2022-04-29T09:00,5.28,37
2022-04-29T10:00,5.3,36
2022-04-29T11:00,5.44,36
2022-04-29T12:00,7.07,45
2022-04-29T13:00,6.11,50
2022-04-29T14:00,6.17,40
2022-04-29T15:00,6.3,33
2022-04-29T16:00,5.92,30
2022-04-29T17:00,5.78,23
2022-04-29T18:00,5.69,18
2022-04-29T19:00,5.29,15
2022-04-29T20:00,4.87,19
2022-04-29T21:00,4.18,17
2022-04-29T22:00,3.77,11
2022-04-29T23:00,3.31,3
2022-04-30T00:00,4.12,354
2022-04-30T01:00,3.88,348
2022-04-30T02:00,3.93,345
2022-04-30T03:00,3.86,339
2022-04-30T04:00,4.11,334
2022-04-30T05:00,4.25,336
2022-04-30T06:00,4.72,339
2022-04-30T07:00,5.06,335
2022-04-30T08:00,4.65,341
2022-04-30T09:00,4.34,345
2022-04-30T10:00,4.18,343
2022-04-30T11:00,3.86,343
2022-04-30T12:00,5.48,345
2022-04-30T13:00,4.93,354
2022-04-30T14:00,4.6,2
2022-04-30T15:00,4.59,11
2022-04-30T16:00,4.44,8
2022-04-30T17:00,4.44,8
2022-04-30T18:00,3.42,7
2022-04-30T19:00,2.8,358
2022-04-30T20:00,1.99,18
2022-04-30T21:00,2.26,13
2022-04-30T22:00,2.53,351
2022-04-30T23:00,1.84,347
2022-05-01T00:00,1.39,339
2022-05-01T01:00,0.98,336
2022-05-01T02:00,0.85,339
2022-05-01T03:00,0.76,337
2022-05-01T04:00,0.71,352
2022-05-01T05:00,1.0,323
2022-05-01T06:00,0.81,7
2022-05-01T07:00,0.41,14
2022-05-01T08:00,0.32,72
2022-05-01T09:00,0.36,146
2022-05-01T10:00,0.51,169
2022-05-01T11:00,0.41,104
2022-05-01T12:00,0.76,203
2022-05-01T13:00,1.1,360
2022-05-01T14:00,2.71,356
2022-05-01T15:00,2.63,9
2022-05-01T16:00,2.2,357
2022-05-01T17:00,3.4,14
2022-05-01T18:00,4.28,37
2022-05-01T19:00,3.54,47
2022-05-01T20:00,3.12,50
2022-05-01T21:00,2.97,70
2022-05-01T22:00,3.11,84
2022-05-01T23:00,2.7,90
2022-05-02T00:00,2.32,97
2022-05-02T01:00,1.81,96
2022-05-02T02:00,2.53,99
2022-05-02T03:00,2.82,96
2022-05-02T04:00,2.31,85
2022-05-02T05:00,2.09,73
2022-05-02T06:00,1.8,71
2022-05-02T07:00,1.88,65
2022-05-02T08:00,1.97,66
2022-05-02T09:00,2.2,60
2022-05-02T10:00,2.56,51
2022-05-02T11:00,2.83,45
2022-05-02T12:00,2.97,20
2022-05-02T13:00,3.49,13
2022-05-02T14:00,4.14,8
2022-05-02T15:00,4.1,359
2022-05-02T16:00,4.01,356
2022-05-02T17:00,3.51,357
2022-05-02T18:00,2.73,352
2022-05-02T19:00,1.94,348
2022-05-02T20:00,1.84,338
2022-05-02T21:00,1.66,335
2022-05-02T22:00,2.56,329
2022-05-02T23:00,2.55,318
2022-05-03T00:00,2.4,315
2022-05-03T01:00,2.08,325
2022-05-03T02:00,2.63,351
2022-05-03T03:00,2.52,7
2022-05-03T04:00,2.57,13
2022-05-03T05:00,3.04,17
2022-05-03T06:00,5.31,20
2022-05-03T07:00,5.91,24
2022-05-03T08:00,5.59,29
2022-05-03T09:00,5.32,28
2022-05-03T10:00,5.31,20
2022-05-03T11:00,4.79,11
2022-05-03T12:00,4.16,27
2022-05-03T13:00,4.62,18
2022-05-03T14:00,4.59,16
2022-05-03T15:00,4.75,15
2022-05-03T16:00,4.68,16
2022-05-03T17:00,4.27,16
2022-05-03T18:00,4.03,14
2022-05-03T19:00,3.45,17
2022-05-03T20:00,2.77,26
2022-05-03T21:00,2.19,24
2022-05-03T22:00,1.75,24
2022-05-03T23:00,1.26,18
2022-05-04T00:00,1.0,6
2022-05-04T01:00,1.5,356
2022-05-04T02:00,1.49,340
2022-05-04T03:00,1.66,335
2022-05-04T04:00,1.72,324
2022-05-04T05:00,0.78,320
2022-05-04T06:00,0.73,344
2022-05-04T07:00,0.67,297
2022-05-04T08:00,0.82,284
2022-05-04T09:00,0.81,277
2022-05-04T10:00,0.82,256
2022-05-04T11:00,1.41,262
2022-05-04T12:00,0.92,229
2022-05-04T13:00,1.7,270
2022-05-04T14:00,2.04,281
2022-05-04T15:00,2.33,295
2022-05-04T16:00,2.34,310
2022-05-04T17:00,1.56,320
2022-05-04T18:00,0.76,337
2022-05-04T19:00,0.42,315
2022-05-04T20:00,0.95,72
2022-05-04T21:00,1.53,101
2022-05-04T22:00,1.61,120
2022-05-04T23:00,1.53,148
2022-05-05T00:00,1.43,192
2022-05-05T01:00,1.65,166
2022-05-05T02:00,1.61,187
2022-05-05T03:00,1.51,172
2022-05-05T04:00,1.43,155
2022-05-05T05:00,2.06,166
2022-05-05T06:00,2.44,161
2022-05-05T07:00,2.3,182
2022-05-05T08:00,2.33,205
2022-05-05T09:00,2.5,233
2022-05-05T10:00,3.0,240
2022-05-05T11:00,3.32,249
2022-05-05T12:00,1.61,277
2022-05-05T13:00,2.16,283
2022-05-05T14:00,2.68,297
2022-05-05T15:00,3.14,307
2022-05-05T16:00,2.9,314
2022-05-05T17:00,1.7,320
2022-05-05T18:00,2.44,305
2022-05-05T19:00,2.27,311
2022-05-05T20:00,1.08,304
2022-05-05T21:00,1.57,297
2022-05-05T22:00,1.75,283
2022-05-05T23:00,2.0,273
2022-05-06T00:00,1.33,283
2022-05-06T01:00,1.73,280
2022-05-06T02:00,1.51,262
2022-05-06T03:00,1.39,240
2022-05-06T04:00,1.56,225
2022-05-06T05:00,2.42,232
2022-05-06T06:00,2.69,225
2022-05-06T07:00,3.11,213
2022-05-06T08:00,3.97,214
2022-05-06T09:00,4.9,219
2022-05-06T10:00,5.47,220
2022-05-06T11:00,5.81,221
2022-05-06T12:00,5.94,226
2022-05-06T13:00,5.81,229
2022-05-06T14:00,5.61,230
2022-05-06T15:00,5.69,239
2022-05-06T16:00,5.1,242
2022-05-06T17:00,4.22,239
2022-05-06T18:00,3.47,237
2022-05-06T19:00,2.34,230
2022-05-06T20:00,1.7,225
2022-05-06T21:00,1.88,205
2022-05-06T22:00,2.75,190
2022-05-06T23:00,3.65,189
2022-05-07T00:00,3.96,225
2022-05-07T01:00,2.69,228
2022-05-07T02:00,2.47,249
2022-05-07T03:00,1.96,285
2022-05-07T04:00,1.48,298
2022-05-07T05:00,2.14,307
2022-05-07T06:00,2.78,308
2022-05-07T07:00,3.02,326
2022-05-07T08:00,3.06,349
2022-05-07T09:00,3.32,353
2022-05-07T10:00,4.11,356
2022-05-07T11:00,4.31,4
2022-05-07T12:00,6.04,29
2022-05-07T13:00,4.58,36
2022-05-07T14:00,4.56,26
2022-05-07T15:00,5.65,13
2022-05-07T16:00,7.02,20
2022-05-07T17:00,7.27,34
2022-05-07T18:00,6.91,31
2022-05-07T19:00,6.41,31
2022-05-07T20:00,6.07,33
2022-05-07T21:00,5.55,34
2022-05-07T22:00,5.13,33
2022-05-07T23:00,4.96,34
2022-05-08T00:00,4.66,35
2022-05-08T01:00,4.58,36
2022-05-08T02:00,4.42,38
2022-05-08T03:00,4.55,33
2022-05-08T04:00,4.52,28
2022-05-08T05:00,4.22,31
2022-05-08T06:00,4.55,33
2022-05-08T07:00,4.72,32
2022-05-08T08:00,4.85,32
2022-05-08T09:00,4.8,36
2022-05-08T10:00,4.78,37
2022-05-08T11:00,4.84,38
2022-05-08T12:00,4.89,41
2022-05-08T13:00,4.83,34
2022-05-08T14:00,5.06,30
2022-05-08T15:00,5.55,28
2022-05-08T16:00,5.77,28
2022-05-08T17:00,5.61,31
2022-05-08T18:00,5.38,35
2022-05-08T19:00,4.61,41
2022-05-08T20:00,3.98,51
2022-05-08T21:00,3.44,64
2022-05-08T22:00,3.01,69
2022-05-08T23:00,2.75,80
2022-05-09T00:00,3.04,81
2022-05-09T01:00,2.8,90
2022-05-09T02:00,2.84,100
2022-05-09T03:00,2.5,106
2022-05-09T04:00,2.56,111
2022-05-09T05:00,3.31,115
2022-05-09T06:00,2.8,125
2022-05-09T07:00,1.98,135
2022-05-09T08:00,1.7,140
2022-05-09T09:00,2.22,144
2022-05-09T10:00,2.18,164
2022-05-09T11:00,2.16,193
2022-05-09T12:00,2.87,241
2022-05-09T13:00,3.45,260
2022-05-09T14:00,3.9,270
2022-05-09T15:00,2.84,260
2022-05-09T16:00,2.28,232
2022-05-09T17:00,2.22,216
2022-05-09T18:00,1.08,202
2022-05-09T19:00,1.13,135
2022-05-09T20:00,2.0,143
2022-05-09T21:00,3.2,160
2022-05-09T22:00,3.74,164
2022-05-09T23:00,4.5,177
2022-05-10T00:00,4.59,196
2022-05-10T01:00,4.87,199
2022-05-10T02:00,4.81,197
2022-05-10T03:00,5.25,198
2022-05-10T04:00,5.77,194
2022-05-10T05:00,6.6,194
2022-05-10T06:00,7.65,191
2022-05-10T07:00,7.68,198
2022-05-10T08:00,8.05,208
2022-05-10T09:00,9.3,220
2022-05-10T10:00,8.44,221
2022-05-10T11:00,8.59,230
2022-05-10T12:00,8.9,237
2022-05-10T13:00,7.91,238
2022-05-10T14:00,7.2,232
2022-05-10T15:00,6.74,235
2022-05-10T16:00,6.51,223
2022-05-10T17:00,7.0,224
2022-05-10T18:00,6.37,224
2022-05-10T19:00,6.52,229
2022-05-10T20:00,5.73,223
2022-05-10T21:00,5.33,220
2022-05-10T22:00,5.02,215
2022-05-10T23:00,4.77,213
2022-05-11T00:00,4.2,205
2022-05-11T01:00,5.1,208
2022-05-11T02:00,5.39,211
2022-05-11T03:00,5.01,206
2022-05-11T04:00,5.16,212
2022-05-11T05:00,6.76,218
2022-05-11T06:00,8.18,235
2022-05-11T07:00,6.56,232
2022-05-11T08:00,7.55,235
2022-05-11T09:00,7.46,235
2022-05-11T10:00,7.48,232
2022-05-11T11:00,7.86,229
2022-05-11T12:00,8.54,232
2022-05-11T13:00,8.44,229
2022-05-11T14:00,7.15,228
2022-05-11T15:00,7.28,226
2022-05-11T16:00,7.57,223
2022-05-11T17:00,8.68,218
2022-05-11T18:00,10.61,224
2022-05-11T19:00,10.4,232
2022-05-11T20:00,10.32,248
2022-05-11T21:00,9.43,274
2022-05-11T22:00,7.54,285
2022-05-11T23:00,6.11,274
2022-05-12T00:00,6.72,266
2022-05-12T01:00,6.46,262
2022-05-12T02:00,5.65,257
2022-05-12T03:00,4.92,265
2022-05-12T04:00,4.41,266
2022-05-12T05:00,4.1,269
2022-05-12T06:00,4.78,254
2022-05-12T07:00,5.39,255
2022-05-12T08:00,5.29,248
2022-05-12T09:00,5.46,242
2022-05-12T10:00,6.57,237
2022-05-12T11:00,6.88,234
2022-05-12T12:00,7.82,238
2022-05-12T13:00,8.29,240
2022-05-12T14:00,7.98,240
2022-05-12T15:00,6.81,240
2022-05-12T16:00,5.95,245
2022-05-12T17:00,5.32,244
2022-05-12T18:00,5.06,240
2022-05-12T19:00,5.58,237
2022-05-12T20:00,5.28,241
2022-05-12T21:00,5.15,246
2022-05-12T22:00,4.85,248
2022-05-12T23:00,4.3,234
2022-05-13T00:00,5.44,238
2022-05-13T01:00,6.5,247
2022-05-13T02:00,6.5,239
2022-05-13T03:00,6.89,251
2022-05-13T04:00,7.45,258
2022-05-13T05:00,7.38,254
2022-05-13T06:00,7.84,259
2022-05-13T07:00,8.06,259
2022-05-13T08:00,8.13,254
2022-05-13T09:00,8.03,251
2022-05-13T10:00,8.08,248
2022-05-13T11:00,8.38,247
2022-05-13T12:00,7.7,245
2022-05-13T13:00,8.15,247
2022-05-13T14:00,7.97,246
2022-05-13T15:00,7.29,237
2022-05-13T16:00,6.67,230
2022-05-13T17:00,6.94,223
2022-05-13T18:00,7.66,221
2022-05-13T19:00,7.36,227
2022-05-13T20:00,7.18,235
2022-05-13T21:00,7.32,231
2022-05-13T22:00,6.92,233
2022-05-13T23:00,6.58,242
2022-05-14T00:00,4.5,267
2022-05-14T01:00,3.77,292
2022-05-14T02:00,2.86,295
2022-05-14T03:00,2.4,287
2022-05-14T04:00,2.32,277
2022-05-14T05:00,2.62,277
2022-05-14T06:00,2.71,274
2022-05-14T07:00,3.01,274
2022-05-14T08:00,3.2,272
2022-05-14T09:00,3.13,277
2022-05-14T10:00,3.16,281
2022-05-14T11:00,3.06,281
2022-05-14T12:00,3.0,268
2022-05-14T13:00,3.34,261
2022-05-14T14:00,3.3,270
2022-05-14T15:00,3.01,285
2022-05-14T16:00,3.0,307
2022-05-14T17:00,2.62,320
2022-05-14T18:00,2.22,352
2022-05-14T19:00,1.48,28
2022-05-14T20:00,1.84,45
2022-05-14T21:00,2.46,63
2022-05-14T22:00,2.81,86
2022-05-14T23:00,2.14,79
2022-05-15T00:00,2.55,79
2022-05-15T01:00,3.2,88
2022-05-15T02:00,3.13,97
2022-05-15T03:00,3.11,96
2022-05-15T04:00,3.1,92
2022-05-15T05:00,3.91,87
2022-05-15T06:00,3.71,87
2022-05-15T07:00,4.2,87
2022-05-15T08:00,5.4,90
2022-05-15T09:00,5.91,93
2022-05-15T10:00,5.8,91
2022-05-15T11:00,6.0,92
2022-05-15T12:00,5.36,76
2022-05-15T13:00,4.7,66
2022-05-15T14:00,5.6,74
2022-05-15T15:00,4.68,48
2022-05-15T16:00,5.39,40
2022-05-15T17:00,5.73,47
2022-05-15T18:00,6.52,49
2022-05-15T19:00,7.39,60
2022-05-15T20:00,7.68,72
2022-05-15T21:00,7.47,78
2022-05-15T22:00,7.28,81
2022-05-15T23:00,7.11,88
2022-05-16T00:00,6.51,94
2022-05-16T01:00,6.43,95
2022-05-16T02:00,6.35,97
2022-05-16T03:00,6.02,101
2022-05-16T04:00,5.57,111
2022-05-16T05:00,5.59,114
2022-05-16T06:00,4.83,124
2022-05-16T07:00,4.94,126
2022-05-16T08:00,4.32,132
2022-05-16T09:00,3.89,154
2022-05-16T10:00,4.94,201
2022-05-16T11:00,7.61,231
2022-05-16T12:00,7.95,230
2022-05-16T13:00,6.09,228
2022-05-16T14:00,6.24,212
2022-05-16T15:00,7.26,218
2022-05-16T16:00,7.35,225
2022-05-16T17:00,7.23,229
2022-05-16T18:00,6.96,235
2022-05-16T19:00,5.68,242
2022-05-16T20:00,4.98,232
2022-05-16T21:00,4.96,228
2022-05-16T22:00,5.9,231
2022-05-16T23:00,6.02,238
2022-05-17T00:00,5.81,243
2022-05-17T01:00,5.11,239
2022-05-17T02:00,4.58,234
2022-05-17T03:00,3.77,238
2022-05-17T04:00,3.77,238
2022-05-17T05:00,4.39,240
2022-05-17T06:00,3.72,246
2022-05-17T07:00,3.34,261
2022-05-17T08:00,2.71,274
2022-05-17T09:00,2.1,267
2022-05-17T10:00,1.32,261
2022-05-17T11:00,1.4,266
2022-05-17T12:00,0.86,234
2022-05-17T13:00,1.92,242
2022-05-17T14:00,2.1,295
2022-05-17T15:00,2.64,335
2022-05-17T16:00,3.41,357
2022-05-17T17:00,3.01,15
2022-05-17T18:00,3.42,38
2022-05-17T19:00,3.47,57
2022-05-17T20:00,3.98,65
2022-05-17T21:00,4.4,89
2022-05-17T22:00,3.86,121
2022-05-17T23:00,3.08,144
2022-05-18T00:00,3.76,155
2022-05-18T01:00,2.6,157
2022-05-18T02:00,2.34,140
2022-05-18T03:00,3.11,147
2022-05-18T04:00,5.38,198
2022-05-18T05:00,4.38,207
2022-05-18T06:00,5.17,227
2022-05-18T07:00,6.0,233
2022-05-18T08:00,4.93,252
2022-05-18T09:00,3.96,280
2022-05-18T10:00,3.83,290
2022-05-18T11:00,3.94,300
2022-05-18T12:00,4.03,330
2022-05-18T13:00,3.94,330
2022-05-18T14:00,3.48,342
2022-05-18T15:00,3.35,343
2022-05-18T16:00,2.8,358
2022-05-18T17:00,2.47,32
2022-05-18T18:00,2.58,54
2022-05-18T19:00,3.1,75
2022-05-18T20:00,2.81,86
2022-05-18T21:00,2.06,76
2022-05-18T22:00,2.65,79
2022-05-18T23:00,3.61,93
2022-05-19T00:00,4.39,114
2022-05-19T01:00,4.3,115
2022-05-19T02:00,5.08,126
2022-05-19T03:00,4.97,130
2022-05-19T04:00,3.94,150
2022-05-19T05:00,1.24,256
2022-05-19T06:00,2.82,107
2022-05-19T07:00,4.61,139
2022-05-19T08:00,3.61,175
2022-05-19T09:00,3.8,243
2022-05-19T10:00,3.34,231
2022-05-19T11:00,7.21,226
2022-05-19T12:00,5.59,190
2022-05-19T13:00,5.81,177
2022-05-19T14:00,8.98,225
2022-05-19T15:00,8.22,233
2022-05-19T16:00,7.79,261
2022-05-19T17:00,5.95,331
2022-05-19T18:00,3.56,322
2022-05-19T19:00,4.09,292
2022-05-19T20:00,4.21,288
2022-05-19T21:00,2.93,278
2022-05-19T22:00,1.61,277
2022-05-19T23:00,1.66,245
2022-05-20T00:00,2.28,232
2022-05-20T01:00,2.11,239
2022-05-20T02:00,2.39,237
2022-05-20T03:00,1.57,243
2022-05-20T04:00,0.32,18
2022-05-20T05:00,1.14,75
2022-05-20T06:00,2.08,125
2022-05-20T07:00,3.14,158
2022-05-20T08:00,3.73,160
2022-05-20T09:00,3.32,164
2022-05-20T10:00,3.48,162
2022-05-20T11:00,3.13,153
2022-05-20T12:00,1.98,131
2022-05-20T13:00,0.45,297
2022-05-20T14:00,2.91,229
2022-05-20T15:00,4.02,264
2022-05-20T16:00,5.53,283
2022-05-20T17:00,7.22,274
2022-05-20T18:00,6.91,273
2022-05-20T19:00,6.74,264
2022-05-20T20:00,6.23,251
2022-05-20T21:00,5.99,237
2022-05-20T22:00,6.72,226
2022-05-20T23:00,7.75,219
2022-05-21T00:00,10.34,245
2022-05-21T01:00,8.3,239
2022-05-21T02:00,9.16,259
2022-05-21T03:00,8.81,267
2022-05-21T04:00,7.74,264
2022-05-21T05:00,7.93,265
2022-05-21T06:00,7.91,268
2022-05-21T07:00,8.11,272
2022-05-21T08:00,8.0,271
2022-05-21T09:00,7.82,274
2022-05-21T10:00,7.62,275
2022-05-21T11:00,6.95,277
2022-05-21T12:00,6.41,274
2022-05-21T13:00,6.11,274
2022-05-21T14:00,5.81,274
2022-05-21T15:00,5.2,269
2022-05-21T16:00,5.1,268
2022-05-21T17:00,4.64,263
2022-05-21T18:00,4.3,258
2022-05-21T19:00,3.1,249
2022-05-21T20:00,2.13,229
2022-05-21T21:00,1.7,220
2022-05-21T22:00,1.77,223
2022-05-21T23:00,1.72,216
2022-05-22T00:00,1.84,225
2022-05-22T01:00,2.02,213
2022-05-22T02:00,2.11,211
2022-05-22T03:00,2.1,205
2022-05-22T04:00,2.26,193
2022-05-22T05:00,2.63,189
2022-05-22T06:00,2.57,193
2022-05-22T07:00,2.65,191
2022-05-22T08:00,3.01,195
2022-05-22T09:00,3.35,207
2022-05-22T10:00,3.39,225
2022-05-22T11:00,4.02,243
2022-05-22T12:00,3.18,246
2022-05-22T13:00,1.81,264
2022-05-22T14:00,1.42,321
2022-05-22T15:00,2.01,354
2022-05-22T16:00,1.28,39
2022-05-22T17:00,1.7,118
2022-05-22T18:00,3.04,107
2022-05-22T19:00,4.12,104
2022-05-22T20:00,4.49,111
2022-05-22T21:00,5.08,122
2022-05-22T22:00,5.22,122
2022-05-22T23:00,5.32,131
2022-05-23T00:00,4.98,128
2022-05-23T01:00,4.39,131
2022-05-23T02:00,3.96,135
2022-05-23T03:00,3.96,133
2022-05-23T04:00,3.48,129
2022-05-23T05:00,3.68,133
2022-05-23T06:00,4.19,130
2022-05-23T07:00,3.55,140
2022-05-23T08:00,2.83,138
2022-05-23T09:00,2.24,153
2022-05-23T10:00,1.75,211
2022-05-23T11:00,1.4,266
2022-05-23T12:00,2.28,285
2022-05-23T13:00,3.99,338
2022-05-23T14:00,4.12,354
2022-05-23T15:00,3.57,18
2022-05-23T16:00,3.24,351
2022-05-23T17:00,2.78,308
2022-05-23T18:00,3.1,270
2022-05-23T19:00,3.81,265
2022-05-23T20:00,4.65,289
2022-05-23T21:00,4.91,266
2022-05-23T22:00,5.24,257
2022-05-23T23:00,5.38,260
2022-05-24T00:00,4.41,237
2022-05-24T01:00,3.53,245
2022-05-24T02:00,4.52,242
2022-05-24T03:00,5.17,229
2022-05-24T04:00,4.9,231
2022-05-24T05:00,5.8,212
2022-05-24T06:00,8.41,235
2022-05-24T07:00,7.38,245
2022-05-24T08:00,7.75,250
2022-05-24T09:00,8.08,255
2022-05-24T10:00,8.14,259
2022-05-24T11:00,8.49,255
2022-05-24T12:00,8.83,260
2022-05-24T13:00,7.55,263
2022-05-24T14:00,6.65,263
2022-05-24T15:00,6.14,258
2022-05-24T16:00,5.91,251
2022-05-24T17:00,5.2,259
2022-05-24T18:00,4.73,257
2022-05-24T19:00,3.76,253
2022-05-24T20:00,2.83,238
2022-05-24T21:00,2.64,217
2022-05-24T22:00,3.67,206
2022-05-24T23:00,4.36,217
2022-05-25T00:00,4.26,231
2022-05-25T01:00,4.19,237
2022-05-25T02:00,3.76,230
2022-05-25T03:00,3.82,227
2022-05-25T04:00,3.89,222
2022-05-25T05:00,4.22,211
2022-05-25T06:00,5.13,213
2022-05-25T07:00,6.36,217
2022-05-25T08:00,7.93,222
2022-05-25T09:00,8.43,228
2022-05-25T10:00,9.26,232
2022-05-25T11:00,9.08,229
2022-05-25T12:00,10.69,228
2022-05-25T13:00,10.04,224
2022-05-25T14:00,11.67,227
2022-05-25T15:00,12.32,228
2022-05-25T16:00,12.1,227
2022-05-25T17:00,12.0,233
2022-05-25T18:00,9.86,230
2022-05-25T19:00,9.39,231
2022-05-25T20:00,8.7,240
2022-05-25T21:00,8.68,246
2022-05-25T22:00,7.56,246
2022-05-25T23:00,6.89,251
2022-05-26T00:00,6.31,266
2022-05-26T01:00,6.21,273
2022-05-26T02:00,6.4,271
2022-05-26T03:00,6.1,272
2022-05-26T04:00,5.72,265
2022-05-26T05:00,5.83,264
2022-05-26T06:00,6.18,256
2022-05-26T07:00,6.96,254
2022-05-26T08:00,6.89,257
2022-05-26T09:00,7.01,256
2022-05-26T10:00,7.18,251
2022-05-26T11:00,7.45,248
2022-05-26T12:00,7.77,238
2022-05-26T13:00,8.54,237
2022-05-26T14:00,8.38,237
2022-05-26T15:00,8.66,230
2022-05-26T16:00,9.49,228
2022-05-26T17:00,9.08,229
2022-05-26T18:00,10.01,236
2022-05-26T19:00,9.12,243
2022-05-26T20:00,8.75,248
2022-05-26T21:00,7.74,256
2022-05-26T22:00,8.5,269
2022-05-26T23:00,8.04,281
2022-05-27T00:00,7.53,289
2022-05-27T01:00,7.06,291
2022-05-27T02:00,6.44,298
2022-05-27T03:00,6.26,299
2022-05-27T04:00,6.72,293
2022-05-27T05:00,6.84,291
2022-05-27T06:00,7.89,292
2022-05-27T07:00,8.27,297
2022-05-27T08:00,8.41,295
2022-05-27T09:00,8.45,291
2022-05-27T10:00,8.71,285
2022-05-27T11:00,9.15,286
2022-05-27T12:00,9.1,293
2022-05-27T13:00,9.8,295
2022-05-27T14:00,9.76,294
2022-05-27T15:00,9.6,292
2022-05-27T16:00,8.8,291
2022-05-27T17:00,8.1,286
2022-05-27T18:00,7.43,281
2022-05-27T19:00,7.15,288
2022-05-27T20:00,6.8,287
2022-05-27T21:00,6.8,287
2022-05-27T22:00,7.82,291
2022-05-27T23:00,7.68,309
2022-05-28T00:00,7.25,309
2022-05-28T01:00,7.85,316
2022-05-28T02:00,7.8,319
2022-05-28T03:00,7.42,314
2022-05-28T04:00,7.95,320
2022-05-28T05:00,8.16,324
2022-05-28T06:00,8.57,326
2022-05-28T07:00,8.46,327
2022-05-28T08:00,8.13,328
2022-05-28T09:00,7.99,328
2022-05-28T10:00,7.99,326
2022-05-28T11:00,8.08,324
2022-05-28T12:00,6.95,320
2022-05-28T13:00,7.53,320
2022-05-28T14:00,7.82,321
2022-05-28T15:00,8.02,320
2022-05-28T16:00,8.35,318
2022-05-28T17:00,8.17,320
2022-05-28T18:00,7.85,329
2022-05-28T19:00,7.02,332
2022-05-28T20:00,6.44,332
2022-05-28T21:00,6.4,335
2022-05-28T22:00,6.31,333
2022-05-28T23:00,6.99,336
2022-05-29T00:00,7.0,329
2022-05-29T01:00,6.98,335
2022-05-29T02:00,6.87,339
2022-05-29T03:00,6.71,335
2022-05-29T04:00,7.15,342
2022-05-29T05:00,7.55,349
2022-05-29T06:00,7.45,345
2022-05-29T07:00,6.99,343
2022-05-29T08:00,7.11,346
2022-05-29T09:00,7.16,348
2022-05-29T10:00,7.53,349
2022-05-29T11:00,7.02,349
2022-05-29T12:00,6.36,352
2022-05-29T13:00,6.15,353
2022-05-29T14:00,5.69,350
2022-05-29T15:00,5.61,349
2022-05-29T16:00,5.89,350
2022-05-29T17:00,6.11,345
2022-05-29T18:00,5.69,342
2022-05-29T19:00,5.19,344
2022-05-29T20:00,4.41,347
2022-05-29T21:00,4.0,347
2022-05-29T22:00,3.36,337
2022-05-29T23:00,2.78,330
2022-05-30T00:00,2.58,324
2022-05-30T01:00,2.41,318
2022-05-30T02:00,2.76,314
2022-05-30T03:00,3.12,310
2022-05-30T04:00,3.19,311
2022-05-30T05:00,3.28,308
2022-05-30T06:00,3.86,307
2022-05-30T07:00,3.77,302
2022-05-30T08:00,4.1,304
2022-05-30T09:00,3.41,302
2022-05-30T10:00,3.26,297
2022-05-30T11:00,3.23,292
2022-05-30T12:00,3.5,272
2022-05-30T13:00,3.2,270
2022-05-30T14:00,2.92,276
2022-05-30T15:00,2.6,272
2022-05-30T16:00,2.01,264
2022-05-30T17:00,1.12,280
2022-05-30T18:00,0.42,225
2022-05-30T19:00,0.4,180
2022-05-30T20:00,0.98,156
2022-05-30T21:00,2.42,156
2022-05-30T22:00,1.86,144
2022-05-30T23:00,1.98,135
2022-05-31T00:00,2.0,143
2022-05-31T01:00,2.76,136
2022-05-31T02:00,3.68,137
2022-05-31T03:00,3.55,140
2022-05-31T04:00,3.62,141
2022-05-31T05:00,3.4,137
2022-05-31T06:00,3.32,136
2022-05-31T07:00,3.41,140
2022-05-31T08:00,3.24,146
2022-05-31T09:00,2.28,157
2022-05-31T10:00,1.84,158
2022-05-31T11:00,1.61,150
2022-05-31T12:00,2.61,58
2022-05-31T13:00,2.25,111
2022-05-31T14:00,1.91,96
2022-05-31T15:00,0.71,135
2022-05-31T16:00,0.85,201
2022-05-31T17:00,0.5,143
2022-05-31T18:00,1.24,76
2022-05-31T19:00,1.3,94
2022-05-31T20:00,1.84,112
2022-05-31T21:00,2.69,149
2022-05-31T22:00,2.52,187
2022-05-31T23:00,1.5,176
2022-06-01T00:00,3.1,159
2022-06-01T01:00,3.01,174
2022-06-01T02:00,3.66,215
2022-06-01T03:00,3.24,236
2022-06-01T04:00,1.94,258
2022-06-01T05:00,2.19,246
2022-06-01T06:00,2.53,279
2022-06-01T07:00,3.1,272
2022-06-01T08:00,4.1,269
2022-06-01T09:00,4.31,274
2022-06-01T10:00,4.52,288
2022-06-01T11:00,4.66,301
2022-06-01T12:00,3.83,290
2022-06-01T13:00,3.81,293
2022-06-01T14:00,4.41,303
2022-06-01T15:00,4.53,311
2022-06-01T16:00,4.67,315
2022-06-01T17:00,4.4,321
2022-06-01T18:00,4.34,331
2022-06-01T19:00,3.76,335
2022-06-01T20:00,2.79,339
2022-06-01T21:00,2.53,342
2022-06-01T22:00,2.06,337
2022-06-01T23:00,1.89,328
2022-06-02T00:00,2.27,319
2022-06-02T01:00,2.33,301
2022-06-02T02:00,3.18,294
2022-06-02T03:00,3.38,304
2022-06-02T04:00,3.06,308
2022-06-02T05:00,3.24,304
2022-06-02T06:00,3.66,305
2022-06-02T07:00,3.41,310
2022-06-02T08:00,3.11,318
2022-06-02T09:00,2.55,315
2022-06-02T10:00,2.06,299
2022-06-02T11:00,2.28,322
2022-06-02T12:00,2.61,328
2022-06-02T13:00,2.45,348
2022-06-02T14:00,2.6,2
2022-06-02T15:00,2.69,15
2022-06-02T16:00,2.78,38
2022-06-02T17:00,2.9,46
2022-06-02T18:00,2.41,48
2022-06-02T19:00,2.48,43
2022-06-02T20:00,2.12,45
2022-06-02T21:00,2.9,46
2022-06-02T22:00,3.09,65
2022-06-02T23:00,3.35,73
2022-06-03T00:00,3.86,73
2022-06-03T01:00,4.03,76
2022-06-03T02:00,4.37,79
2022-06-03T03:00,4.36,81
2022-06-03T04:00,4.47,80
2022-06-03T05:00,5.12,78
2022-06-03T06:00,5.24,77
2022-06-03T07:00,4.94,83
2022-06-03T08:00,5.29,75
2022-06-03T09:00,5.79,69
2022-06-03T10:00,6.32,67
2022-06-03T11:00,6.38,58
2022-06-03T12:00,7.14,43
2022-06-03T13:00,9.36,37
2022-06-03T14:00,8.77,45
2022-06-03T15:00,8.64,42
2022-06-03T16:00,8.13,44
2022-06-03T17:00,8.21,42
2022-06-03T18:00,8.27,45
2022-06-03T19:00,7.86,49
2022-06-03T20:00,7.78,47
2022-06-03T21:00,7.92,45
2022-06-03T22:00,7.93,48
2022-06-03T23:00,7.36,47
2022-06-04T00:00,7.67,50
2022-06-04T01:00,7.67,50
2022-06-04T02:00,6.62,52
2022-06-04T03:00,6.97,51
2022-06-04T04:00,6.94,54
2022-06-04T05:00,7.12,52
2022-06-04T06:00,7.32,55
2022-06-04T07:00,7.28,53
2022-06-04T08:00,7.29,48
2022-06-04T09:00,7.78,46
2022-06-04T10:00,7.71,46
2022-06-04T11:00,8.07,43
2022-06-04T12:00,8.43,42
2022-06-04T13:00,8.2,46
2022-06-04T14:00,7.85,46
2022-06-04T15:00,8.64,42
2022-06-04T16:00,8.63,43
2022-06-04T17:00,7.93,48
2022-06-04T18:00,7.72,49
2022-06-04T19:00,7.25,51
2022-06-04T20:00,6.84,52
2022-06-04T21:00,6.74,58
2022-06-04T22:00,6.66,62
2022-06-04T23:00,6.85,61
2022-06-05T00:00,7.52,61
2022-06-05T01:00,7.65,61
2022-06-05T02:00,8.1,61
2022-06-05T03:00,7.65,63
2022-06-05T04:00,7.38,65
2022-06-05T05:00,7.11,64
2022-06-05T06:00,6.57,64
2022-06-05T07:00,6.64,59
2022-06-05T08:00,5.66,58
2022-06-05T09:00,5.68,64
2022-06-05T10:00,5.63,70
2022-06-05T11:00,4.95,82
2022-06-05T12:00,5.6,41
2022-06-05T13:00,6.44,46
2022-06-05T14:00,6.15,46
2022-06-05T15:00,5.81,41
2022-06-05T16:00,5.1,42
2022-06-05T17:00,4.11,49
2022-06-05T18:00,3.68,43
2022-06-05T19:00,3.4,14
2022-06-05T20:00,3.06,349
2022-06-05T21:00,3.72,59
2022-06-05T22:00,1.1,360
2022-06-05T23:00,1.62,338
2022-06-06T00:00,5.43,264
2022-06-06T01:00,4.49,282
2022-06-06T02:00,4.11,252
2022-06-06T03:00,5.82,235
2022-06-06T04:00,9.0,246
2022-06-06T05:00,8.71,238
2022-06-06T06:00,8.7,240
2022-06-06T07:00,8.59,245
2022-06-06T08:00,9.28,248
2022-06-06T09:00,9.09,246
2022-06-06T10:00,8.32,254
2022-06-06T11:00,7.97,252
2022-06-06T12:00,6.49,236
2022-06-06T13:00,9.01,261
2022-06-06T14:00,5.9,271
2022-06-06T15:00,6.74,252
2022-06-06T16:00,8.17,278
2022-06-06T17:00,6.31,267
2022-06-06T18:00,8.01,254
2022-06-06T19:00,7.7,245
2022-06-06T20:00,8.9,243
2022-06-06T21:00,9.49,235
2022-06-06T22:00,9.53,242
2022-06-06T23:00,9.96,252
2022-06-07T00:00,9.81,250
2022-06-07T01:00,9.65,253
2022-06-07T02:00,9.22,255
2022-06-07T03:00,9.4,261
2022-06-07T04:00,8.88,262
2022-06-07T05:00,8.55,264
2022-06-07T06:00,8.24,264
2022-06-07T07:00,8.36,263
2022-06-07T08:00,8.36,263
2022-06-07T09:00,8.43,260
2022-06-07T10:00,8.26,263
2022-06-07T11:00,7.8,271
2022-06-07T12:00,6.94,264
2022-06-07T13:00,6.89,261
2022-06-07T14:00,6.61,267
2022-06-07T15:00,5.67,279
2022-06-07T16:00,5.07,285
2022-06-07T17:00,3.62,276
2022-06-07T18:00,2.86,258
2022-06-07T19:00,3.06,232
2022-06-07T20:00,2.62,223
2022-06-07T21:00,2.19,204
2022-06-07T22:00,2.3,182
2022-06-07T23:00,3.61,185
2022-06-08T00:00,3.31,185
2022-06-08T01:00,3.41,177
2022-06-08T02:00,4.24,199
2022-06-08T03:00,4.92,204
2022-06-08T04:00,5.64,210
2022-06-08T05:00,5.61,211
2022-06-08T06:00,5.47,211
2022-06-08T07:00,5.24,204
2022-06-08T08:00,5.26,201
2022-06-08T09:00,4.6,178
2022-06-08T10:00,5.0,179
2022-06-08T11:00,3.62,174
2022-06-08T12:00,5.57,198
2022-06-08T13:00,4.94,216
2022-06-08T14:00,4.92,193
2022-06-08T15:00,3.21,176
2022-06-08T16:00,4.1,183
2022-06-08T17:00,3.9,203
2022-06-08T18:00,3.11,225
2022-06-08T19:00,3.41,220
2022-06-08T20:00,4.0,238
2022-06-08T21:00,3.54,223
2022-06-08T22:00,3.91,267
2022-06-08T23:00,3.22,244
2022-06-09T00:00,3.97,236
2022-06-09T01:00,4.57,293
2022-06-09T02:00,4.62,292
2022-06-09T03:00,5.06,295
2022-06-09T04:00,4.7,297
2022-06-09T05:00,5.15,294
2022-06-09T06:00,5.72,289
2022-06-09T07:00,5.92,292
2022-06-09T08:00,5.5,289
2022-06-09T09:00,5.84,277
2022-06-09T10:00,6.1,272
2022-06-09T11:00,6.11,267
2022-06-09T12:00,6.1,269
2022-06-09T13:00,5.63,264
2022-06-09T14:00,5.59,260
2022-06-09T15:00,5.39,255
2022-06-09T16:00,4.57,241
2022-06-09T17:00,4.55,230
2022-06-09T18:00,4.34,218
2022-06-09T19:00,4.2,205
2022-06-09T20:00,4.07,205
2022-06-09T21:00,3.96,201
2022-06-09T22:00,4.75,202
2022-06-09T23:00,5.37,209
2022-06-10T00:00,5.28,205
2022-06-10T01:00,5.33,203
2022-06-10T02:00,6.26,209
2022-06-10T03:00,5.94,213
2022-06-10T04:00,5.69,214
2022-06-10T05:00,6.18,219
2022-06-10T06:00,6.51,225
2022-06-10T07:00,6.79,226
2022-06-10T08:00,6.95,220
2022-06-10T09:00,7.56,217
2022-06-10T10:00,7.92,223
2022-06-10T11:00,7.92,227
2022-06-10T12:00,7.75,231
2022-06-10T13:00,6.89,230
2022-06-10T14:00,7.47,231
2022-06-10T15:00,6.1,229
2022-06-10T16:00,5.89,220
2022-06-10T17:00,6.49,214
2022-06-10T18:00,6.16,212
2022-06-10T19:00,5.88,212
2022-06-10T20:00,5.94,213
2022-06-10T21:00,5.78,210
2022-06-10T22:00,5.85,213
2022-06-10T23:00,5.92,217
2022-06-11T00:00,6.42,217
2022-06-11T01:00,6.84,218
2022-06-11T02:00,6.58,223
2022-06-11T03:00,6.8,229
2022-06-11T04:00,6.24,238
2022-06-11T05:00,6.08,243
2022-06-11T06:00,6.18,241
2022-06-11T07:00,6.49,245
2022-06-11T08:00,6.32,247
2022-06-11T09:00,6.5,247
2022-06-11T10:00,6.58,246
2022-06-11T11:00,6.49,241
2022-06-11T12:00,6.55,236
2022-06-11T13:00,6.74,235
2022-06-11T14:00,6.74,229
2022-06-11T15:00,6.65,227
2022-06-11T16:00,6.58,226
2022-06-11T17:00,6.03,220
2022-06-11T18:00,5.34,218
2022-06-11T19:00,5.26,219
2022-06-11T20:00,5.81,222
2022-06-11T21:00,5.8,224
2022-06-11T22:00,5.66,225
2022-06-11T23:00,6.42,233
2022-06-12T00:00,5.26,231
2022-06-12T01:00,4.29,242
2022-06-12T02:00,3.67,259
2022-06-12T03:00,3.52,263
2022-06-12T04:00,4.0,269
2022-06-12T05:00,3.81,275
2022-06-12T06:00,3.54,278
2022-06-12T07:00,4.0,271
2022-06-12T08:00,4.7,270
2022-06-12T09:00,5.1,270
2022-06-12T10:00,5.45,263
2022-06-12T11:00,5.54,253
2022-06-12T12:00,6.26,257
2022-06-12T13:00,6.15,263
2022-06-12T14:00,5.51,267
2022-06-12T15:00,5.2,269
2022-06-12T16:00,4.9,270
2022-06-12T17:00,4.61,257
2022-06-12T18:00,4.43,245
2022-06-12T19:00,4.16,243
2022-06-12T20:00,4.08,239
2022-06-12T21:00,4.0,233
2022-06-12T22:00,3.92,251
2022-06-12T23:00,3.94,246
2022-06-13T00:00,3.52,255
2022-06-13T01:00,4.61,257
2022-06-13T02:00,5.57,279
2022-06-13T03:00,4.85,284
2022-06-13T04:00,5.59,297
2022-06-13T05:00,6.05,304
2022-06-13T06:00,6.6,302
2022-06-13T07:00,6.88,303
2022-06-13T08:00,7.22,301
2022-06-13T09:00,7.53,300
2022-06-13T10:00,7.63,304
2022-06-13T11:00,7.24,305
2022-06-13T12:00,5.71,303
2022-06-13T13:00,5.56,300
2022-06-13T14:00,5.64,297
2022-06-13T15:00,5.55,298
2022-06-13T16:00,5.28,297
2022-06-13T17:00,5.02,301
2022-06-13T18:00,3.69,303
2022-06-13T19:00,2.4,287
2022-06-13T20:00,2.01,276
2022-06-13T21:00,1.8,273
2022-06-13T22:00,2.1,267
2022-06-13T23:00,2.5,270
2022-06-14T00:00,2.16,283
2022-06-14T01:00,2.11,275
2022-06-14T02:00,2.11,265
2022-06-14T03:00,2.32,263
2022-06-14T04:00,2.12,262
2022-06-14T05:00,2.75,260
2022-06-14T06:00,3.26,252
2022-06-14T07:00,3.42,255
2022-06-14T08:00,3.61,256
2022-06-14T09:00,4.03,256
2022-06-14T10:00,4.1,257
2022-06-14T11:00,3.83,263
2022-06-14T12:00,3.91,257
2022-06-14T13:00,4.11,266
2022-06-14T14:00,4.21,274
2022-06-14T15:00,3.48,288
2022-06-14T16:00,2.76,314
2022-06-14T17:00,2.25,339
2022-06-14T18:00,2.35,12
2022-06-14T19:00,1.92,28
2022-06-14T20:00,1.78,38
2022-06-14T21:00,2.55,48
2022-06-14T22:00,3.01,75
2022-06-14T23:00,2.63,99
2022-06-15T00:00,2.14,101
2022-06-15T01:00,2.1,93
2022-06-15T02:00,2.2,90
2022-06-15T03:00,2.32,83
2022-06-15T04:00,2.21,85
2022-06-15T05:00,2.92,84
2022-06-15T06:00,2.92,84
2022-06-15T07:00,2.71,86
2022-06-15T08:00,2.63,81
2022-06-15T09:00,2.84,80
2022-06-15T10:00,3.44,82
2022-06-15T11:00,3.47,78
2022-06-15T12:00,2.92,59
2022-06-15T13:00,3.19,41
2022-06-15T14:00,4.2,38
2022-06-15T15:00,4.67,43
2022-06-15T16:00,4.74,46
2022-06-15T17:00,4.68,48
2022-06-15T18:00,4.42,52
2022-06-15T19:00,3.94,54
2022-06-15T20:00,2.83,58
2022-06-15T21:00,3.2,76
2022-06-15T22:00,3.32,97
2022-06-15T23:00,3.24,99
2022-06-16T00:00,2.96,102
2022-06-16T01:00,2.94,108
2022-06-16T02:00,1.84,112
2022-06-16T03:00,2.09,107
2022-06-16T04:00,1.71,97
2022-06-16T05:00,1.14,105
2022-06-16T06:00,1.12,117
2022-06-16T07:00,1.43,115
2022-06-16T08:00,1.39,111
2022-06-16T09:00,1.3,122
2022-06-16T10:00,0.85,201
2022-06-16T11:00,1.84,257
2022-06-16T12:00,3.01,291
2022-06-16T13:00,2.51,293
2022-06-16T14:00,0.72,304
2022-06-16T15:00,1.5,307
2022-06-16T16:00,2.14,323
2022-06-16T17:00,1.88,335
2022-06-16T18:00,1.43,25
2022-06-16T19:00,1.79,63
2022-06-16T20:00,1.57,63
2022-06-16T21:00,1.53,122
2022-06-16T22:00,1.75,121
2022-06-16T23:00,2.33,133
2022-06-17T00:00,2.84,141
2022-06-17T01:00,3.12,140
2022-06-17T02:00,3.44,154
2022-06-17T03:00,3.62,174
2022-06-17T04:00,4.32,175
2022-06-17T05:00,4.42,175
2022-06-17T06:00,4.52,175
2022-06-17T07:00,4.43,186
2022-06-17T08:00,4.81,201
2022-06-17T09:00,5.56,218
2022-06-17T10:00,5.8,216
2022-06-17T11:00,5.95,209
2022-06-17T12:00,6.59,210
2022-06-17T13:00,7.2,205
2022-06-17T14:00,7.09,202
2022-06-17T15:00,6.58,200
2022-06-17T16:00,6.48,197
2022-06-17T17:00,6.69,202
2022-06-17T18:00,7.55,212
2022-06-17T19:00,7.02,216
2022-06-17T20:00,6.8,221
2022-06-17T21:00,6.24,221
2022-06-17T22:00,5.59,227
2022-06-17T23:00,5.54,231
2022-06-18T00:00,5.2,270
2022-06-18T01:00,3.41,320
2022-06-18T02:00,4.33,353
2022-06-18T03:00,4.3,359
2022-06-18T04:00,3.6,2
2022-06-18T05:00,2.5,358
2022-06-18T06:00,2.65,349
2022-06-18T07:00,3.32,344
2022-06-18T08:00,3.4,346
2022-06-18T09:00,3.85,351
2022-06-18T10:00,3.51,355
2022-06-18T11:00,3.61,346
2022-06-18T12:00,4.93,6
2022-06-18T13:00,4.68,16
2022-06-18T14:00,4.61,4
2022-06-18T15:00,3.89,18
2022-06-18T16:00,4.21,4
2022-06-18T17:00,6.23,19
2022-06-18T18:00,5.32,26
2022-06-18T19:00,4.44,36
2022-06-18T20:00,5.94,33
2022-06-18T21:00,5.22,17
2022-06-18T22:00,5.41,19
2022-06-18T23:00,5.69,18
2022-06-19T00:00,5.25,8
2022-06-19T01:00,5.82,16
2022-06-19T02:00,7.0,1
2022-06-19T03:00,6.58,47
2022-06-19T04:00,5.76,20
2022-06-19T05:00,5.55,34
2022-06-19T06:00,4.78,16
2022-06-19T07:00,4.8,359
2022-06-19T08:00,4.4,1
2022-06-19T09:00,3.9,360
2022-06-19T10:00,4.54,352
2022-06-19T11:00,4.78,340
2022-06-19T12:00,2.82,333
2022-06-19T13:00,3.91,320
2022-06-19T14:00,3.89,312
2022-06-19T15:00,3.83,311
2022-06-19T16:00,4.11,342
2022-06-19T17:00,4.78,340
2022-06-19T18:00,5.26,339
2022-06-19T19:00,4.22,338
2022-06-19T20:00,3.64,339
2022-06-19T21:00,3.89,334
2022-06-19T22:00,4.72,339
2022-06-19T23:00,4.72,339
2022-06-20T00:00,4.59,340
2022-06-20T01:00,4.31,338
2022-06-20T02:00,4.08,329
2022-06-20T03:00,3.38,326
2022-06-20T04:00,3.96,317
2022-06-20T05:00,5.17,319
2022-06-20T06:00,6.11,320
2022-06-20T07:00,6.7,322
2022-06-20T08:00,6.16,324
2022-06-20T09:00,5.72,324
2022-06-20T10:00,5.56,322
2022-06-20T11:00,6.13,326
2022-06-20T12:00,5.5,341
2022-06-20T13:00,5.41,341
2022-06-20T14:00,5.9,334
2022-06-20T15:00,6.11,339
2022-06-20T16:00,5.68,346
2022-06-20T17:00,5.38,350
2022-06-20T18:00,4.51,347
2022-06-20T19:00,3.67,343
2022-06-20T20:00,2.26,347
2022-06-20T21:00,1.71,339
2022-06-20T22:00,1.94,325
2022-06-20T23:00,2.1,295
2022-06-21T00:00,1.75,294
2022-06-21T01:00,2.06,293
2022-06-21T02:00,2.33,295
2022-06-21T03:00,1.71,277
2022-06-21T04:00,2.24,243
2022-06-21T05:00,0.94,238
2022-06-21T06:00,0.82,256
2022-06-21T07:00,2.16,236
2022-06-21T08:00,1.75,257
2022-06-21T09:00,2.66,236
2022-06-21T10:00,2.69,248
2022-06-21T11:00,2.11,265
2022-06-21T12:00,3.0,296
2022-06-21T13:00,1.71,291
2022-06-21T14:00,2.12,315
2022-06-21T15:00,2.88,326
2022-06-21T16:00,3.36,337
2022-06-21T17:00,2.31,355
2022-06-21T18:00,2.71,4
2022-06-21T19:00,2.31,18
2022-06-21T20:00,1.52,23
2022-06-21T21:00,2.33,43
2022-06-21T22:00,2.22,36
2022-06-21T23:00,2.15,28
2022-06-22T00:00,2.21,18
2022-06-22T01:00,2.19,24
2022-06-22T02:00,0.94,58
2022-06-22T03:00,1.24,346
2022-06-22T04:00,2.1,3
2022-06-22T05:00,3.04,17
2022-06-22T06:00,2.5,37
2022-06-22T07:00,1.84,61
2022-06-22T08:00,2.55,48
2022-06-22T09:00,2.83,45
2022-06-22T10:00,2.8,55
2022-06-22T11:00,3.11,48
2022-06-22T12:00,3.61,44
2022-06-22T13:00,3.78,37
2022-06-22T14:00,3.69,33
2022-06-22T15:00,4.44,23
2022-06-22T16:00,4.83,27
2022-06-22T17:00,5.33,34
2022-06-22T18:00,5.02,43
2022-06-22T19:00,4.75,49
2022-06-22T20:00,4.36,53
2022-06-22T21:00,4.16,63
2022-06-22T22:00,3.86,69
2022-06-22T23:00,3.47,78
2022-06-23T00:00,4.25,66
2022-06-23T01:00,3.82,84
2022-06-23T02:00,3.63,82
2022-06-23T03:00,3.6,92
2022-06-23T04:00,3.91,93
2022-06-23T05:00,4.5,90
2022-06-23T06:00,4.7,90
2022-06-23T07:00,5.0,88
2022-06-23T08:00,4.79,101
2022-06-23T09:00,4.24,98
2022-06-23T10:00,4.32,85
2022-06-23T11:00,5.1,89
2022-06-23T12:00,5.17,75
2022-06-23T13:00,3.85,81
2022-06-23T14:00,2.93,98
2022-06-23T15:00,2.11,149
2022-06-23T16:00,2.15,208
2022-06-23T17:00,1.79,207
2022-06-23T18:00,2.37,242
2022-06-23T19:00,1.6,266
2022-06-23T20:00,1.3,293
2022-06-23T21:00,1.88,295
2022-06-23T22:00,1.84,338
2022-06-23T23:00,0.58,149
2022-06-24T00:00,3.37,282
2022-06-24T01:00,2.64,295
2022-06-24T02:00,4.03,277
2022-06-24T03:00,1.63,281
2022-06-24T04:00,3.81,265
2022-06-24T05:00,4.14,278
2022-06-24T06:00,3.61,275
2022-06-24T07:00,3.52,277
2022-06-24T08:00,2.38,248
2022-06-24T09:00,3.25,225
2022-06-24T10:00,4.42,232
2022-06-24T11:00,4.22,239
2022-06-24T12:00,4.34,232
2022-06-24T13:00,5.0,250
2022-06-24T14:00,5.15,252
2022-06-24T15:00,4.1,257
2022-06-24T16:00,3.14,217
2022-06-24T17:00,3.31,205
2022-06-24T18:00,3.16,198
2022-06-24T19:00,2.77,193
2022-06-24T20:00,2.84,170
2022-06-24T21:00,2.97,160
2022-06-24T22:00,3.64,159
2022-06-24T23:00,4.12,166
2022-06-25T00:00,4.18,159
2022-06-25T01:00,4.53,174
2022-06-25T02:00,5.21,183
2022-06-25T03:00,4.23,187
2022-06-25T04:00,5.02,185
2022-06-25T05:00,5.54,197
2022-06-25T06:00,6.13,208
2022-06-25T07:00,6.0,217
2022-06-25T08:00,6.51,225
2022-06-25T09:00,5.31,223
2022-06-25T10:00,4.32,222
2022-06-25T11:00,4.55,230
2022-06-25T12:00,3.48,231
2022-06-25T13:00,2.42,218
2022-06-25T14:00,3.98,231
2022-06-25T15:00,2.94,252
2022-06-25T16:00,1.8,273
2022-06-25T17:00,1.21,294
2022-06-25T18:00,1.73,350
2022-06-25T19:00,2.77,41
2022-06-25T20:00,3.0,64
2022-06-25T21:00,4.32,103
2022-06-25T22:00,4.77,123
2022-06-25T23:00,3.62,174
2022-06-26T00:00,4.49,163
2022-06-26T01:00,5.06,205
2022-06-26T02:00,4.88,223
2022-06-26T03:00,4.03,240
2022-06-26T04:00,4.29,242
2022-06-26T05:00,4.34,241
2022-06-26T06:00,4.88,235
2022-06-26T07:00,5.0,233
2022-06-26T08:00,4.67,225
2022-06-26T09:00,4.74,222
2022-06-26T10:00,4.81,227
2022-06-26T11:00,4.96,228
2022-06-26T12:00,4.12,209
2022-06-26T13:00,4.02,215
2022-06-26T14:00,3.85,205
2022-06-26T15:00,3.89,206
2022-06-26T16:00,4.14,200
2022-06-26T17:00,3.34,189
2022-06-26T18:00,3.31,185
2022-06-26T19:00,3.8,182
2022-06-26T20:00,2.82,174
2022-06-26T21:00,2.37,152
2022-06-26T22:00,2.11,149
2022-06-26T23:00,1.79,153
2022-06-27T00:00,1.63,47
2022-06-27T01:00,2.33,100
2022-06-27T02:00,1.97,120
2022-06-27T03:00,1.36,163
2022-06-27T04:00,1.14,142
2022-06-27T05:00,1.97,150
2022-06-27T06:00,1.21,156
2022-06-27T07:00,1.3,176
2022-06-27T08:00,0.72,214
2022-06-27T09:00,1.48,242
2022-06-27T10:00,1.44,236
2022-06-27T11:00,2.79,249
2022-06-27T12:00,3.3,346
2022-06-27T13:00,2.47,14
2022-06-27T14:00,3.05,293
2022-06-27T15:00,3.85,298
2022-06-27T16:00,2.28,15
2022-06-27T17:00,3.89,241
2022-06-27T18:00,3.96,249
2022-06-27T19:00,3.24,236
2022-06-27T20:00,2.44,215
2022-06-27T21:00,2.77,193
2022-06-27T22:00,3.16,191
2022-06-27T23:00,3.57,198
2022-06-28T00:00,5.31,223
2022-06-28T01:00,5.01,241
2022-06-28T02:00,4.83,243
2022-06-28T03:00,3.36,240
2022-06-28T04:00,2.34,230
2022-06-28T05:00,2.55,225
2022-06-28T06:00,2.84,231
2022-06-28T07:00,3.26,227
2022-06-28T08:00,3.41,220
2022-06-28T09:00,3.83,213
2022-06-28T10:00,4.34,209
2022-06-28T11:00,5.22,216
2022-06-28T12:00,4.38,225
2022-06-28T13:00,3.4,223
2022-06-28T14:00,3.22,216
2022-06-28T15:00,2.69,222
2022-06-28T16:00,1.7,230
2022-06-28T17:00,2.42,277
2022-06-28T18:00,2.06,337
2022-06-28T19:00,1.75,13
2022-06-28T20:00,1.75,59
2022-06-28T21:00,3.71,104
2022-06-28T22:00,4.54,104
2022-06-28T23:00,4.2,102
2022-06-29T00:00,5.17,105
2022-06-29T01:00,4.97,115
2022-06-29T02:00,5.19,124
2022-06-29T03:00,5.13,123
2022-06-29T04:00,4.44,126
2022-06-29T05:00,4.4,129
2022-06-29T06:00,3.98,129
2022-06-29T07:00,4.0,127
2022-06-29T08:00,4.05,130
2022-06-29T09:00,4.22,126
2022-06-29T10:00,3.72,144
2022-06-29T11:00,3.22,187
2022-06-29T12:00,4.22,175
2022-06-29T13:00,5.09,250
2022-06-29T14:00,4.0,283
2022-06-29T15:00,3.41,273
2022-06-29T16:00,2.18,286
2022-06-29T17:00,2.79,285
2022-06-29T18:00,1.8,304
2022-06-29T19:00,2.4,45
2022-06-29T20:00,2.0,53
2022-06-29T21:00,1.89,32
2022-06-29T22:00,2.8,55
2022-06-29T23:00,3.83,70
2022-06-30T00:00,2.97,45
2022-06-30T01:00,3.04,73
2022-06-30T02:00,3.72,114
2022-06-30T03:00,3.49,153
2022-06-30T04:00,1.55,195
2022-06-30T05:00,2.59,152
2022-06-30T06:00,3.0,210
2022-06-30T07:00,5.5,272
2022-06-30T08:00,3.98,288
2022-06-30T09:00,3.63,278
2022-06-30T10:00,4.2,270
2022-06-30T11:00,4.4,271
2022-06-30T12:00,4.57,293
2022-06-30T13:00,3.91,328
2022-06-30T14:00,3.26,333
2022-06-30T15:00,1.94,325
2022-06-30T16:00,4.66,293
2022-06-30T17:00,5.51,273
2022-06-30T18:00,4.82,275
2022-06-30T19:00,3.63,278
2022-06-30T20:00,3.42,285
2022-06-30T21:00,2.84,280
2022-06-30T22:00,5.22,266
2022-06-30T23:00,4.96,251
2022-07-01T00:00,5.33,240
2022-07-01T01:00,3.85,245
2022-07-01T02:00,4.66,235
2022-07-01T03:00,5.78,233
2022-07-01T04:00,5.96,235
2022-07-01T05:00,6.28,233
2022-07-01T06:00,6.58,234
2022-07-01T07:00,6.81,240
2022-07-01T08:00,6.85,241
2022-07-01T09:00,7.1,238
2022-07-01T10:00,7.18,231
2022-07-01T11:00,7.92,227
2022-07-01T12:00,7.35,225
2022-07-01T13:00,7.96,231
2022-07-01T14:00,8.06,233
2022-07-01T15:00,7.43,228
2022-07-01T16:00,7.75,231
2022-07-01T17:00,7.31,230
2022-07-01T18:00,6.89,230
2022-07-01T19:00,6.08,225
2022-07-01T20:00,5.34,218
2022-07-01T21:00,5.34,218
2022-07-01T22:00,5.56,218
2022-07-01T23:00,5.82,215
2022-07-02T00:00,5.41,214
2022-07-02T01:00,5.39,211
2022-07-02T02:00,5.47,211
2022-07-02T03:00,5.33,210
2022-07-02T04:00,5.46,215
2022-07-02T05:00,6.05,214
2022-07-02T06:00,7.26,218
2022-07-02T07:00,7.76,218
2022-07-02T08:00,7.52,216
2022-07-02T09:00,7.24,215
2022-07-02T10:00,7.16,216
2022-07-02T11:00,6.91,214
2022-07-02T12:00,7.0,217
2022-07-02T13:00,5.85,213
2022-07-02T14:00,5.28,217
2022-07-02T15:00,4.38,215
2022-07-02T16:00,3.58,216
2022-07-02T17:00,3.26,223
2022-07-02T18:00,2.62,227
2022-07-02T19:00,1.98,225
2022-07-02T20:00,1.58,198
2022-07-02T21:00,2.11,185
2022-07-02T22:00,2.2,177
2022-07-02T23:00,2.9,182
2022-07-03T00:00,3.0,233
2022-07-03T01:00,3.44,234
2022-07-03T02:00,3.3,235
2022-07-03T03:00,3.16,235
2022-07-03T04:00,2.8,235
2022-07-03T05:00,2.9,226
2022-07-03T06:00,3.89,241
2022-07-03T07:00,4.73,257
2022-07-03T08:00,4.82,265
2022-07-03T09:00,4.33,263
2022-07-03T10:00,4.03,263
2022-07-03T11:00,4.4,267
2022-07-03T12:00,4.31,266
2022-07-03T13:00,4.4,267
2022-07-03T14:00,5.01,273
2022-07-03T15:00,4.66,293
2022-07-03T16:00,3.94,297
2022-07-03T17:00,4.03,300
2022-07-03T18:00,3.68,292
2022-07-03T19:00,2.79,285
2022-07-03T20:00,1.7,270
2022-07-03T21:00,2.11,239
2022-07-03T22:00,2.14,233
2022-07-03T23:00,2.62,220
2022-07-04T00:00,2.76,224
2022-07-04T01:00,3.11,237
2022-07-04T02:00,3.7,251
2022-07-04T03:00,3.45,260
2022-07-04T04:00,3.51,267
2022-07-04T05:00,4.1,269
2022-07-04T06:00,4.11,274
2022-07-04T07:00,4.46,279
2022-07-04T08:00,4.64,277
2022-07-04T09:00,5.12,266
2022-07-04T10:00,5.49,260
2022-07-04T11:00,5.9,259
2022-07-04T12:00,6.56,249
2022-07-04T13:00,6.65,254
2022-07-04T14:00,6.57,257
2022-07-04T15:00,5.35,253
2022-07-04T16:00,5.22,258
2022-07-04T17:00,5.2,259
2022-07-04T18:00,6.0,268
2022-07-04T19:00,4.32,275
2022-07-04T20:00,3.03,278
2022-07-04T21:00,1.99,252
2022-07-04T22:00,2.42,240
2022-07-04T23:00,3.09,241
2022-07-05T00:00,3.2,250
2022-07-05T01:00,3.96,254
2022-07-05T02:00,4.6,269
2022-07-05T03:00,4.34,278
2022-07-05T04:00,3.83,277
2022-07-05T05:00,4.16,280
2022-07-05T06:00,5.1,281
2022-07-05T07:00,5.15,278
2022-07-05T08:00,5.14,277
2022-07-05T09:00,5.4,272
2022-07-05T10:00,5.9,272
2022-07-05T11:00,6.48,279
2022-07-05T12:00,4.9,290
2022-07-05T13:00,5.54,290
2022-07-05T14:00,6.09,293
2022-07-05T15:00,6.62,299
2022-07-05T16:00,6.3,306
2022-07-05T17:00,6.37,312
2022-07-05T18:00,6.37,316
2022-07-05T19:00,5.81,319
2022-07-05T20:00,5.25,320
2022-07-05T21:00,4.98,322
2022-07-05T22:00,4.62,321
2022-07-05T23:00,4.4,321
2022-07-06T00:00,4.76,309
2022-07-06T01:00,4.96,312
2022-07-06T02:00,4.75,311
2022-07-06T03:00,4.26,309
2022-07-06T04:00,4.0,307
2022-07-06T05:00,4.44,306
2022-07-06T06:00,4.84,300
2022-07-06T07:00,3.77,281
2022-07-06T08:00,3.51,267
2022-07-06T09:00,3.91,257
2022-07-06T10:00,4.72,249
2022-07-06T11:00,5.92,248
2022-07-06T12:00,8.48,251
2022-07-06T13:00,8.77,249
2022-07-06T14:00,7.94,253
2022-07-06T15:00,6.72,255
2022-07-06T16:00,7.02,253
2022-07-06T17:00,6.99,257
2022-07-06T18:00,6.29,252
2022-07-06T19:00,6.45,246
2022-07-06T20:00,6.35,244
2022-07-06T21:00,6.22,244
2022-07-06T22:00,7.54,264
2022-07-06T23:00,7.5,271
2022-07-07T00:00,8.18,282
2022-07-07T01:00,8.57,287
2022-07-07T02:00,8.48,308
2022-07-07T03:00,9.07,319
2022-07-07T04:00,9.5,319
2022-07-07T05:00,9.72,320
2022-07-07T06:00,10.72,320
2022-07-07T07:00,10.14,329
2022-07-07T08:00,10.03,337
2022-07-07T09:00,10.48,339
2022-07-07T10:00,10.25,341
2022-07-07T11:00,9.55,340
2022-07-07T12:00,9.29,346
2022-07-07T13:00,8.38,343
2022-07-07T14:00,8.54,339
2022-07-07T15:00,8.12,338
2022-07-07T16:00,7.91,339
2022-07-07T17:00,7.25,336
2022-07-07T18:00,6.75,335
2022-07-07T19:00,7.02,332
2022-07-07T20:00,6.4,331
2022-07-07T21:00,5.99,332
2022-07-07T22:00,5.41,335
2022-07-07T23:00,4.49,339
2022-07-08T00:00,3.36,323
2022-07-08T01:00,3.62,309
2022-07-08T02:00,3.64,302
2022-07-08T03:00,3.45,300
2022-07-08T04:00,3.66,305
2022-07-08T05:00,3.98,298
2022-07-08T06:00,4.31,292
2022-07-08T07:00,4.44,284
2022-07-08T08:00,4.72,275
2022-07-08T09:00,5.2,270
2022-07-08T10:00,5.2,270
2022-07-08T11:00,5.0,271
2022-07-08T12:00,5.11,273
2022-07-08T13:00,4.52,275
2022-07-08T14:00,4.06,280
2022-07-08T15:00,3.86,287
2022-07-08T16:00,3.67,287
2022-07-08T17:00,3.83,290
2022-07-08T18:00,3.55,292
2022-07-08T19:00,3.13,287
2022-07-08T20:00,2.5,286
2022-07-08T21:00,1.9,270
2022-07-08T22:00,2.3,270
2022-07-08T23:00,3.31,267
2022-07-09T00:00,4.2,271
2022-07-09T01:00,4.34,285
2022-07-09T02:00,3.92,289
2022-07-09T03:00,4.0,283
2022-07-09T04:00,4.03,293
2022-07-09T05:00,5.17,311
2022-07-09T06:00,5.76,321
2022-07-09T07:00,5.17,319
2022-07-09T08:00,6.12,322
2022-07-09T09:00,6.44,324
2022-07-09T10:00,6.28,329
2022-07-09T11:00,6.21,3
2022-07-09T12:00,6.24,22
2022-07-09T13:00,5.61,4
2022-07-09T14:00,6.5,346
2022-07-09T15:00,6.98,335
2022-07-09T16:00,7.42,333
2022-07-09T17:00,7.38,335
2022-07-09T18:00,7.04,337
2022-07-09T19:00,6.89,334
2022-07-09T20:00,6.44,334
2022-07-09T21:00,6.26,335
2022-07-09T22:00,5.72,341
2022-07-09T23:00,5.82,341
2022-07-10T00:00,4.94,339
2022-07-10T01:00,5.03,339
2022-07-10T02:00,5.06,335
2022-07-10T03:00,5.75,329
2022-07-10T04:00,5.95,311
2022-07-10T05:00,6.37,314
2022-07-10T06:00,6.58,317
2022-07-10T07:00,6.08,315
2022-07-10T08:00,5.19,310
2022-07-10T09:00,4.74,298
2022-07-10T10:00,4.9,290
2022-07-10T11:00,5.24,283
2022-07-10T12:00,4.34,278
2022-07-10T13:00,4.39,282
2022-07-10T14:00,5.0,290
2022-07-10T15:00,5.19,289
2022-07-10T16:00,5.33,304
2022-07-10T17:00,4.86,307
2022-07-10T18:00,4.98,322
2022-07-10T19:00,4.78,340
2022-07-10T20:00,4.3,342
2022-07-10T21:00,3.85,351
2022-07-10T22:00,3.31,355
2022-07-10T23:00,3.21,355
2022-07-11T00:00,2.6,344
2022-07-11T01:00,3.01,339
2022-07-11T02:00,3.14,329
2022-07-11T03:00,3.3,325
2022-07-11T04:00,3.55,328
2022-07-11T05:00,3.89,334
2022-07-11T06:00,3.73,340
2022-07-11T07:00,3.88,348
2022-07-11T08:00,3.92,354
2022-07-11T09:00,3.22,7
2022-07-11T10:00,3.14,9
2022-07-11T11:00,2.92,6
2022-07-11T12:00,1.84,338
2022-07-11T13:00,2.6,337
2022-07-11T14:00,2.82,354
2022-07-11T15:00,2.5,360
2022-07-11T16:00,2.02,9
2022-07-11T17:00,2.28,23
2022-07-11T18:00,2.33,31
2022-07-11T19:00,2.42,52
2022-07-11T20:00,1.66,65
2022-07-11T21:00,1.51,82
2022-07-11T22:00,1.5,94
2022-07-11T23:00,2.13,131
2022-07-12T00:00,1.91,137
2022-07-12T01:00,1.86,144
2022-07-12T02:00,2.28,151
2022-07-12T03:00,2.4,163
2022-07-12T04:00,2.6,178
2022-07-12T05:00,3.4,182
2022-07-12T06:00,3.61,177
2022-07-12T07:00,3.4,194
2022-07-12T08:00,4.37,200
2022-07-12T09:00,4.89,211
2022-07-12T10:00,5.2,218
2022-07-12T11:00,5.3,224
2022-07-12T12:00,5.17,223
2022-07-12T13:00,5.61,230
2022-07-12T14:00,5.59,241
2022-07-12T15:00,4.65,245
2022-07-12T16:00,3.58,240
2022-07-12T17:00,3.26,207
2022-07-12T18:00,2.92,218
2022-07-12T19:00,2.77,193
2022-07-12T20:00,2.53,198
2022-07-12T21:00,1.5,184
2022-07-12T22:00,2.5,182
2022-07-12T23:00,3.06,191
2022-07-13T00:00,5.2,203
2022-07-13T01:00,6.38,212
2022-07-13T02:00,6.51,227
2022-07-13T03:00,4.91,237
2022-07-13T04:00,4.43,245
2022-07-13T05:00,4.0,283
2022-07-13T06:00,2.02,303
2022-07-13T07:00,1.86,324
2022-07-13T08:00,2.08,325
2022-07-13T09:00,2.83,318
2022-07-13T10:00,4.14,323
2022-07-13T11:00,4.43,335
2022-07-13T12:00,6.63,349
2022-07-13T13:00,5.48,345
2022-07-13T14:00,5.46,336
2022-07-13T15:00,5.73,331
2022-07-13T16:00,5.1,334
2022-07-13T17:00,4.85,338
2022-07-13T18:00,4.71,348
2022-07-13T19:00,4.0,357
2022-07-13T20:00,3.1,2
2022-07-13T21:00,2.6,360
2022-07-13T22:00,1.7,3
2022-07-13T23:00,2.21,355
2022-07-14T00:00,1.94,325
2022-07-14T01:00,2.39,303
2022-07-14T02:00,2.0,273
2022-07-14T03:00,2.57,257
2022-07-14T04:00,2.31,275
2022-07-14T05:00,2.61,302
2022-07-14T06:00,3.61,318
2022-07-14T07:00,3.18,332
2022-07-14T08:00,2.77,334
2022-07-14T09:00,2.44,325
2022-07-14T10:00,2.98,310
2022-07-14T11:00,3.18,298
2022-07-14T12:00,3.42,291
2022-07-14T13:00,5.92,300
2022-07-14T14:00,5.7,308
2022-07-14T15:00,6.22,315
2022-07-14T16:00,6.02,318
2022-07-14T17:00,6.5,323
2022-07-14T18:00,6.16,324
2022-07-14T19:00,5.83,329
2022-07-14T20:00,5.37,333
2022-07-14T21:00,4.92,336
2022-07-14T22:00,4.61,336
2022-07-14T23:00,4.38,333
2022-07-15T00:00,5.01,334
2022-07-15T01:00,4.62,338
2022-07-15T02:00,3.2,340
2022-07-15T03:00,2.56,329
2022-07-15T04:00,2.0,307
2022-07-15T05:00,2.55,296
2022-07-15T06:00,3.54,286
2022-07-15T07:00,3.91,273
2022-07-15T08:00,4.41,266
2022-07-15T09:00,5.02,265
2022-07-15T10:00,5.36,261
2022-07-15T11:00,5.7,255
2022-07-15T12:00,5.61,259
2022-07-15T13:00,5.79,260
2022-07-15T14:00,5.34,257
2022-07-15T15:00,5.25,262
2022-07-15T16:00,5.4,268
2022-07-15T17:00,4.59,259
2022-07-15T18:00,5.19,251
2022-07-15T19:00,4.92,246
2022-07-15T20:00,4.54,256
2022-07-15T21:00,5.15,246
2022-07-15T22:00,7.51,267
2022-07-15T23:00,6.64,288
2022-07-16T00:00,5.95,312
2022-07-16T01:00,5.49,327
2022-07-16T02:00,5.41,335
2022-07-16T03:00,5.86,335
2022-07-16T04:00,6.17,335
2022-07-16T05:00,6.36,336
2022-07-16T06:00,6.91,338
2022-07-16T07:00,6.39,340
2022-07-16T08:00,6.04,341
2022-07-16T09:00,5.66,339
2022-07-16T10:00,5.65,337
2022-07-16T11:00,5.22,340
2022-07-16T12:00,4.66,345
2022-07-16T13:00,4.11,342
2022-07-16T14:00,4.05,340
2022-07-16T15:00,4.31,338
2022-07-16T16:00,3.7,341
2022-07-16T17:00,3.51,340
2022-07-16T18:00,3.16,342
2022-07-16T19:00,2.45,348
2022-07-16T20:00,1.5,356
2022-07-16T21:00,2.06,346
2022-07-16T22:00,1.34,333
2022-07-16T23:00,0.99,315
2022-07-17T00:00,0.28,225
2022-07-17T01:00,0.78,220
2022-07-17T02:00,1.12,190
2022-07-17T03:00,1.94,168
2022-07-17T04:00,1.8,177
2022-07-17T05:00,2.4,180
2022-07-17T06:00,2.12,199
2022-07-17T07:00,2.55,225
2022-07-17T08:00,2.56,219
2022-07-17T09:00,2.75,213
2022-07-17T10:00,2.28,203
2022-07-17T11:00,2.15,202
2022-07-17T12:00,3.18,246
2022-07-17T13:00,2.59,242
2022-07-17T14:00,3.4,270
2022-07-17T15:00,2.65,281
2022-07-17T16:00,1.42,309
2022-07-17T17:00,1.04,343
2022-07-17T18:00,1.22,55
2022-07-17T19:00,1.39,111
2022-07-17T20:00,2.15,158
2022-07-17T21:00,1.81,174
2022-07-17T22:00,2.24,170
2022-07-17T23:00,1.99,162
2022-07-18T00:00,2.42,156
2022-07-18T01:00,2.88,160
2022-07-18T02:00,3.18,167
2022-07-18T03:00,3.45,170
2022-07-18T04:00,3.44,172
2022-07-18T05:00,3.72,174
2022-07-18T06:00,3.51,175
2022-07-18T07:00,3.01,186
2022-07-18T08:00,3.57,198
2022-07-18T09:00,3.58,207
2022-07-18T10:00,3.45,210
2022-07-18T11:00,3.96,223
2022-07-18T12:00,3.12,220
2022-07-18T13:00,3.33,229
2022-07-18T14:00,3.33,229
2022-07-18T15:00,3.44,244
2022-07-18T16:00,2.87,241
2022-07-18T17:00,2.59,242
2022-07-18T18:00,2.62,230
2022-07-18T19:00,1.17,250
2022-07-18T20:00,0.81,120
2022-07-18T21:00,2.14,127
2022-07-18T22:00,2.05,133
2022-07-18T23:00,2.34,140
2022-07-19T00:00,2.25,148
2022-07-19T01:00,3.04,153
2022-07-19T02:00,3.3,145
2022-07-19T03:00,2.64,143
2022-07-19T04:00,2.3,146
2022-07-19T05:00,3.36,143
2022-07-19T06:00,3.82,137
2022-07-19T07:00,3.82,135
2022-07-19T08:00,3.75,138
2022-07-19T09:00,3.75,134
2022-07-19T10:00,3.96,133
2022-07-19T11:00,4.17,136
2022-07-19T12:00,4.17,136
2022-07-19T13:00,3.96,137
2022-07-19T14:00,3.54,133
2022-07-19T15:00,3.75,132
2022-07-19T16:00,3.5,127
2022-07-19T17:00,3.36,113
2022-07-19T18:00,3.32,97
2022-07-19T19:00,3.26,108
2022-07-19T20:00,3.98,115
2022-07-19T21:00,4.66,125
2022-07-19T22:00,4.6,132
2022-07-19T23:00,4.83,140
2022-07-20T00:00,5.15,151
2022-07-20T01:00,5.25,162
2022-07-20T02:00,5.1,169
2022-07-20T03:00,5.31,183
2022-07-20T04:00,6.44,213
2022-07-20T05:00,7.84,247
2022-07-20T06:00,6.74,249
2022-07-20T07:00,5.94,257
2022-07-20T08:00,5.78,240
2022-07-20T09:00,7.5,233
2022-07-20T10:00,7.86,233
2022-07-20T11:00,7.99,238
2022-07-20T12:00,7.13,236
2022-07-20T13:00,6.77,211
2022-07-20T14:00,7.31,220
2022-07-20T15:00,7.02,216
2022-07-20T16:00,6.96,215
2022-07-20T17:00,5.97,211
2022-07-20T18:00,5.44,216
2022-07-20T19:00,5.25,220
2022-07-20T20:00,5.02,215
2022-07-20T21:00,5.38,222
2022-07-20T22:00,4.98,232
2022-07-20T23:00,4.5,233
2022-07-21T00:00,4.39,227
2022-07-21T01:00,3.72,204
2022-07-21T02:00,4.1,214
2022-07-21T03:00,2.52,214
2022-07-21T04:00,2.28,232
2022-07-21T05:00,2.53,252
2022-07-21T06:00,1.75,294
2022-07-21T07:00,1.87,254
2022-07-21T08:00,3.5,268
2022-07-21T09:00,3.26,281
2022-07-21T10:00,2.86,282
2022-07-21T11:00,4.74,316
2022-07-21T12:00,3.0,330
2022-07-21T13:00,6.72,337
2022-07-21T14:00,9.94,339
2022-07-21T15:00,9.4,327
2022-07-21T16:00,9.39,335
2022-07-21T17:00,8.22,342
2022-07-21T18:00,7.62,346
2022-07-21T19:00,7.26,348
2022-07-21T20:00,6.45,347
2022-07-21T21:00,6.18,346
2022-07-21T22:00,5.38,342
2022-07-21T23:00,4.81,339
2022-07-22T00:00,4.52,342
2022-07-22T01:00,4.48,336
2022-07-22T02:00,4.11,334
2022-07-22T03:00,3.99,338
2022-07-22T04:00,3.61,346
2022-07-22T05:00,3.07,341
2022-07-22T06:00,2.73,336
2022-07-22T07:00,2.51,337
2022-07-22T08:00,3.04,333
2022-07-22T09:00,3.35,333
2022-07-22T10:00,3.4,336
2022-07-22T11:00,3.62,336
2022-07-22T12:00,2.84,350
2022-07-22T13:00,2.89,346
2022-07-22T14:00,2.83,352
2022-07-22T15:00,2.96,348
2022-07-22T16:00,2.69,338
2022-07-22T17:00,3.32,339
2022-07-22T18:00,2.97,340
2022-07-22T19:00,2.69,345
2022-07-22T20:00,2.4,343
2022-07-22T21:00,1.39,339
2022-07-22T22:00,2.0,323
2022-07-22T23:00,2.33,313
2022-07-23T00:00,1.77,313
2022-07-23T01:00,2.36,324
2022-07-23T02:00,1.89,328
2022-07-23T03:00,2.24,333
2022-07-23T04:00,2.42,336
2022-07-23T05:00,2.73,336
2022-07-23T06:00,3.01,339
2022-07-23T07:00,2.72,343
2022-07-23T08:00,2.42,330
2022-07-23T09:00,2.58,324
2022-07-23T10:00,2.36,324
2022-07-23T11:00,2.05,317
2022-07-23T12:00,1.43,282
2022-07-23T13:00,0.71,278
2022-07-23T14:00,1.58,252
2022-07-23T15:00,1.12,260
2022-07-23T16:00,0.22,243
2022-07-23T17:00,0.81,60
2022-07-23T18:00,1.0,84
2022-07-23T19:00,1.49,110
2022-07-23T20:00,1.8,146
2022-07-23T21:00,1.91,174
2022-07-23T22:00,2.35,168
2022-07-23T23:00,3.04,171
2022-07-24T00:00,3.91,183
2022-07-24T01:00,4.47,190
2022-07-24T02:00,5.0,200
2022-07-24T03:00,5.16,202
2022-07-24T04:00,5.68,208
2022-07-24T05:00,6.72,217
2022-07-24T06:00,6.88,216
2022-07-24T07:00,7.89,219
2022-07-24T08:00,8.81,219
2022-07-24T09:00,9.48,226
2022-07-24T10:00,9.48,222
2022-07-24T11:00,8.86,217
2022-07-24T12:00,8.91,215
2022-07-24T13:00,8.51,214
2022-07-24T14:00,8.32,213
2022-07-24T15:00,7.46,212
2022-07-24T16:00,5.97,211
2022-07-24T17:00,5.28,207
2022-07-24T18:00,4.68,196
2022-07-24T19:00,4.37,191
2022-07-24T20:00,3.86,201
2022-07-24T21:00,4.0,233
2022-07-24T22:00,3.89,228
2022-07-24T23:00,4.1,227
2022-07-25T00:00,2.42,240
2022-07-25T01:00,1.57,207
2022-07-25T02:00,2.84,190
2022-07-25T03:00,2.36,216
2022-07-25T04:00,3.34,219
2022-07-25T05:00,4.82,228
2022-07-25T06:00,6.8,242
2022-07-25T07:00,5.8,238
2022-07-25T08:00,7.31,230
2022-07-25T09:00,7.93,236
2022-07-25T10:00,8.46,235
2022-07-25T11:00,9.01,236
2022-07-25T12:00,8.68,237
2022-07-25T13:00,9.02,239
2022-07-25T14:00,9.79,238
2022-07-25T15:00,9.54,237
2022-07-25T16:00,8.61,239
2022-07-25T17:00,8.39,239
2022-07-25T18:00,8.45,244
2022-07-25T19:00,8.15,247
2022-07-25T20:00,7.26,247
2022-07-25T21:00,5.97,256
2022-07-25T22:00,5.67,261
2022-07-25T23:00,6.22,265
2022-07-26T00:00,5.19,298
2022-07-26T01:00,5.02,313
2022-07-26T02:00,4.76,321
2022-07-26T03:00,4.99,327
2022-07-26T04:00,5.72,341
2022-07-26T05:00,6.43,348
2022-07-26T06:00,6.76,352
2022-07-26T07:00,6.58,351
2022-07-26T08:00,6.35,353
2022-07-26T09:00,6.24,348
2022-07-26T10:00,6.04,348
2022-07-26T11:00,5.53,347
2022-07-26T12:00,5.07,338
2022-07-26T13:00,5.1,334
2022-07-26T14:00,5.68,334
2022-07-26T15:00,5.52,328
2022-07-26T16:00,6.57,327
2022-07-26T17:00,6.67,330
2022-07-26T18:00,6.41,329
2022-07-26T19:00,5.52,328
2022-07-26T20:00,4.72,328
2022-07-26T21:00,4.58,328
2022-07-26T22:00,4.49,328
2022-07-26T23:00,4.24,326
2022-07-27T00:00,4.27,327
2022-07-27T01:00,4.02,333
2022-07-27T02:00,4.11,334
2022-07-27T03:00,3.98,335
2022-07-27T04:00,4.18,339
2022-07-27T05:00,4.4,343
2022-07-27T06:00,4.54,346
2022-07-27T07:00,4.47,350
2022-07-27T08:00,5.41,348
2022-07-27T09:00,4.73,354
2022-07-27T10:00,4.91,356
2022-07-27T11:00,4.9,358
2022-07-27T12:00,3.9,359
2022-07-27T13:00,3.71,355
2022-07-27T14:00,4.1,360
2022-07-27T15:00,4.24,15
2022-07-27T16:00,4.18,17
2022-07-27T17:00,4.37,20
2022-07-27T18:00,3.85,25
2022-07-27T19:00,3.05,32
2022-07-27T20:00,2.64,37
2022-07-27T21:00,2.48,43
2022-07-27T22:00,1.92,51
2022-07-27T23:00,2.06,61
2022-07-28T00:00,3.21,95
2022-07-28T01:00,3.08,103
2022-07-28T02:00,3.22,97
2022-07-28T03:00,3.14,99
2022-07-28T04:00,2.65,101
2022-07-28T05:00,3.06,101
2022-07-28T06:00,3.47,102
2022-07-28T07:00,4.01,94
2022-07-28T08:00,4.61,86
2022-07-28T09:00,4.79,79
2022-07-28T10:00,4.85,76
2022-07-28T11:00,5.0,74
2022-07-28T12:00,5.66,73
2022-07-28T13:00,5.19,62
2022-07-28T14:00,5.41,56
2022-07-28T15:00,4.65,65
2022-07-28T16:00,4.49,73
2022-07-28T17:00,4.52,65
2022-07-28T18:00,5.19,62
2022-07-28T19:00,4.97,60
2022-07-28T20:00,5.15,61
2022-07-28T21:00,5.89,69
2022-07-28T22:00,6.17,70
2022-07-28T23:00,6.33,74
2022-07-29T00:00,5.91,66
2022-07-29T01:00,6.44,64
2022-07-29T02:00,6.44,64
2022-07-29T03:00,5.91,62
2022-07-29T04:00,5.99,64
2022-07-29T05:00,5.68,64
2022-07-29T06:00,5.9,64
2022-07-29T07:00,5.95,65
2022-07-29T08:00,5.46,62
2022-07-29T09:00,4.91,57
2022-07-29T10:00,4.68,48
2022-07-29T11:00,5.09,43
2022-07-29T12:00,5.33,34
2022-07-29T13:00,5.75,40
2022-07-29T14:00,5.7,38
2022-07-29T15:00,4.43,28
2022-07-29T16:00,4.2,12
2022-07-29T17:00,4.62,5
2022-07-29T18:00,4.41,4
2022-07-29T19:00,3.81,357
2022-07-29T20:00,3.58,337
2022-07-29T21:00,4.07,332
2022-07-29T22:00,3.96,350
2022-07-29T23:00,3.01,354
2022-07-30T00:00,2.42,330
2022-07-30T01:00,3.44,324
2022-07-30T02:00,3.49,333
2022-07-30T03:00,3.94,324
2022-07-30T04:00,3.83,327
2022-07-30T05:00,3.56,322
2022-07-30T06:00,3.78,323
2022-07-30T07:00,3.68,313
2022-07-30T08:00,2.9,314
2022-07-30T09:00,2.24,297
2022-07-30T10:00,3.2,268
2022-07-30T11:00,3.47,258
2022-07-30T12:00,3.27,247
2022-07-30T13:00,2.95,242
2022-07-30T14:00,3.61,236
2022-07-30T15:00,3.62,231
2022-07-30T16:00,3.69,221
2022-07-30T17:00,3.67,197
2022-07-30T18:00,3.4,194
2022-07-30T19:00,2.72,186
2022-07-30T20:00,3.0,180
2022-07-30T21:00,3.1,195
2022-07-30T22:00,3.18,193
2022-07-30T23:00,3.24,189
2022-07-31T00:00,2.79,165
2022-07-31T01:00,2.2,177
2022-07-31T02:00,2.98,194
2022-07-31T03:00,3.85,205
2022-07-31T04:00,4.58,216
2022-07-31T05:00,4.4,231
2022-07-31T06:00,3.4,223
2022-07-31T07:00,4.77,213
2022-07-31T08:00,5.73,223
2022-07-31T09:00,5.28,241
2022-07-31T10:00,6.31,243
2022-07-31T11:00,7.62,247
2022-07-31T12:00,8.35,251
2022-07-31T13:00,8.1,246
2022-07-31T14:00,8.05,243
2022-07-31T15:00,8.64,250
2022-07-31T16:00,8.39,262
2022-07-31T17:00,5.91,274
2022-07-31T18:00,5.0,282
2022-07-31T19:00,5.05,297
2022-07-31T20:00,4.84,322
2022-07-31T21:00,4.27,327
2022-07-31T22:00,4.57,331
2022-07-31T23:00,5.06,330
2022-08-01T00:00,3.67,343
2022-08-01T01:00,3.88,12
2022-08-01T02:00,3.69,13
2022-08-01T03:00,4.88,11
2022-08-01T04:00,5.41,16
2022-08-01T05:00,5.02,13
2022-08-01T06:00,4.78,16
2022-08-01T07:00,4.62,18
2022-08-01T08:00,4.39,24
2022-08-01T09:00,3.86,31
2022-08-01T10:00,3.47,33
2022-08-01T11:00,3.14,31
2022-08-01T12:00,2.82,17
2022-08-01T13:00,2.79,21
2022-08-01T14:00,2.73,24
2022-08-01T15:00,2.46,27
2022-08-01T16:00,2.62,50
2022-08-01T17:00,2.55,64
2022-08-01T18:00,1.88,65
2022-08-01T19:00,1.6,86
2022-08-01T20:00,1.77,106
2022-08-01T21:00,2.15,118
2022-08-01T22:00,2.86,126
2022-08-01T23:00,2.58,144
2022-08-02T00:00,3.88,145
2022-08-02T01:00,4.34,151
2022-08-02T02:00,4.61,156
2022-08-02T03:00,5.39,158
2022-08-02T04:00,5.43,167
2022-08-02T05:00,5.62,175
2022-08-02T06:00,5.9,180
2022-08-02T07:00,6.74,195
2022-08-02T08:00,6.55,196
2022-08-02T09:00,7.77,212
2022-08-02T10:00,8.41,212
2022-08-02T11:00,8.35,212
2022-08-02T12:00,8.54,215
2022-08-02T13:00,8.61,219
2022-08-02T14:00,9.08,221
2022-08-02T15:00,9.34,227
2022-08-02T16:00,7.86,221
2022-08-02T17:00,7.3,221
2022-08-02T18:00,7.02,221
2022-08-02T19:00,6.75,220
2022-08-02T20:00,6.54,219
2022-08-02T21:00,6.75,220
2022-08-02T22:00,6.62,218
2022-08-02T23:00,6.04,219
2022-08-03T00:00,5.94,213
2022-08-03T01:00,6.1,215
2022-08-03T02:00,5.55,214
2022-08-03T03:00,5.28,209
2022-08-03T04:00,5.2,210
2022-08-03T05:00,5.28,207
2022-08-03T06:00,5.71,213
2022-08-03T07:00,7.35,225
2022-08-03T08:00,7.64,225
2022-08-03T09:00,7.64,225
2022-08-03T10:00,7.43,223
2022-08-03T11:00,7.36,226
2022-08-03T12:00,7.22,217
2022-08-03T13:00,7.72,221
2022-08-03T14:00,7.57,227
2022-08-03T15:00,6.98,232
2022-08-03T16:00,5.37,225
2022-08-03T17:00,4.63,213
2022-08-03T18:00,3.67,206
2022-08-03T19:00,3.1,201
2022-08-03T20:00,2.75,199
2022-08-03T21:00,2.12,188
2022-08-03T22:00,2.45,168
2022-08-03T23:00,2.62,173
2022-08-04T00:00,3.92,186
2022-08-04T01:00,3.88,192
2022-08-04T02:00,3.7,218
2022-08-04T03:00,4.02,215
2022-08-04T04:00,3.47,229
2022-08-04T05:00,3.47,237
2022-08-04T06:00,3.21,274
2022-08-04T07:00,1.66,295
2022-08-04T08:00,2.47,284
2022-08-04T09:00,2.62,277
2022-08-04T10:00,3.61,284
2022-08-04T11:00,4.31,292
2022-08-04T12:00,2.73,332
2022-08-04T13:00,3.26,333
2022-08-04T14:00,3.72,336
2022-08-04T15:00,3.96,339
2022-08-04T16:00,3.94,324
2022-08-04T17:00,4.53,315
2022-08-04T18:00,4.34,322
2022-08-04T19:00,3.61,326
2022-08-04T20:00,3.14,329
2022-08-04T21:00,3.7,341
2022-08-04T22:00,3.64,339
2022-08-04T23:00,3.35,343
2022-08-05T00:00,4.46,351
2022-08-05T01:00,3.52,345
2022-08-05T02:00,4.0,347
2022-08-05T03:00,3.96,350
2022-08-05T04:00,3.98,348
2022-08-05T05:00,4.06,350
2022-08-05T06:00,4.47,350
2022-08-05T07:00,5.0,344
2022-08-05T08:00,5.1,349
2022-08-05T09:00,4.88,334
2022-08-05T10:00,5.95,319
2022-08-05T11:00,5.52,314
2022-08-05T12:00,6.24,305
2022-08-05T13:00,5.86,297
2022-08-05T14:00,5.95,297
2022-08-05T15:00,6.54,299
2022-08-05T16:00,6.59,312
2022-08-05T17:00,6.38,319
2022-08-05T18:00,5.97,320
2022-08-05T19:00,4.98,322
2022-08-05T20:00,4.19,320
2022-08-05T21:00,4.28,323
2022-08-05T22:00,4.0,323
2022-08-05T23:00,3.72,324
2022-08-06T00:00,3.55,320
2022-08-06T01:00,3.11,315
2022-08-06T02:00,3.18,314
2022-08-06T03:00,2.97,315
2022-08-06T04:00,3.11,315
2022-08-06T05:00,3.19,319
2022-08-06T06:00,3.66,325
2022-08-06T07:00,3.78,323
2022-08-06T08:00,3.7,322
2022-08-06T09:00,3.75,318
2022-08-06T10:00,3.97,311
2022-08-06T11:00,4.08,306
2022-08-06T12:00,3.69,303
2022-08-06T13:00,4.08,301
2022-08-06T14:00,3.94,300
2022-08-06T15:00,3.69,303
2022-08-06T16:00,3.47,303
2022-08-06T17:00,3.66,305
2022-08-06T18:00,2.92,308
2022-08-06T19:00,1.5,323
2022-08-06T20:00,1.7,310
2022-08-06T21:00,1.4,270
2022-08-06T22:00,2.41,275
2022-08-06T23:00,2.22,278
2022-08-07T00:00,2.33,301
2022-08-07T01:00,1.72,306
2022-08-07T02:00,1.22,279
2022-08-07T03:00,1.91,276
2022-08-07T04:00,2.28,293
2022-08-07T05:00,2.25,302
2022-08-07T06:00,2.05,313
2022-08-07T07:00,1.77,317
2022-08-07T08:00,1.63,313
2022-08-07T09:00,1.92,309
2022-08-07T10:00,1.75,294
2022-08-07T11:00,2.62,288
2022-08-07T12:00,3.41,265
2022-08-07T13:00,3.92,264
2022-08-07T14:00,4.1,271
2022-08-07T15:00,4.46,279
2022-08-07T16:00,3.98,295
2022-08-07T17:00,2.86,306
2022-08-07T18:00,2.77,319
2022-08-07T19:00,2.16,326
2022-08-07T20:00,1.66,327
2022-08-07T21:00,2.28,322
2022-08-07T22:00,0.82,284
2022-08-07T23:00,1.97,294
2022-08-08T00:00,2.11,301
2022-08-08T01:00,2.0,307
2022-08-08T02:00,2.26,315
2022-08-08T03:00,2.25,328
2022-08-08T04:00,2.21,342
2022-08-08T05:00,2.04,349
2022-08-08T06:00,2.21,342
2022-08-08T07:00,2.82,337
2022-08-08T08:00,3.05,337
2022-08-08T09:00,3.13,333
2022-08-08T10:00,3.45,330
2022-08-08T11:00,3.81,330
2022-08-08T12:00,3.45,343
2022-08-08T13:00,3.74,344
2022-08-08T14:00,4.32,347
2022-08-08T15:00,4.43,354
2022-08-08T16:00,4.1,3
2022-08-08T17:00,4.14,8
2022-08-08T18:00,4.1,13
2022-08-08T19:00,3.42,21
2022-08-08T20:00,3.4,24
2022-08-08T21:00,3.36,30
2022-08-08T22:00,3.0,37
2022-08-08T23:00,2.4,45
2022-08-09T00:00,2.33,59
2022-08-09T01:00,2.44,71
2022-08-09T02:00,2.09,73
2022-08-09T03:00,1.8,71
2022-08-09T04:00,1.84,61
2022-08-09T05:00,1.92,62
2022-08-09T06:00,2.52,56
2022-08-09T07:00,2.92,59
2022-08-09T08:00,3.54,74
2022-08-09T09:00,3.7,71
2022-08-09T10:00,3.5,53
2022-08-09T11:00,3.7,38
2022-08-09T12:00,3.36,37
2022-08-09T13:00,3.33,33
2022-08-09T14:00,4.25,27
2022-08-09T15:00,4.88,26
2022-08-09T16:00,5.52,22
2022-08-09T17:00,5.68,26
2022-08-09T18:00,5.58,36
2022-08-09T19:00,4.88,43
2022-08-09T20:00,4.48,51
2022-08-09T21:00,4.12,61
2022-08-09T22:00,3.5,59
2022-08-09T23:00,3.0,64
2022-08-10T00:00,4.27,69
2022-08-10T01:00,4.0,77
2022-08-10T02:00,3.91,77
2022-08-10T03:00,3.93,75
2022-08-10T04:00,3.7,71
2022-08-10T05:00,3.68,68
2022-08-10T06:00,4.35,67
2022-08-10T07:00,4.49,69
2022-08-10T08:00,4.46,70
2022-08-10T09:00,4.24,71
2022-08-10T10:00,4.3,65
2022-08-10T11:00,4.33,56
2022-08-10T12:00,4.46,48
2022-08-10T13:00,4.88,46
2022-08-10T14:00,5.16,46
2022-08-10T15:00,5.32,41
2022-08-10T16:00,5.5,37
2022-08-10T17:00,5.49,33
2022-08-10T18:00,5.44,36
2022-08-10T19:00,5.46,41
2022-08-10T20:00,5.24,48
2022-08-10T21:00,4.74,55
2022-08-10T22:00,4.53,59
2022-08-10T23:00,4.43,65
2022-08-11T00:00,4.18,69
2022-08-11T01:00,3.81,76
2022-08-11T02:00,3.32,83
2022-08-11T03:00,2.92,84
2022-08-11T04:00,2.7,90
2022-08-11T05:00,2.42,83
2022-08-11T06:00,3.01,69
2022-08-11T07:00,3.49,66
2022-08-11T08:00,3.58,67
2022-08-11T09:00,3.55,68
2022-08-11T10:00,3.73,70
2022-08-11T11:00,3.7,71
2022-08-11T12:00,4.61,49
2022-08-11T13:00,5.11,40
2022-08-11T14:00,5.33,40
2022-08-11T15:00,5.75,40
2022-08-11T16:00,6.02,42
2022-08-11T17:00,6.01,44
2022-08-11T18:00,5.74,49
2022-08-11T19:00,5.52,58
2022-08-11T20:00,5.07,68
2022-08-11T21:00,4.72,69
2022-08-11T22:00,4.48,66
2022-08-11T23:00,4.34,64
2022-08-12T00:00,4.27,57
2022-08-12T01:00,4.22,54
2022-08-12T02:00,4.27,57
2022-08-12T03:00,3.94,66
2022-08-12T04:00,3.64,69
2022-08-12T05:00,3.36,67
2022-08-12T06:00,3.64,69
2022-08-12T07:00,3.61,71
2022-08-12T08:00,3.68,68
2022-08-12T09:00,3.67,64
2022-08-12T10:00,3.98,62
2022-08-12T11:00,4.25,60
2022-08-12T12:00,5.04,51
2022-08-12T13:00,5.38,43
2022-08-12T14:00,5.81,41
2022-08-12T15:00,5.95,42
2022-08-12T16:00,6.02,42
2022-08-12T17:00,6.1,41
2022-08-12T18:00,6.09,42
2022-08-12T19:00,6.3,48
2022-08-12T20:00,5.71,57
2022-08-12T21:00,5.06,65
2022-08-12T22:00,4.83,77
2022-08-12T23:00,4.6,90
2022-08-13T00:00,3.31,95
2022-08-13T01:00,3.54,98
2022-08-13T02:00,3.77,101
2022-08-13T03:00,3.26,108
2022-08-13T04:00,3.13,117
2022-08-13T05:00,2.97,123
2022-08-13T06:00,3.28,121
2022-08-13T07:00,3.23,112
2022-08-13T08:00,3.94,114
2022-08-13T09:00,3.99,112
2022-08-13T10:00,4.3,108
2022-08-13T11:00,4.61,103
2022-08-13T12:00,4.3,90
2022-08-13T13:00,4.1,89
2022-08-13T14:00,4.21,94
2022-08-13T15:00,4.18,69
2022-08-13T16:00,4.96,42
2022-08-13T17:00,4.75,41
2022-08-13T18:00,4.2,52
2022-08-13T19:00,3.41,50
2022-08-13T20:00,4.94,58
2022-08-13T21:00,4.73,77
2022-08-13T22:00,4.73,77
2022-08-13T23:00,5.7,89
2022-08-14T00:00,5.0,106
2022-08-14T01:00,4.3,115
2022-08-14T02:00,3.96,106
2022-08-14T03:00,4.08,101
2022-08-14T04:00,3.98,108
2022-08-14T05:00,4.03,104
2022-08-14T06:00,4.85,104
2022-08-14T07:00,4.65,109
2022-08-14T08:00,4.39,114
2022-08-14T09:00,4.43,115
2022-08-14T10:00,4.46,110
2022-08-14T11:00,4.49,107
2022-08-14T12:00,4.63,104
2022-08-14T13:00,3.95,99
2022-08-14T14:00,3.31,93
2022-08-14T15:00,3.14,68
2022-08-14T16:00,4.19,57
2022-08-14T17:00,4.34,52
2022-08-14T18:00,4.69,56
2022-08-14T19:00,4.43,65
2022-08-14T20:00,4.3,59
2022-08-14T21:00,3.83,57
2022-08-14T22:00,3.8,55
2022-08-14T23:00,3.44,64
2022-08-15T00:00,3.28,52
2022-08-15T01:00,2.61,58
2022-08-15T02:00,2.1,65
2022-08-15T03:00,2.75,80
2022-08-15T04:00,2.45,102
2022-08-15T05:00,3.77,191
2022-08-15T06:00,3.54,209
2022-08-15T07:00,5.32,221
2022-08-15T08:00,5.16,248
2022-08-15T09:00,5.53,229
2022-08-15T10:00,4.9,231
2022-08-15T11:00,5.38,235
2022-08-15T12:00,4.91,237
2022-08-15T13:00,3.2,250
2022-08-15T14:00,2.6,254
2022-08-15T15:00,3.28,239
2022-08-15T16:00,3.48,231
2022-08-15T17:00,3.08,216
2022-08-15T18:00,3.26,207
2022-08-15T19:00,3.42,201
2022-08-15T20:00,3.23,202
2022-08-15T21:00,2.7,182
2022-08-15T22:00,3.01,174
2022-08-15T23:00,3.1,180
2022-08-16T00:00,4.54,188
2022-08-16T01:00,4.66,203
2022-08-16T02:00,4.48,204
2022-08-16T03:00,4.44,203
2022-08-16T04:00,4.7,204
2022-08-16T05:00,4.92,204
2022-08-16T06:00,5.64,210
2022-08-16T07:00,5.89,220
2022-08-16T08:00,5.73,224
2022-08-16T09:00,5.66,238
2022-08-16T10:00,5.0,250
2022-08-16T11:00,4.87,261
2022-08-16T12:00,4.46,250
2022-08-16T13:00,3.77,259
2022-08-16T14:00,4.28,259
2022-08-16T15:00,4.2,269
2022-08-16T16:00,2.97,290
2022-08-16T17:00,1.14,308
2022-08-16T18:00,1.3,302
2022-08-16T19:00,0.73,344
2022-08-16T20:00,1.28,51
2022-08-16T21:00,1.53,79
2022-08-16T22:00,2.02,99
2022-08-16T23:00,1.03,61
2022-08-17T00:00,2.82,63
2022-08-17T01:00,1.8,56
2022-08-17T02:00,2.5,37
2022-08-17T03:00,2.97,48
2022-08-17T04:00,3.69,49
2022-08-17T05:00,3.55,58
2022-08-17T06:00,3.39,135
2022-08-17T07:00,2.22,172
2022-08-17T08:00,1.04,197
2022-08-17T09:00,0.67,27
2022-08-17T10:00,1.49,20
2022-08-17T11:00,2.02,33
2022-08-17T12:00,6.17,40
2022-08-17T13:00,8.22,32
2022-08-17T14:00,7.26,38
2022-08-17T15:00,6.85,34
2022-08-17T16:00,5.88,35
2022-08-17T17:00,5.07,15
2022-08-17T18:00,5.06,9
2022-08-17T19:00,4.03,14
2022-08-17T20:00,3.47,33
2022-08-17T21:00,3.16,35
2022-08-17T22:00,2.16,34
2022-08-17T23:00,1.56,40
2022-08-18T00:00,1.71,353
2022-08-18T01:00,2.0,323
2022-08-18T02:00,2.95,332
2022-08-18T03:00,3.41,5
2022-08-18T04:00,2.6,23
2022-08-18T05:00,3.64,16
2022-08-18T06:00,3.57,18
2022-08-18T07:00,4.27,16
2022-08-18T08:00,3.89,29
2022-08-18T09:00,4.43,25
2022-08-18T10:00,4.44,31
2022-08-18T11:00,4.52,35
2022-08-18T12:00,4.18,48
2022-08-18T13:00,4.1,47
2022-08-18T14:00,3.32,44
2022-08-18T15:00,2.2,51
2022-08-18T16:00,2.25,32
2022-08-18T17:00,2.1,25
2022-08-18T18:00,2.12,45
2022-08-18T19:00,1.96,75
2022-08-18T20:00,2.04,79
2022-08-18T21:00,1.84,45
2022-08-18T22:00,2.16,103
2022-08-18T23:00,1.91,133
2022-08-19T00:00,2.7,129
2022-08-19T01:00,3.05,139
2022-08-19T02:00,2.95,152
2022-08-19T03:00,3.35,170
2022-08-19T04:00,3.11,184
2022-08-19T05:00,4.12,219
2022-08-19T06:00,3.84,219
2022-08-19T07:00,4.56,232
2022-08-19T08:00,4.44,239
2022-08-19T09:00,4.59,254
2022-08-19T10:00,4.23,263
2022-08-19T11:00,3.51,267
2022-08-19T12:00,3.24,261
2022-08-19T13:00,3.04,261
2022-08-19T14:00,3.64,254
2022-08-19T15:00,4.16,260
2022-08-19T16:00,3.91,266
2022-08-19T17:00,3.71,265
2022-08-19T18:00,3.85,279
2022-08-19T19:00,3.14,292
2022-08-19T20:00,3.61,316
2022-08-19T21:00,3.05,337
2022-08-19T22:00,3.32,344
2022-08-19T23:00,3.26,349
2022-08-20T00:00,4.2,348
2022-08-20T01:00,3.2,346
2022-08-20T02:00,2.64,335
2022-08-20T03:00,2.34,320
2022-08-20T04:00,2.5,323
2022-08-20T05:00,2.62,313
2022-08-20T06:00,0.92,283
2022-08-20T07:00,1.75,257
2022-08-20T08:00,3.04,253
2022-08-20T09:00,3.83,250
2022-08-20T10:00,4.92,246
2022-08-20T11:00,5.41,251
2022-08-20T12:00,4.65,245
2022-08-20T13:00,4.88,247
2022-08-20T14:00,5.16,248
2022-08-20T15:00,5.59,246
2022-08-20T16:00,5.12,258
2022-08-20T17:00,4.47,236
2022-08-20T18:00,4.53,223
2022-08-20T19:00,3.68,223
2022-08-20T20:00,3.56,218
2022-08-20T21:00,3.8,215
2022-08-20T22:00,4.08,211
2022-08-20T23:00,4.22,211
2022-08-21T00:00,4.25,210
2022-08-21T01:00,4.83,220
2022-08-21T02:00,4.46,224
2022-08-21T03:00,4.05,220
2022-08-21T04:00,3.61,224
2022-08-21T05:00,2.84,219
2022-08-21T06:00,3.42,218
2022-08-21T07:00,3.5,233
2022-08-21T08:00,4.12,256
2022-08-21T09:00,4.54,262
2022-08-21T10:00,4.73,264
2022-08-21T11:00,4.82,265
2022-08-21T12:00,4.9,270
2022-08-21T13:00,4.91,274
2022-08-21T14:00,4.88,281
2022-08-21T15:00,4.28,281
2022-08-21T16:00,3.91,283
2022-08-21T17:00,3.29,290
2022-08-21T18:00,1.84,311
2022-08-21T19:00,1.25,331
2022-08-21T20:00,1.3,356
2022-08-21T21:00,1.3,4
2022-08-21T22:00,1.17,20
2022-08-21T23:00,0.58,59
2022-08-22T00:00,2.11,59
2022-08-22T01:00,1.99,72
2022-08-22T02:00,2.59,118
2022-08-22T03:00,2.05,133
2022-08-22T04:00,2.19,133
2022-08-22T05:00,2.08,145
2022-08-22T06:00,1.77,137
2022-08-22T07:00,2.39,123
2022-08-22T08:00,3.05,113
2022-08-22T09:00,3.14,112
2022-08-22T10:00,3.18,114
2022-08-22T11:00,2.64,119
2022-08-22T12:00,3.13,107
2022-08-22T13:00,3.06,101
2022-08-22T14:00,2.51,95
2022-08-22T15:00,1.94,102
2022-08-22T16:00,2.02,99
2022-08-22T17:00,3.11,86
2022-08-22T18:00,3.65,81
2022-08-22T19:00,2.92,84
2022-08-22T20:00,3.1,88
2022-08-22T21:00,3.24,99
2022-08-22T22:00,3.85,99
2022-08-22T23:00,3.59,103
2022-08-23T00:00,4.74,108
2022-08-23T01:00,4.1,146
2022-08-23T02:00,3.61,132
2022-08-23T03:00,2.78,150
2022-08-23T04:00,2.42,142
2022-08-23T05:00,1.78,142
2022-08-23T06:00,2.69,165
2022-08-23T07:00,2.62,173
2022-08-23T08:00,2.42,210
2022-08-23T09:00,2.4,225
2022-08-23T10:00,2.77,221
2022-08-23T11:00,3.66,215
2022-08-23T12:00,1.9,288
2022-08-23T13:00,2.21,275
2022-08-23T14:00,2.38,255
2022-08-23T15:00,4.49,238
2022-08-23T16:00,4.4,231
2022-08-23T17:00,3.55,230
2022-08-23T18:00,2.82,207
2022-08-23T19:00,2.14,169
2022-08-23T20:00,2.0,177
2022-08-23T21:00,1.5,184
2022-08-23T22:00,1.61,150
2022-08-23T23:00,2.3,146
2022-08-24T00:00,1.66,155
2022-08-24T01:00,2.06,166
2022-08-24T02:00,2.62,187
2022-08-24T03:00,3.23,196
2022-08-24T04:00,3.67,206
2022-08-24T05:00,3.85,208
2022-08-24T06:00,4.43,205
2022-08-24T07:00,5.47,211
2022-08-24T08:00,5.02,215
2022-08-24T09:00,4.34,218
2022-08-24T10:00,4.0,217
2022-08-24T11:00,3.96,225
2022-08-24T12:00,4.3,239
2022-08-24T13:00,3.61,251
2022-08-24T14:00,2.84,260
2022-08-24T15:00,2.5,286
2022-08-24T16:00,2.14,323
2022-08-24T17:00,1.86,36
2022-08-24T18:00,2.64,53
2022-08-24T19:00,3.45,60
2022-08-24T20:00,4.07,62
2022-08-24T21:00,4.08,59
2022-08-24T22:00,4.16,55
2022-08-24T23:00,3.44,64
2022-08-25T00:00,4.9,70
2022-08-25T01:00,3.98,72
2022-08-25T02:00,3.0,90
2022-08-25T03:00,2.97,110
2022-08-25T04:00,3.09,119
2022-08-25T05:00,3.94,120
2022-08-25T06:00,4.58,126
2022-08-25T07:00,4.97,115
2022-08-25T08:00,5.3,122
2022-08-25T09:00,5.31,133
2022-08-25T10:00,5.16,136
2022-08-25T11:00,4.83,140
2022-08-25T12:00,7.17,120
2022-08-25T13:00,3.42,173
2022-08-25T14:00,1.32,261
2022-08-25T15:00,2.67,257
2022-08-25T16:00,4.07,298
2022-08-25T17:00,2.14,307
2022-08-25T18:00,3.81,300
2022-08-25T19:00,6.56,322
2022-08-25T20:00,6.31,331
2022-08-25T21:00,6.45,336
2022-08-25T22:00,6.44,334
2022-08-25T23:00,7.03,330
2022-08-26T00:00,6.58,336
2022-08-26T01:00,5.82,336
2022-08-26T02:00,5.46,336
2022-08-26T03:00,5.06,342
2022-08-26T04:00,6.26,343
2022-08-26T05:00,6.51,342
2022-08-26T06:00,6.67,341
2022-08-26T07:00,6.83,342
2022-08-26T08:00,6.82,346
2022-08-26T09:00,6.18,351
2022-08-26T10:00,5.42,355
2022-08-26T11:00,5.48,345
2022-08-26T12:00,5.98,339
2022-08-26T13:00,5.88,342
2022-08-26T14:00,5.95,340
2022-08-26T15:00,5.88,342
2022-08-26T16:00,5.39,345
2022-08-26T17:00,5.39,349
2022-08-26T18:00,5.15,352
2022-08-26T19:00,4.95,352
2022-08-26T20:00,4.32,355
2022-08-26T21:00,3.83,353
2022-08-26T22:00,3.21,355
2022-08-26T23:00,2.84,350
2022-08-27T00:00,3.31,3
2022-08-27T01:00,3.31,3
2022-08-27T02:00,3.61,3
2022-08-27T03:00,3.54,8
2022-08-27T04:00,3.71,14
2022-08-27T05:00,4.49,12
2022-08-27T06:00,5.28,10
2022-08-27T07:00,5.63,17
2022-08-27T08:00,5.74,23
2022-08-27T09:00,5.69,24
2022-08-27T10:00,5.82,24
2022-08-27T11:00,5.95,25
2022-08-27T12:00,5.76,20
2022-08-27T13:00,6.11,21
2022-08-27T14:00,6.67,19
2022-08-27T15:00,6.71,17
2022-08-27T16:00,6.48,17
2022-08-27T17:00,6.14,19
2022-08-27T18:00,5.89,21
2022-08-27T19:00,5.55,23
2022-08-27T20:00,5.41,28
2022-08-27T21:00,5.01,26
2022-08-27T22:00,5.01,26
2022-08-27T23:00,4.88,26
2022-08-28T00:00,4.96,28
2022-08-28T01:00,4.3,25
2022-08-28T02:00,4.52,18
2022-08-28T03:00,5.09,20
2022-08-28T04:00,5.57,18
2022-08-28T05:00,5.36,14
2022-08-28T06:00,5.14,13
2022-08-28T07:00,5.75,13
2022-08-28T08:00,6.02,11
2022-08-28T09:00,5.93,6
2022-08-28T10:00,5.9,358
2022-08-28T11:00,6.0,360
2022-08-28T12:00,4.85,14
2022-08-28T13:00,4.49,12
2022-08-28T14:00,4.43,6
2022-08-28T15:00,4.43,354
2022-08-28T16:00,5.0,344
2022-08-28T17:00,4.83,347
2022-08-28T18:00,3.91,356
2022-08-28T19:00,3.83,15
2022-08-28T20:00,4.32,13
2022-08-28T21:00,3.45,10
2022-08-28T22:00,2.53,9
2022-08-28T23:00,2.45,12
2022-08-29T00:00,2.82,23
2022-08-29T01:00,3.32,21
2022-08-29T02:00,3.04,17
2022-08-29T03:00,3.2,20
2022-08-29T04:00,2.95,24
2022-08-29T05:00,3.1,15
2022-08-29T06:00,3.55,22
2022-08-29T07:00,4.31,22
2022-08-29T08:00,4.27,33
2022-08-29T09:00,4.47,40
2022-08-29T10:00,4.68,42
2022-08-29T11:00,4.46,42
2022-08-29T12:00,5.02,43
2022-08-29T13:00,5.34,38
2022-08-29T14:00,5.78,37
2022-08-29T15:00,5.8,36
2022-08-29T16:00,6.0,37
2022-08-29T17:00,5.99,33
2022-08-29T18:00,5.83,31
2022-08-29T19:00,5.27,33
2022-08-29T20:00,4.48,39
2022-08-29T21:00,4.03,44
2022-08-29T22:00,4.25,49
2022-08-29T23:00,4.6,56
2022-08-30T00:00,4.44,67
2022-08-30T01:00,4.11,72
2022-08-30T02:00,3.67,73
2022-08-30T03:00,3.08,77
2022-08-30T04:00,3.01,75
2022-08-30T05:00,3.31,65
2022-08-30T06:00,4.24,71
2022-08-30T07:00,4.55,81
2022-08-30T08:00,4.85,82
2022-08-30T09:00,5.59,80
2022-08-30T10:00,5.66,73
2022-08-30T11:00,5.87,60
2022-08-30T12:00,5.53,49
2022-08-30T13:00,6.98,38
2022-08-30T14:00,7.02,33
2022-08-30T15:00,6.99,34
2022-08-30T16:00,7.63,34
2022-08-30T17:00,7.91,35
2022-08-30T18:00,7.37,42
2022-08-30T19:00,7.08,48
2022-08-30T20:00,7.11,51
2022-08-30T21:00,6.9,51
2022-08-30T22:00,6.93,57
2022-08-30T23:00,6.62,61
2022-08-31T00:00,7.29,65
2022-08-31T01:00,6.5,67
2022-08-31T02:00,6.0,66
2022-08-31T03:00,5.99,62
2022-08-31T04:00,6.31,61
2022-08-31T05:00,6.57,64
2022-08-31T06:00,6.8,64
2022-08-31T07:00,6.76,66
2022-08-31T08:00,6.99,71
2022-08-31T09:00,7.46,72
2022-08-31T10:00,7.62,71
2022-08-31T11:00,7.47,70
2022-08-31T12:00,7.54,68
2022-08-31T13:00,6.94,65
2022-08-31T14:00,7.36,53
2022-08-31T15:00,8.5,48
2022-08-31T16:00,8.85,47
2022-08-31T17:00,8.03,51
2022-08-31T18:00,7.28,53
2022-08-31T19:00,7.64,53
2022-08-31T20:00,7.63,56
2022-08-31T21:00,6.88,57
2022-08-31T22:00,6.41,59
2022-08-31T23:00,6.14,60
2022-09-01T00:00,5.64,60
2022-09-01T01:00,5.19,65
2022-09-01T02:00,5.0,74
2022-09-01T03:00,4.98,80
2022-09-01T04:00,4.84,83
2022-09-01T05:00,4.63,84
2022-09-01T06:00,5.05,82
2022-09-01T07:00,5.33,84
2022-09-01T08:00,5.32,85
2022-09-01T09:00,5.47,81
2022-09-01T10:00,5.82,78
2022-09-01T11:00,6.0,79
2022-09-01T12:00,5.8,88
2022-09-01T13:00,5.9,91
2022-09-01T14:00,5.69,80
2022-09-01T15:00,5.37,61
2022-09-01T16:00,6.03,40
2022-09-01T17:00,5.53,41
2022-09-01T18:00,5.66,46
2022-09-01T19:00,7.28,53
2022-09-01T20:00,6.76,61
2022-09-01T21:00,6.39,73
2022-09-01T22:00,6.46,82
2022-09-01T23:00,6.4,88
2022-09-02T00:00,6.1,90
2022-09-02T01:00,5.71,94
2022-09-02T02:00,5.64,97
2022-09-02T03:00,5.76,98
2022-09-02T04:00,5.67,99
2022-09-02T05:00,5.59,100
2022-09-02T06:00,5.75,103
2022-09-02T07:00,5.73,102
2022-09-02T08:00,5.85,107
2022-09-02T09:00,6.04,109
2022-09-02T10:00,5.95,107
2022-09-02T11:00,5.92,106
2022-09-02T12:00,5.87,104
2022-09-02T13:00,5.82,109
2022-09-02T14:00,5.5,109
2022-09-02T15:00,5.46,104
2022-09-02T16:00,5.54,97
2022-09-02T17:00,5.05,98
2022-09-02T18:00,4.9,102
2022-09-02T19:00,4.71,102
2022-09-02T20:00,4.85,98
2022-09-02T21:00,5.3,92
2022-09-02T22:00,5.97,99
2022-09-02T23:00,5.95,107
2022-09-03T00:00,5.17,105
2022-09-03T01:00,5.44,107
2022-09-03T02:00,5.94,103
2022-09-03T03:00,5.94,103
2022-09-03T04:00,5.73,106
2022-09-03T05:00,5.87,104
2022-09-03T06:00,6.24,106
2022-09-03T07:00,6.32,108
2022-09-03T08:00,6.58,110
2022-09-03T09:00,6.72,113
2022-09-03T10:00,6.46,112
2022-09-03T11:00,6.23,109
2022-09-03T12:00,5.87,104
2022-09-03T13:00,5.31,110
2022-09-03T14:00,5.0,110
2022-09-03T15:00,4.62,108
2022-09-03T16:00,4.26,99
2022-09-03T17:00,3.75,99
2022-09-03T18:00,2.41,85
2022-09-03T19:00,2.56,51
2022-09-03T20:00,4.9,70
2022-09-03T21:00,5.1,74
2022-09-03T22:00,4.36,99
2022-09-03T23:00,3.68,112
2022-09-04T00:00,3.32,106
2022-09-04T01:00,3.54,119
2022-09-04T02:00,3.45,120
2022-09-04T03:00,3.5,127
2022-09-04T04:00,3.44,126
2022-09-04T05:00,3.84,129
2022-09-04T06:00,3.78,143
2022-09-04T07:00,3.44,144
2022-09-04T08:00,2.94,145
2022-09-04T09:00,2.46,153
2022-09-04T10:00,2.1,183
2022-09-04T11:00,2.42,210
2022-09-04T12:00,1.3,157
2022-09-04T13:00,1.43,192
2022-09-04T14:00,1.0,233
2022-09-04T15:00,1.03,299
2022-09-04T16:00,2.0,323
2022-09-04T17:00,2.44,341
2022-09-04T18:00,3.2,14
2022-09-04T19:00,3.4,47
2022-09-04T20:00,3.36,67
2022-09-04T21:00,3.5,92
2022-09-04T22:00,3.76,107
2022-09-04T23:00,3.61,132
2022-09-05T00:00,2.97,138
2022-09-05T01:00,2.61,148
2022-09-05T02:00,2.44,145
2022-09-05T03:00,2.2,141
2022-09-05T04:00,2.69,135
2022-09-05T05:00,3.47,136
2022-09-05T06:00,4.08,126
2022-09-05T07:00,4.5,127
2022-09-05T08:00,4.47,140
2022-09-05T09:00,4.47,140
2022-09-05T10:00,4.4,141
2022-09-05T11:00,4.5,143
2022-09-05T12:00,5.1,145
2022-09-05T13:00,3.45,163
2022-09-05T14:00,2.28,232
2022-09-05T15:00,0.94,238
2022-09-05T16:00,3.02,304
2022-09-05T17:00,2.92,308
2022-09-05T18:00,2.93,352
2022-09-05T19:00,2.93,352
2022-09-05T20:00,3.75,9
2022-09-05T21:00,2.9,272
2022-09-05T22:00,4.61,347
2022-09-05T23:00,5.28,25
2022-09-06T00:00,4.0,93
2022-09-06T01:00,3.22,120
2022-09-06T02:00,3.18,134
2022-09-06T03:00,4.03,157
2022-09-06T04:00,4.04,138
2022-09-06T05:00,2.06,157
2022-09-06T06:00,3.27,157
2022-09-06T07:00,3.44,126
2022-09-06T08:00,3.82,133
2022-09-06T09:00,4.74,134
2022-09-06T10:00,4.74,145
2022-09-06T11:00,4.24,165
2022-09-06T12:00,5.06,240
2022-09-06T13:00,3.05,212
2022-09-06T14:00,2.1,205
2022-09-06T15:00,4.09,202
2022-09-06T16:00,4.4,201
2022-09-06T17:00,3.08,193
2022-09-06T18:00,1.34,153
2022-09-06T19:00,1.84,131
2022-09-06T20:00,1.97,114
2022-09-06T21:00,1.94,192
2022-09-06T22:00,2.97,222
2022-09-06T23:00,2.48,220
2022-09-07T00:00,4.03,97
2022-09-07T01:00,3.61,93
2022-09-07T02:00,3.05,113
2022-09-07T03:00,2.64,155
2022-09-07T04:00,2.37,118
2022-09-07T05:00,2.69,165
2022-09-07T06:00,2.28,157
2022-09-07T07:00,2.41,175
2022-09-07T08:00,3.76,209
2022-09-07T09:00,3.76,220
2022-09-07T10:00,3.72,216
2022-09-07T11:00,4.9,219
2022-09-07T12:00,4.66,203
2022-09-07T13:00,5.63,213
2022-09-07T14:00,4.2,218
2022-09-07T15:00,4.3,216
2022-09-07T16:00,3.1,165
2022-09-07T17:00,2.51,151
2022-09-07T18:00,2.62,133
2022-09-07T19:00,2.56,129
2022-09-07T20:00,2.8,125
2022-09-07T21:00,3.41,122
2022-09-07T22:00,3.61,124
2022-09-07T23:00,3.11,132
2022-09-08T00:00,2.64,65
2022-09-08T01:00,3.61,85
2022-09-08T02:00,4.97,115
2022-09-08T03:00,2.14,101
2022-09-08T04:00,1.99,72
2022-09-08T05:00,2.69,138
2022-09-08T06:00,4.18,169
2022-09-08T07:00,3.86,190
2022-09-08T08:00,2.21,175
2022-09-08T09:00,3.61,185
2022-09-08T10:00,4.18,197
2022-09-08T11:00,4.75,202
2022-09-08T12:00,5.81,221
2022-09-08T13:00,4.6,228
2022-09-08T14:00,4.11,221
2022-09-08T15:00,4.9,219
2022-09-08T16:00,4.96,214
2022-09-08T17:00,4.22,211
2022-09-08T18:00,3.54,209
2022-09-08T19:00,3.64,201
2022-09-08T20:00,5.25,211
2022-09-08T21:00,2.7,182
2022-09-08T22:00,3.1,159
2022-09-08T23:00,3.2,178
2022-09-09T00:00,4.32,193
2022-09-09T01:00,4.27,196
2022-09-09T02:00,4.24,195
2022-09-09T03:00,3.9,179
2022-09-09T04:00,4.11,162
2022-09-09T05:00,4.54,166
2022-09-09T06:00,5.22,160
2022-09-09T07:00,6.31,165
2022-09-09T08:00,7.69,171
2022-09-09T09:00,8.0,167
2022-09-09T10:00,6.77,161
2022-09-09T11:00,7.4,171
2022-09-09T12:00,7.7,155
2022-09-09T13:00,6.82,166
2022-09-09T14:00,5.93,174
2022-09-09T15:00,5.53,167
2022-09-09T16:00,5.07,158
2022-09-09T17:00,3.9,181
2022-09-09T18:00,3.2,194
2022-09-09T19:00,2.79,159
2022-09-09T20:00,4.03,150
2022-09-09T21:00,5.0,160
2022-09-09T22:00,4.26,171
2022-09-09T23:00,2.94,170
2022-09-10T00:00,3.05,148
2022-09-10T01:00,3.18,152
2022-09-10T02:00,2.73,152
2022-09-10T03:00,2.97,135
2022-09-10T04:00,1.64,142
2022-09-10T05:00,1.8,109
2022-09-10T06:00,0.94,58
2022-09-10T07:00,2.13,49
2022-09-10T08:00,2.83,42
2022-09-10T09:00,3.42,38
2022-09-10T10:00,3.39,45
2022-09-10T11:00,3.42,38
2022-09-10T12:00,0.41,104
2022-09-10T13:00,2.01,276
2022-09-10T14:00,3.95,261
2022-09-10T15:00,7.58,329
2022-09-10T16:00,6.66,352
2022-09-10T17:00,5.45,353
2022-09-10T18:00,3.51,20
2022-09-10T19:00,2.28,29
2022-09-10T20:00,2.46,27
2022-09-10T21:00,3.89,44
2022-09-10T22:00,3.56,52
2022-09-10T23:00,2.5,37
2022-09-11T00:00,1.5,53
2022-09-11T01:00,1.49,20
2022-09-11T02:00,2.52,353
2022-09-11T03:00,2.79,345
2022-09-11T04:00,2.69,345
2022-09-11T05:00,3.01,339
2022-09-11T06:00,1.88,335
2022-09-11T07:00,2.62,342
2022-09-11T08:00,2.53,351
2022-09-11T09:00,1.91,354
2022-09-11T10:00,1.7,332
2022-09-11T11:00,2.08,325
2022-09-11T12:00,2.63,279
2022-09-11T13:00,2.7,272
2022-09-11T14:00,3.31,275
2022-09-11T15:00,3.13,287
2022-09-11T16:00,2.34,290
2022-09-11T17:00,1.34,297
2022-09-11T18:00,0.14,135
2022-09-11T19:00,2.01,117
2022-09-11T20:00,1.75,121
2022-09-11T21:00,2.33,137
2022-09-11T22:00,1.94,145
2022-09-11T23:00,2.16,146
2022-09-12T00:00,2.42,150
2022-09-12T01:00,3.04,163
2022-09-12T02:00,3.1,165
2022-09-12T03:00,3.61,166
2022-09-12T04:00,4.06,170
2022-09-12T05:00,4.39,168
2022-09-12T06:00,4.75,165
2022-09-12T07:00,4.75,165
2022-09-12T08:00,4.2,180
2022-09-12T09:00,4.4,181
2022-09-12T10:00,5.06,198
2022-09-12T11:00,5.96,215
2022-09-12T12:00,5.44,216
2022-09-12T13:00,5.7,218
2022-09-12T14:00,5.73,224
2022-09-12T15:00,4.81,225
2022-09-12T16:00,5.1,228
2022-09-12T17:00,4.31,224
2022-09-12T18:00,4.47,230
2022-09-12T19:00,4.89,239
2022-09-12T20:00,3.76,230
2022-09-12T21:00,3.61,236
2022-09-12T22:00,4.53,239
2022-09-12T23:00,4.56,244
2022-09-13T00:00,4.31,274
2022-09-13T01:00,4.56,285
2022-09-13T02:00,5.61,301
2022-09-13T03:00,4.46,318
2022-09-13T04:00,3.98,332
2022-09-13T05:00,4.16,336
2022-09-13T06:00,4.24,341
2022-09-13T07:00,3.76,331
2022-09-13T08:00,3.41,320
2022-09-13T09:00,4.06,322
2022-09-13T10:00,4.11,319
2022-09-13T11:00,4.16,325
2022-09-13T12:00,4.02,341
2022-09-13T13:00,4.12,346
2022-09-13T14:00,4.23,353
2022-09-13T15:00,2.73,336
2022-09-13T16:00,3.2,340
2022-09-13T17:00,2.86,335
2022-09-13T18:00,2.85,342
2022-09-13T19:00,1.87,344
2022-09-13T20:00,2.66,340
2022-09-13T21:00,2.0,357
2022-09-13T22:00,2.51,355
2022-09-13T23:00,2.31,355
2022-09-14T00:00,2.81,4
2022-09-14T01:00,2.12,8
2022-09-14T02:00,2.45,12
2022-09-14T03:00,2.06,14
2022-09-14T04:00,2.02,20
2022-09-14T05:00,2.09,17
2022-09-14T06:00,1.58,18
2022-09-14T07:00,1.65,14
2022-09-14T08:00,1.82,9
2022-09-14T09:00,1.33,13
2022-09-14T10:00,1.2,355
2022-09-14T11:00,1.49,340
2022-09-14T12:00,1.4,4
2022-09-14T13:00,2.38,345
2022-09-14T14:00,2.86,335
2022-09-14T15:00,3.58,337
2022-09-14T16:00,3.64,328
2022-09-14T17:00,3.75,316
2022-09-14T18:00,3.58,306
2022-09-14T19:00,4.22,306
2022-09-14T20:00,5.16,316
2022-09-14T21:00,5.03,311
2022-09-14T22:00,5.11,310
2022-09-14T23:00,5.49,327
2022-09-15T00:00,5.28,331
2022-09-15T01:00,6.36,336
2022-09-15T02:00,5.63,327
2022-09-15T03:00,5.89,320
2022-09-15T04:00,7.18,321
2022-09-15T05:00,6.68,321
2022-09-15T06:00,6.73,318
2022-09-15T07:00,7.15,318
2022-09-15T08:00,7.29,317
2022-09-15T09:00,7.29,317
2022-09-15T10:00,6.94,317
2022-09-15T11:00,6.79,316
2022-09-15T12:00,7.95,310
2022-09-15T13:00,7.77,305
2022-09-15T14:00,7.74,306
2022-09-15T15:00,7.14,314
2022-09-15T16:00,7.84,322
2022-09-15T17:00,6.79,315
2022-09-15T18:00,8.07,317
2022-09-15T19:00,7.57,314
2022-09-15T20:00,7.43,317
2022-09-15T21:00,6.86,313
2022-09-15T22:00,6.17,320
2022-09-15T23:00,6.38,325
2022-09-16T00:00,6.93,316
2022-09-16T01:00,7.01,318
2022-09-16T02:00,7.62,322
2022-09-16T03:00,6.39,310
2022-09-16T04:00,7.64,314
2022-09-16T05:00,7.8,319
2022-09-16T06:00,8.08,319
2022-09-16T07:00,8.02,320
2022-09-16T08:00,8.99,317
2022-09-16T09:00,8.44,319
2022-09-16T10:00,9.49,318
2022-09-16T11:00,9.63,318
2022-09-16T12:00,10.03,321
2022-09-16T13:00,9.88,324
2022-09-16T14:00,10.34,318
2022-09-16T15:00,11.43,325
2022-09-16T16:00,11.1,331
2022-09-16T17:00,10.29,328
2022-09-16T18:00,9.78,329
2022-09-16T19:00,9.47,329
2022-09-16T20:00,9.55,340
2022-09-16T21:00,9.81,340
2022-09-16T22:00,10.66,343
2022-09-16T23:00,10.66,340
2022-09-17T00:00,10.11,334
2022-09-17T01:00,9.97,333
2022-09-17T02:00,9.66,328
2022-09-17T03:00,10.19,329
2022-09-17T04:00,10.79,331
2022-09-17T05:00,9.82,327
2022-09-17T06:00,9.28,323
2022-09-17T07:00,9.43,328
2022-09-17T08:00,9.91,329
2022-09-17T09:00,10.96,335
2022-09-17T10:00,9.71,332
2022-09-17T11:00,10.06,332
2022-09-17T12:00,10.14,329
2022-09-17T13:00,10.02,328
2022-09-17T14:00,10.17,330
2022-09-17T15:00,10.04,327
2022-09-17T16:00,9.96,329
2022-09-17T17:00,8.96,325
2022-09-17T18:00,9.62,333
2022-09-17T19:00,9.39,335
2022-09-17T20:00,9.17,335
2022-09-17T21:00,8.99,333
2022-09-17T22:00,8.87,330
2022-09-17T23:00,8.74,327
2022-09-18T00:00,8.0,318
2022-09-18T01:00,8.35,317
2022-09-18T02:00,8.29,318
2022-09-18T03:00,8.61,321
2022-09-18T04:00,8.3,319
2022-09-18T05:00,8.14,317
2022-09-18T06:00,7.29,312
2022-09-18T07:00,8.42,313
2022-09-18T08:00,8.35,318
2022-09-18T09:00,6.81,320
2022-09-18T10:00,7.25,332
2022-09-18T11:00,7.25,332
2022-09-18T12:00,9.27,325
2022-09-18T13:00,9.15,326
2022-09-18T14:00,8.51,330
2022-09-18T15:00,8.59,335
2022-09-18T16:00,9.27,336
2022-09-18T17:00,8.92,340
2022-09-18T18:00,9.15,338
2022-09-18T19:00,7.62,337
2022-09-18T20:00,9.15,344
2022-09-18T21:00,9.19,346
2022-09-18T22:00,8.35,343
2022-09-18T23:00,7.97,340
2022-09-19T00:00,8.21,338
2022-09-19T01:00,7.42,334
2022-09-19T02:00,7.85,329
2022-09-19T03:00,8.78,330
2022-09-19T04:00,8.77,333
2022-09-19T05:00,8.77,333
2022-09-19T06:00,8.01,331
2022-09-19T07:00,7.79,331
2022-09-19T08:00,7.7,330
2022-09-19T09:00,7.75,330
2022-09-19T10:00,7.52,331
2022-09-19T11:00,6.98,333
2022-09-19T12:00,6.93,327
2022-09-19T13:00,7.04,337
2022-09-19T14:00,6.91,338
2022-09-19T15:00,7.11,334
2022-09-19T16:00,7.29,335
2022-09-19T17:00,6.89,334
2022-09-19T18:00,6.26,335
2022-09-19T19:00,6.32,342
2022-09-19T20:00,5.54,340
2022-09-19T21:00,5.09,340
2022-09-19T22:00,5.03,339
2022-09-19T23:00,4.97,335
2022-09-20T00:00,5.61,338
2022-09-20T01:00,5.72,341
2022-09-20T02:00,5.41,344
2022-09-20T03:00,5.14,347
2022-09-20T04:00,5.79,339
2022-09-20T05:00,5.51,344
2022-09-20T06:00,5.54,340
2022-09-20T07:00,5.65,337
2022-09-20T08:00,5.79,339
2022-09-20T09:00,5.31,340
2022-09-20T10:00,5.06,342
2022-09-20T11:00,4.46,351
2022-09-20T12:00,4.75,352
2022-09-20T13:00,3.91,356
2022-09-20T14:00,3.26,349
2022-09-20T15:00,4.04,351
2022-09-20T16:00,4.3,359
2022-09-20T17:00,3.37,12
2022-09-20T18:00,2.25,21
2022-09-20T19:00,2.02,9
2022-09-20T20:00,2.5,2
2022-09-20T21:00,2.51,5
2022-09-20T22:00,1.7,3
2022-09-20T23:00,2.33,25
2022-09-21T00:00,2.08,55
2022-09-21T01:00,2.4,73
2022-09-21T02:00,1.22,99
2022-09-21T03:00,0.1,180
2022-09-21T04:00,0.45,207
2022-09-21T05:00,1.17,200
2022-09-21T06:00,1.24,194
2022-09-21T07:00,2.24,190
2022-09-21T08:00,2.0,180
2022-09-21T09:00,1.8,161
2022-09-21T10:00,1.44,146
2022-09-21T11:00,1.12,153
2022-09-21T12:00,2.14,233
2022-09-21T13:00,2.79,249
2022-09-21T14:00,2.31,252
2022-09-21T15:00,1.84,257
2022-09-21T16:00,1.36,253
2022-09-21T17:00,0.71,188
2022-09-21T18:00,1.25,151
2022-09-21T19:00,1.17,160
2022-09-21T20:00,2.12,161
2022-09-21T21:00,1.97,150
2022-09-21T22:00,2.3,146
2022-09-21T23:00,2.2,150
2022-09-22T00:00,2.36,144
2022-09-22T01:00,2.88,146
2022-09-22T02:00,2.64,151
2022-09-22T03:00,2.1,155
2022-09-22T04:00,2.28,165
2022-09-22T05:00,2.4,163
2022-09-22T06:00,2.97,160
2022-09-22T07:00,3.7,161
2022-09-22T08:00,3.48,162
2022-09-22T09:00,2.91,176
2022-09-22T10:00,3.24,189
2022-09-22T11:00,3.51,200
2022-09-22T12:00,3.4,204
2022-09-22T13:00,3.58,210
2022-09-22T14:00,3.61,222
2022-09-22T15:00,3.41,230
2022-09-22T16:00,3.0,244
2022-09-22T17:00,2.47,249
2022-09-22T18:00,2.27,221
2022-09-22T19:00,1.88,205
2022-09-22T20:00,1.92,189
2022-09-22T21:00,2.59,152
2022-09-22T22:00,2.78,150
2022-09-22T23:00,3.16,162
2022-09-23T00:00,3.55,170
2022-09-23T01:00,3.63,172
2022-09-23T02:00,3.85,171
2022-09-23T03:00,4.0,177
2022-09-23T04:00,4.01,176
2022-09-23T05:00,3.91,176
2022-09-23T06:00,3.52,187
2022-09-23T07:00,3.11,184
2022-09-23T08:00,3.4,178
2022-09-23T09:00,3.4,182
2022-09-23T10:00,2.6,196
2022-09-23T11:00,2.72,216
2022-09-23T12:00,4.06,218
2022-09-23T13:00,3.22,216
2022-09-23T14:00,3.55,220
2022-09-23T15:00,3.41,238
2022-09-23T16:00,2.2,240
2022-09-23T17:00,1.2,270
2022-09-23T18:00,2.14,217
2022-09-23T19:00,1.68,197
2022-09-23T20:00,2.0,183
2022-09-23T21:00,1.55,255
2022-09-23T22:00,0.81,60
2022-09-23T23:00,1.13,45
2022-09-24T00:00,1.36,36
2022-09-24T01:00,2.36,36
2022-09-24T02:00,2.87,29
2022-09-24T03:00,5.26,39
2022-09-24T04:00,6.17,50
2022-09-24T05:00,6.22,45
2022-09-24T06:00,6.62,38
2022-09-24T07:00,6.85,34
2022-09-24T08:00,6.72,30
2022-09-24T09:00,7.02,28
2022-09-24T10:00,6.85,29
2022-09-24T11:00,6.9,30
2022-09-24T12:00,5.59,24
2022-09-24T13:00,6.02,15
2022-09-24T14:00,6.14,16
2022-09-24T15:00,6.32,18
2022-09-24T16:00,6.13,24
2022-09-24T17:00,5.78,23
2022-09-24T18:00,5.7,22
2022-09-24T19:00,5.91,19
2022-09-24T20:00,5.63,17
2022-09-24T21:00,5.28,19
2022-09-24T22:00,4.84,18
2022-09-24T23:00,4.27,16
2022-09-25T00:00,3.8,2
2022-09-25T01:00,3.9,360
2022-09-25T02:00,3.51,5
2022-09-25T03:00,3.04,9
2022-09-25T04:00,3.16,18
2022-09-25T05:00,3.01,21
2022-09-25T06:00,3.41,3
2022-09-25T07:00,3.13,7
2022-09-25T08:00,3.03,352
2022-09-25T09:00,3.54,352
2022-09-25T10:00,3.61,346
2022-09-25T11:00,3.26,342
2022-09-25T12:00,3.71,5
2022-09-25T13:00,2.5,358
2022-09-25T14:00,2.55,318
2022-09-25T15:00,3.77,292
2022-09-25T16:00,4.52,288
2022-09-25T17:00,3.63,278
2022-09-25T18:00,3.31,267
2022-09-25T19:00,3.96,254
2022-09-25T20:00,5.38,260
2022-09-25T21:00,5.63,258
2022-09-25T22:00,6.55,251
2022-09-25T23:00,8.06,247
2022-09-26T00:00,8.47,247
2022-09-26T01:00,8.6,241
2022-09-26T02:00,9.13,235
2022-09-26T03:00,9.5,233
2022-09-26T04:00,9.66,234
2022-09-26T05:00,9.98,232
2022-09-26T06:00,9.84,232
2022-09-26T07:00,9.81,231
2022-09-26T08:00,8.88,236
2022-09-26T09:00,8.01,246
2022-09-26T10:00,6.02,249
2022-09-26T11:00,7.61,267
2022-09-26T12:00,5.9,272
2022-09-26T13:00,6.77,289
2022-09-26T14:00,7.07,299
2022-09-26T15:00,7.58,319
2022-09-26T16:00,5.83,309
2022-09-26T17:00,6.95,337
2022-09-26T18:00,6.36,341
2022-09-26T19:00,7.45,320
2022-09-26T20:00,7.82,328
2022-09-26T21:00,7.57,331
2022-09-26T22:00,7.08,329
2022-09-26T23:00,7.1,328
2022-09-27T00:00,7.2,322
2022-09-27T01:00,8.25,321
2022-09-27T02:00,7.62,308
2022-09-27T03:00,7.86,307
2022-09-27T04:00,6.38,311
2022-09-27T05:00,5.87,313
2022-09-27T06:00,6.94,332
2022-09-27T07:00,7.0,323
2022-09-27T08:00,6.79,316
2022-09-27T09:00,6.22,316
2022-09-27T10:00,5.69,301
2022-09-27T11:00,6.59,300
2022-09-27T12:00,3.71,284
2022-09-27T13:00,5.08,280
2022-09-27T14:00,3.7,251
2022-09-27T15:00,2.67,283
2022-09-27T16:00,2.82,287
2022-09-27T17:00,2.36,306
2022-09-27T18:00,2.44,305
2022-09-27T19:00,1.4,274
2022-09-27T20:00,1.93,249
2022-09-27T21:00,1.53,281
2022-09-27T22:00,1.2,275
2022-09-27T23:00,1.53,259
2022-09-28T00:00,3.49,336
2022-09-28T01:00,3.75,316
2022-09-28T02:00,2.91,333
2022-09-28T03:00,2.15,332
2022-09-28T04:00,2.28,337
2022-09-28T05:00,3.31,331
2022-09-28T06:00,1.63,11
2022-09-28T07:00,1.48,332
2022-09-28T08:00,0.91,6
2022-09-28T09:00,1.34,333
2022-09-28T10:00,2.33,301
2022-09-28T11:00,2.77,311
2022-09-28T12:00,3.07,289
2022-09-28T13:00,3.72,306
2022-09-28T14:00,1.81,264
2022-09-28T15:00,3.92,251
2022-09-28T16:00,5.28,280
2022-09-28T17:00,1.8,251
2022-09-28T18:00,1.96,285
2022-09-28T19:00,1.02,169
2022-09-28T20:00,2.4,182
2022-09-28T21:00,2.24,190
2022-09-28T22:00,2.16,193
2022-09-28T23:00,2.24,190
2022-09-29T00:00,1.7,225
2022-09-29T01:00,0.94,238
2022-09-29T02:00,2.43,81
2022-09-29T03:00,1.63,137
2022-09-29T04:00,1.84,158
2022-09-29T05:00,1.97,156
2022-09-29T06:00,0.78,140
2022-09-29T07:00,0.2,90
2022-09-29T08:00,0.64,141
2022-09-29T09:00,0.89,153
2022-09-29T10:00,0.61,9
2022-09-29T11:00,1.43,12
2022-09-29T12:00,1.14,285
2022-09-29T13:00,2.08,305
2022-09-29T14:00,2.7,309
2022-09-29T15:00,3.14,323
2022-09-29T16:00,2.77,319
2022-09-29T17:00,2.2,330
2022-09-29T18:00,3.71,355
2022-09-29T19:00,2.44,19
2022-09-29T20:00,1.58,35
2022-09-29T21:00,1.49,42
2022-09-29T22:00,0.14,225
2022-09-29T23:00,1.12,243
2022-09-30T00:00,1.66,213
2022-09-30T01:00,2.2,231
2022-09-30T02:00,1.63,259
2022-09-30T03:00,1.43,245
2022-09-30T04:00,1.84,225
2022-09-30T05:00,2.33,227
2022-09-30T06:00,2.38,202
2022-09-30T07:00,3.01,184
2022-09-30T08:00,3.2,182
2022-09-30T09:00,3.52,187
2022-09-30T10:00,4.84,198
2022-09-30T11:00,6.13,208
2022-09-30T12:00,6.74,212
2022-09-30T13:00,7.88,209
2022-09-30T14:00,8.75,211
2022-09-30T15:00,9.32,215
2022-09-30T16:00,9.23,210
2022-09-30T17:00,9.25,202
2022-09-30T18:00,10.69,206
2022-09-30T19:00,11.06,210
2022-09-30T20:00,10.2,204
2022-09-30T21:00,11.33,196
2022-09-30T22:00,11.41,188
2022-09-30T23:00,11.3,181
2022-10-01T00:00,10.93,184
2022-10-01T01:00,11.7,187
2022-10-01T02:00,10.41,196
2022-10-01T03:00,7.99,261
2022-10-01T04:00,6.87,286
2022-10-01T05:00,6.26,283
2022-10-01T06:00,6.41,281
2022-10-01T07:00,7.32,274
2022-10-01T08:00,7.41,268
2022-10-01T09:00,7.31,272
2022-10-01T10:00,8.73,280
2022-10-01T11:00,9.69,278
2022-10-01T12:00,8.73,283
2022-10-01T13:00,8.81,279
2022-10-01T14:00,9.17,277
2022-10-01T15:00,8.39,278
2022-10-01T16:00,7.82,274
2022-10-01T17:00,7.24,276
2022-10-01T18:00,6.3,268
2022-10-01T19:00,7.16,263
2022-10-01T20:00,6.92,259
2022-10-01T21:00,6.74,264
2022-10-01T22:00,6.84,258
2022-10-01T23:00,6.87,257
2022-10-02T00:00,6.4,272
2022-10-02T01:00,6.41,274
2022-10-02T02:00,6.82,281
2022-10-02T03:00,6.61,280
2022-10-02T04:00,6.75,282
2022-10-02T05:00,6.53,285
2022-10-02T06:00,6.28,292
2022-10-02T07:00,6.56,291
2022-10-02T08:00,6.93,297
2022-10-02T09:00,6.91,301
2022-10-02T10:00,7.02,303
2022-10-02T11:00,6.52,306
2022-10-02T12:00,5.74,305
2022-10-02T13:00,5.6,305
2022-10-02T14:00,5.37,297
2022-10-02T15:00,6.04,297
2022-10-02T16:00,6.24,302
2022-10-02T17:00,6.33,309
2022-10-02T18:00,6.22,315
2022-10-02T19:00,5.95,319
2022-10-02T20:00,5.33,320
2022-10-02T21:00,4.88,317
2022-10-02T22:00,4.61,319
2022-10-02T23:00,4.4,321
2022-10-03T00:00,3.82,317
2022-10-03T01:00,3.68,315
2022-10-03T02:00,3.19,319
2022-10-03T03:00,2.84,321
2022-10-03T04:00,2.42,322
2022-10-03T05:00,2.16,304
2022-10-03T06:00,2.25,291
2022-10-03T07:00,2.6,286
2022-10-03T08:00,3.04,287
2022-10-03T09:00,2.79,285
2022-10-03T10:00,3.03,278
2022-10-03T11:00,3.2,268
2022-10-03T12:00,3.45,253
2022-10-03T13:00,3.2,250
2022-10-03T14:00,3.44,244
2022-10-03T15:00,3.18,246
2022-10-03T16:00,2.75,237
2022-10-03T17:00,1.92,219
2022-10-03T18:00,2.46,207
2022-10-03T19:00,3.52,215
2022-10-03T20:00,4.17,224
2022-10-03T21:00,4.25,221
2022-10-03T22:00,3.82,223
2022-10-03T23:00,3.5,211
2022-10-04T00:00,4.75,202
2022-10-04T01:00,4.65,205
2022-10-04T02:00,4.49,197
2022-10-04T03:00,4.37,191
2022-10-04T04:00,4.51,193
2022-10-04T05:00,5.33,186
2022-10-04T06:00,5.81,177
2022-10-04T07:00,6.56,188
2022-10-04T08:00,6.79,194
2022-10-04T09:00,6.36,193
2022-10-04T10:00,6.96,201
2022-10-04T11:00,6.99,204
2022-10-04T12:00,7.5,196
2022-10-04T13:00,8.22,198
2022-10-04T14:00,8.5,207
2022-10-04T15:00,8.32,207
2022-10-04T16:00,8.54,215
2022-10-04T17:00,8.82,219
2022-10-04T18:00,8.63,223
2022-10-04T19:00,8.23,220
2022-10-04T20:00,8.2,224
2022-10-04T21:00,8.2,218
2022-10-04T22:00,8.31,220
2022-10-04T23:00,8.3,221
2022-10-05T00:00,7.95,220
2022-10-05T01:00,9.07,214
2022-10-05T02:00,9.29,214
2022-10-05T03:00,9.29,214
2022-10-05T04:00,9.24,214
2022-10-05T05:00,9.43,212
2022-10-05T06:00,10.03,210
2022-10-05T07:00,10.06,207
2022-10-05T08:00,10.43,209
2022-10-05T09:00,10.92,208
2022-10-05T10:00,11.72,209
2022-10-05T11:00,12.11,211
2022-10-05T12:00,12.17,208
2022-10-05T13:00,12.35,205
2022-10-05T14:00,13.57,212
2022-10-05T15:00,13.38,212
2022-10-05T16:00,13.37,215
2022-10-05T17:00,12.98,214
2022-10-05T18:00,14.23,222
2022-10-05T19:00,8.51,273
2022-10-05T20:00,8.44,256
2022-10-05T21:00,10.41,254
2022-10-05T22:00,10.85,260
2022-10-05T23:00,10.61,267
2022-10-06T00:00,9.34,276
2022-10-06T01:00,10.02,273
2022-10-06T02:00,9.41,268
2022-10-06T03:00,9.11,267
2022-10-06T04:00,8.71,267
2022-10-06T05:00,7.94,264
2022-10-06T06:00,7.61,260
2022-10-06T07:00,7.25,255
2022-10-06T08:00,8.16,251
2022-10-06T09:00,8.71,248
2022-10-06T10:00,8.9,244
2022-10-06T11:00,8.73,240
2022-10-06T12:00,8.85,238
2022-10-06T13:00,8.93,236
2022-10-06T14:00,8.82,235
2022-10-06T15:00,8.21,227
2022-10-06T16:00,7.86,222
2022-10-06T17:00,7.78,227
2022-10-06T18:00,7.28,226
2022-10-06T19:00,6.58,224
2022-10-06T20:00,7.01,222
2022-10-06T21:00,6.01,226
2022-10-06T22:00,5.73,224
2022-10-06T23:00,6.67,230
2022-10-07T00:00,6.22,224
2022-10-07T01:00,6.31,221
2022-10-07T02:00,7.07,225
2022-10-07T03:00,7.81,230
2022-10-07T04:00,8.03,231
2022-10-07T05:00,8.15,228
2022-10-07T06:00,8.58,229
2022-10-07T07:00,8.35,226
2022-10-07T08:00,9.2,223
2022-10-07T09:00,10.12,227
2022-10-07T10:00,10.47,224
2022-10-07T11:00,10.56,222
2022-10-07T12:00,10.35,221
2022-10-07T13:00,9.87,220
2022-10-07T14:00,9.82,215
2022-10-07T15:00,9.9,218
2022-10-07T16:00,9.45,219
2022-10-07T17:00,9.85,221
2022-10-07T18:00,9.99,221
2022-10-07T19:00,9.62,225
2022-10-07T20:00,8.7,232
2022-10-07T21:00,9.9,250
2022-10-07T22:00,8.32,252
2022-10-07T23:00,7.03,265
2022-10-08T00:00,5.57,288
2022-10-08T01:00,5.66,278
2022-10-08T02:00,6.23,276
2022-10-08T03:00,6.41,274
2022-10-08T04:00,6.93,275
2022-10-08T05:00,7.32,280
2022-10-08T06:00,7.24,288
2022-10-08T07:00,7.21,294
2022-10-08T08:00,7.54,292
2022-10-08T09:00,7.67,292
2022-10-08T10:00,7.72,289
2022-10-08T11:00,7.56,288
2022-10-08T12:00,5.79,291
2022-10-08T13:00,6.04,282
2022-10-08T14:00,6.35,277
2022-10-08T15:00,6.73,281
2022-10-08T16:00,6.14,286
2022-10-08T17:00,5.28,289
2022-10-08T18:00,4.46,290
2022-10-08T19:00,4.52,295
2022-10-08T20:00,3.9,293
2022-10-08T21:00,3.2,290
2022-10-08T22:00,1.99,288
2022-10-08T23:00,2.43,279
2022-10-09T00:00,2.7,268
2022-10-09T01:00,1.7,230
2022-10-09T02:00,2.42,173
2022-10-09T03:00,2.55,154
2022-10-09T04:00,3.7,161
2022-10-09T05:00,4.04,171
2022-10-09T06:00,3.96,170
2022-10-09T07:00,4.73,167
2022-10-09T08:00,4.79,169
2022-10-09T09:00,4.81,176
2022-10-09T10:00,5.21,183
2022-10-09T11:00,5.21,183
2022-10-09T12:00,5.1,180
2022-10-09T13:00,4.61,176
2022-10-09T14:00,4.36,171
2022-10-09T15:00,4.33,161
2022-10-09T16:00,3.81,157
2022-10-09T17:00,2.82,153
2022-10-09T18:00,3.02,146
2022-10-09T19:00,4.06,142
2022-10-09T20:00,5.27,147
2022-10-09T21:00,5.59,153
2022-10-09T22:00,5.74,157
2022-10-09T23:00,5.79,162
2022-10-10T00:00,5.41,168
2022-10-10T01:00,5.36,171
2022-10-10T02:00,5.42,175
2022-10-10T03:00,5.41,177
2022-10-10T04:00,5.2,179
2022-10-10T05:00,5.41,183
2022-10-10T06:00,4.92,193
2022-10-10T07:00,4.92,204
2022-10-10T08:00,4.6,222
2022-10-10T09:00,5.52,265
2022-10-10T10:00,6.23,276
2022-10-10T11:00,6.31,274
2022-10-10T12:00,7.73,320
2022-10-10T13:00,7.47,309
2022-10-10T14:00,7.89,309
2022-10-10T15:00,7.43,313
2022-10-10T16:00,7.0,313
2022-10-10T17:00,6.73,312
2022-10-10T18:00,6.29,314
2022-10-10T19:00,6.01,316
2022-10-10T20:00,5.94,315
2022-10-10T21:00,5.37,315
2022-10-10T22:00,5.25,320
2022-10-10T23:00,4.64,323
2022-10-11T00:00,3.04,314
2022-10-11T01:00,2.64,295
2022-10-11T02:00,3.09,299
2022-10-11T03:00,3.31,299
2022-10-11T04:00,3.09,295
2022-10-11T05:00,3.0,296
2022-10-11T06:00,2.73,294
2022-10-11T07:00,2.92,292
2022-10-11T08:00,3.38,289
2022-10-11T09:00,4.12,284
2022-10-11T10:00,3.92,276
2022-10-11T11:00,3.31,273
2022-10-11T12:00,3.5,270
2022-10-11T13:00,3.7,272
2022-10-11T14:00,3.21,274
2022-10-11T15:00,2.81,274
2022-10-11T16:00,1.92,279
2022-10-11T17:00,2.24,297
2022-10-11T18:00,1.49,312
2022-10-11T19:00,0.32,198
2022-10-11T20:00,1.49,160
2022-10-11T21:00,1.53,148
2022-10-11T22:00,1.72,144
2022-10-11T23:00,2.06,157
2022-10-12T00:00,2.68,153
2022-10-12T01:00,3.27,157
2022-10-12T02:00,3.01,165
2022-10-12T03:00,2.69,165
2022-10-12T04:00,2.38,165
2022-10-12T05:00,2.38,158
2022-10-12T06:00,2.82,157
2022-10-12T07:00,3.4,166
2022-10-12T08:00,3.86,170
2022-10-12T09:00,3.21,176
2022-10-12T10:00,3.51,185
2022-10-12T11:00,3.9,180
2022-10-12T12:00,4.0,179
2022-10-12T13:00,4.46,200
2022-10-12T14:00,4.09,202
2022-10-12T15:00,3.67,206
2022-10-12T16:00,3.0,206
2022-10-12T17:00,2.67,193
2022-10-12T18:00,3.29,200
2022-10-12T19:00,2.96,192
2022-10-12T20:00,3.31,205
2022-10-12T21:00,3.48,198
2022-10-12T22:00,3.65,189
2022-10-12T23:00,5.26,171
2022-10-13T00:00,3.04,224
2022-10-13T01:00,2.63,189
2022-10-13T02:00,4.33,187
2022-10-13T03:00,4.02,199
2022-10-13T04:00,4.19,230
2022-10-13T05:00,4.2,245
2022-10-13T06:00,4.61,246
2022-10-13T07:00,4.83,243
2022-10-13T08:00,3.0,240
2022-10-13T09:00,2.86,245
2022-10-13T10:00,2.53,261
2022-10-13T11:00,2.92,248
2022-10-13T12:00,2.36,324
2022-10-13T13:00,2.77,334
2022-10-13T14:00,2.44,341
2022-10-13T15:00,2.14,349
2022-10-13T16:00,0.86,36
2022-10-13T17:00,1.82,351
2022-10-13T18:00,1.75,347
2022-10-13T19:00,1.39,339
2022-10-13T20:00,2.56,321
2022-10-13T21:00,1.53,302
2022-10-13T22:00,1.21,204
2022-10-13T23:00,2.21,175
2022-10-14T00:00,1.68,163
2022-10-14T01:00,1.42,141
2022-10-14T02:00,1.71,159
2022-10-14T03:00,2.73,172
2022-10-14T04:00,2.22,144
2022-10-14T05:00,2.73,152
2022-10-14T06:00,3.26,140
2022-10-14T07:00,4.22,144
2022-10-14T08:00,4.16,145
2022-10-14T09:00,3.86,149
2022-10-14T10:00,3.26,162
2022-10-14T11:00,3.88,192
2022-10-14T12:00,5.01,183
2022-10-14T13:00,4.34,206
2022-10-14T14:00,4.81,249
2022-10-14T15:00,6.16,283
2022-10-14T16:00,4.0,270
2022-10-14T17:00,3.77,238
2022-10-14T18:00,4.46,226
2022-10-14T19:00,5.2,232
2022-10-14T20:00,4.92,246
2022-10-14T21:00,4.2,245
2022-10-14T22:00,4.28,233
2022-10-14T23:00,4.68,228
2022-10-15T00:00,2.91,243
2022-10-15T01:00,2.6,247
2022-10-15T02:00,2.33,223
2022-10-15T03:00,2.3,214
2022-10-15T04:00,2.24,207
2022-10-15T05:00,2.4,197
2022-10-15T06:00,3.21,176
2022-10-15T07:00,5.0,178
2022-10-15T08:00,6.72,184
2022-10-15T09:00,6.81,183
2022-10-15T10:00,6.81,177
2022-10-15T11:00,8.17,195
2022-10-15T12:00,8.1,204
2022-10-15T13:00,7.47,219
2022-10-15T14:00,6.26,231
2022-10-15T15:00,6.99,236
2022-10-15T16:00,6.87,228
2022-10-15T17:00,7.28,224
2022-10-15T18:00,8.29,210
2022-10-15T19:00,9.41,223
2022-10-15T20:00,9.57,221
2022-10-15T21:00,9.79,220
2022-10-15T22:00,8.81,219
2022-10-15T23:00,9.18,218
2022-10-16T00:00,10.74,219
2022-10-16T01:00,10.92,217
2022-10-16T02:00,9.95,219
2022-10-16T03:00,9.55,223
2022-10-16T04:00,10.18,226
2022-10-16T05:00,9.21,214
2022-10-16T06:00,9.75,219
2022-10-16T07:00,9.48,226
2022-10-16T08:00,9.38,234
2022-10-16T09:00,9.79,243
2022-10-16T10:00,9.26,245
2022-10-16T11:00,8.51,250
2022-10-16T12:00,6.58,246
2022-10-16T13:00,6.19,236
2022-10-16T14:00,5.87,226
2022-10-16T15:00,4.48,219
2022-10-16T16:00,4.07,205
2022-10-16T17:00,3.26,198
2022-10-16T18:00,1.7,152
2022-10-16T19:00,1.75,121
2022-10-16T20:00,3.11,123
2022-10-16T21:00,3.89,116
2022-10-16T22:00,4.96,124
2022-10-16T23:00,5.6,125
2022-10-17T00:00,5.14,143
2022-10-17T01:00,4.56,142
2022-10-17T02:00,4.74,132
2022-10-17T03:00,5.46,152
2022-10-17T04:00,5.95,172
2022-10-17T05:00,6.23,186
2022-10-17T06:00,6.82,194
2022-10-17T07:00,6.65,201
2022-10-17T08:00,7.57,214
2022-10-17T09:00,7.62,203
2022-10-17T10:00,6.95,210
2022-10-17T11:00,6.54,209
2022-10-17T12:00,7.5,226
2022-10-17T13:00,7.02,216
2022-10-17T14:00,7.02,221
2022-10-17T15:00,7.08,222
2022-10-17T16:00,6.01,223
2022-10-17T17:00,5.83,219
2022-10-17T18:00,5.89,220
2022-10-17T19:00,5.75,230
2022-10-17T20:00,5.81,243
2022-10-17T21:00,4.88,247
2022-10-17T22:00,4.34,244
2022-10-17T23:00,4.02,251
2022-10-18T00:00,3.51,275
2022-10-18T01:00,3.86,280
2022-10-18T02:00,2.96,282
2022-10-18T03:00,3.08,283
2022-10-18T04:00,3.01,291
2022-10-18T05:00,2.42,294
2022-10-18T06:00,2.21,288
2022-10-18T07:00,2.44,289
2022-10-18T08:00,2.94,288
2022-10-18T09:00,3.38,289
2022-10-18T10:00,3.58,300
2022-10-18T11:00,3.76,299
2022-10-18T12:00,4.24,315
2022-10-18T13:00,3.91,320
2022-10-18T14:00,3.5,323
2022-10-18T15:00,2.95,332
2022-10-18T16:00,2.85,342
2022-10-18T17:00,2.26,347
2022-10-18T18:00,1.84,347
2022-10-18T19:00,2.11,355
2022-10-18T20:00,2.32,7
2022-10-18T21:00,2.26,13
2022-10-18T22:00,2.55,26
2022-10-18T23:00,2.16,34
2022-10-19T00:00,3.09,29
2022-10-19T01:00,2.76,46
2022-10-19T02:00,2.2,60
2022-10-19T03:00,2.37,62
2022-10-19T04:00,2.86,65
2022-10-19T05:00,3.7,71
2022-10-19T06:00,3.83,83
2022-10-19T07:00,4.3,90
2022-10-19T08:00,5.1,90
2022-10-19T09:00,5.04,97
2022-10-19T10:00,6.13,96
2022-10-19T11:00,6.12,101
2022-10-19T12:00,6.73,101
2022-10-19T13:00,6.06,103
2022-10-19T14:00,5.64,97
2022-10-19T15:00,5.54,97
2022-10-19T16:00,5.93,96
2022-10-19T17:00,6.33,95
2022-10-19T18:00,6.56,98
2022-10-19T19:00,7.38,99
2022-10-19T20:00,7.53,101
2022-10-19T21:00,7.5,106
2022-10-19T22:00,7.05,108
2022-10-19T23:00,6.22,114
2022-10-20T00:00,6.71,110
2022-10-20T01:00,6.84,115
2022-10-20T02:00,6.4,117
2022-10-20T03:00,6.71,115
2022-10-20T04:00,6.99,114
2022-10-20T05:00,6.85,119
2022-10-20T06:00,6.24,122
2022-10-20T07:00,6.08,126
2022-10-20T08:00,5.95,115
2022-10-20T09:00,5.9,116
2022-10-20T10:00,5.24,125
2022-10-20T11:00,4.47,124
2022-10-20T12:00,6.22,154
2022-10-20T13:00,5.34,167
2022-10-20T14:00,5.41,164
2022-10-20T15:00,5.05,172
2022-10-20T16:00,4.3,183
2022-10-20T17:00,4.27,164
2022-10-20T18:00,5.0,164
2022-10-20T19:00,4.85,172
2022-10-20T20:00,4.98,170
2022-10-20T21:00,4.43,174
2022-10-20T22:00,3.96,170
2022-10-20T23:00,3.91,176
2022-10-21T00:00,4.75,202
2022-10-21T01:00,2.35,168
2022-10-21T02:00,3.68,137
2022-10-21T03:00,2.28,165
2022-10-21T04:00,3.04,153
2022-10-21T05:00,3.45,158
2022-10-21T06:00,4.1,179
2022-10-21T07:00,3.86,170
2022-10-21T08:00,4.37,164
2022-10-21T09:00,4.4,181
2022-10-21T10:00,5.29,202
2022-10-21T11:00,5.92,202
2022-10-21T12:00,4.66,203
2022-10-21T13:00,4.46,189
2022-10-21T14:00,6.18,203
2022-10-21T15:00,5.11,203
2022-10-21T16:00,5.37,209
2022-10-21T17:00,3.86,197
2022-10-21T18:00,3.59,167
2022-10-21T19:00,5.82,185
2022-10-21T20:00,5.21,183
2022-10-21T21:00,4.61,184
2022-10-21T22:00,4.5,181
2022-10-21T23:00,4.6,181
2022-10-22T00:00,4.81,184
2022-10-22T01:00,4.5,181
2022-10-22T02:00,5.4,179
2022-10-22T03:00,6.34,186
2022-10-22T04:00,6.32,191
2022-10-22T05:00,6.84,192
2022-10-22T06:00,6.95,203
2022-10-22T07:00,6.87,196
2022-10-22T08:00,7.89,210
2022-10-22T09:00,7.32,231
2022-10-22T10:00,7.8,247
2022-10-22T11:00,7.2,245
2022-10-22T12:00,6.01,252
2022-10-22T13:00,6.09,240
2022-10-22T14:00,6.85,236
2022-10-22T15:00,6.71,237
2022-10-22T16:00,6.28,233
2022-10-22T17:00,5.17,229
2022-10-22T18:00,4.0,217
2022-10-22T19:00,3.36,203
2022-10-22T20:00,3.67,197
2022-10-22T21:00,3.03,172
2022-10-22T22:00,3.35,163
2022-10-22T23:00,3.09,151
2022-10-23T00:00,2.64,151
2022-10-23T01:00,3.0,143
2022-10-23T02:00,3.26,140
2022-10-23T03:00,3.56,142
2022-10-23T04:00,3.89,134
2022-10-23T05:00,3.96,133
2022-10-23T06:00,4.28,127
2022-10-23T07:00,4.96,132
2022-10-23T08:00,5.34,128
2022-10-23T09:00,5.88,125
2022-10-23T10:00,5.96,125
2022-10-23T11:00,6.01,133
2022-10-23T12:00,6.39,130
2022-10-23T13:00,6.79,133
2022-10-23T14:00,6.11,140
2022-10-23T15:00,5.32,152
2022-10-23T16:00,4.42,142
2022-10-23T17:00,3.91,177
2022-10-23T18:00,6.43,175
2022-10-23T19:00,8.0,179
2022-10-23T20:00,7.89,189
2022-10-23T21:00,8.76,197
2022-10-23T22:00,8.58,201
2022-10-23T23:00,7.83,194
2022-10-24T00:00,9.17,194
2022-10-24T01:00,7.51,177
2022-10-24T02:00,8.73,185
2022-10-24T03:00,9.36,190
2022-10-24T04:00,10.04,195
2022-10-24T05:00,11.06,195
2022-10-24T06:00,13.16,204
2022-10-24T07:00,13.4,210
2022-10-24T08:00,12.78,217
2022-10-24T09:00,12.73,214
2022-10-24T10:00,11.88,224
2022-10-24T11:00,11.77,238
2022-10-24T12:00,9.28,240
2022-10-24T13:00,9.76,224
2022-10-24T14:00,8.78,222
2022-10-24T15:00,7.28,224
2022-10-24T16:00,7.85,227
2022-10-24T17:00,8.7,232
2022-10-24T18:00,8.5,222
2022-10-24T19:00,8.93,229
2022-10-24T20:00,8.99,228
2022-10-24T21:00,9.07,229
2022-10-24T22:00,9.08,229
2022-10-24T23:00,8.27,225
2022-10-25T00:00,7.55,238
2022-10-25T01:00,6.89,251
2022-10-25T02:00,6.84,243
2022-10-25T03:00,6.93,252
2022-10-25T04:00,7.09,254
2022-10-25T05:00,6.99,253
2022-10-25T06:00,6.5,247
2022-10-25T07:00,6.44,242
2022-10-25T08:00,6.94,245
2022-10-25T09:00,6.75,243
2022-10-25T10:00,7.26,247
2022-10-25T11:00,7.0,248
2022-10-25T12:00,6.14,240
2022-10-25T13:00,5.74,229
2022-10-25T14:00,5.95,228
2022-10-25T15:00,5.88,228
2022-10-25T16:00,5.62,219
2022-10-25T17:00,4.92,207
2022-10-25T18:00,4.87,199
2022-10-25T19:00,3.83,187
2022-10-25T20:00,3.51,175
2022-10-25T21:00,3.32,159
2022-10-25T22:00,3.33,147
2022-10-25T23:00,3.47,147
2022-10-26T00:00,3.61,146
2022-10-26T01:00,3.91,148
2022-10-26T02:00,4.3,144
2022-10-26T03:00,4.6,146
2022-10-26T04:00,4.88,145
2022-10-26T05:00,5.3,148
2022-10-26T06:00,5.41,152
2022-10-26T07:00,6.09,157
2022-10-26T08:00,6.04,164
2022-10-26T09:00,5.31,177
2022-10-26T10:00,7.08,203
2022-10-26T11:00,7.21,204
2022-10-26T12:00,7.82,219
2022-10-26T13:00,7.96,215
2022-10-26T14:00,7.16,208
2022-10-26T15:00,8.51,214
2022-10-26T16:00,8.6,213
2022-10-26T17:00,8.58,216
2022-10-26T18:00,8.17,220
2022-10-26T19:00,7.59,220
2022-10-26T20:00,8.13,225
2022-10-26T21:00,7.5,226
2022-10-26T22:00,7.07,224
2022-10-26T23:00,6.44,216
2022-10-27T00:00,5.37,204
2022-10-27T01:00,5.78,203
2022-10-27T02:00,5.86,205
2022-10-27T03:00,4.03,166
2022-10-27T04:00,3.96,159
2022-10-27T05:00,4.0,167
2022-10-27T06:00,4.17,150
2022-10-27T07:00,4.84,150
2022-10-27T08:00,5.79,159
2022-10-27T09:00,6.69,158
2022-10-27T10:00,6.84,153
2022-10-27T11:00,7.25,152
2022-10-27T12:00,7.13,174
2022-10-27T13:00,8.39,165
2022-10-27T14:00,6.9,178
2022-10-27T15:00,6.93,175
2022-10-27T16:00,6.08,171
2022-10-27T17:00,6.0,178
2022-10-27T18:00,6.52,184
2022-10-27T19:00,6.48,193
2022-10-27T20:00,6.26,197
2022-10-27T21:00,5.98,198
2022-10-27T22:00,5.28,199
2022-10-27T23:00,4.92,193
2022-10-28T00:00,4.08,191
2022-10-28T01:00,5.03,197
2022-10-28T02:00,2.57,193
2022-10-28T03:00,3.21,175
2022-10-28T04:00,3.42,159
2022-10-28T05:00,3.86,163
2022-10-28T06:00,4.47,170
2022-10-28T07:00,5.3,181
2022-10-28T08:00,5.8,180
2022-10-28T09:00,6.05,188
2022-10-28T10:00,6.22,191
2022-10-28T11:00,6.96,198
2022-10-28T12:00,7.31,210
2022-10-28T13:00,7.75,219
2022-10-28T14:00,8.46,231
2022-10-28T15:00,7.23,229
2022-10-28T16:00,6.64,217
2022-10-28T17:00,7.18,235
2022-10-28T18:00,6.05,239
2022-10-28T19:00,5.33,240
2022-10-28T20:00,4.21,242
2022-10-28T21:00,3.64,238
2022-10-28T22:00,3.44,244
2022-10-28T23:00,1.93,249
2022-10-29T00:00,2.96,258
2022-10-29T01:00,2.28,232
2022-10-29T02:00,1.49,228
2022-10-29T03:00,1.53,169
2022-10-29T04:00,2.18,164
2022-10-29T05:00,3.04,163
2022-10-29T06:00,2.51,151
2022-10-29T07:00,2.33,155
2022-10-29T08:00,3.53,155
2022-10-29T09:00,3.91,167
2022-10-29T10:00,4.84,128
2022-10-29T11:00,5.27,147
2022-10-29T12:00,3.61,136
2022-10-29T13:00,4.66,165
2022-10-29T14:00,5.02,174
2022-10-29T15:00,4.54,194
2022-10-29T16:00,3.22,173
2022-10-29T17:00,2.31,175
2022-10-29T18:00,3.2,141
2022-10-29T19:00,4.57,151
2022-10-29T20:00,4.69,169
2022-10-29T21:00,5.51,183
2022-10-29T22:00,6.35,206
2022-10-29T23:00,6.2,218
2022-10-30T00:00,4.68,222
2022-10-30T01:00,5.03,229
2022-10-30T02:00,4.89,229
2022-10-30T03:00,5.12,231
2022-10-30T04:00,4.44,239
2022-10-30T05:00,3.55,220
2022-10-30T06:00,3.49,207
2022-10-30T07:00,3.47,192
2022-10-30T08:00,4.33,187
2022-10-30T09:00,4.08,191
2022-10-30T10:00,4.25,204
2022-10-30T11:00,4.22,216
2022-10-30T12:00,2.47,249
2022-10-30T13:00,2.47,256
2022-10-30T14:00,2.14,233
2022-10-30T15:00,3.73,188
2022-10-30T16:00,4.39,210
2022-10-30T17:00,6.57,237
2022-10-30T18:00,5.02,227
2022-10-30T19:00,4.95,223
2022-10-30T20:00,4.94,212
2022-10-30T21:00,5.66,224
2022-10-30T22:00,5.94,225
2022-10-30T23:00,5.87,226
2022-10-31T00:00,5.45,223
2022-10-31T01:00,5.52,222
2022-10-31T02:00,4.63,213
2022-10-31T03:00,4.2,205
2022-10-31T04:00,4.56,206
2022-10-31T05:00,3.93,195
2022-10-31T06:00,3.51,183
2022-10-31T07:00,3.42,165
2022-10-31T08:00,3.91,167
2022-10-31T09:00,4.0,167
2022-10-31T10:00,3.32,159
2022-10-31T11:00,3.49,156
2022-10-31T12:00,3.94,156
2022-10-31T13:00,3.76,140
2022-10-31T14:00,3.74,124
2022-10-31T15:00,3.64,106
2022-10-31T16:00,5.15,98
2022-10-31T17:00,5.8,105
2022-10-31T18:00,6.16,103
2022-10-31T19:00,6.1,108
2022-10-31T20:00,6.32,125
2022-10-31T21:00,6.91,146
2022-10-31T22:00,6.49,155
2022-10-31T23:00,6.67,156
2022-11-01T00:00,7.58,172
2022-11-01T01:00,8.5,171
2022-11-01T02:00,8.93,170
2022-11-01T03:00,10.94,194
2022-11-01T04:00,11.6,209
2022-11-01T05:00,11.76,207
2022-11-01T06:00,13.51,197
2022-11-01T07:00,14.62,207
2022-11-01T08:00,14.01,223
2022-11-01T09:00,13.41,230
2022-11-01T10:00,13.08,225
2022-11-01T11:00,14.03,222
2022-11-01T12:00,11.93,213
2022-11-01T13:00,12.16,206
2022-11-01T14:00,11.74,203
2022-11-01T15:00,10.91,199
2022-11-01T16:00,11.95,198
2022-11-01T17:00,13.02,209
2022-11-01T18:00,11.06,204
2022-11-01T19:00,10.69,206
2022-11-01T20:00,10.41,200
2022-11-01T21:00,11.9,206
2022-11-01T22:00,12.13,212
2022-11-01T23:00,12.17,205
2022-11-02T00:00,9.58,209
2022-11-02T01:00,11.61,211
2022-11-02T02:00,10.61,225
2022-11-02T03:00,9.1,216
2022-11-02T04:00,9.94,241
2022-11-02T05:00,10.22,250
2022-11-02T06:00,11.34,265
2022-11-02T07:00,10.47,263
2022-11-02T08:00,10.21,262
2022-11-02T09:00,9.85,255
2022-11-02T10:00,10.25,253
2022-11-02T11:00,9.23,247
2022-11-02T12:00,8.6,237
2022-11-02T13:00,8.91,227
2022-11-02T14:00,8.18,215
2022-11-02T15:00,8.57,199
2022-11-02T16:00,8.54,196
2022-11-02T17:00,9.53,193
2022-11-02T18:00,9.79,188
2022-11-02T19:00,9.35,186
2022-11-02T20:00,9.63,184
2022-11-02T21:00,10.26,186
2022-11-02T22:00,10.38,187
2022-11-02T23:00,11.2,191
2022-11-03T00:00,11.14,192
2022-11-03T01:00,11.59,190
2022-11-03T02:00,11.67,194
2022-11-03T03:00,11.13,198
2022-11-03T04:00,10.32,196
2022-11-03T05:00,9.97,187
2022-11-03T06:00,9.77,187
2022-11-03T07:00,9.51,182
2022-11-03T08:00,9.4,181
2022-11-03T09:00,9.82,184
2022-11-03T10:00,8.65,174
2022-11-03T11:00,8.02,170
2022-11-03T12:00,8.46,173
2022-11-03T13:00,6.79,166
2022-11-03T14:00,6.57,193
2022-11-03T15:00,4.4,179
2022-11-03T16:00,5.98,170
2022-11-03T17:00,6.0,178
2022-11-03T18:00,7.52,176
2022-11-03T19:00,6.6,179
2022-11-03T20:00,7.21,183
2022-11-03T21:00,5.19,242
2022-11-03T22:00,7.42,314
2022-11-03T23:00,5.3,306
2022-11-04T00:00,6.31,297
2022-11-04T01:00,5.87,313
2022-11-04T02:00,5.76,309
2022-11-04T03:00,4.27,291
2022-11-04T04:00,4.18,312
2022-11-04T05:00,2.21,265
2022-11-04T06:00,2.15,292
2022-11-04T07:00,2.58,306
2022-11-04T08:00,3.96,317
2022-11-04T09:00,4.25,319
2022-11-04T10:00,4.91,327
2022-11-04T11:00,5.34,322
2022-11-04T12:00,4.12,321
2022-11-04T13:00,5.05,326
2022-11-04T14:00,5.2,322
2022-11-04T15:00,5.17,317
2022-11-04T16:00,5.28,323
2022-11-04T17:00,3.75,316
2022-11-04T18:00,3.47,316
2022-11-04T19:00,3.12,310
2022-11-04T20:00,3.0,300
2022-11-04T21:00,3.99,292
2022-11-04T22:00,3.91,283
2022-11-04T23:00,3.69,283
2022-11-05T00:00,3.55,292
2022-11-05T01:00,3.21,275
2022-11-05T02:00,3.21,274
2022-11-05T03:00,2.7,268
2022-11-05T04:00,3.83,250
2022-11-05T05:00,4.21,252
2022-11-05T06:00,3.92,251
2022-11-05T07:00,4.9,258
2022-11-05T08:00,5.73,245
2022-11-05T09:00,6.09,247
2022-11-05T10:00,6.45,246
2022-11-05T11:00,6.85,241
2022-11-05T12:00,7.18,235
2022-11-05T13:00,7.61,231
2022-11-05T14:00,6.93,225
2022-11-05T15:00,6.61,219
2022-11-05T16:00,7.18,215
2022-11-05T17:00,7.31,197
2022-11-05T18:00,8.01,196
2022-11-05T19:00,9.08,201
2022-11-05T20:00,9.71,200
2022-11-05T21:00,10.22,203
2022-11-05T22:00,10.53,203
2022-11-05T23:00,10.72,202
2022-11-06T00:00,10.79,203
2022-11-06T01:00,11.78,204
2022-11-06T02:00,11.5,209
2022-11-06T03:00,10.82,208
2022-11-06T04:00,9.63,204
2022-11-06T05:00,8.83,200
2022-11-06T06:00,8.76,197
2022-11-06T07:00,9.1,192
2022-11-06T08:00,8.88,188
2022-11-06T09:00,9.49,188
2022-11-06T10:00,8.65,186
2022-11-06T11:00,8.21,182
2022-11-06T12:00,8.16,173
2022-11-06T13:00,9.04,185
2022-11-06T14:00,9.67,187
2022-11-06T15:00,9.3,180
2022-11-06T16:00,9.8,180
2022-11-06T17:00,9.77,187
2022-11-06T18:00,8.93,190
2022-11-06T19:00,10.03,189
2022-11-06T20:00,11.58,206
2022-11-06T21:00,10.82,226
2022-11-06T22:00,10.79,230
2022-11-06T23:00,9.71,235
2022-11-07T00:00,9.46,237
2022-11-07T01:00,10.27,239
2022-11-07T02:00,8.82,231
2022-11-07T03:00,9.47,239
2022-11-07T04:00,9.9,232
2022-11-07T05:00,8.2,224
2022-11-07T06:00,7.75,219
2022-11-07T07:00,8.2,226
2022-11-07T08:00,8.35,222
2022-11-07T09:00,7.78,226
2022-11-07T10:00,8.7,224
2022-11-07T11:00,9.06,223
2022-11-07T12:00,9.39,219
2022-11-07T13:00,9.87,214
2022-11-07T14:00,9.76,213
2022-11-07T15:00,9.78,211
2022-11-07T16:00,10.0,211
2022-11-07T17:00,9.04,209
2022-11-07T18:00,9.6,214
2022-11-07T19:00,9.55,211
2022-11-07T20:00,9.04,209
2022-11-07T21:00,9.17,205
2022-11-07T22:00,9.51,202
2022-11-07T23:00,9.2,197
2022-11-08T00:00,8.3,193
2022-11-08T01:00,8.71,193
2022-11-08T02:00,8.83,190
2022-11-08T03:00,8.0,180
2022-11-08T04:00,8.64,175
2022-11-08T05:00,8.36,173
2022-11-08T06:00,8.49,168
2022-11-08T07:00,8.72,176
2022-11-08T08:00,8.68,188
2022-11-08T09:00,8.58,188
2022-11-08T10:00,9.99,194
2022-11-08T11:00,9.88,196
2022-11-08T12:00,10.75,203
2022-11-08T13:00,9.19,202
2022-11-08T14:00,9.39,194
2022-11-08T15:00,9.32,192
2022-11-08T16:00,9.35,186
2022-11-08T17:00,9.55,203
2022-11-08T18:00,10.8,211
2022-11-08T19:00,11.54,214
2022-11-08T20:00,11.37,209
2022-11-08T21:00,10.6,212
2022-11-08T22:00,9.57,212
2022-11-08T23:00,10.35,215
2022-11-09T00:00,9.3,207
2022-11-09T01:00,10.63,215
2022-11-09T02:00,10.04,218
2022-11-09T03:00,10.56,221
2022-11-09T04:00,10.34,222
2022-11-09T05:00,10.42,217
2022-11-09T06:00,9.96,216
2022-11-09T07:00,9.04,215
2022-11-09T08:00,8.96,219
2022-11-09T09:00,9.86,220
2022-11-09T10:00,9.18,218
2022-11-09T11:00,9.6,219
2022-11-09T12:00,8.62,218
2022-11-09T13:00,8.57,236
2022-11-09T14:00,7.78,244
2022-11-09T15:00,7.87,252
2022-11-09T16:00,7.13,255
2022-11-09T17:00,7.11,256
2022-11-09T18:00,7.14,259
2022-11-09T19:00,7.4,261
2022-11-09T20:00,7.06,263
2022-11-09T21:00,6.84,264
2022-11-09T22:00,6.1,260
2022-11-09T23:00,6.12,259
2022-11-10T00:00,5.66,262
2022-11-10T01:00,6.48,257
2022-11-10T02:00,6.61,250
2022-11-10T03:00,7.32,248
2022-11-10T04:00,7.79,246
2022-11-10T05:00,7.75,240
2022-11-10T06:00,8.54,244
2022-11-10T07:00,8.71,238
2022-11-10T08:00,8.8,238
2022-11-10T09:00,9.38,234
2022-11-10T10:00,10.18,237
2022-11-10T11:00,10.63,239
2022-11-10T12:00,10.01,236
2022-11-10T13:00,9.65,230
2022-11-10T14:00,9.4,225
2022-11-10T15:00,9.26,225
2022-11-10T16:00,9.23,220
2022-11-10T17:00,9.68,213
2022-11-10T18:00,9.94,216
2022-11-10T19:00,10.5,217
2022-11-10T20:00,10.62,218
2022-11-10T21:00,10.26,222
2022-11-10T22:00,10.42,221
2022-11-10T23:00,10.28,221
2022-11-11T00:00,10.51,220
2022-11-11T01:00,10.71,221
2022-11-11T02:00,10.61,224
2022-11-11T03:00,10.4,224
2022-11-11T04:00,10.51,220
2022-11-11T05:00,10.42,217
2022-11-11T06:00,10.23,219
2022-11-11T07:00,9.9,224
2022-11-11T08:00,9.6,219
2022-11-11T09:00,9.26,218
2022-11-11T10:00,9.46,216
2022-11-11T11:00,9.5,217
2022-11-11T12:00,9.32,215
2022-11-11T13:00,9.24,216
2022-11-11T14:00,9.27,223
2022-11-11T15:00,7.72,222
2022-11-11T16:00,6.82,215
2022-11-11T17:00,6.54,209
2022-11-11T18:00,6.37,202
2022-11-11T19:00,6.02,195
2022-11-11T20:00,6.22,204
2022-11-11T21:00,5.77,208
2022-11-11T22:00,5.42,210
2022-11-11T23:00,4.96,208
2022-11-12T00:00,3.86,201
2022-11-12T01:00,3.36,203
2022-11-12T02:00,3.13,197
2022-11-12T03:00,2.94,190
2022-11-12T04:00,2.81,176
2022-11-12T05:00,3.21,175
2022-11-12T06:00,3.3,180
2022-11-12T07:00,2.9,178
2022-11-12T08:00,3.14,171
2022-11-12T09:00,3.2,166
2022-11-12T10:00,2.96,168
2022-11-12T11:00,3.08,167
2022-11-12T12:00,2.97,160
2022-11-12T13:00,2.59,152
2022-11-12T14:00,2.7,141
2022-11-12T15:00,3.0,143
2022-11-12T16:00,3.08,144
2022-11-12T17:00,3.22,144
2022-11-12T18:00,3.06,142
2022-11-12T19:00,3.14,143
2022-11-12T20:00,2.72,144
2022-11-12T21:00,2.62,137
2022-11-12T22:00,2.08,145
2022-11-12T23:00,2.4,135
2022-11-13T00:00,2.84,129
2022-11-13T01:00,1.92,129
2022-11-13T02:00,1.97,114
2022-11-13T03:00,2.25,111
2022-11-13T04:00,3.01,111
2022-11-13T05:00,3.35,117
2022-11-13T06:00,3.5,121
2022-11-13T07:00,3.05,122
2022-11-13T08:00,3.28,121
2022-11-13T09:00,3.97,124
2022-11-13T10:00,3.89,116
2022-11-13T11:00,3.96,111
2022-11-13T12:00,3.44,98
2022-11-13T13:00,3.45,100
2022-11-13T14:00,3.2,90
2022-11-13T15:00,3.0,88
2022-11-13T16:00,3.3,92
2022-11-13T17:00,3.93,97
2022-11-13T18:00,4.08,101
2022-11-13T19:00,4.11,108
2022-11-13T20:00,4.25,114
2022-11-13T21:00,3.9,113
2022-11-13T22:00,3.79,108
2022-11-13T23:00,4.32,103
2022-11-14T00:00,5.08,100
2022-11-14T01:00,5.08,100
2022-11-14T02:00,5.04,104
2022-11-14T03:00,4.54,104
2022-11-14T04:00,4.18,111
2022-11-14T05:00,4.03,113
2022-11-14T06:00,3.85,118
2022-11-14T07:00,4.16,117
2022-11-14T08:00,4.63,123
2022-11-14T09:00,4.66,125
2022-11-14T10:00,4.41,123
2022-11-14T11:00,5.02,121
2022-11-14T12:00,4.16,117
2022-11-14T13:00,4.3,115
2022-11-14T14:00,5.06,128
2022-11-14T15:00,4.74,136
2022-11-14T16:00,5.17,139
2022-11-14T17:00,5.24,145
2022-11-14T18:00,5.04,141
2022-11-14T19:00,4.83,140
2022-11-14T20:00,4.49,148
2022-11-14T21:00,4.58,148
2022-11-14T22:00,4.52,152
2022-11-14T23:00,4.37,160
2022-11-15T00:00,3.86,143
2022-11-15T01:00,4.96,146
2022-11-15T02:00,5.32,152
2022-11-15T03:00,5.85,167
2022-11-15T04:00,5.63,160
2022-11-15T05:00,6.48,171
2022-11-15T06:00,6.48,189
2022-11-15T07:00,6.89,189
2022-11-15T08:00,6.71,177
2022-11-15T09:00,6.14,173
2022-11-15T10:00,5.79,170
2022-11-15T11:00,6.2,159
2022-11-15T12:00,7.02,163
2022-11-15T13:00,6.89,156
2022-11-15T14:00,7.02,154
2022-11-15T15:00,7.8,144
2022-11-15T16:00,8.25,141
2022-11-15T17:00,8.06,143
2022-11-15T18:00,7.63,146
2022-11-15T19:00,7.41,148
2022-11-15T20:00,7.11,152
2022-11-15T21:00,6.8,154
2022-11-15T22:00,6.26,155
2022-11-15T23:00,5.73,155
2022-11-16T00:00,5.39,149
2022-11-16T01:00,5.7,158
2022-11-16T02:00,5.0,182
2022-11-16T03:00,4.21,198
2022-11-16T04:00,3.35,207
2022-11-16T05:00,2.43,189
2022-11-16T06:00,3.81,175
2022-11-16T07:00,4.56,206
2022-11-16T08:00,4.31,176
2022-11-16T09:00,5.02,167
2022-11-16T10:00,5.18,170
2022-11-16T11:00,5.68,166
2022-11-16T12:00,6.58,160
2022-11-16T13:00,6.45,161
2022-11-16T14:00,5.82,151
2022-11-16T15:00,6.13,146
2022-11-16T16:00,5.72,144
2022-11-16T17:00,6.16,133
2022-11-16T18:00,6.58,134
2022-11-16T19:00,6.79,135
2022-11-16T20:00,7.38,126
2022-11-16T21:00,8.52,121
2022-11-16T22:00,9.31,114
2022-11-16T23:00,10.05,112
2022-11-17T00:00,10.66,113
2022-11-17T01:00,12.56,107
2022-11-17T02:00,14.49,110
2022-11-17T03:00,12.39,117
2022-11-17T04:00,11.71,125
2022-11-17T05:00,9.84,128
2022-11-17T06:00,10.1,124
2022-11-17T07:00,10.29,122
2022-11-17T08:00,10.04,125
2022-11-17T09:00,9.09,140
2022-11-17T10:00,8.77,153
2022-11-17T11:00,9.32,157
2022-11-17T12:00,9.22,156
2022-11-17T13:00,9.05,157
2022-11-17T14:00,9.73,176
2022-11-17T15:00,10.1,164
2022-11-17T16:00,10.08,169
2022-11-17T17:00,10.16,174
2022-11-17T18:00,8.9,181
2022-11-17T19:00,8.47,168
2022-11-17T20:00,9.49,162
2022-11-17T21:00,7.71,167
2022-11-17T22:00,7.87,154
2022-11-17T23:00,7.42,154
2022-11-18T00:00,6.71,163
2022-11-18T01:00,6.43,159
2022-11-18T02:00,6.17,153
2022-11-18T03:00,5.95,155
2022-11-18T04:00,5.57,159
2022-11-18T05:00,5.1,152
2022-11-18T06:00,4.84,142
2022-11-18T07:00,5.1,138
2022-11-18T08:00,5.16,136
2022-11-18T09:00,5.3,136
2022-11-18T10:00,5.42,142
2022-11-18T11:00,5.09,135
2022-11-18T12:00,5.02,149
2022-11-18T13:00,5.16,134
2022-11-18T14:00,5.4,129
2022-11-18T15:00,4.74,125
2022-11-18T16:00,5.66,111
2022-11-18T17:00,7.33,95
2022-11-18T18:00,7.95,96
2022-11-18T19:00,7.72,94
2022-11-18T20:00,8.22,93
2022-11-18T21:00,8.55,96
2022-11-18T22:00,8.44,95
2022-11-18T23:00,8.27,98
2022-11-19T00:00,6.76,98
2022-11-19T01:00,8.12,94
2022-11-19T02:00,8.06,97
2022-11-19T03:00,8.31,93
2022-11-19T04:00,8.61,87
2022-11-19T05:00,9.1,88
2022-11-19T06:00,8.82,86
2022-11-19T07:00,8.6,89
2022-11-19T08:00,8.51,87
2022-11-19T09:00,7.8,90
2022-11-19T10:00,7.6,90
2022-11-19T11:00,7.2,91
2022-11-19T12:00,6.68,73
2022-11-19T13:00,6.84,75
2022-11-19T14:00,6.87,82
2022-11-19T15:00,5.91,87
2022-11-19T16:00,5.81,87
2022-11-19T17:00,5.2,89
2022-11-19T18:00,4.51,94
2022-11-19T19:00,4.1,103
2022-11-19T20:00,3.0,120
2022-11-19T21:00,2.27,139
2022-11-19T22:00,2.28,151
2022-11-19T23:00,2.33,170
2022-11-20T00:00,2.3,178
2022-11-20T01:00,1.9,180
2022-11-20T02:00,2.0,180
2022-11-20T03:00,2.2,177
2022-11-20T04:00,2.2,180
2022-11-20T05:00,2.4,178
2022-11-20T06:00,2.42,173
2022-11-20T07:00,2.82,163
2022-11-20T08:00,3.61,166
2022-11-20T09:00,4.14,172
2022-11-20T10:00,4.3,179
2022-11-20T11:00,4.42,175
2022-11-20T12:00,4.08,163
2022-11-20T13:00,4.69,146
2022-11-20T14:00,4.16,117
2022-11-20T15:00,4.66,145
2022-11-20T16:00,5.24,138
2022-11-20T17:00,5.19,124
2022-11-20T18:00,5.39,105
2022-11-20T19:00,4.77,80
2022-11-20T20:00,4.6,89
2022-11-20T21:00,4.88,105
2022-11-20T22:00,2.7,92
2022-11-20T23:00,1.55,75
2022-11-21T00:00,2.91,117
2022-11-21T01:00,2.08,125
2022-11-21T02:00,2.27,131
2022-11-21T03:00,3.11,135
2022-11-21T04:00,3.05,139
2022-11-21T05:00,3.05,148
2022-11-21T06:00,3.44,144
2022-11-21T07:00,3.77,148
2022-11-21T08:00,4.03,150
2022-11-21T09:00,4.17,150
2022-11-21T10:00,4.0,148
2022-11-21T11:00,4.07,152
2022-11-21T12:00,4.72,159
2022-11-21T13:00,4.43,155
2022-11-21T14:00,5.05,146
2022-11-21T15:00,5.36,143
2022-11-21T16:00,5.66,138
2022-11-21T17:00,6.51,135
2022-11-21T18:00,6.93,135
2022-11-21T19:00,7.0,137
2022-11-21T20:00,6.94,139
2022-11-21T21:00,6.72,133
2022-11-21T22:00,7.08,133
2022-11-21T23:00,8.06,134
2022-11-22T00:00,7.82,141
2022-11-22T01:00,6.66,152
2022-11-22T02:00,6.26,163
2022-11-22T03:00,6.85,173
2022-11-22T04:00,7.05,173
2022-11-22T05:00,6.71,170
2022-11-22T06:00,7.23,166
2022-11-22T07:00,7.38,167
2022-11-22T08:00,7.4,167
2022-11-22T09:00,7.89,168
2022-11-22T10:00,8.1,171
2022-11-22T11:00,8.92,176
2022-11-22T12:00,8.88,168
2022-11-22T13:00,8.67,169
2022-11-22T14:00,7.93,166
2022-11-22T15:00,6.93,162
2022-11-22T16:00,6.46,158
2022-11-22T17:00,6.84,155
2022-11-22T18:00,6.75,155
2022-11-22T19:00,6.64,162
2022-11-22T20:00,6.79,171
2022-11-22T21:00,6.62,176
2022-11-22T22:00,6.5,179
2022-11-22T23:00,5.95,188
2022-11-23T00:00,4.96,199
2022-11-23T01:00,4.62,219
2022-11-23T02:00,4.16,215
2022-11-23T03:00,4.11,198
2022-11-23T04:00,5.25,188
2022-11-23T05:00,6.63,191
2022-11-23T06:00,6.14,187
2022-11-23T07:00,6.5,181
2022-11-23T08:00,7.0,180
2022-11-23T09:00,6.95,173
2022-11-23T10:00,7.09,171
2022-11-23T11:00,6.83,162
2022-11-23T12:00,6.86,161
2022-11-23T13:00,7.45,158
2022-11-23T14:00,8.13,164
2022-11-23T15:00,9.3,168
2022-11-23T16:00,8.71,177
2022-11-23T17:00,8.7,197
2022-11-23T18:00,6.72,217
2022-11-23T19:00,7.36,227
2022-11-23T20:00,6.98,218
2022-11-23T21:00,6.39,200
2022-11-23T22:00,5.26,194
2022-11-23T23:00,5.52,202
2022-11-24T00:00,7.71,214
2022-11-24T01:00,7.86,217
2022-11-24T02:00,8.94,220
2022-11-24T03:00,10.89,224
2022-11-24T04:00,8.24,234
2022-11-24T05:00,7.16,229
2022-11-24T06:00,5.6,235
2022-11-24T07:00,4.4,231
2022-11-24T08:00,4.02,251
2022-11-24T09:00,5.31,250
2022-11-24T10:00,5.48,249
2022-11-24T11:00,5.37,241
2022-11-24T12:00,6.1,229
2022-11-24T13:00,6.32,215
2022-11-24T14:00,7.43,197
2022-11-24T15:00,6.64,186
2022-11-24T16:00,6.8,182
2022-11-24T17:00,7.21,178
2022-11-24T18:00,7.78,172
2022-11-24T19:00,8.22,170
2022-11-24T20:00,9.01,177
2022-11-24T21:00,8.72,176
2022-11-24T22:00,8.4,179
2022-11-24T23:00,8.21,178
2022-11-25T00:00,7.92,184
2022-11-25T01:00,7.41,183
2022-11-25T02:00,7.51,190
2022-11-25T03:00,6.01,198
2022-11-25T04:00,7.05,212
2022-11-25T05:00,7.65,206
2022-11-25T06:00,6.8,213
2022-11-25T07:00,7.1,215
2022-11-25T08:00,7.16,208
2022-11-25T09:00,5.73,224
2022-11-25T10:00,5.83,248
2022-11-25T11:00,6.08,261
2022-11-25T12:00,6.71,267
2022-11-25T13:00,6.33,282
2022-11-25T14:00,5.32,282
2022-11-25T15:00,4.36,279
2022-11-25T16:00,3.7,270
2022-11-25T17:00,5.0,268
2022-11-25T18:00,4.7,272
2022-11-25T19:00,4.1,267
2022-11-25T20:00,4.26,261
2022-11-25T21:00,4.64,263
2022-11-25T22:00,4.55,261
2022-11-25T23:00,4.37,259
2022-11-26T00:00,3.98,258
2022-11-26T01:00,3.73,250
2022-11-26T02:00,3.58,234
2022-11-26T03:00,4.19,237
2022-11-26T04:00,3.92,232
2022-11-26T05:00,4.1,227
2022-11-26T06:00,4.1,227
2022-11-26T07:00,4.06,218
2022-11-26T08:00,4.3,216
2022-11-26T09:00,4.66,211
2022-11-26T10:00,6.04,209
2022-11-26T11:00,7.13,211
2022-11-26T12:00,7.32,212
2022-11-26T13:00,6.66,206
2022-11-26T14:00,6.49,205
2022-11-26T15:00,6.02,201
2022-11-26T16:00,5.98,201
2022-11-26T17:00,6.39,197
2022-11-26T18:00,6.53,191
2022-11-26T19:00,6.41,183
2022-11-26T20:00,7.03,185
2022-11-26T21:00,7.0,182
2022-11-26T22:00,7.2,179
2022-11-26T23:00,6.91,178
2022-11-27T00:00,7.22,175
2022-11-27T01:00,7.41,177
2022-11-27T02:00,7.92,176
2022-11-27T03:00,8.0,179
2022-11-27T04:00,8.3,181
2022-11-27T05:00,8.4,181
2022-11-27T06:00,7.91,177
2022-11-27T07:00,7.93,175
2022-11-27T08:00,8.12,176
2022-11-27T09:00,7.9,179
2022-11-27T10:00,8.11,182
2022-11-27T11:00,7.7,179
2022-11-27T12:00,6.8,182
2022-11-27T13:00,6.53,185
2022-11-27T14:00,5.9,180
2022-11-27T15:00,5.51,168
2022-11-27T16:00,5.57,171
2022-11-27T17:00,5.28,170
2022-11-27T18:00,4.92,167
2022-11-27T19:00,4.74,162
2022-11-27T20:00,4.52,162
2022-11-27T21:00,4.68,164
2022-11-27T22:00,4.81,163
2022-11-27T23:00,4.68,160
2022-11-28T00:00,3.96,164
2022-11-28T01:00,3.42,173
2022-11-28T02:00,3.41,177
2022-11-28T03:00,3.82,174
2022-11-28T04:00,4.31,176
2022-11-28T05:00,5.14,173
2022-11-28T06:00,3.4,227
2022-11-28T07:00,4.03,240
2022-11-28T08:00,3.94,243
2022-11-28T09:00,2.73,242
2022-11-28T10:00,3.01,264
2022-11-28T11:00,2.93,278
2022-11-28T12:00,1.8,267
2022-11-28T13:00,1.55,255
2022-11-28T14:00,1.43,258
2022-11-28T15:00,2.01,243
2022-11-28T16:00,2.51,241
2022-11-28T17:00,2.24,243
2022-11-28T18:00,2.56,239
2022-11-28T19:00,2.5,233
2022-11-28T20:00,3.26,227
2022-11-28T21:00,2.28,232
2022-11-28T22:00,1.89,238
2022-11-28T23:00,2.83,238
2022-11-29T00:00,2.48,313
2022-11-29T01:00,2.56,329
2022-11-29T02:00,2.28,345
2022-11-29T03:00,2.4,343
2022-11-29T04:00,3.0,334
2022-11-29T05:00,2.88,340
2022-11-29T06:00,2.63,351
2022-11-29T07:00,2.18,344
2022-11-29T08:00,2.28,331
2022-11-29T09:00,3.11,327
2022-11-29T10:00,3.54,317
2022-11-29T11:00,3.61,314
2022-11-29T12:00,4.22,324
2022-11-29T13:00,4.06,322
2022-11-29T14:00,4.05,327
2022-11-29T15:00,3.98,335
2022-11-29T16:00,3.58,337
2022-11-29T17:00,3.29,340
2022-11-29T18:00,2.62,342
2022-11-29T19:00,2.11,5
2022-11-29T20:00,1.7,45
2022-11-29T21:00,1.6,90
2022-11-29T22:00,1.32,99
2022-11-29T23:00,1.9,93
2022-11-30T00:00,1.0,143
2022-11-30T01:00,1.42,141
2022-11-30T02:00,1.0,127
2022-11-30T03:00,1.14,128
2022-11-30T04:00,1.06,139
2022-11-30T05:00,0.71,172
2022-11-30T06:00,0.94,212
2022-11-30T07:00,0.2,90
2022-11-30T08:00,0.1,270
2022-11-30T09:00,0.51,259
2022-11-30T10:00,0.72,304
2022-11-30T11:00,1.02,349
2022-11-30T12:00,2.41,48
2022-11-30T13:00,2.19,47
2022-11-30T14:00,2.19,47
2022-11-30T15:00,1.84,49
2022-11-30T16:00,1.91,47
2022-11-30T17:00,2.28,52
2022-11-30T18:00,2.44,55
2022-11-30T19:00,2.25,58
2022-11-30T20:00,2.37,62
2022-11-30T21:00,2.55,64
2022-11-30T22:00,3.31,61
2022-11-30T23:00,3.14,59
2022-12-01T00:00,3.05,49
2022-12-01T01:00,3.11,48
2022-12-01T02:00,2.36,54
2022-12-01T03:00,2.14,53
2022-12-01T04:00,2.06,51
2022-12-01T05:00,2.06,61
2022-12-01T06:00,2.25,58
2022-12-01T07:00,2.64,61
2022-12-01T08:00,2.68,63
2022-12-01T09:00,2.73,62
2022-12-01T10:00,2.94,55
2022-12-01T11:00,2.86,54
2022-12-01T12:00,2.97,42
2022-12-01T13:00,3.04,44
2022-12-01T14:00,3.11,42
2022-12-01T15:00,2.77,41
2022-12-01T16:00,3.0,37
2022-12-01T17:00,3.26,47
2022-12-01T18:00,2.7,51
2022-12-01T19:00,3.76,65
2022-12-01T20:00,3.64,74
2022-12-01T21:00,3.79,78
2022-12-01T22:00,3.45,73
2022-12-01T23:00,3.26,72
2022-12-02T00:00,3.58,63
2022-12-02T01:00,3.45,60
2022-12-02T02:00,3.38,56
2022-12-02T03:00,4.17,60
2022-12-02T04:00,5.06,65
2022-12-02T05:00,4.92,66
2022-12-02T06:00,5.26,69
2022-12-02T07:00,4.88,75
2022-12-02T08:00,4.66,67
2022-12-02T09:00,5.19,65
2022-12-02T10:00,6.84,65
2022-12-02T11:00,7.44,59
2022-12-02T12:00,7.38,62
2022-12-02T13:00,6.32,67
2022-12-02T14:00,6.61,70
2022-12-02T15:00,6.42,72
2022-12-02T16:00,6.58,70
2022-12-02T17:00,7.08,71
2022-12-02T18:00,7.46,72
2022-12-02T19:00,7.85,68
2022-12-02T20:00,8.39,68
2022-12-02T21:00,9.11,71
2022-12-02T22:00,9.49,78
2022-12-02T23:00,8.1,74
2022-12-03T00:00,5.87,67
2022-12-03T01:00,5.46,62
2022-12-03T02:00,7.08,71
2022-12-03T03:00,7.54,75
2022-12-03T04:00,7.43,73
2022-12-03T05:00,7.18,74
2022-12-03T06:00,7.25,75
2022-12-03T07:00,7.67,75
2022-12-03T08:00,7.79,77
2022-12-03T09:00,7.48,82
2022-12-03T10:00,7.26,83
2022-12-03T11:00,6.81,80
2022-12-03T12:00,6.39,73
2022-12-03T13:00,5.87,76
2022-12-03T14:00,5.7,75
2022-12-03T15:00,5.95,73
2022-12-03T16:00,6.79,76
2022-12-03T17:00,7.43,79
2022-12-03T18:00,7.54,84
2022-12-03T19:00,7.3,88
2022-12-03T20:00,7.21,88
2022-12-03T21:00,7.61,87
2022-12-03T22:00,7.2,89
2022-12-03T23:00,6.91,88
2022-12-04T00:00,6.44,84
2022-12-04T01:00,6.44,84
2022-12-04T02:00,5.63,84
2022-12-04T03:00,5.51,87
2022-12-04T04:00,5.5,89
2022-12-04T05:00,5.92,85
2022-12-04T06:00,6.2,89
2022-12-04T07:00,6.21,94
2022-12-04T08:00,6.82,86
2022-12-04T09:00,7.84,84
2022-12-04T10:00,8.01,88
2022-12-04T11:00,7.61,88
2022-12-04T12:00,7.88,82
2022-12-04T13:00,7.83,80
2022-12-04T14:00,7.57,75
2022-12-04T15:00,8.04,73
2022-12-04T16:00,8.13,76
2022-12-04T17:00,8.15,76
2022-12-04T18:00,8.19,70
2022-12-04T19:00,8.13,71
2022-12-04T20:00,8.27,75
2022-12-04T21:00,7.52,76
2022-12-04T22:00,7.24,70
2022-12-04T23:00,7.19,69
2022-12-05T00:00,6.69,68
2022-12-05T01:00,6.84,63
2022-12-05T02:00,6.91,59
2022-12-05T03:00,6.6,58
2022-12-05T04:00,6.59,60
2022-12-05T05:00,6.93,63
2022-12-05T06:00,7.67,59
2022-12-05T07:00,7.35,56
2022-12-05T08:00,6.96,55
2022-12-05T09:00,6.42,53
2022-12-05T10:00,6.7,52
2022-12-05T11:00,7.25,51
2022-12-05T12:00,6.37,48
2022-12-05T13:00,6.16,48
2022-12-05T14:00,5.39,50
2022-12-05T15:00,6.37,48
2022-12-05T16:00,6.44,43
2022-12-05T17:00,6.02,42
2022-12-05T18:00,6.26,39
2022-12-05T19:00,6.16,36
2022-12-05T20:00,5.85,33
2022-12-05T21:00,5.41,34
2022-12-05T22:00,4.64,37
2022-12-05T23:00,4.98,38
2022-12-06T00:00,5.32,26
2022-12-06T01:00,4.52,25
2022-12-06T02:00,5.44,17
2022-12-06T03:00,5.82,19
2022-12-06T04:00,5.3,1
2022-12-06T05:00,4.83,6
2022-12-06T06:00,3.71,3
2022-12-06T07:00,3.32,353
2022-12-06T08:00,4.7,358
2022-12-06T09:00,3.34,9
2022-12-06T10:00,2.42,353
2022-12-06T11:00,3.69,327
2022-12-06T12:00,3.39,315
2022-12-06T13:00,4.03,330
2022-12-06T14:00,4.11,319
2022-12-06T15:00,4.53,311
2022-12-06T16:00,4.74,316
2022-12-06T17:00,5.19,326
2022-12-06T18:00,5.76,343
2022-12-06T19:00,5.66,343
2022-12-06T20:00,5.8,345
2022-12-06T21:00,5.73,344
2022-12-06T22:00,6.06,347
2022-12-06T23:00,6.14,348
2022-12-07T00:00,6.39,340
2022-12-07T01:00,6.05,338
2022-12-07T02:00,6.63,337
2022-12-07T03:00,6.72,330
2022-12-07T04:00,6.89,334
2022-12-07T05:00,7.41,339
2022-12-07T06:00,6.55,341
2022-12-07T07:00,6.37,338
2022-12-07T08:00,6.24,338
2022-12-07T09:00,5.54,340
2022-12-07T10:00,5.32,334
2022-12-07T11:00,5.64,333
2022-12-07T12:00,5.87,317
2022-12-07T13:00,6.16,318
2022-12-07T14:00,6.15,316
2022-12-07T15:00,6.33,321
2022-12-07T16:00,5.95,319
2022-12-07T17:00,5.8,316
2022-12-07T18:00,5.89,320
2022-12-07T19:00,5.95,318
2022-12-07T20:00,5.73,316
2022-12-07T21:00,5.52,312
2022-12-07T22:00,5.37,299
2022-12-07T23:00,6.05,301
2022-12-08T00:00,6.21,303
2022-12-08T01:00,7.02,306
2022-12-08T02:00,6.62,308
2022-12-08T03:00,5.59,317
2022-12-08T04:00,6.62,333
2022-12-08T05:00,6.05,338
2022-12-08T06:00,5.11,329
2022-12-08T07:00,3.8,325
2022-12-08T08:00,2.62,320
2022-12-08T09:00,2.77,311
2022-12-08T10:00,3.04,297
2022-12-08T11:00,4.4,291
2022-12-08T12:00,1.26,252
2022-12-08T13:00,0.78,220
2022-12-08T14:00,0.64,129
2022-12-08T15:00,1.84,135
2022-12-08T16:00,2.5,143
2022-12-08T17:00,0.61,99
2022-12-08T18:00,1.53,32
2022-12-08T19:00,2.28,38
2022-12-08T20:00,2.13,41
2022-12-08T21:00,1.36,54
2022-12-08T22:00,0.78,140
2022-12-08T23:00,1.55,165
2022-12-09T00:00,1.8,180
2022-12-09T01:00,1.0,180
2022-12-09T02:00,1.8,177
2022-12-09T03:00,1.82,171
2022-12-09T04:00,2.26,167
2022-12-09T05:00,2.22,188
2022-12-09T06:00,2.32,187
2022-12-09T07:00,1.43,192
2022-12-09T08:00,2.1,177
2022-12-09T09:00,2.22,188
2022-12-09T10:00,2.9,178
2022-12-09T11:00,3.1,195
2022-12-09T12:00,3.53,205
2022-12-09T13:00,2.95,204
2022-12-09T14:00,2.1,205
2022-12-09T15:00,1.65,194
2022-12-09T16:00,1.92,189
2022-12-09T17:00,2.01,186
2022-12-09T18:00,1.9,183
2022-12-09T19:00,2.53,171
2022-12-09T20:00,3.75,171
2022-12-09T21:00,4.32,175
2022-12-09T22:00,4.2,181
2022-12-09T23:00,3.81,185
2022-12-10T00:00,2.38,202
2022-12-10T01:00,2.91,221
2022-12-10T02:00,3.16,215
2022-12-10T03:00,2.64,205
2022-12-10T04:00,2.89,194
2022-12-10T05:00,2.41,185
2022-12-10T06:00,2.18,164
2022-12-10T07:00,1.87,164
2022-12-10T08:00,2.33,190
2022-12-10T09:00,1.0,174
2022-12-10T10:00,2.01,174
2022-12-10T11:00,2.75,170
2022-12-10T12:00,2.4,178
2022-12-10T13:00,2.92,186
2022-12-10T14:00,2.22,188
2022-12-10T15:00,2.12,172
2022-12-10T16:00,1.91,174
2022-12-10T17:00,2.43,171
2022-12-10T18:00,2.01,174
2022-12-10T19:00,2.34,160
2022-12-10T20:00,3.32,159
2022-12-10T21:00,3.51,160
2022-12-10T22:00,4.15,165
2022-12-10T23:00,3.3,166
2022-12-11T00:00,3.42,159
2022-12-11T01:00,3.1,165
2022-12-11T02:00,3.18,167
2022-12-11T03:00,3.13,163
2022-12-11T04:00,3.59,167
2022-12-11T05:00,3.61,166
2022-12-11T06:00,3.45,158
2022-12-11T07:00,3.86,159
2022-12-11T08:00,4.07,155
2022-12-11T09:00,4.71,163
2022-12-11T10:00,4.73,174
2022-12-11T11:00,4.34,172
2022-12-11T12:00,4.7,180
2022-12-11T13:00,4.24,165
2022-12-11T14:00,4.68,160
2022-12-11T15:00,4.3,162
2022-12-11T16:00,4.56,154
2022-12-11T17:00,4.61,167
2022-12-11T18:00,4.75,172
2022-12-11T19:00,4.67,170
2022-12-11T20:00,4.44,166
2022-12-11T21:00,4.11,162
2022-12-11T22:00,3.86,159
2022-12-11T23:00,3.83,165
2022-12-12T00:00,3.71,166
2022-12-12T01:00,3.42,173
2022-12-12T02:00,2.86,168
2022-12-12T03:00,2.56,159
2022-12-12T04:00,3.09,151
2022-12-12T05:00,3.31,151
2022-12-12T06:00,4.11,162
2022-12-12T07:00,4.15,165
2022-12-12T08:00,4.47,170
2022-12-12T09:00,4.64,173
2022-12-12T10:00,4.4,180
2022-12-12T11:00,4.0,183
2022-12-12T12:00,3.5,182
2022-12-12T13:00,3.5,180
2022-12-12T14:00,3.11,174
2022-12-12T15:00,2.81,176
2022-12-12T16:00,3.04,171
2022-12-12T17:00,3.13,163
2022-12-12T18:00,3.13,163
2022-12-12T19:00,2.93,172
2022-12-12T20:00,2.82,174
2022-12-12T21:00,2.81,176
2022-12-12T22:00,2.62,173
2022-12-12T23:00,2.75,170
2022-12-13T00:00,2.62,173
2022-12-13T01:00,2.62,173
2022-12-13T02:00,2.63,171
2022-12-13T03:00,2.32,173
2022-12-13T04:00,2.02,171
2022-12-13T05:00,2.0,177
2022-12-13T06:00,2.1,180
2022-12-13T07:00,2.2,180
2022-12-13T08:00,2.4,178
2022-12-13T09:00,3.01,174
2022-12-13T10:00,3.4,166
2022-12-13T11:00,3.61,161
2022-12-13T12:00,2.93,172
2022-12-13T13:00,3.14,171
2022-12-13T14:00,2.77,167
2022-12-13T15:00,2.44,161
2022-12-13T16:00,2.51,157
2022-12-13T17:00,2.64,151
2022-12-13T18:00,3.02,146
2022-12-13T19:00,3.31,151
2022-12-13T20:00,3.22,150
2022-12-13T21:00,3.09,155
2022-12-13T22:00,2.73,156
2022-12-13T23:00,2.11,149
2022-12-14T00:00,1.97,114
2022-12-14T01:00,2.51,119
2022-12-14T02:00,2.92,121
2022-12-14T03:00,2.31,108
2022-12-14T04:00,2.21,108
2022-12-14T05:00,2.1,90
2022-12-14T06:00,2.82,107
2022-12-14T07:00,2.55,116
2022-12-14T08:00,2.97,123
2022-12-14T09:00,1.78,142
2022-12-14T10:00,1.04,163
2022-12-14T11:00,0.73,196
2022-12-14T12:00,1.3,302
2022-12-14T13:00,1.44,304
2022-12-14T14:00,1.68,287
2022-12-14T15:00,2.41,265
2022-12-14T16:00,2.43,261
2022-12-14T17:00,4.32,318
2022-12-14T18:00,3.05,319
2022-12-14T19:00,4.81,343
2022-12-14T20:00,3.67,331
2022-12-14T21:00,3.89,331
2022-12-14T22:00,4.52,332
2022-12-14T23:00,3.89,331
2022-12-15T00:00,2.48,320
2022-12-15T01:00,2.56,309
2022-12-15T02:00,2.73,298
2022-12-15T03:00,3.14,292
2022-12-15T04:00,3.42,285
2022-12-15T05:00,3.96,280
2022-12-15T06:00,4.33,277
2022-12-15T07:00,5.18,280
2022-12-15T08:00,5.32,275
2022-12-15T09:00,5.68,284
2022-12-15T10:00,5.73,276
2022-12-15T11:00,5.95,278
2022-12-15T12:00,5.9,271
2022-12-15T13:00,6.11,267
2022-12-15T14:00,6.9,271
2022-12-15T15:00,6.43,275
2022-12-15T16:00,4.02,289
2022-12-15T17:00,3.02,326
2022-12-15T18:00,3.13,343
2022-12-15T19:00,4.6,360
2022-12-15T20:00,6.62,15
2022-12-15T21:00,7.0,22
2022-12-15T22:00,6.35,28
2022-12-15T23:00,5.75,31
2022-12-16T00:00,5.6,35
2022-12-16T01:00,5.01,29
2022-12-16T02:00,4.61,30
2022-12-16T03:00,4.12,29
2022-12-16T04:00,3.76,29
2022-12-16T05:00,3.22,30
2022-12-16T06:00,3.14,31
2022-12-16T07:00,3.44,36
2022-12-16T08:00,3.41,32
2022-12-16T09:00,3.76,25
2022-12-16T10:00,3.98,25
2022-12-16T11:00,3.89,29
2022-12-16T12:00,2.87,29
2022-12-16T13:00,2.42,30
2022-12-16T14:00,1.49,42
2022-12-16T15:00,2.11,85
2022-12-16T16:00,2.5,143
2022-12-16T17:00,1.84,167
2022-12-16T18:00,2.44,161
2022-12-16T19:00,2.69,158
2022-12-16T20:00,2.21,162
2022-12-16T21:00,2.12,161
2022-12-16T22:00,2.82,157
2022-12-16T23:00,3.42,159
2022-12-17T00:00,4.37,169
2022-12-17T01:00,5.04,173
2022-12-17T02:00,5.47,171
2022-12-17T03:00,5.63,174
2022-12-17T04:00,5.83,174
2022-12-17T05:00,6.24,174
2022-12-17T06:00,5.82,175
2022-12-17T07:00,6.31,176
2022-12-17T08:00,6.1,182
2022-12-17T09:00,6.3,179
2022-12-17T10:00,6.91,182
2022-12-17T11:00,7.18,189
2022-12-17T12:00,7.05,198
2022-12-17T13:00,7.05,198
2022-12-17T14:00,6.67,193
2022-12-17T15:00,6.66,188
2022-12-17T16:00,6.94,186
2022-12-17T17:00,6.82,184
2022-12-17T18:00,6.6,182
2022-12-17T19:00,6.4,182
2022-12-17T20:00,6.11,183
2022-12-17T21:00,6.01,183
2022-12-17T22:00,6.04,187
2022-12-17T23:00,5.83,186
2022-12-18T00:00,5.7,178
2022-12-18T01:00,5.32,175
2022-12-18T02:00,5.32,175
2022-12-18T03:00,5.45,173
2022-12-18T04:00,5.08,170
2022-12-18T05:00,4.88,169
2022-12-18T06:00,4.75,165
2022-12-18T07:00,5.02,157
2022-12-18T08:00,5.01,154
2022-12-18T09:00,5.33,140
2022-12-18T10:00,4.94,144
2022-12-18T11:00,5.1,138
2022-12-18T12:00,5.38,138
2022-12-18T13:00,5.03,139
2022-12-18T14:00,6.2,142
2022-12-18T15:00,6.47,148
2022-12-18T16:00,6.49,151
2022-12-18T17:00,6.63,157
2022-12-18T18:00,6.94,165
2022-12-18T19:00,6.62,165
2022-12-18T20:00,7.25,165
2022-12-18T21:00,7.31,161
2022-12-18T22:00,7.54,165
2022-12-18T23:00,7.82,164
2022-12-19T00:00,8.26,169
2022-12-19T01:00,9.21,171
2022-12-19T02:00,9.34,174
2022-12-19T03:00,9.2,179
2022-12-19T04:00,9.2,179
2022-12-19T05:00,9.53,184
2022-12-19T06:00,10.22,192
2022-12-19T07:00,10.28,199
2022-12-19T08:00,10.31,200
2022-12-19T09:00,10.44,200
2022-12-19T10:00,10.79,203
2022-12-19T11:00,10.29,201
2022-12-19T12:00,10.62,203
2022-12-19T13:00,10.74,205
2022-12-19T14:00,10.11,205
2022-12-19T15:00,9.92,202
2022-12-19T16:00,10.05,202
2022-12-19T17:00,10.58,202
2022-12-19T18:00,10.81,202
2022-12-19T19:00,10.98,203
2022-12-19T20:00,10.83,204
2022-12-19T21:00,10.78,206
2022-12-19T22:00,10.47,205
2022-12-19T23:00,10.18,203
2022-12-20T00:00,9.77,198
2022-12-20T01:00,10.12,200
2022-12-20T02:00,9.93,199
2022-12-20T03:00,9.84,199
2022-12-20T04:00,10.15,199
2022-12-20T05:00,10.25,199
2022-12-20T06:00,10.63,200
2022-12-20T07:00,9.99,198
2022-12-20T08:00,10.02,199
2022-12-20T09:00,10.66,200
2022-12-20T10:00,10.87,204
2022-12-20T11:00,10.79,209
2022-12-20T12:00,10.19,211
2022-12-20T13:00,9.87,220
2022-12-20T14:00,8.21,227
2022-12-20T15:00,5.67,229
2022-12-20T16:00,4.32,228
2022-12-20T17:00,3.82,227
2022-12-20T18:00,3.72,239
2022-12-20T19:00,3.62,242
2022-12-20T20:00,3.89,244
2022-12-20T21:00,3.81,247
2022-12-20T22:00,3.61,251
2022-12-20T23:00,3.27,247
2022-12-21T00:00,2.91,243
2022-12-21T01:00,2.69,228
2022-12-21T02:00,3.08,216
2022-12-21T03:00,3.31,205
2022-12-21T04:00,3.81,203
2022-12-21T05:00,4.53,202
2022-12-21T06:00,4.97,205
2022-12-21T07:00,5.02,203
2022-12-21T08:00,5.78,203
2022-12-21T09:00,6.44,208
2022-12-21T10:00,7.57,209
2022-12-21T11:00,8.22,212
2022-12-21T12:00,8.38,216
2022-12-21T13:00,7.96,208
2022-12-21T14:00,9.04,209
2022-12-21T15:00,9.31,208
2022-12-21T16:00,8.81,206
2022-12-21T17:00,8.95,208
2022-12-21T18:00,8.96,204
2022-12-21T19:00,8.59,206
2022-12-21T20:00,7.88,213
2022-12-21T21:00,7.06,218
2022-12-21T22:00,6.22,226
2022-12-21T23:00,4.75,221
2022-12-22T00:00,5.2,232
2022-12-22T01:00,4.58,234
2022-12-22T02:00,3.19,229
2022-12-22T03:00,2.5,254
2022-12-22T04:00,2.1,273
2022-12-22T05:00,2.3,270
2022-12-22T06:00,2.63,261
2022-12-22T07:00,3.4,256
2022-12-22T08:00,4.15,255
2022-12-22T09:00,4.78,254
2022-12-22T10:00,5.25,252
2022-12-22T11:00,5.55,244
2022-12-22T12:00,6.53,245
2022-12-22T13:00,6.72,240
2022-12-22T14:00,5.74,229
2022-12-22T15:00,4.44,216
2022-12-22T16:00,4.24,199
2022-12-22T17:00,3.32,173
2022-12-22T18:00,3.11,132
2022-12-22T19:00,3.05,122
2022-12-22T20:00,2.48,130
2022-12-22T21:00,0.99,135
2022-12-22T22:00,0.5,53
2022-12-22T23:00,1.06,41
2022-12-23T00:00,2.91,356
2022-12-23T01:00,2.4,2
2022-12-23T02:00,1.66,335
2022-12-23T03:00,1.36,324
2022-12-23T04:00,1.34,333
2022-12-23T05:00,1.8,341
2022-12-23T06:00,1.2,355
2022-12-23T07:00,0.76,113
2022-12-23T08:00,1.0,127
2022-12-23T09:00,2.47,111
2022-12-23T10:00,3.05,131
2022-12-23T11:00,3.5,127
2022-12-23T12:00,3.79,102
2022-12-23T13:00,4.05,106
2022-12-23T14:00,4.62,95
2022-12-23T15:00,4.55,99
2022-12-23T16:00,4.13,97
2022-12-23T17:00,4.65,81
2022-12-23T18:00,4.42,85
2022-12-23T19:00,3.64,74
2022-12-23T20:00,3.22,83
2022-12-23T21:00,1.89,122
2022-12-23T22:00,2.85,162
2022-12-23T23:00,6.6,256
2022-12-24T00:00,5.94,263
2022-12-24T01:00,9.7,271
2022-12-24T02:00,8.66,263
2022-12-24T03:00,7.3,261
2022-12-24T04:00,6.75,258
2022-12-24T05:00,6.57,257
2022-12-24T06:00,6.67,257
2022-12-24T07:00,6.65,254
2022-12-24T08:00,7.38,257
2022-12-24T09:00,7.5,257
2022-12-24T10:00,7.16,255
2022-12-24T11:00,6.62,255
2022-12-24T12:00,7.03,255
2022-12-24T13:00,6.1,252
2022-12-24T14:00,5.73,241
2022-12-24T15:00,6.49,236
2022-12-24T16:00,5.52,235
2022-12-24T17:00,5.2,218
2022-12-24T18:00,4.65,205
2022-12-24T19:00,5.29,195
2022-12-24T20:00,6.07,197
2022-12-24T21:00,6.11,195
2022-12-24T22:00,6.02,191
2022-12-24T23:00,6.55,199
2022-12-25T00:00,6.36,196
2022-12-25T01:00,6.71,205
2022-12-25T02:00,6.89,204
2022-12-25T03:00,6.99,204
2022-12-25T04:00,6.84,201
2022-12-25T05:00,6.93,198
2022-12-25T06:00,6.77,199
2022-12-25T07:00,6.46,202
2022-12-25T08:00,6.46,196
2022-12-25T09:00,5.94,187
2022-12-25T10:00,5.39,191
2022-12-25T11:00,5.36,189
2022-12-25T12:00,5.16,202
2022-12-25T13:00,4.41,184
2022-12-25T14:00,4.6,181
2022-12-25T15:00,5.04,187
2022-12-25T16:00,4.47,190
2022-12-25T17:00,4.14,200
2022-12-25T18:00,3.98,205
2022-12-25T19:00,3.98,198
2022-12-25T20:00,4.4,197
2022-12-25T21:00,4.75,202
2022-12-25T22:00,4.71,197
2022-12-25T23:00,5.59,207
2022-12-26T00:00,5.38,223
2022-12-26T01:00,5.95,221
2022-12-26T02:00,7.31,220
2022-12-26T03:00,8.14,217
2022-12-26T04:00,8.96,215
2022-12-26T05:00,10.26,213
2022-12-26T06:00,11.15,214
2022-12-26T07:00,11.74,224
2022-12-26T08:00,11.16,239
2022-12-26T09:00,10.97,264
2022-12-26T10:00,10.05,292
2022-12-26T11:00,8.25,293
2022-12-26T12:00,7.83,280
2022-12-26T13:00,7.43,281
2022-12-26T14:00,6.53,275
2022-12-26T15:00,7.3,271
2022-12-26T16:00,7.89,261
2022-12-26T17:00,8.49,262
2022-12-26T18:00,9.03,260
2022-12-26T19:00,8.77,259
2022-12-26T20:00,8.96,259
2022-12-26T21:00,9.31,261
2022-12-26T22:00,9.53,266
2022-12-26T23:00,9.54,265
2022-12-27T00:00,9.82,266
2022-12-27T01:00,9.7,269
2022-12-27T02:00,10.1,272
2022-12-27T03:00,10.12,274
2022-12-27T04:00,9.53,274
2022-12-27T05:00,8.61,273
2022-12-27T06:00,7.92,274
2022-12-27T07:00,7.2,272
2022-12-27T08:00,6.73,265
2022-12-27T09:00,6.36,257
2022-12-27T10:00,6.07,250
2022-12-27T11:00,6.55,239
2022-12-27T12:00,6.06,232
2022-12-27T13:00,6.4,219
2022-12-27T14:00,6.14,210
2022-12-27T15:00,8.02,213
2022-12-27T16:00,8.61,211
2022-12-27T17:00,9.17,208
2022-12-27T18:00,9.62,208
2022-12-27T19:00,10.18,203
2022-12-27T20:00,11.36,207
2022-12-27T21:00,11.86,209
2022-12-27T22:00,12.08,208
2022-12-27T23:00,11.9,205
2022-12-28T00:00,12.26,205
2022-12-28T01:00,12.7,206
2022-12-28T02:00,12.08,209
2022-12-28T03:00,13.18,218
2022-12-28T04:00,12.88,222
2022-12-28T05:00,11.68,228
2022-12-28T06:00,11.28,230
2022-12-28T07:00,10.49,235
2022-12-28T08:00,9.08,234
2022-12-28T09:00,8.14,227
2022-12-28T10:00,11.51,219
2022-12-28T11:00,12.26,215
2022-12-28T12:00,11.63,212
2022-12-28T13:00,12.32,212
2022-12-28T14:00,11.96,210
2022-12-28T15:00,11.46,204
2022-12-28T16:00,11.65,201
2022-12-28T17:00,11.45,198
2022-12-28T18:00,12.71,199
2022-12-28T19:00,13.6,208
2022-12-28T20:00,13.23,213
2022-12-28T21:00,12.98,215
2022-12-28T22:00,12.53,219
2022-12-28T23:00,12.24,211
2022-12-29T00:00,12.13,212
2022-12-29T01:00,12.62,208
2022-12-29T02:00,12.62,212
2022-12-29T03:00,13.06,217
2022-12-29T04:00,12.77,221
2022-12-29T05:00,12.48,220
2022-12-29T06:00,12.45,223
2022-12-29T07:00,12.36,220
2022-12-29T08:00,12.17,224
2022-12-29T09:00,11.46,227
2022-12-29T10:00,10.51,242
2022-12-29T11:00,11.07,252
2022-12-29T12:00,9.4,246
2022-12-29T13:00,10.18,237
2022-12-29T14:00,10.43,236
2022-12-29T15:00,8.78,228
2022-12-29T16:00,10.42,229
2022-12-29T17:00,10.77,239
2022-12-29T18:00,10.62,240
2022-12-29T19:00,10.66,241
2022-12-29T20:00,10.47,243
2022-12-29T21:00,9.85,246
2022-12-29T22:00,10.1,249
2022-12-29T23:00,9.18,250
2022-12-30T00:00,7.98,248
2022-12-30T01:00,7.57,241
2022-12-30T02:00,6.74,229
2022-12-30T03:00,6.82,215
2022-12-30T04:00,7.96,208
2022-12-30T05:00,8.18,207
2022-12-30T06:00,8.83,196
2022-12-30T07:00,8.81,183
2022-12-30T08:00,9.2,179
2022-12-30T09:00,9.71,178
2022-12-30T10:00,10.31,178
2022-12-30T11:00,10.38,173
2022-12-30T12:00,11.66,174
2022-12-30T13:00,11.46,174
2022-12-30T14:00,12.12,177
2022-12-30T15:00,12.37,186
2022-12-30T16:00,12.54,201
2022-12-30T17:00,13.21,219
2022-12-30T18:00,12.87,225
2022-12-30T19:00,12.67,228
2022-12-30T20:00,11.99,229
2022-12-30T21:00,11.36,230
2022-12-30T22:00,10.89,231
2022-12-30T23:00,9.94,234
2022-12-31T00:00,8.24,237
2022-12-31T01:00,6.74,235
2022-12-31T02:00,6.98,218
2022-12-31T03:00,7.64,217
2022-12-31T04:00,8.14,217
2022-12-31T05:00,7.99,214
2022-12-31T06:00,7.78,217
2022-12-31T07:00,10.34,222
2022-12-31T08:00,11.31,226
2022-12-31T09:00,12.32,222
2022-12-31T10:00,12.94,225
2022-12-31T11:00,13.37,224
2022-12-31T12:00,12.03,227
2022-12-31T13:00,10.89,224
2022-12-31T14:00,11.62,222
2022-12-31T15:00,14.07,224
2022-12-31T16:00,12.88,223
2022-12-31T17:00,12.63,221
2022-12-31T18:00,13.22,224
2022-12-31T19:00,12.12,215
2022-12-31T20:00,13.34,217
2022-12-31T21:00,14.78,220
2022-12-31T22:00,15.07,223
2022-12-31T23:00,14.22,224
