date,avg_wind_speed_all_stations,station_count,vector_avg_wind_speed_all_stations,avg_wind_direction,avg_wind_speed_cubed,wind_direction_sin,wind_direction_cos,daily_wind_generation_kwh
2017-01-01,7.76,5,6.0945077381307495,211.11422207917443,467.288576,-0.5167458573723747,-0.8561388432307516,32234925
2017-01-02,6.959999999999999,5,6.090435706811654,333.8694725940488,337.15353599999986,-0.4404175798446741,0.8977930470680646,9910909
2017-01-03,9.74,5,9.439572461890702,273.3294688570595,924.0104240000001,-0.9983120777433256,0.05807749505448843,40292054
2017-01-04,11.16,5,10.595581364915066,327.2571004712049,1389.9288960000001,-0.5408702401080125,0.8411060476334128,49113799
2017-01-05,5.12,5,3.409257900377956,55.07761455119078,134.21772800000002,0.8199282760124126,0.5724662629319854,5442367
2017-01-06,5.66,5,5.393513957275599,176.22242280300975,181.32149600000002,0.06588340399400248,-0.9978273282878972,10165035
2017-01-07,6.36,5,3.9468290593549438,225.84970580285716,257.25945600000006,-0.7175151493822071,-0.6965428991864242,20524795
2017-01-08,2.7399999999999998,5,1.4601162140007122,302.7754809266806,20.570823999999995,-0.8407983443524223,0.5413484498308142,470941
2017-01-09,7.06,5,6.726682242728648,192.94953505713352,351.89581599999997,-0.22409276210878853,-0.9745678190718458,24915576
2017-01-10,5.18,5,4.306504901518215,244.33212947826678,138.991832,-0.9013200605498957,-0.4331537238098415,11750815
2017-01-11,12.48,5,10.673964403779337,262.87912666211713,1943.7649920000001,-0.9922868429698887,-0.12396298346220704,60412381
2017-01-12,9.18,5,6.229704435563153,256.51889625094344,773.6206319999999,-0.972446858214412,-0.23312466182049288,38964452
2017-01-13,12.16,5,10.739317743141303,312.1640796070036,1798.0456960000001,-0.7412255718784487,0.671256025368463,47817840
2017-01-14,10.1,5,9.438572269062488,320.42489749654226,1030.301,-0.6370891082178881,0.7707901583376218,34047052
2017-01-15,3.7,5,2.2610265210013267,324.34222156779146,50.653000000000006,-0.5829426242556834,0.8125133210144293,3200229
2017-01-16,3.04,5,2.2101911971803845,80.25388046501763,28.094464000000002,0.985567526313129,0.16928275481282692,630278
2017-01-17,2.9,5,2.24201154549093,129.63825465487162,24.389,0.77008748239428,-0.6379382959657144,613420
2017-01-18,2.7600000000000002,5,1.8942927547203094,130.92503417107378,21.024576000000007,0.7555673219683884,-0.6550710052914247,627125
2017-01-19,2.7199999999999998,5,1.7007538717473147,91.47963579768282,20.123647999999996,0.9996665657077403,-0.025821646076347075,437457
2017-01-20,3.7,5,3.301500384649257,76.87821322212756,50.653000000000006,0.9738897124791803,0.22702164638469943,1732082
2017-01-21,4.42,5,4.027988494882923,95.81856386894617,86.350888,0.9948479143053982,-0.10137863385447207,3885668
2017-01-22,2.32,5,0.6544015328165987,195.35215321550206,12.487167999999997,-0.26475092441040815,-0.9643168296902395,61444
2017-01-23,3.3200000000000003,5,2.5884043202651785,225.117128916682,36.59436800000001,-0.7085508306041859,-0.7056597766984585,2414028
2017-01-24,3.28,5,1.2846822041821093,190.544591178485,35.28755199999999,-0.18300070102351035,-0.9831127826576683,1285351
2017-01-25,3.9799999999999995,5,3.4440804874977373,132.83061914913162,63.04479199999998,0.7333666629402477,-0.6798333161061505,3210001
2017-01-26,5.1,5,4.882718981088114,133.3950742721878,132.65099999999998,0.7266337373148893,-0.6870250445186088,7313171
2017-01-27,5.9,5,5.63808804023041,140.67058021744668,205.37900000000005,0.6337781344484665,-0.7735148843396755,10439703
2017-01-28,6.6,5,6.113425935969393,171.93246825937217,287.496,0.1403401846897672,-0.9901033443844345,14637742
2017-01-29,7.3,5,6.92605063332015,190.338355497205,389.017,-0.1794608168813343,-0.9837651219698146,23675386
2017-01-30,5.779999999999999,5,0.8134263997645185,18.51228418398108,193.10055199999994,0.31750796918690133,0.9482556034650202,17234941
2017-01-31,4.44,5,3.413917312292755,108.31889679208126,87.52838400000002,0.9493218677654717,-0.3143055700783496,3841295
2017-02-01,7.040000000000001,5,6.795913854065881,143.206019424479,348.91366400000015,0.5989394713520014,-0.800794299215838,22442070
2017-02-02,7.12,5,6.98645287714012,157.57894658490727,360.94412800000003,0.38141007636212076,-0.9244059463511911,21694384
2017-02-03,5.92,5,5.307778462901163,165.994555834817,207.474688,0.24201409065616947,-0.9702727348142208,10996842
2017-02-04,4.5,5,1.9909734502602041,150.59373960677027,91.125,0.4909989434036687,-0.8711601675791203,7411872
2017-02-05,3.46,5,1.6208058071861826,37.187797905668845,41.421735999999996,0.6044294667875222,0.7966586594514313,2528074
2017-02-06,2.94,5,1.9052112492478777,86.4214616671519,25.412184,0.9980501782813179,0.06241667751995109,3413354
2017-02-07,6.68,5,6.437097066697957,95.45937205260805,298.07763199999994,0.995463911517233,-0.09513990154930034,31482650
2017-02-08,7.24,5,7.0217484599103335,66.2331115053804,379.50342400000005,0.915192725809916,0.4030164694210597,35230507
2017-02-09,6.94,5,6.805915744078425,73.1017616227399,334.25538400000005,0.95682252156901,0.290672775158461,29807095
2017-02-10,5.84,5,5.653091071429426,73.5010382638182,199.17670399999997,0.9588248813875152,0.28399796976777386,20402507
2017-02-11,6.58,5,6.4055940495176,65.75937293075265,284.890312,0.911829220258789,0.4105696933314111,25056826
2017-02-12,8.6,5,8.467250776052694,82.08098282231879,636.0559999999999,0.9904637891346764,0.13777330079873748,43477105
2017-02-13,9.04,5,8.952854690464683,86.81053427462354,738.7632639999998,0.9984510105242246,0.0556379329518524,41608666
2017-02-14,6.0600000000000005,5,5.788212397134226,108.04076107520916,222.54501600000006,0.9508364363280124,-0.3096935119614964,16408056
2017-02-15,4.76,5,3.9637281310564787,173.63734769185714,107.85017599999999,0.11082113070070503,-0.993840367961685,4558482
2017-02-16,6.94,5,6.701636532710194,230.9168011529239,334.25538400000005,-0.776231310194715,-0.6304482160125414,17247156
2017-02-17,5.12,5,4.7996760989647305,282.4327045033489,134.21772800000002,-0.9765495480379359,0.21529277792555648,15948224
2017-02-18,4.220000000000001,5,3.857076310852401,205.80155870733321,75.15144800000003,-0.43525559200084585,-0.9003069307919346,4033041
2017-02-19,6.76,5,6.416125562130562,236.53572393799413,308.915776,-0.8342297928550817,-0.5514169499688665,18902805
2017-02-20,8.8,5,8.285781731800594,240.9979723253153,681.4720000000002,-0.8746025493734525,-0.48484057238380707,43451963
2017-02-21,8.0,5,7.207815428791932,249.20799025574055,512.0,-0.9348751891982796,-0.35497659165285955,30964903
2017-02-22,11.26,5,10.999468049000113,245.6015874470458,1427.628376,-0.9106951060013615,-0.41307919810269916,59047374
2017-02-23,14.3,5,11.672336778259286,246.35806085685175,2924.2070000000003,-0.9160694381629941,-0.4010196808932653,51400990
2017-02-24,6.32,5,5.550024293783632,293.456803607162,252.43596800000003,-0.9173604383417548,0.39805756639639883,26638352
2017-02-25,9.98,5,9.859730776435622,208.3000662555439,994.0119920000001,-0.4740892272109022,-0.8804768052836881,43547180
2017-02-26,10.780000000000001,5,10.755354907102546,212.61710281310093,1252.7265520000003,-0.5390222333776775,-0.8422915361824198,55933463
2017-02-27,11.28,5,10.866724575028242,197.28434153512006,1435.2491519999999,-0.29711393470893094,-0.9548420339520968,58160687
2017-02-28,10.120000000000001,5,9.723374475230901,222.5940826612065,1036.4337280000002,-0.6767999441410472,-0.7361669889438642,51056080
2017-03-01,6.36,5,5.5214047282130405,236.297066091242,257.25945600000006,-0.8319257094719519,-0.5548870280693085,20207194
2017-03-02,10.48,5,9.894514795603612,250.53705201895266,1151.022592,-0.9428571601013284,-0.3331972023376818,45212073
2017-03-03,6.26,5,5.574515325290674,153.67767497493173,245.31437599999998,0.44342046880927605,-0.896313721774336,14407401
2017-03-04,5.42,5,4.51315748846233,183.89589039378598,159.220088,-0.06794373042874237,-0.9976891547448165,8932408
2017-03-05,8.620000000000001,5,8.122579634954795,187.98835766973062,640.5039280000002,-0.1389718785916795,-0.9902963278537892,39257098
2017-03-06,3.84,5,1.7763975759478126,298.74493667895297,56.62310399999999,-0.87676925804236,0.4809112892746953,4374289
2017-03-07,3.8400000000000007,5,2.186768385043772,277.6199514927168,56.62310400000003,-0.9911694259372263,0.13260154255237483,4058007
2017-03-08,7.08,5,5.284172390429484,214.73976388893584,354.89491200000003,-0.5698499631195976,-0.8217487569400962,26927998
2017-03-09,7.040000000000001,5,5.0712633647935705,271.6188434705569,348.91366400000015,-0.9996008780949799,0.02825038958572522,29316933
2017-03-10,3.46,5,1.402184101762218,180.70156553171006,41.421735999999996,-0.012244322474392253,-0.9999250354737315,2506469
2017-03-11,3.6799999999999997,5,3.278664132563692,123.61217839080956,49.83603199999999,0.8328035968523038,-0.5535685766640529,2475738
2017-03-12,3.94,5,3.1021377746867875,102.9261763592516,61.162983999999994,0.9746590976025413,-0.22369542565863915,10254024
2017-03-13,3.8,5,2.566577538598659,299.70492833299625,54.87199999999999,-0.868588894031696,0.49553338249283985,4707641
2017-03-14,6.26,5,6.029570857700226,233.80405239698115,245.31437599999998,-0.8070020822881084,-0.590548591720154,20145909
2017-03-15,3.3600000000000003,5,2.452038265544694,272.64037717819855,37.93305600000001,-0.9989383537729127,0.04606696605446329,4082011
2017-03-16,5.16,5,4.66127680081134,225.30993806730444,137.38809600000002,-0.7109214683949687,-0.7032714026427788,10328424
2017-03-17,9.24,5,8.368228863171385,254.4789540529309,788.8890240000001,-0.9635322259156284,-0.2675923198114522,42669158
2017-03-18,8.26,5,7.6410628211875755,258.77517976572955,563.559976,-0.9808709219972053,-0.19465927766318372,38972215
2017-03-19,10.84,5,10.72565568620798,235.6880665476939,1273.760704,-0.8259809064811401,-0.5636980948420831,52756259
2017-03-20,10.879999999999999,5,10.63021067529332,228.25205840713622,1287.9134719999997,-0.7460812970328976,-0.6658548627273884,54021742
2017-03-21,8.48,5,7.754470130005464,243.36364675665976,609.800192,-0.8938699609956546,-0.44832632404268524,34736423
2017-03-22,5.74,5,4.991310590123148,149.6641280870706,189.11922400000003,0.5050680821648987,-0.863079505247501,12852855
2017-03-23,7.4,5,7.196917349474539,68.43070135916673,405.22400000000005,0.9299736081856379,0.3676262886113909,27301469
2017-03-24,7.56,5,7.3889214288607725,63.708086201307594,432.0812159999999,0.896548952463085,0.44294466453197623,29770604
2017-03-25,6.880000000000001,5,6.652865156561885,47.460149232785795,325.6606720000001,0.7368072672200429,0.6761028405292587,20536072
2017-03-26,5.88,5,5.668759123441611,58.46093286995813,203.297472,0.8522837005054797,0.5230798159484704,10946773
2017-03-27,3.9200000000000004,5,3.5256211362612278,86.24830269865822,60.236288000000016,0.9978569853313771,0.06543268927207348,4207057
2017-03-28,4.58,5,3.5422725311799055,225.3101532737746,96.071912,-0.7109241099205765,-0.703268732373078,9651738
2017-03-29,7.779999999999999,5,7.521642532663852,228.59925289415492,470.9109519999999,-0.7501024464191526,-0.6613216463083621,29659760
2017-03-30,6.32,5,5.742195750093718,194.22573725658373,252.43596800000003,-0.24574283583806023,-0.969335060045941,17134975
2017-03-31,6.5200000000000005,5,5.308195813229109,200.57999615187808,277.16780800000004,-0.3515148176818034,-0.9361823182212579,18899065
2017-04-01,3.8599999999999994,5,2.9209640078897863,200.574002708805,57.51245599999997,-0.351416886112356,-0.9362190834174955,2824592
2017-04-02,3.88,5,2.029409639235457,300.2383634463871,58.411072,-0.863937801955289,0.503598524970699,6872527
2017-04-03,2.2800000000000002,5,1.20529878522136,117.09445593712837,11.852352000000003,0.8902568799486874,-0.45545876619517195,93962
2017-04-04,3.3600000000000003,5,1.3435100529563486,296.21286882193715,37.93305600000001,-0.8971591833657879,0.4417073688568399,1744246
2017-04-05,6.859999999999999,5,6.684427747832211,331.28733502346137,322.8288559999999,-0.4804173749571455,0.8770399910148257,24494892
2017-04-06,5.640000000000001,5,4.526369694549334,327.1820238041068,179.40614400000004,-0.5419719061816477,0.8403966045325453,15079702
2017-04-07,4.64,5,4.025542753911298,287.7051677090831,99.89734399999998,-0.952634055561212,0.3041189835985216,12855165
2017-04-08,2.38,5,1.1682092172814706,313.60756592003565,13.481271999999999,-0.7240807907145381,0.6897151647732629,263131
2017-04-09,3.9400000000000004,5,2.819915009633692,193.52782181741793,61.162984000000016,-0.23391750195502387,-0.9722564488236226,3071469
2017-04-10,6.88,5,6.67904836386771,316.18977987921244,325.660672,-0.6922719066643734,0.721636755745765,28155658
2017-04-11,6.24,5,5.759993439511414,256.43242288167886,242.97062400000002,-0.9720939085861834,-0.23459205632253805,20075438
2017-04-12,8.620000000000001,5,8.32225879417129,258.21499204506273,640.5039280000002,-0.9789208638003676,-0.20423991386685952,36666539
2017-04-13,6.68,5,6.215477637846107,288.84851569363434,298.07763199999994,-0.9463760395279083,0.32306716299783694,24130998
2017-04-14,6.38,5,5.979146889533063,247.35233599467142,259.694072,-0.9228902047903615,-0.38506320247720965,17743301
2017-04-15,8.66,5,8.302809657712357,283.24312552677003,649.461896,-0.9734067514194884,0.22908360109566606,41853281
2017-04-16,6.4,5,5.904977460251963,294.1023614485207,262.14400000000006,-0.9128173470966635,0.4083680825424648,20845282
2017-04-17,7.24,5,6.511846005315085,350.4037725934547,379.50342400000005,-0.166703824256932,0.9860070156840234,27480446
2017-04-18,5.64,5,4.615186477834009,26.22802130884969,179.40614399999998,0.4419446168309155,0.897042337715548,15361223
2017-04-19,3.54,5,2.736090715284313,49.623715200980655,44.361864000000004,0.7618065045279583,0.6478046384975132,4205190
2017-04-20,4.9799999999999995,5,4.261265149887981,231.65879696882612,123.50599199999996,-0.7843304668495324,-0.6203432265863749,7889213
2017-04-21,6.24,5,5.459874718425885,268.48797256928333,242.97062400000002,-0.9996518079306959,-0.026386794062394053,23251719
2017-04-22,7.4,5,7.053501616956089,334.47998129933393,405.22400000000005,-0.4308264268175933,0.9024348120255473,30238215
2017-04-23,5.38,5,3.395790577856047,297.68953530742044,155.72087199999999,-0.8854785112903419,0.4646803267226188,14938475
2017-04-24,7.56,5,6.590510319196574,250.39329898199492,432.0812159999999,-0.9420182136640027,-0.33556174562259217,29594659
2017-04-25,8.24,5,7.436181188500015,301.5314709632352,559.476224,-0.852353041954291,0.522966817179892,30974082
2017-04-26,5.26,5,4.669987955782552,352.14631032710065,145.53157599999997,-0.136643904436891,0.9906202316630939,8425841
2017-04-27,5.9799999999999995,5,4.996888241091228,274.62368315328763,213.84719199999995,-0.9967456431583271,0.08061093502058408,14804847
2017-04-28,4.9799999999999995,5,4.468493748654579,311.7842993458472,123.50599199999996,-0.7456586203240212,0.6663281638475723,10276636
2017-04-29,3.84,5,1.1113346366389603,70.8774760382235,56.62310399999999,0.9448202041292106,0.32758934944414286,3285169
2017-04-30,8.78,5,8.564819726077301,107.61376509201932,676.8361519999999,0.9531179970749416,-0.30259888243655425,42825128
2017-05-01,5.36,5,3.9801027311506676,143.55958043918372,153.99065600000003,0.5939865547801585,-0.804474967130984,16962574
2017-05-02,4.74,5,3.835404468787814,38.88441858241259,106.49642400000002,0.6277513935114967,0.7784138924405024,10857013
2017-05-03,6.12,5,5.853884937091326,60.05577843953722,229.22092800000001,0.8665117520365595,0.49915667238105915,18284423
2017-05-04,8.620000000000001,5,8.45263027819909,54.98774072899511,640.5039280000002,0.8190293004617856,0.5737516927949565,39802507
2017-05-05,6.659999999999999,5,6.381445193025265,61.345438876852654,295.4082959999999,0.8775267329200774,0.4795277187093725,21525533
2017-05-06,6.94,5,6.309780735502995,55.56564331525658,334.25538400000005,0.8247745746867744,0.5654616706287442,22806447
2017-05-07,6.56,5,6.1759719969762905,341.8443821474128,282.3004159999999,-0.3115989626589244,0.9502137056840857,17632336
2017-05-08,7.62,5,6.90933047963865,2.412788514092938,442.450728,0.04209865857581282,0.9991134584951387,25443683
2017-05-09,3.94,5,3.4815459692014716,359.7157190881627,61.162983999999994,-0.004961617554681019,0.9999876910998661,5277732
2017-05-10,3.56,5,1.6745423713866912,24.42613201396449,45.118016000000004,0.41351974026655636,0.9104951534247064,1652860
2017-05-11,5.4399999999999995,5,4.730423728611081,92.72085323678834,160.98918399999997,0.9988726640505862,-0.04747000118479831,12923744
2017-05-12,4.42,5,3.6709767867354373,183.25058135317857,86.350888,-0.05670291776858365,-0.9983910952710512,7782669
2017-05-13,5.1,5,4.476231417908858,210.64466773562816,132.65099999999998,-0.5097122946629788,-0.8603449172683015,7404154
2017-05-14,5.88,5,5.057449097735857,218.6257101123051,203.297472,-0.6242302225290263,-0.7812404426816127,14915041
2017-05-15,5.24,5,4.77697615954688,200.99301809712193,143.877824,-0.35825418339437654,-0.9336240892781358,7133370
2017-05-16,5.48,5,4.992683660408367,213.58055902759168,164.56659200000004,-0.5531088997374197,-0.8331089634803247,10351758
2017-05-17,3.9799999999999995,5,2.183808762580415,146.1699017450935,63.04479199999998,0.5567320662064504,-0.8306921249521368,8807904
2017-05-18,5.4799999999999995,5,2.2547948464689695,6.060456902604869,164.56659199999996,0.10557779654592162,0.9944110462361668,12081360
2017-05-19,8.54,5,6.369938410428842,219.234334336656,622.8358639999998,-0.6324935724884646,-0.7745656077833428,30830274
2017-05-20,5.5200000000000005,5,5.148696077671011,217.57748850261657,168.19660800000005,-0.6098338264132317,-0.7925293080777496,9918742
2017-05-21,4.2,5,0.3823217042966658,182.4782971281679,74.08800000000001,-0.04324095819542075,-0.9990646723482629,3290297
2017-05-22,4.0200000000000005,5,2.7634181179302084,98.66071978488668,64.96480800000002,0.9885973542441253,-0.15058310390450663,3538769
2017-05-23,4.96,5,4.309097143350451,283.9770231238548,122.02393599999999,-0.9703926642889419,0.24153276608818322,17748851
2017-05-24,4.16,5,3.361015366212733,300.08117603077756,71.991296,-0.8653161403336489,0.5012264730419542,11269958
2017-05-25,3.8200000000000003,5,3.1592550076744184,15.521615626675327,55.74296800000001,0.26760189999180534,0.9635295652551487,4111458
2017-05-26,6.14,5,5.919933955278732,89.84653514534455,231.47554399999996,0.99999641290941,0.0026784637971968015,13934240
2017-05-27,6.36,5,3.137938353237466,173.8459827864325,257.25945600000006,0.10720146413847673,-0.9942373187959537,19134498
2017-05-28,4.38,5,1.9179355439582517,286.556008108134,84.027672,-0.9585416444550956,0.2849524799774886,7217278
2017-05-29,4.7,5,1.6068605009844636,44.10649619231987,103.82300000000001,0.6959942132391737,0.7180473905931165,9140591
2017-05-30,7.640000000000001,5,7.436081238983997,242.55141138609258,445.9437440000001,-0.887424802125927,-0.46095251444347196,28307800
2017-05-31,4.24,5,2.8946899233251626,329.6107015478527,76.225024,-0.5058726573684327,0.8626081697543794,8504605
2017-06-01,3.1399999999999997,5,2.04123973845146,46.062781726444484,30.95914399999999,0.7201005387504859,0.6938697385613959,1256100
2017-06-02,3.18,5,1.633097824530088,29.298892067136194,32.15743200000001,0.48936558838723565,0.8720787354949177,2727704
2017-06-03,4.3,5,2.7348761137814015,279.2886175717441,79.50699999999999,-0.98688780128536,0.16140776832032497,7983745
2017-06-04,6.340000000000001,5,5.927993160973165,258.01458326276577,254.84010400000008,-0.9782004879701598,-0.20766272013758555,18467828
2017-06-05,6.68,5,5.5435096025450905,210.57154722388228,298.07763199999994,-0.5086139131377846,-0.8609947080921404,20942980
2017-06-06,13.2,5,11.756487127551427,210.6014783343559,2299.968,-0.5090636242762419,-0.8607288925316364,54568307
2017-06-07,13.64,5,13.321352016092773,245.44843657750602,2537.7165440000003,-0.9095876986281942,-0.4155119956201811,61111223
2017-06-08,7.459999999999999,5,6.80005836407464,213.99935544409806,415.1609359999998,-0.559183577075466,-0.8290438632117643,26545520
2017-06-09,7.140000000000001,5,5.760113574057436,237.64947201149076,363.99434400000007,-0.8447902700741404,-0.5350975608130362,23576247
2017-06-10,5.32,5,4.9889128198991815,216.50659975015338,150.56876800000003,-0.5949153769626628,-0.8037883392121167,10247210
2017-06-11,6.959999999999999,5,6.161900667619842,231.59349159260282,337.15353599999986,-0.7836228941442241,-0.6212367984698186,19774366
2017-06-12,9.84,5,9.725970796462134,255.2357238778402,952.7639039999999,-0.9669824709158692,-0.2548428946261602,42355756
2017-06-13,4.4799999999999995,5,3.6807119605304686,293.62827965968086,89.91539199999997,-0.9161650164084352,0.40080127583296415,10804580
2017-06-14,3.9200000000000004,5,2.778084785502287,69.8140667507061,60.236288000000016,0.9385777690203407,0.34506777812597905,3075217
2017-06-15,6.779999999999999,5,4.164510218460269,232.09788329385526,311.6657519999999,-0.789061390456134,-0.6143143512009406,22066917
2017-06-16,7.26,5,6.883770733957449,287.6779998110343,382.657176,-0.9527781523393507,0.30366723963050907,29509379
2017-06-17,4.0600000000000005,5,3.5557175778879797,282.4557744810398,66.92341600000003,-0.9764627818728734,0.2156859652761146,6723128
2017-06-18,2.96,5,0.8043754469173396,16.355064818826634,25.934336,0.28158901192952746,0.9595351105408038,815624
2017-06-19,3.5799999999999996,5,2.734754888722605,31.51096131141486,45.882711999999984,0.5226616745740215,0.8525401890418303,1709738
2017-06-20,6.08,5,5.79926392507059,43.88300458399891,224.75571200000002,0.6931880636035366,0.7207567609655696,17468185
2017-06-21,5.16,5,4.822419351001019,90.05633212265082,137.38809600000002,0.9999995166775849,-0.0009831808564962673,7167963
2017-06-22,7.8,5,6.362812159443993,244.07888509129407,474.55199999999996,-0.8993967456356712,-0.43713326794006857,31563893
2017-06-23,8.620000000000001,5,8.205010364270755,247.63317587449114,640.5039280000002,-0.9247665291221346,-0.38053497423416965,34165415
2017-06-24,9.4,5,9.20026363246497,235.6678643762403,830.5840000000001,-0.8257820983451273,-0.5639892960444537,34304646
2017-06-25,8.18,5,7.779192495036646,256.1554472673046,547.3434319999999,-0.9709485046517582,-0.23928853151481094,26444942
2017-06-26,5.04,5,4.052054967756118,336.67685817450996,128.024064,-0.39591643174655095,0.9182865451878726,8607143
2017-06-27,6.42,5,6.267480340044598,79.15814881781733,264.609288,0.9821501177134218,0.18809876734181924,15068332
2017-06-28,6.540000000000001,5,2.8787568451818633,191.6084014426545,279.7262640000001,-0.2012215568809003,-0.9795457544425511,14907398
2017-06-29,4.9399999999999995,5,4.3659682674871965,225.04641978812114,120.55378399999996,-0.7076794315127891,-0.7065336667234872,6058509
2017-06-30,4.64,5,3.6204236943633066,269.6109475591177,99.89734399999998,-0.9999769463678262,-0.006790193876292177,7890092
2017-07-01,7.58,5,6.405271594365369,331.24047182330474,435.519512,-0.48113456022211226,0.876646756088149,20031102
2017-07-02,6.14,5,5.038473752442694,290.13674830714746,231.47554399999996,-0.9388736428581188,0.34426193914855824,16856962
2017-07-03,7.92,5,6.862585788180827,234.97608629867642,496.793088,-0.8189125777305003,-0.5739182781849584,27491634
2017-07-04,3.08,5,1.42404750712652,15.805988724522592,29.218112,0.2723808194267822,0.9621895287355785,1635885
2017-07-05,4.04,5,1.9284309158566204,11.646677210627502,65.93926400000001,0.20187588589014296,0.9794111121975644,3593819
2017-07-06,4.68,5,3.8328009869959208,93.85154610698339,102.50323199999998,0.997741441238409,-0.0671715448348658,4182390
2017-07-07,4.14,5,2.5745897859108475,264.589789893241,70.95794399999998,-0.9955451786964737,-0.09428572094546576,8375638
2017-07-08,4.0600000000000005,5,2.738259615469779,337.9189794836944,66.92341600000003,-0.3759173257429613,0.9266532060087314,5802094
2017-07-09,3.0200000000000005,5,1.564187055624766,24.26038965056989,27.543608000000013,0.4108841789633158,0.9116875514547963,1049514
2017-07-10,4.86,5,2.5476568660069887,211.6691599394442,114.79125600000002,-0.5250136168766599,-0.8510938268452473,5306195
2017-07-11,6.16,5,5.673199798103395,241.09466437885982,233.744896,-0.8754195179397122,-0.48336390805499935,14451390
2017-07-12,7.859999999999999,5,5.406356850564748,356.3132156164964,485.58765599999987,-0.06430213129302004,0.9979304764918121,24641418
2017-07-13,2.7,5,1.443223364612022,359.64653060841846,19.683000000000003,-0.0061691655558110195,0.9999809705171119,665737
2017-07-14,6.9799999999999995,5,5.704594547859843,291.13524552231434,340.06839199999996,-0.9327319061355114,0.36057064672102124,18853402
2017-07-15,5.58,5,4.534526446233578,246.1858809428294,173.74111200000002,-0.914860196810264,-0.40377075215062935,7446959
2017-07-16,5.64,5,4.438596606751036,259.22180431096285,179.40614399999998,-0.9823584888719599,-0.1870074847197283,10925477
2017-07-17,3.56,5,2.490785233665245,10.242600445109758,45.118016000000004,0.1778164584838058,0.9840636702430778,2391480
2017-07-18,6.04,5,5.893976418214585,77.91357255446445,220.348864,0.9778328649773323,0.20938693409623735,14448123
2017-07-19,6.279999999999999,5,2.9261013261471946,135.4342954625523,247.67315199999993,0.7017267307021064,-0.7124462052801835,18467956
2017-07-20,6.42,5,5.6751817360557775,232.34486608483883,264.609288,-0.7917021532518549,-0.6109072765456116,15233978
2017-07-21,4.92,5,2.8701554520226926,143.32699498627005,119.09548799999999,0.5972473229471861,-0.8020571271626602,5902428
2017-07-22,4.74,5,2.5424895540560524,180.9228172201812,106.49642400000002,-0.0161055025447461,-0.999870297982584,8131967
2017-07-23,6.459999999999999,5,5.691101329034828,224.59145553759635,269.5861359999999,-0.7020468614543407,-0.7121307494569448,14825667
2017-07-24,4.82,5,2.689040009036187,346.0579505048211,111.98016800000002,-0.24094038862126504,0.9705399162997026,5501269
2017-07-25,7.92,5,7.721571374045845,337.2910976838543,496.793088,-0.3860493767701349,0.9224781182745694,25056814
2017-07-26,5.54,5,3.388145044094264,239.41372730239124,170.031464,-0.8608639618130765,-0.5088351788659016,8750721
2017-07-27,8.02,5,7.694796995017404,247.93769455163294,515.8496079999999,-0.9267759460407543,-0.375614624103302,22588566
2017-07-28,10.24,5,9.638837635208708,229.17997537677763,1073.7418240000002,-0.7567666417935778,-0.6536851305242233,38804930
2017-07-29,7.3,5,6.253568443231693,224.4016068921449,389.017,-0.6996833780236443,-0.7144530569025666,28156179
2017-07-30,8.059999999999999,5,7.027254712825021,225.05343298064113,523.6066159999998,-0.7077659082639023,-0.7064470391327106,30083532
2017-07-31,5.680000000000001,5,5.068272959805269,227.92503028142642,183.25043200000005,-0.7422686532891455,-0.6701024148175548,11072973
2017-08-01,3.9,5,3.4214450275117283,228.6146107264911,59.318999999999996,-0.7502796832592532,-0.6611205615380562,2132743
2017-08-02,6.24,5,5.595071747039516,204.9442418179828,242.97062400000002,-0.4217360757746589,-0.906718634632702,12744281
2017-08-03,11.88,5,11.323163106687753,224.91535176862908,1676.6766720000003,-0.706061337141731,-0.7081506818422411,46809502
2017-08-04,10.059999999999999,5,9.782487029551195,242.36463546085304,1018.1082159999996,-0.8859174513194825,-0.46384293618378225,41781842
2017-08-05,5.54,5,4.836764900119649,276.4174014940654,170.031464,-0.993734018723014,0.11177074766059482,11258029
2017-08-06,5.16,5,4.395391149010762,250.78113439646978,137.38809600000002,-0.9442680341460672,-0.3291775807826554,8561232
2017-08-07,4.76,5,2.8353931772529766,217.20044175721844,107.85017599999999,-0.604605256184028,-0.7965252564700291,7005013
2017-08-08,4.96,5,0.8372997801183089,26.595990280151625,122.02393599999999,0.44769651131320926,0.8941855700904491,6116572
2017-08-09,6.02,5,4.414761128618867,233.34050023854024,218.16720799999996,-0.8021978827147872,-0.597058252575,19373268
2017-08-10,4.74,5,4.427990460617956,26.38912929886692,106.49642400000002,0.4444652282147208,0.8957961045394405,4826861
2017-08-11,4.36,5,3.2087343344556216,258.8620431941815,82.88185600000001,-0.9811649084075971,-0.19317200239556384,4984878
2017-08-12,6.5,5,5.961931941703208,269.1463221033498,274.625,-0.9998890046515427,-0.014898938785936504,16282252
2017-08-13,3.44,5,1.757402151236431,356.2406014193421,40.707584,-0.0655668133129263,0.9978481813342087,1756890
2017-08-14,3.66,5,3.0867506580328157,121.79803783608344,49.027896000000005,0.8499107387330104,-0.5269266895748482,5552715
2017-08-15,3.4799999999999995,5,1.6112789664373768,230.2599968492567,42.14419199999998,-0.7689533883663523,-0.6393048463134827,1669479
2017-08-16,3.4799999999999995,5,2.534566975129104,190.88647693723289,42.14419199999998,-0.1888636738950678,-0.9820033160243694,2171593
2017-08-17,7.5200000000000005,5,6.78499368497818,200.92058865276678,425.25900800000005,-0.35707367311014204,-0.9340762238552224,19339865
2017-08-18,8.22,5,7.687845315338447,232.210704034719,555.4122480000001,-0.7902695022796447,-0.6127594256857113,23374796
2017-08-19,9.24,5,8.632995146921711,254.02646491455053,788.8890240000001,-0.9613889102562303,-0.27519331975238404,34214234
2017-08-20,7.360000000000001,5,7.03309978051693,270.2791505086914,398.6882560000002,-0.9999881313662686,0.004872076210227294,23651080
2017-08-21,3.2600000000000002,5,0.06440654426805027,177.628812858929,34.645976000000005,0.04137321031078385,-0.9991437621626728,1322354
2017-08-22,4.2,5,3.50306304095404,84.84441644564822,74.08800000000001,0.9959543589420324,0.08986053029203221,3762982
2017-08-23,5.76,5,2.9903769789381203,139.0863084726518,191.10297599999998,0.6549214154537515,-0.7556969892622668,10423456
2017-08-24,5.720000000000001,5,5.435053498287451,258.90093007504254,187.14924800000006,-0.9812957890473547,-0.1925060373025465,13070503
2017-08-25,3.3600000000000003,5,0.40061455595612727,337.92943093449065,37.93305600000001,-0.3757482866138244,0.926721762508454,918507
2017-08-26,3.0,5,0.8881824423523036,336.3923499974161,27.0,-0.4004713796621661,0.9163092676992202,1267936
2017-08-27,2.9,5,1.5269988477754184,336.7879138548111,24.389,-0.39413578601597615,0.9190522195074492,1033740
2017-08-28,2.34,5,1.0323926354956654,45.541782315940225,12.812903999999998,0.7137613898178986,0.7003889479462263,228906
2017-08-29,3.66,5,0.46247257099704125,281.4416638416833,49.027896000000005,-0.980127184732861,0.19837011304033758,3481096
2017-08-30,7.279999999999999,5,5.613709458882929,13.314871448315387,385.8283519999999,0.23030232359631997,0.9731191292673965,15178361
2017-08-31,5.4,5,4.1848636949228615,293.99286570890433,157.46400000000003,-0.9135960961339319,0.40662288810252617,10459080
2017-09-01,3.16,5,0.9052542675349525,20.19844812231605,31.554496000000004,0.34527277943626056,0.9385023749465737,1089783
2017-09-02,3.08,5,2.452121144940367,7.7187148942244335,29.218112,0.13430986957202987,0.9909393820691276,1668940
2017-09-03,2.98,5,2.1320289081967645,152.03929303350424,26.463592,0.4688659333255583,-0.8832693454245727,823090
2017-09-04,4.5600000000000005,5,4.0590908908301655,176.53690259736572,94.81881600000003,0.060405656414184335,-0.9981739110361337,3804608
2017-09-05,6.6,5,6.123869270976186,214.61098523479475,287.496,-0.5680015533298459,-0.8230274815672209,12618252
2017-09-06,8.959999999999999,5,8.496691631440486,285.01865282898484,719.3231359999997,-0.9658415157145483,0.25913349170306765,29700961
2017-09-07,7.659999999999999,5,6.897817566987403,244.0600263591167,449.45509599999986,-0.8992528158286707,-0.43742927796868714,18089962
2017-09-08,9.14,5,8.553523308568256,227.04948043492564,763.5519440000002,-0.7319424002245865,-0.6813665113237304,41376411
2017-09-09,5.34,5,4.4437045299424165,233.6532404224106,152.273304,-0.8054448668765455,-0.5926707065666599,6966139
2017-09-10,9.22,5,8.927508522631891,201.37913557956867,783.7774480000002,-0.36453771353938186,-0.9311886250419297,39135362
2017-09-11,11.9,5,11.019943690478636,224.50149457529022,1685.159,-0.700927869384606,-0.7132321655113127,61347674
2017-09-12,9.76,5,8.366977069610774,245.05076777542237,929.714176,-0.9066818983919873,-0.4218150484848804,39206017
2017-09-13,14.580000000000002,5,13.128791465937377,246.31896974519054,3099.363912000001,-0.915795621834477,-0.40164459292862825,55175238
2017-09-14,10.36,5,8.98818278889465,283.3029504594891,1111.934656,-0.9731670250220652,0.23009985095541285,35265306
2017-09-15,6.340000000000001,5,4.976384280240568,261.6691618286508,254.84010400000008,-0.9894479492501,-0.14488877018172058,14958279
2017-09-16,4.359999999999999,5,3.449270289755632,205.54722194605594,82.88185599999997,-0.43125484183713375,-0.9022301598771949,5299226
2017-09-17,3.4,5,2.5265306796303473,213.4531646522271,39.303999999999995,-0.5512551568454054,-0.8343367138340176,1258254
2017-09-18,4.5,5,2.316928329479682,291.022181797487,91.125,-0.933441616034192,0.3587293540476946,3517099
2017-09-19,3.7399999999999998,5,2.8853688774277493,318.5421375526281,52.31362399999999,-0.6620690577991797,0.7494428348479332,2254230
2017-09-20,5.84,5,5.0904721613905695,232.7443699770892,199.17670399999997,-0.7959425210295977,-0.6053722022169902,6924694
2017-09-21,5.32,5,5.0533241445522625,174.24455182508655,150.56876800000003,0.10028267131294838,-0.9949589870111929,7396793
2017-09-22,3.1399999999999997,5,1.4780726622478404,274.80098074661817,30.95914399999999,-0.996491426768317,0.08369490054503893,861044
2017-09-23,2.7399999999999998,5,1.110864071386577,117.8349705439606,20.570823999999995,0.884296150852449,-0.46692645843595415,181344
2017-09-24,4.42,5,4.275777214823514,93.57634100526212,86.350888,0.9980525712644697,-0.0623784016497752,2686141
2017-09-25,4.62,5,4.36508476302541,81.89764333432618,98.61112800000001,0.9900178613894528,0.14094195305108467,4868549
2017-09-26,3.8200000000000003,5,3.6310004644675224,73.33883758643839,55.74296800000001,0.9580170603183755,0.2867111998840263,3049690
2017-09-27,4.42,5,4.1606854224330005,105.08268825002835,86.350888,0.9655512974728885,-0.26021278206195336,5261596
2017-09-28,4.279999999999999,5,3.6954702804031405,155.97094960721256,78.40275199999996,0.407199781163704,-0.9133391145791533,4197263
2017-09-29,5.3,5,3.883961172024522,185.01842843424907,148.87699999999998,-0.0874761511622921,-0.9961666140650528,7650320
2017-09-30,3.9200000000000004,5,2.7078845887040295,254.87623125068467,60.236288000000016,-0.9653644793511329,-0.26090500571494607,2023017
2017-10-01,9.14,5,9.036524240179999,180.76537137494842,763.5519440000002,-0.013357853216181525,-0.9999107798986142,31278813
2017-10-02,11.239999999999998,5,10.405405401565524,251.16955451069038,1420.0346239999994,-0.9464778828551176,-0.32276867454276664,49780716
2017-10-03,9.02,5,8.756029900899545,285.9763222414268,733.8708079999999,-0.9613755223263432,0.2752400862369993,28306334
2017-10-04,10.620000000000001,5,10.350892095139987,256.02715163507924,1197.7703280000003,-0.9704102605846986,-0.24146205944606972,42239490
2017-10-05,12.919999999999998,5,11.109854469065201,288.62197931138957,2156.689087999999,-0.9476459838653168,0.319322860540763,53057513
2017-10-06,9.940000000000001,5,9.415171822997772,315.3589522668172,982.1077840000004,-0.7026629811029093,0.7115228281563232,32983815
2017-10-07,10.32,5,9.018699039798282,261.278950442344,1099.1047680000001,-0.9884382492825233,-0.15162396695542646,37495782
2017-10-08,4.779999999999999,5,4.031482991236753,325.5046830349783,109.21535199999995,-0.5663388755904273,0.8241724807314125,7925002
2017-10-09,4.74,5,4.249993333727236,233.40666105735372,106.49642400000002,-0.8028867853089436,-0.5961315374783239,4594417
2017-10-10,8.059999999999999,5,7.769710203620668,238.49337654276252,523.6066159999998,-0.852579757229062,-0.5225971273966532,24776411
2017-10-11,11.42,5,11.125317115824437,218.3372148327554,1489.355288,-0.6202886300409152,-0.7843736453004809,55083631
2017-10-12,8.819999999999999,5,8.40371322913417,258.3591081780446,686.1289679999996,-0.9794314914366276,-0.20177698972435723,32073486
2017-10-13,7.9799999999999995,5,7.851816353773861,221.3052459038295,508.1695919999999,-0.6600704496569274,-0.7512037017279013,24788526
2017-10-14,6.12,5,5.704732445092215,218.93656889715808,229.22092800000001,-0.6284596415799395,-0.7778421940890157,16517277
2017-10-15,5.4,5,5.126151464189412,176.0822719386715,157.46400000000003,0.06832398393040401,-0.9976631862607129,9755311
2017-10-16,6.6,5,6.04584867052438,193.6497882673586,287.496,-0.23598662838505424,-0.9717563023842214,14190245
2017-10-17,6.36,5,5.78357509118455,231.3907771242947,257.25945600000006,-0.7814200366777736,-0.6240053896229638,14608479
2017-10-18,3.44,5,2.670548753735529,101.94362155857658,40.707584,0.978351710068496,-0.206949103419294,1911820
2017-10-19,5.32,5,5.06381288886064,150.3047767835443,150.56876800000003,0.4953862483796353,-0.8686728181060751,8168341
2017-10-20,10.180000000000001,5,9.00736038578644,209.7495873711192,1054.9778320000005,-0.49621025112666994,-0.8682023880851787,46520992
2017-10-21,10.22,5,9.737135167849852,198.2414226576512,1067.4626480000002,-0.313021630294997,-0.9497459970789359,35608982
2017-10-22,11.379999999999999,5,9.989383065899432,257.246910783168,1473.7600719999996,-0.9753304197461238,-0.22075002223748455,45698170
2017-10-23,7.9,5,6.2941773800387475,258.04064781938627,493.03900000000004,-0.9782948550820416,-0.207217703201264,26453461
2017-10-24,8.48,5,8.270273254329444,219.09111178069972,609.800192,-0.6305554127795738,-0.7761442336411327,30319224
2017-10-25,7.42,5,6.853580826683994,242.8892342689239,408.518488,-0.8901271931688491,-0.4557121679101254,27962027
2017-10-26,5.42,5,4.569446149344381,271.1953993835803,159.220088,-0.9997823618423741,0.020862141522004513,8363103
2017-10-27,8.540000000000001,5,8.027248206650007,321.75970289179287,622.8358640000002,-0.6189609490458209,0.7854217615754587,23513942
2017-10-28,12.3,5,12.19112400916121,277.84951212313297,1860.8670000000004,-0.9906301920100368,0.13657167597330636,51521005
2017-10-29,12.26,5,11.635151030291564,335.51339505546946,1842.771176,-0.4144804934621827,0.9100581962376613,51603330
2017-10-30,6.2,5,5.58895950476582,338.3985172652414,238.32800000000003,-0.36814861387840303,0.9297669590275891,11765569
2017-11-01,7.06,5,6.658167469024813,226.02337074128383,351.89581599999997,-0.7196230891265606,-0.6943648965752418,19031173
2017-11-02,5.0600000000000005,5,3.935834661887415,289.83658326636663,129.55421600000003,-0.9406642935428923,0.33933860206798094,5862430
2017-11-03,3.78,5,3.3769123733023845,187.7700082411735,54.01015199999999,-0.13519694201323543,-0.9908187457200585,2752492
2017-11-04,6.6,5,4.018473959717001,201.48992827106238,287.496,-0.3663376677673855,-0.9304819789629204,16189561
2017-11-05,7.340000000000001,5,6.484272428784466,301.98648003392975,395.44690400000013,-0.8481731164932129,0.5297191373342959,9831777
2017-11-06,4.4799999999999995,5,2.2781737786721075,334.0943507606111,89.91539199999997,-0.43689048068714575,0.8995147068752988,2977587
2017-11-07,3.6799999999999997,5,3.19483640069631,157.66263195053216,49.83603199999999,0.380059496396969,-0.9249620420311756,2051571
2017-11-08,2.8,5,2.0948499108012384,60.95754933617803,21.951999999999995,0.874260269800264,0.48545749623295525,816338
2017-11-09,5.86,5,4.852107180777459,237.13231087215473,201.23005600000002,-0.8399260439777849,-0.5427008758495127,15056653
2017-11-10,10.78,5,9.905218113716247,280.6338861597617,1252.7265519999999,-0.9828263838102353,0.1845326510038156,38494136
2017-11-11,7.840000000000001,5,6.681358138405566,293.8953697419281,481.8903040000001,-0.9142866930565909,0.4050677016248555,16557412
2017-11-12,8.26,5,6.6079525340867935,330.3765430832994,563.559976,-0.49429779677677954,0.869292636631429,13165130
2017-11-13,8.3,5,7.884925945228162,340.82559828623573,571.7870000000001,-0.32844469076541133,0.9445232051718017,17003580
2017-11-14,7.140000000000001,5,6.646104500500941,237.60322266826847,363.99434400000007,-0.844358062372492,-0.5357793039177333,21082295
2017-11-15,4.5200000000000005,5,4.239599342758426,203.57767893797055,92.34540800000003,-0.39999200923594275,-0.9165186264050467,6484419
2017-11-16,6.08,5,3.403470107812803,233.44270708177993,224.75571200000002,-0.8032616657461796,-0.5956263059525433,11878493
2017-11-17,4.9,5,4.120527011285905,285.22547292820633,117.64900000000003,-0.9648998333442566,0.26261818598913905,3921367
2017-11-18,10.12,5,9.33278235282241,283.88451196000807,1036.4337279999997,-0.9707813839056098,0.2399656322524314,31927174
2017-11-19,9.48,5,9.095079588018368,307.92282282681043,851.9713920000002,-0.7888393318825193,0.6145994699600225,31477804
2017-11-20,8.3,5,7.042129836469854,240.3646142449399,571.7870000000001,-0.8691897062237359,-0.4944787706208384,25333780
2017-11-21,8.5,5,8.118885058259139,232.37578166260397,614.125,-0.7920316704923103,-0.6104800020780046,32316838
2017-11-22,11.74,5,11.286914584404567,198.87886775505748,1618.0960240000002,-0.323568454110637,-0.9462047640465845,60589830
2017-11-23,11.52,5,10.087541599155376,214.83822299385884,1528.8238079999999,-0.5712612433202897,-0.8207682936615892,54570748
2017-11-24,4.279999999999999,5,3.494471786279544,262.7691752632725,78.40275199999996,-0.9920471293198246,-0.1258669663108439,4923241
2017-11-25,7.119999999999999,5,6.525407098146796,272.23838391274126,360.94412799999986,-0.999236975199533,0.03905723228913959,10064841
2017-11-26,10.1,5,9.667305189643786,275.7901387226819,1030.301,-0.9948980870702269,0.10088506501957199,30983362
2017-11-27,11.280000000000001,5,10.051112632720262,249.48547437971686,1435.2491520000003,-0.9365833746080738,-0.35044483504219653,46270198
2017-11-28,8.379999999999999,5,7.847558610609772,274.2547695864247,588.4804719999997,-0.9972440124838485,0.07419150601729113,28334383
2017-11-29,3.34,5,0.6764812840386198,308.9712110748427,37.25970399999999,-0.7774620726294548,0.6289298256743056,2094510
2017-11-30,4.859999999999999,5,3.6472252057605856,336.34602505872647,114.79125599999996,-0.4012121055341686,0.9159851780311945,2462031
2017-12-01,3.1,5,2.4098166892961994,51.52460080138849,29.791000000000004,0.7828753706919065,0.6221785547284718,1125933
2017-12-02,4.74,5,4.133393245982137,199.4301897706205,106.49642400000002,-0.33265808004839054,-0.9430475076996485,9319566
2017-12-03,6.640000000000001,5,4.363681701578077,284.1647090387452,292.7549440000001,-0.9695962614709174,0.2447102158505451,14056584
2017-12-04,6.5,5,5.986099965136795,292.6105334152463,274.625,-0.9231395515924637,0.384465041695165,10639006
2017-12-05,7.640000000000001,5,7.38227196526986,265.0527561277301,445.9437440000001,-0.99627452601678,-0.08623844160257232,19465876
2017-12-06,9.440000000000001,5,8.567082018390703,233.5028296441488,841.2323840000004,-0.8038862359161242,-0.5947830862630556,38670438
2017-12-07,12.959999999999999,5,10.49919873991575,221.76042814218553,2176.7823359999998,-0.6660174414540068,-0.7459361686358014,59428326
2017-12-08,11.84,5,11.355247624652776,286.9953658697874,1659.797504,-0.9563284001012742,0.29229435704395185,40988278
2017-12-09,10.120000000000001,5,8.944689062012465,274.6736465826052,1036.4337280000002,-0.9966749693304315,0.08148009272321258,36204664
2017-12-10,8.84,5,2.313870781525899,150.83846597208293,690.807104,0.4872735061381607,-0.8732494089410103,40708854
2017-12-11,8.58,5,7.049702978950363,44.29473136132242,631.6287120000001,0.698349470887103,0.7157569535196311,32887719
2017-12-12,7.040000000000001,5,3.226658800179992,257.73521691784515,348.91366400000015,-0.9771763292409551,-0.21242980386747196,18661810
2017-12-13,10.34,5,8.464900685790855,211.7722080968352,1105.507304,-0.5265434843879502,-0.8501481982858027,54343731
2017-12-14,9.319999999999999,5,8.26568954316718,245.83948189586903,809.5575679999996,-0.9124023730780317,-0.4092944045568865,32987249
2017-12-15,4.34,5,2.9865011088536866,192.35354479436646,81.74650399999999,-0.21394337440858832,-0.9768460638947503,7896888
2017-12-16,7.24,5,6.768572834901524,318.13426202478274,379.50342400000005,-0.6673873488488982,0.7447107670743314,10535498
2017-12-17,6.459999999999999,5,4.215817307205269,239.7728760985307,269.5861359999999,-0.86403657477654,-0.5034290391390078,15661753
2017-12-18,6.840000000000001,5,6.393746692454513,342.1831631486769,320.0135040000001,-0.30597508306708715,0.9520395204728053,17337295
2017-12-19,4.04,5,3.693111874512469,251.77586698400677,65.93926400000001,-0.9498404116101239,-0.3127350195809712,2847796
2017-12-20,3.84,5,3.6438028890171776,261.21489821003684,56.62310399999999,-0.9882681278463559,-0.152728869186735,2287510
2017-12-21,3.7,5,3.3581313744031123,260.933066386369,50.653000000000006,-0.9875049180686002,-0.15758818734387187,2519000
2017-12-22,3.1399999999999997,5,2.378045581306693,270.032155151538,30.95914399999999,-0.9999998425198393,0.0005612132363557606,1897911
2017-12-23,8.540000000000001,5,8.458943116738654,249.02160263211024,622.8358640000002,-0.9337154781337021,-0.358015929664522,44095084
2017-12-24,10.3,5,10.121370030175383,235.02222532303725,1092.7270000000003,-0.8193744758588046,-0.573258639979468,56690792
2017-12-25,11.34,5,10.884395423563204,200.87021671610105,1458.2741039999999,-0.3562523363695479,-0.9343897863478808,58683909
2017-12-26,11.16,5,9.578157116596461,210.92675359252365,1389.9288960000001,-0.5139418594075749,-0.8578250201228014,56140157
2017-12-27,9.14,5,2.2008915957891335,212.77926084390054,763.5519440000002,-0.5414039178018819,-0.8407626286823012,34099291
2017-12-28,10.08,5,9.548425565469856,279.7006534908175,1024.192512,-0.9857015473079342,0.16850062206040772,35097973
2017-12-29,9.959999999999999,5,7.192647001784281,216.96304784395082,988.0479359999997,-0.6012998286060005,-0.7990234765752471,42121234
2017-12-30,10.54,5,9.144068789159517,232.44321120499416,1170.9054639999997,-0.792749575928624,-0.6095474631765656,50733817
2017-12-31,11.1,5,10.884885659852864,217.0145442138607,1367.6309999999999,-0.6020177329273244,-0.7984827169332125,45113407
2018-01-01,9.379999999999999,5,8.43462128450466,232.7250551622294,825.2936719999998,-0.7957384005317154,-0.6056404857002439,41563719
2018-01-02,8.74,5,6.518441363072626,227.35837706035093,667.6276240000001,-0.7356051714116744,-0.6774105341610811,32574060
2018-01-03,15.62,5,14.887467411393905,256.463927155647,3811.0363279999992,-0.9722227528473815,-0.23405751183386395,66202711
2018-01-04,10.440000000000001,5,9.541610844693627,242.38111528250323,1137.8931840000005,-0.8860508284927696,-0.4635881030907465,44640910
2018-01-05,7.62,5,6.807832199788154,228.84424810784188,442.450728,-0.7529233739862218,-0.6581081924009182,28121911
2018-01-06,5.4,5,2.6482411201514946,21.661905537209975,157.46400000000003,0.36912891968891365,0.92937820108355,12120360
2018-01-07,9.780000000000001,5,9.692628565834523,60.676717954992284,935.4413520000003,0.8718703406921386,0.4897367752388768,50975503
2018-01-08,8.78,5,8.639282330023388,80.93501031706495,676.8361519999999,0.9875102641508503,0.15755468319513038,50151842
2018-01-09,5.4,5,4.38662275979919,120.21188871251007,157.46400000000003,0.8641704081297812,-0.5031992703818313,14150704
2018-01-10,4.88,5,4.636979600643393,165.48396484477132,116.214272,0.25065094609959726,-0.9680775295498686,5827404
2018-01-11,2.7800000000000002,5,1.4112571103581872,32.53120479850071,21.484952000000007,0.5377588619489906,0.8430986931524247,504410
2018-01-12,2.92,5,1.8941538667210807,54.05701828609352,24.897087999999997,0.8096015321848017,0.5869798625881654,507408
2018-01-13,5.14,5,4.887177807600179,114.8821954968152,135.79674399999996,0.9071748061965943,-0.42075393165384856,8239557
2018-01-14,6.0200000000000005,5,4.906010055946182,115.63104879446837,218.16720800000004,0.9015982451380388,-0.43257439171084655,16619778
2018-01-15,11.0,5,9.371995997619589,205.45893563205811,1331.0,-0.4298640958148262,-0.9028936034380252,53396255
2018-01-16,11.62,5,11.321707898014655,265.02297857804797,1568.9835279999998,-0.9962295719469217,-0.08675621002817623,47661087
2018-01-17,13.24,5,12.819384568886843,275.46506237547516,2320.940224,-0.9954544578009878,0.09523876544843085,50310808
2018-01-18,11.64,5,9.189459537797568,261.7095652154218,1577.0989440000003,-0.9895498747537828,-0.14419100309926697,39400669
2018-01-19,7.82,5,7.357476795204944,263.85847298846744,478.21176800000006,-0.994260664570981,-0.1069847226797891,18514474
2018-01-20,5.459999999999999,5,3.246980228690568,233.60779339794965,162.7713359999999,-0.804974507016219,-0.5933093990945999,10012708
2018-01-21,5.88,5,1.4192049990623974,232.62516498630634,203.297472,-0.7946813105794427,-0.6070268648220929,8945730
2018-01-22,6.859999999999999,5,5.4903582389503045,266.73484385181104,322.8288559999999,-0.998376638985207,-0.05695688482178024,17671888
2018-01-23,9.28,5,8.917179370418234,211.22329075514853,799.1787519999998,-0.5183746724454296,-0.8551536113278676,38193869
2018-01-24,12.120000000000001,5,11.519408821179102,212.24769908618444,1780.3601280000005,-0.5335805523061011,-0.8457492501922281,59471137
2018-01-25,7.4,5,7.26646525846676,209.40810501409285,405.22400000000005,-0.49102698989599525,-0.871144359560273,26203340
2018-01-26,3.72,5,2.8355741567283803,214.456793640205,51.478848000000006,-0.5657846079537808,-0.824553077371364,2124837
2018-01-27,8.7,5,8.362137289071207,209.1916385349974,658.5029999999998,-0.4877322639782861,-0.8729932638197246,34622782
2018-01-28,9.98,5,9.686065293087344,237.76400268633773,994.0119920000001,-0.845858208087988,-0.5334078100386026,53634221
2018-01-29,11.040000000000001,5,9.745986627729142,252.361649892117,1345.5728640000004,-0.952988067340805,-0.303007827466614,57381733
2018-01-30,5.42,5,4.415065024472581,236.22108167831283,159.220088,-0.8311890990414692,-0.5559898215207097,10291312
2018-01-31,10.66,5,9.644310432129364,242.21234692715157,1211.3554960000001,-0.8846814584457321,-0.46619600714971005,46307375
2018-02-01,8.940000000000001,5,7.988281930515545,258.17881399589305,714.5169840000003,-0.9787917062544508,-0.20485798926939855,35988018
2018-02-02,7.26,5,6.035401089602718,335.29445580436914,382.657176,-0.4179549831552124,0.9084677385882924,20354556
2018-02-03,4.66,5,0.5071907385781221,38.86311009790552,101.19469600000001,0.6274618554775514,0.7786473013635046,7584828
2018-02-04,8.28,5,8.054437159935809,40.6514426410335,567.6635519999999,0.6514556616514263,0.7586867080042344,31418331
2018-02-05,6.9799999999999995,5,6.669125420625183,72.46459836874362,340.06839199999996,0.9535309701063229,0.30129501995236263,25697104
2018-02-06,5.08,5,4.681215609345679,62.743166970240964,131.09651200000002,0.8889625296393349,0.4579799350378078,10553098
2018-02-07,3.04,5,0.9834703948278926,82.4975621530582,28.094464000000002,0.9914393067884508,0.1305683765497449,1503379
2018-02-08,5.279999999999999,5,5.011468252339369,193.69957096745898,147.19795199999996,-0.23683087106959524,-0.9715508934216553,7092529
2018-02-09,7.32,5,6.892473085158302,178.2909531769211,392.22316800000004,0.029824071067515882,-0.999555163452703,25813906
2018-02-10,7.159999999999999,5,5.602958640151269,204.09926822256648,367.06169599999987,-0.40831880169787826,-0.912839392324854,20828099
2018-02-11,11.76,5,9.714937706258974,256.69732164539994,1626.379776,-0.9731681177843272,-0.23009522925977793,54608807
2018-02-12,8.38,5,7.3574054183054844,266.7116162297854,588.4804720000002,-0.9983534667106418,-0.057361620503985966,26573314
2018-02-13,7.9,5,7.523484181684221,167.52817706355063,493.03900000000004,0.21595946246163641,-0.976402330278498,26073239
2018-02-14,8.940000000000001,5,8.811022765152929,157.1667686007297,714.5169840000003,0.3880501994112828,-0.9216382385387791,35738120
2018-02-15,8.08,5,6.146659669591236,208.53067521498747,527.5141120000001,-0.47762919603370485,-0.8785615237968236,33319761
2018-02-16,5.32,5,4.4480933785944945,258.06335325561423,150.56876800000003,-0.9783768954522758,-0.2068300037353541,10778829
2018-02-17,2.94,5,2.4685883478992627,116.07167047960263,25.412184,0.8982449910012034,-0.43949509228346123,551989
2018-02-18,4.04,5,3.905743758310453,167.7584587320489,65.93926400000001,0.212033398553716,-0.9772624201808647,3088902
2018-02-19,4.36,5,4.009558460640274,161.6899303551089,82.88185600000001,0.3141593111808665,-0.9493702792895738,3730784
2018-02-20,3.46,5,3.0525655181193843,66.08441787744158,41.421735999999996,0.9141437393858489,0.40539021169936634,2283185
2018-02-21,4.34,5,4.009067693769734,50.183222209526036,81.74650399999999,0.7680960488153605,0.6403346467232828,4724137
2018-02-22,5.9799999999999995,5,5.825249180575164,67.9071349846173,213.84719199999995,0.9265754745090123,0.3761088805630607,17014492
2018-02-23,7.24,5,7.082767707804745,75.45573140692352,379.50342400000005,0.9679538996443715,0.25112795177608965,30529990
2018-02-24,9.4,5,9.266578433438825,83.2730527530693,830.5840000000001,0.9931156673271222,0.11713783039396293,49933141
2018-02-25,8.379999999999999,5,8.119751909866437,76.12674590751612,588.4804719999997,0.9708285152581887,0.23977488184040663,41966745
2018-02-26,7.540000000000001,5,7.226877399029887,61.4960131694462,428.6610640000002,0.8787839082437968,0.4772199101166652,31701579
2018-02-27,5.4799999999999995,5,5.163210807540176,65.8430794791172,164.56659199999996,0.9124280707411612,0.4092371143036303,13255977
2018-02-28,10.34,5,10.20876826294896,84.8482009642263,1105.507304,0.9959602922649844,0.08979474501019974,54986853
2018-03-01,14.16,5,14.099789732243057,85.37909992240657,2839.1592960000003,0.9967495575646481,0.08056251916789982,70090718
2018-03-02,12.5,5,12.386006659598474,84.40906155629091,1953.125,0.9952428206603214,0.09742549935251733,64889017
2018-03-03,7.719999999999999,5,7.598814979597959,95.71852070108787,460.0996479999998,0.9950234131433479,-0.09964139348966619,37033964
2018-03-04,5.9399999999999995,5,4.780505900099224,125.49851794146576,209.58458399999995,0.8141305390118296,-0.5806818969524603,17953447
2018-03-05,6.56,5,4.942430936443542,183.95405126666975,282.3004159999999,-0.06895644824092162,-0.9976196711402583,24136456
2018-03-06,3.54,5,2.0746971750468863,153.4919447753805,44.361864000000004,0.44632362769307543,-0.8948716217217378,2752417
2018-03-07,3.7,5,1.5583874443755577,184.31696222436244,50.653000000000006,-0.07527393686806984,-0.9971628926250624,3656052
2018-03-08,9.2,5,8.06526663799351,218.4657655035339,778.6879999999999,-0.6220469135057145,-0.782979972539537,42002874
2018-03-09,4.9399999999999995,5,3.18202242389007,191.48927247751254,120.55378399999996,-0.1991844590451884,-0.9799620152204246,10027942
2018-03-10,6.0,5,5.4715449373558505,178.66129751148685,216.0,0.02336264033503359,-0.9997270562691478,13863827
2018-03-11,4.36,5,1.7837606744854981,156.4688775478561,82.88185600000001,0.3992471472586696,-0.9168433428922381,9289746
2018-03-12,5.2,5,3.881450246390249,176.832438769688,140.608,0.05525621552262639,-0.9984722082492417,9751104
2018-03-13,6.08,5,4.434915892659318,306.1098718123486,224.75571200000002,-0.807888355948854,0.5893355617322424,21748983
2018-03-14,5.54,5,4.566105557817037,123.1959887476367,170.031464,0.8368026460691218,-0.5475046406485666,14685539
2018-03-15,8.74,5,8.585129565434626,105.65663932303062,667.6276240000001,0.9628962575134716,-0.2698718163620465,47036608
2018-03-16,8.64,5,8.01022117661342,88.66287025835999,644.9725440000001,0.9997276971879047,0.02333519820719794,47072934
2018-03-17,13.98,5,13.819918146646392,75.40879282557006,2732.256792,0.9677478425971776,0.2519208469906935,70213154
2018-03-18,11.86,5,11.751050989015908,77.90856431687541,1668.2228559999999,0.977814558680514,0.2094724058973676,64470070
2018-03-19,8.84,5,8.26009328269773,58.06696261772737,690.807104,0.8486668431049982,0.5289277733435789,41816394
2018-03-20,7.24,5,6.9565687481805725,0.8639668851338342,379.50342400000005,0.015078495338300604,0.9998863130268025,31176564
2018-03-21,4.720000000000001,5,3.817387459376411,263.66130610097133,105.15404800000005,-0.9938866212746814,-0.11040554357095429,9143484
2018-03-22,6.34,5,5.515374353072729,271.8713782144983,254.840104,-0.9994666537208903,0.03265590451918328,25560609
2018-03-23,7.220000000000001,5,6.923438900676543,193.07503434219066,376.3670480000001,-0.22622689253321016,-0.9740746342528211,23733175
2018-03-24,3.8600000000000003,5,2.1496038005074936,88.8551363043818,57.512456000000014,0.9998003736541046,0.019980311336734148,2794846
2018-03-25,3.96,5,3.5997306815690364,355.738832568179,62.099136,-0.07430286127859966,0.997235721785884,3615357
2018-03-26,2.76,5,2.169844367256796,262.4984481428103,21.024575999999996,-0.9914413257059517,-0.1305530454735735,2195904
2018-03-27,4.9799999999999995,5,4.036793645381118,157.3844521251409,123.50599199999996,0.384545832316547,-0.9231059001262932,10479130
2018-03-28,5.2,5,3.726316416148735,276.9207599831671,140.608,-0.9927137475763881,0.12049653676700904,10339310
2018-03-29,4.86,5,2.9424766599464878,215.37411832846357,114.79125600000002,-0.578912903412579,-0.8153893856694592,11604950
2018-03-30,6.36,5,5.459907700109641,119.7413942408233,257.25945600000006,0.868273335835118,-0.49608609563034145,21479730
2018-03-31,3.44,5,1.6251114335823162,163.67953002863908,40.707584,0.28100959910033585,-0.9597049573767287,3602892
2018-04-01,3.54,5,1.957344546691013,344.7531637163204,44.361864000000004,-0.26297794113834844,0.9648018462226507,5623084
2018-04-02,6.18,5,5.505117346017319,152.90048713649776,236.02903199999997,0.455537338506902,-0.8902166776836121,16372465
2018-04-03,7.62,5,7.323905738023511,202.28641695716718,442.450728,-0.3792368104919612,-0.9252996496097274,33650498
2018-04-04,6.540000000000001,5,6.134285739599695,187.2994987396216,279.7262640000001,-0.12705593086511136,-0.9918955541950977,18878443
2018-04-05,8.22,5,6.28183795359936,278.1744481335107,555.4122480000001,-0.9898397398786757,0.14218751477157066,42224308
2018-04-06,7.3,5,7.0826304238792215,130.82241082728893,389.017,0.7567394170357913,-0.6537166471066274,27527138
2018-04-07,4.9,5,3.7010235892031567,153.86862880787362,117.64900000000003,0.44043080145770197,-0.8977865610084205,13342412
2018-04-08,3.2399999999999998,5,2.5100193557990114,358.935773968879,34.012223999999996,-0.018573180219293627,0.9998275036107687,1739248
2018-04-09,6.0600000000000005,5,5.666544078766048,27.438806050338258,222.54501600000006,0.46080099063970653,0.8875034912750851,16269415
2018-04-10,5.220000000000001,5,3.4305562866152135,86.55274703871146,142.23664800000006,0.9981905773086599,0.06012962142076358,11211998
2018-04-11,6.040000000000001,5,5.292571819695533,69.18728576661425,220.3488640000001,0.9347468532866022,0.35531439637424683,25249355
2018-04-12,5.859999999999999,5,5.687048676731248,70.74445490525,201.23005599999993,0.9440571084578393,0.3297820128057675,23405784
2018-04-13,3.9200000000000004,5,2.3906183439929602,229.06960740163123,60.236288000000016,-0.7555060549832966,-0.6551416647440277,6119481
2018-04-14,3.12,5,1.0518671082552054,258.2224133009128,30.371328000000002,-0.9789473098348735,-0.20411311708722693,3863599
2018-04-15,2.94,5,1.53495166751504,137.49571266998043,25.412184,0.675645374731177,-0.7372267816651585,1540109
2018-04-16,5.36,5,4.879428420988052,228.34614385702807,153.99065600000003,-0.747173691494638,-0.6646288247873963,13048721
2018-04-17,5.58,5,5.164300707954221,190.80513048734622,173.74111200000002,-0.1874692716622222,-0.9822704679376429,12803780
2018-04-18,3.7,5,1.8620560836830398,128.53978934931854,50.653000000000006,0.7821756596766223,-0.6230579727516861,2542319
2018-04-19,4.2,5,3.04630071127362,116.57046182748599,74.08800000000001,0.8943849549933092,-0.4472980575428606,7820511
2018-04-20,3.4799999999999995,5,1.993361479636309,276.33317540911236,42.14419199999998,-0.9938972504649793,0.11030981605530031,5585891
2018-04-21,4.4399999999999995,5,3.738928276577355,54.77854510301978,87.52838399999997,0.8169289910163944,0.576738262678085,4671027
2018-04-22,5.76,5,2.8847304822270434,194.54056088934757,191.10297599999998,-0.2510653133682018,-0.9679701485187064,12445851
2018-04-23,7.840000000000001,5,7.440103287474731,243.38582160981213,481.8903040000001,-0.8940434071822462,-0.44798034116907437,31191299
2018-04-24,8.78,5,8.48994763822778,231.01759775578984,676.8361519999999,-0.7773392134950173,-0.6290816697082724,37189213
2018-04-25,9.34,5,8.758582375767512,252.35914594745307,814.780504,-0.9529748243588522,-0.30304947473674126,48394911
2018-04-26,9.34,5,8.974704925459188,248.9512022913793,814.780504,-0.9332748728831946,-0.35916293189144266,44232839
2018-04-27,4.7,5,2.030378928408411,150.97767598481892,103.82300000000001,0.4851503593870241,-0.8744307455634445,6850029
2018-04-28,5.5600000000000005,5,4.697887064262005,220.57588889573438,171.87961600000006,-0.650454644501907,-0.7595450977038148,14675199
2018-04-29,6.7,5,5.687491185524438,27.610978305129777,300.76300000000003,0.4634658299292758,0.8861147919361055,23012411
2018-04-30,8.120000000000001,5,1.4378662061508671,327.87355128868586,535.3873280000003,-0.5317895688469917,0.8468765284653547,34746795
2018-05-01,9.620000000000001,5,8.30460064805473,255.4555797246477,890.2771280000003,-0.9679532348161081,-0.25113051429293154,45285428
2018-05-02,8.14,5,7.07375755593383,198.45206520653943,539.3531440000002,-0.31651115894164683,-0.9485887867065558,31715049
2018-05-03,3.7,5,2.956652234511793,303.7778514722374,50.653000000000006,-0.8311994514476067,0.5559743446537779,5912927
2018-05-04,3.3200000000000003,5,2.110982374831687,27.215694704183534,36.59436800000001,0.4573415426312587,0.8892911297115589,3686694
2018-05-05,5.12,5,4.577305491882899,54.5477706780527,134.21772800000002,0.8145993996863513,0.5800239805651453,10614570
2018-05-06,4.24,5,3.722105263731286,80.65999750371998,76.225024,0.9867426481039252,0.1622927799159692,7032948
2018-05-07,3.8600000000000003,5,3.1723151776663117,92.83383959712353,57.512456000000014,0.9987771118606831,-0.04943966851863563,4952277
2018-05-08,3.44,5,1.5241233488963912,103.68399600063083,40.707584,0.9716152363150501,-0.2365667613179191,5008789
2018-05-09,3.6,5,2.745245770247457,311.08731271664044,46.656000000000006,-0.7537089396261804,0.6572083644686659,6198311
2018-05-10,5.220000000000001,5,4.151419285395377,291.76913139167385,142.23664800000006,-0.9286857698278842,0.37086755172054353,15876136
2018-05-11,3.66,5,2.4974310420397257,92.44054589124806,49.027896000000005,0.9990929462343114,-0.0425826817479035,3385653
2018-05-12,4.54,5,3.182092879506662,94.75937770371667,93.57666400000001,0.9965519357807082,-0.08297131607804688,6349802
2018-05-13,5.74,5,3.7835733151177067,304.1284334911332,189.11922400000003,-0.8277820110623316,0.5610498571086191,13781738
2018-05-14,6.94,5,6.545028351276955,4.484436580702948,334.25538400000005,0.07818829728065034,0.9969386090268311,18758587
2018-05-15,5.58,5,4.8246032371934415,16.34780206709803,173.74111200000002,0.28146738002327987,0.9595707967538563,10518705
2018-05-16,9.32,5,9.226619285196954,5.631226046141649,809.5575680000001,0.09812528150350526,0.9951740697636057,36350173
2018-05-17,8.6,5,8.467235366529975,356.7382540906998,636.0559999999999,-0.056897461446318895,0.9983800272846831,39839106
2018-05-18,5.8,5,5.646568885783622,341.24835993764935,195.112,-0.3214665705615583,0.9469209280670644,13594462
2018-05-19,3.38,5,2.5247610350355982,340.71578653159077,38.614472,-0.33025433756987993,0.9438919813814926,975344
2018-05-20,4.08,5,3.3099201998273573,32.97693924315456,67.91731200000001,0.5443014376343243,0.8388897096693986,5441681
2018-05-21,5.58,5,4.936346131787676,68.60026180201618,173.74111200000002,0.9310574830869158,0.3648725300537949,19585907
2018-05-22,5.0200000000000005,5,4.282046242179331,26.404283681260722,126.50600800000004,0.4447021452426455,0.895678514879412,9624224
2018-05-23,5.92,5,5.505994573838463,42.09153561637709,207.474688,0.67031699854074,0.7420748759170691,15977303
2018-05-24,6.3,5,5.803198958937978,69.74048213811886,250.04699999999997,0.9381338266951281,0.34627290279540385,23486882
2018-05-25,4.0,5,2.0642199189449038,60.82778734341986,64.0,0.873158577088521,0.48743625147987246,7001229
2018-05-26,5.8,5,5.503217261021994,62.98467013080574,195.112,0.890885024101751,0.45422887824446245,14217306
2018-05-27,6.140000000000001,5,5.453410543891728,80.8595734996129,231.47554400000007,0.9873019685114925,0.15885472285497787,17111592
2018-05-28,4.220000000000001,5,3.335657807384317,40.742914065293405,75.15144800000003,0.652666057219087,0.7576457072762252,5429097
2018-05-29,5.68,5,3.9391202019745983,25.659061721239084,183.25043199999996,0.4330151474271077,0.9013866440649541,13277557
2018-05-30,3.1799999999999997,5,0.910646791872837,352.28363328469936,32.15743199999999,-0.1342692573410142,0.9909448857192273,1607368
2018-05-31,3.72,5,2.8669791101715827,10.18351391098605,51.478848000000006,0.1768015439597791,0.9842465209760399,3941223
2018-06-01,4.34,5,3.7915260169238327,277.46396073635447,81.74650399999999,-0.9915267667101991,0.12990254384429237,7445784
2018-06-02,5.24,5,5.003331864431099,234.95614706112264,143.877824,-0.8187128015174393,-0.5742032293809102,8870149
2018-06-03,3.62,5,1.4861127632198206,312.9134705532997,47.43792800000001,-0.7323828373182244,0.6808930750137698,2254571
2018-06-04,5.0,5,4.756822485651498,8.175104884577934,125.0,0.14219886076905727,0.9898381099937414,6198404
2018-06-05,5.74,5,5.504908944335672,10.480006942736509,189.11922400000003,0.18189241283847424,0.9833184378174743,8382546
2018-06-06,5.5,5,5.296215549859272,19.226223201841833,166.375,0.3292988356015404,0.9442257552468423,6189451
2018-06-07,3.72,5,3.1519486763050235,356.24970271906193,51.478848000000006,-0.0654083066513916,0.9978585838789971,3206358
2018-06-08,4.9,5,4.726414595708904,3.6357419156934156,117.64900000000003,0.06341309042682773,0.9979873646306946,4761642
2018-06-09,5.7,5,5.57356222410246,6.814209301361643,185.193,0.11865021920840281,0.9929361134946185,10257261
2018-06-10,6.1,5,5.818610589347464,10.053823092782125,226.98099999999997,0.1745732196475981,0.9846441951191666,12438511
2018-06-11,6.0200000000000005,5,5.7074589801994104,28.80622237023124,218.16720800000004,0.4818488389089892,0.8762543560188782,16089725
2018-06-12,6.24,5,5.782526883138066,2.9499549147166704,242.97062400000002,0.05146368191215135,0.9986748667329347,13504831
2018-06-13,5.8,5,3.6505243003684487,307.5302040895892,195.112,-0.7930323149016815,0.6091795691925987,12900891
2018-06-14,7.9799999999999995,5,7.5080621989969245,214.98555510905578,508.1695919999999,-0.5733699009600883,-0.8192966231304866,27815706
2018-06-15,2.7399999999999998,5,0.8182066854654245,294.01584842928423,20.570823999999995,-0.9134329163822539,0.4069893208296876,946238
2018-06-16,6.34,5,5.845489242835556,229.90472394966383,254.840104,-0.7649745053296982,-0.6440605609689072,14520172
2018-06-17,8.2,5,7.896847508210875,235.62771835362503,551.3679999999998,-0.8253867194916987,-0.564567766779801,29219499
2018-06-18,8.6,5,8.371988434038002,227.63773401483962,636.0559999999999,-0.738899264401941,-0.6738159074007309,29584469
2018-06-19,5.5600000000000005,5,5.111554357674085,242.70644556220498,171.87961600000006,-0.8886688234018352,-0.45854958544698077,10545154
2018-06-20,7.4,5,6.78254851969124,230.58672044573797,405.22400000000005,-0.7725864400180864,-0.6349095941157132,21731994
2018-06-21,10.26,5,10.033607201055945,312.061657081951,1080.045576,-0.742424331106216,0.6699299310983856,47251920
2018-06-22,9.540000000000001,5,9.3788104179623,323.3415360370858,868.2506640000003,-0.5970437502678984,0.8022086762595151,44775991
2018-06-23,5.08,5,4.592014073589613,309.9333226052559,131.09651200000002,-0.7667919619277251,0.641895698009443,14762146
2018-06-24,5.32,5,4.991602705614665,343.0967716292313,150.56876800000003,-0.2907561054673369,0.9567972027203397,12210482
2018-06-25,4.62,5,4.374388312887856,353.34492447979125,98.61112800000001,-0.11589197598621795,0.9932618234393236,10495560
2018-06-26,5.58,5,5.310489066523506,15.305546506598375,173.74111200000002,0.2639664225188597,0.9645318697599343,9993442
2018-06-27,5.68,5,5.340234479393105,35.06749579928555,183.25043199999996,0.574541018849808,0.8184757892931376,9915667
2018-06-28,6.279999999999999,5,5.849325219219949,25.392528762288862,247.67315199999993,0.42881733691472596,0.9033912173368537,14312910
2018-06-29,6.44,5,6.236908965774921,13.160613278745814,267.0899840000001,0.22768155084258873,0.9737356475994466,15180861
2018-06-30,6.659999999999999,5,6.224459752118672,60.597558526535124,295.4082959999999,0.8711928920609385,0.49094087711505335,22601047
2018-07-01,7.58,5,7.367266327464402,93.28003002599587,435.519512,0.9983618194431009,-0.057216059618442505,34178247
2018-07-02,7.3,5,6.660663348331657,61.35195087187799,389.017,0.8775812283366423,0.4794279796498636,24925284
2018-07-03,6.74,5,6.390134506280787,29.22553475997438,306.182024,0.48824864204913343,0.8727045683031441,15339152
2018-07-04,4.3,5,3.795767451639335,12.768424245813947,79.50699999999999,0.2210110583414063,0.97527130178777,4107440
2018-07-05,3.5,5,3.0747519605629816,335.8621871833586,42.875,-0.40893280376928326,0.912564497447382,4708219
2018-07-06,4.0600000000000005,5,3.5058818930968796,355.2089897122771,66.92341600000003,-0.08352149249559672,0.9965059760439513,5559650
2018-07-07,3.34,5,2.685337642573061,20.56926994446087,37.25970399999999,0.35133955104474873,0.936248108073749,5137322
2018-07-08,3.7599999999999993,5,2.9379379708333673,353.5305125319353,53.15737599999997,-0.11267407686575127,0.9936320004923608,7620930
2018-07-09,5.8,5,5.57446075476654,347.26295022735303,195.112,-0.22047697850977996,0.9753921785349716,14234519
2018-07-10,8.4,5,7.986758586174858,342.70153977296286,592.7040000000001,-0.2973492156256261,0.9547687908424871,31991119
2018-07-11,5.6,5,5.361859265400286,354.03811005763947,175.61599999999996,-0.10386693794909492,0.9945912020529233,14678754
2018-07-12,5.8,5,5.678690516208496,347.49423690648473,195.112,-0.2165378135348804,0.9762742316119654,14158452
2018-07-13,4.4,5,4.147151752260468,4.276896827431074,85.18400000000003,0.07457662934134261,0.9972152858616258,5141016
2018-07-14,3.8,5,2.97824337916347,22.8748787868347,54.87199999999999,0.3887200209613826,0.9213559275892147,3647062
2018-07-15,3.7,5,2.2815335415126405,66.10823299674212,50.653000000000006,0.9143121617651654,0.40501021079512306,2970328
2018-07-16,3.84,5,1.843334997592792,91.74689509588444,56.62310399999999,0.9995352442755304,-0.030484347640319126,3341494
2018-07-17,6.08,5,5.408091371874575,247.94594675265697,224.75571200000002,-0.9268300354805374,-0.3754811384492511,18538202
2018-07-18,3.7600000000000002,5,1.9518959034603784,270.3884141186102,53.157376000000006,-0.9999770219541326,0.006779053307370206,3166952
2018-07-19,4.279999999999999,5,3.7951890520175087,10.023999158559604,78.40275199999996,0.17406066326596195,0.984734931595002,5348653
2018-07-20,4.3,5,3.618961191617148,11.763247107653854,79.50699999999999,0.2038681065350965,0.9789983631946453,6582513
2018-07-21,5.18,5,4.598813302361228,350.115572483259,138.991832,-0.17166134997959648,0.9851560185692327,8912615
2018-07-22,3.3200000000000003,5,2.7813721741776543,286.6290600622558,36.59436800000001,-0.9581775518499462,0.28617438587484306,5947690
2018-07-23,2.48,5,1.3783284844955057,294.9740756555775,15.252991999999999,-0.9064989143005237,0.4222081457906418,957720
2018-07-24,3.1599999999999997,5,1.2365924538634967,293.1240725627755,31.55449599999999,-0.9196565774760115,0.39272354080842775,3146969
2018-07-25,3.56,5,2.932030711531012,23.715734880754212,45.118016000000004,0.40219922577159195,0.9155521737119802,6512461
2018-07-26,3.84,5,3.07547675828443,61.993191752457335,56.62310399999999,0.8828918010399616,0.46957647689850573,4320003
2018-07-27,5.6,5,3.943880378186234,109.36577536237314,175.61599999999996,0.9434209003384142,-0.3315976550047601,14412721
2018-07-28,7.76,5,6.56585191590347,236.31507184972216,467.288576,-0.832100047058627,-0.5546255598915639,24295456
2018-07-29,6.9799999999999995,5,6.373253238240791,188.51016147793027,340.06839199999996,-0.14798481200055677,-0.988989633624721,21417898
2018-07-30,4.720000000000001,5,3.61635796735294,206.29239052105783,105.15404800000005,-0.4429521241400396,-0.8965452669663853,10993710
2018-07-31,4.619999999999999,5,2.8666272229423724,244.44088963873847,98.61112799999995,-0.9021406585314675,-0.43144203808206966,16044170
2018-08-01,2.56,5,0.9687934430255085,298.73805033943256,16.777216000000003,-0.8768270520998279,0.4808059075197867,1518102
2018-08-02,2.6,5,1.5822357618511493,312.99528385503993,17.576,-0.7314098359661992,0.6819381583779408,2640015
2018-08-03,3.18,5,2.505095437371602,10.121132702897398,32.15743200000001,0.1757298336273469,0.9844384315808201,3185469
2018-08-04,5.14,5,4.856239119624244,350.9122492294721,135.79674399999996,-0.15794696505110858,0.9874475967012851,12291953
2018-08-05,4.5200000000000005,5,3.6445835560983473,17.928400887320038,92.34540800000003,0.3078282748935329,0.9514419336859562,5937771
2018-08-06,3.7399999999999998,5,1.4895890644132237,72.66977275653096,52.31362399999999,0.9546037820909511,0.2978785309780682,2522511
2018-08-07,3.2600000000000002,5,0.5339349877054935,99.9401642047207,34.645976000000005,0.984988562235406,-0.17261961726706404,3737453
2018-08-08,7.12,5,5.663090004163953,227.48620703580409,360.94412800000003,-0.7371146788348261,-0.6757676747568141,26561139
2018-08-09,6.4799999999999995,5,1.7979140874197028,339.1705898736413,272.09779199999997,-0.3555867649326513,0.9346432755895329,19285046
2018-08-10,9.34,5,8.339200362714811,227.69082556483386,814.780504,-0.7395233199736415,-0.6731309376452421,38770557
2018-08-11,6.4399999999999995,5,5.498579909307008,263.87954823558897,267.08998399999996,-0.9942999497609764,-0.10661899411136791,21642765
2018-08-12,5.46,5,4.119182870812032,193.42003993376227,162.771336,-0.23208813015215146,-0.9726947619075976,12986158
2018-08-13,5.0200000000000005,5,3.8344364361395935,258.30834282937104,126.50600800000004,-0.979252328066736,-0.20264470872904022,9387531
2018-08-14,7.06,5,6.347196721642856,279.37122377495797,351.89581599999997,-0.9866540659852094,0.16283044578595862,23393076
2018-08-15,6.68,5,6.421228743574411,225.44997556439927,298.07763199999994,-0.7126382197348343,-0.7015317296980701,15318203
2018-08-16,6.779999999999999,5,5.271805547301204,226.55707436424203,311.6657519999999,-0.7260597054901923,-0.6876316630751491,21160580
2018-08-17,4.18,5,3.1854257450011794,268.83214821007675,73.03463199999999,-0.99979227672323,-0.020381447558510034,4203421
2018-08-18,6.9799999999999995,5,6.6516560968822445,228.07982453636842,340.06839199999996,-0.7440763373694156,-0.6680946071978995,17769966
2018-08-19,8.26,5,7.853486100397238,224.59028879580333,563.559976,-0.7020323598443717,-0.7121450454305939,27172615
2018-08-20,3.7,5,2.813068566276068,303.31957019073025,50.653000000000006,-0.8356197860422384,0.5493082678921951,4654618
2018-08-21,2.7399999999999998,5,1.3280203588890656,205.88403364343432,20.570823999999995,-0.436551095700432,-0.8996794656113656,1302880
2018-08-22,4.86,5,4.533333400413163,240.23669256841822,114.79125600000002,-0.8680835405742395,-0.4964181368403986,6012699
2018-08-23,6.74,5,5.798022369564451,237.73861803519313,306.182024,-0.8456218010202089,-0.5337825115525406,18786285
2018-08-24,8.58,5,7.607443255333668,264.9765621459023,631.6287120000001,-0.9961589621416375,-0.08756324654154714,31794247
2018-08-25,7.1,5,5.639224350667084,294.4009115619658,357.91099999999994,-0.9106770882995628,0.41311891852858806,19334598
2018-08-26,7.8,5,6.736665249111845,196.4614354398478,474.55199999999996,-0.2833699194221184,-0.9590106823006207,22879819
2018-08-27,8.940000000000001,5,8.18969384657434,256.32209386803703,714.5169840000003,-0.971640375096001,-0.2364634886896971,36612608
2018-08-28,3.22,5,1.4066961283334092,211.08148545259243,33.38624800000001,-0.5162566079188734,-0.8564339523746701,1310934
2018-08-29,4.4799999999999995,5,3.335652851886107,353.57566335044373,89.91539199999997,-0.1118910296964742,0.9937204825671365,5852020
2018-08-30,5.540000000000001,5,5.0259233119391595,343.22238198398134,170.03146400000008,-0.2886578082695765,0.9574323316689303,14527150
2018-08-31,2.34,5,1.0571758307254153,26.820385158809643,12.812903999999998,0.4511950835934515,0.8924253450799671,1764365
2018-09-01,2.7199999999999998,5,1.0335111938780275,64.70169817245431,20.123647999999996,0.9040952155954393,0.42733106736748755,843504
2018-09-02,4.56,5,3.992983099765695,69.42040251551316,94.81881599999997,0.9361847640592946,0.3515083036618663,5217098
2018-09-03,5.36,5,5.14746052257864,16.248210313004563,153.99065600000003,0.27979902584381205,0.9600585946372512,5851017
2018-09-04,5.04,5,4.749751173282247,10.887298237860989,128.024064,0.18887775030410425,0.9820006086760132,3629105
2018-09-05,4.4399999999999995,5,3.972848774094968,23.683449437931245,87.52838399999997,0.40168325994418547,0.9157786624947165,3342363
2018-09-06,4.7,5,3.710972297453236,333.1339023826194,103.82300000000001,-0.4519069462277941,0.8920650828000554,4022474
2018-09-07,8.5,5,7.555767250584889,262.5045519358446,614.125,-0.9914552280637692,-0.13044742521421984,28656691
2018-09-08,7.8,5,7.24491273576111,234.52547289704387,474.55199999999996,-0.8143736102499526,-0.5803409540334529,22444686
2018-09-09,6.5200000000000005,5,6.058718618224221,222.15686758835545,277.16780800000004,-0.671162719415356,-0.7413100593321151,15783310
2018-09-10,6.9,5,6.556679762787564,246.52386668253163,328.50900000000007,-0.9172260946167494,-0.3983670309577663,15300017
2018-09-11,9.819999999999999,5,9.266879999172497,234.64561530281335,946.9661679999996,-0.8155887246559075,-0.5786320352470561,41107052
2018-09-12,4.5600000000000005,5,3.082325770712135,340.7722571849768,94.81881600000003,-0.32932387848043887,0.9442170211675921,5738468
2018-09-13,2.5,5,0.8361405894526802,293.0127892051976,15.625,-0.9204176139650816,0.3909365880840857,1249604
2018-09-14,6.74,5,5.9582156660665735,234.95518218907915,306.182024,-0.8187031317075605,-0.5742170165819129,12816146
2018-09-15,5.9,5,4.898828767472669,261.6775409706075,205.37900000000005,-0.9894691277268828,-0.14474406818727215,12136989
2018-09-16,6.0200000000000005,5,5.71636283395036,205.0870948136326,218.16720800000004,-0.4239954434883036,-0.9056643218660856,13200689
2018-09-17,4.779999999999999,5,4.125750835382606,189.9011574352239,109.21535199999995,-0.1719490004925335,-0.9851058528044683,6377680
2018-09-18,9.28,5,8.387346127625925,216.52271777212306,799.1787519999998,-0.5951414691690414,-0.8036209502466414,34093702
2018-09-19,8.78,5,8.53125451265945,214.0486598611072,676.8361519999999,-0.5598967824324773,-0.8285623651975506,35083000
2018-09-20,8.08,5,7.783208197388901,210.7127933584877,527.5141120000001,-0.5107348983533683,-0.8597382529607337,30851533
2018-09-21,14.040000000000001,5,12.407719954156889,251.74418050300233,2767.5872640000007,-0.9496673134484885,-0.3132602652229138,62968786
2018-09-22,7.88,5,6.623036401877997,252.21836766509375,489.30387199999996,-0.9522273424646512,-0.3053900592074139,23470437
2018-09-23,5.7,5,4.279813561445648,1.9971195608611083,185.193,0.0348492541365856,0.9993925802636938,8324259
2018-09-24,7.62,5,7.188714938917212,326.2774811980946,442.450728,-0.5551713652158687,0.8317359889077474,21299635
2018-09-25,2.9799999999999995,5,1.6454815303277064,205.65623387638632,26.463591999999988,-0.43297065877855245,-0.9014080145177689,853903
2018-09-26,7.12,5,6.736371396501727,228.55264551411986,360.94412800000003,-0.7495642447326051,-0.661931599954587,22152429
2018-09-27,4.96,5,3.9962356253676026,230.70538038885005,122.02393599999999,-0.7738996842622958,-0.6333082019828251,7990837
2018-09-28,6.6,5,6.248781823143623,21.95120074775724,287.496,0.3738167680825614,0.9275025735275932,17554777
2018-09-29,3.1,5,1.6374373029284248,183.16085699715862,29.791000000000004,-0.05513938297062546,-0.9984786669957545,1668269
2018-09-30,5.38,5,4.057346376159887,285.3925699278266,155.72087199999999,-0.964129833238563,0.26543109211126836,6860812
2018-10-01,9.0,5,8.366848514331554,326.4812136129138,729.0,-0.5522103737150329,0.8337048057685068,24850425
2018-10-02,9.64,5,8.388980540625022,279.2932538181293,895.8413440000002,-0.9868747372986973,0.16148762454636328,34948576
2018-10-03,6.7,5,5.883665624359435,290.89135641953277,300.76300000000003,-0.9342582808061507,0.3565970621655985,16012231
2018-10-04,5.68,5,5.108147974075187,221.509339644361,183.25043199999996,-0.6627421248452139,-0.7488476987716868,11157198
2018-10-05,3.5200000000000005,5,3.1476255169853156,181.96349669750472,43.61420800000002,-0.034262774952150014,-0.9994128587588706,3408573
2018-10-06,5.32,5,2.2750876603515175,14.007456724980045,150.56876800000003,0.24204817210789467,0.9702642332783513,9861751
2018-10-07,4.88,5,3.9671888288141544,36.88654130333413,116.214272,0.6002323639802097,0.7998256742757943,12805975
2018-10-08,5.9799999999999995,5,5.526256038152411,224.85550161359842,213.84719199999995,-0.7053212304242691,-0.708887834507544,10577329
2018-10-09,4.8,5,4.319597206723994,196.26382190840172,110.59199999999998,-0.28006060621118706,-0.9599823211125413,6143375
2018-10-10,5.08,5,4.776925543033876,102.45255700162863,131.09651200000002,0.9764748923100586,-0.21563113107355225,9818441
2018-10-11,6.2,5,5.874767625343365,156.42040427728944,238.32800000000003,0.4000226704139037,-0.9165052444775913,13103070
2018-10-12,7.44,5,7.265262453201233,181.8863268292399,411.83078400000005,-0.032916666799230505,-0.9994580996954442,25862906
2018-10-13,6.34,5,6.190006078087586,165.685177586269,254.840104,0.24724968874947123,-0.9689518003560804,16518710
2018-10-14,5.04,5,4.614739217830255,162.82204285527462,128.024064,0.2953405130946489,-0.955392056343881,13857963
2018-10-15,4.08,5,2.6584553162950755,189.51894856859116,67.91731200000001,-0.16537377618330534,-0.9862309638978458,5691082
2018-10-16,3.28,5,2.4688338376437104,184.75587647231922,35.28755199999999,-0.08291041861177252,-0.9965570041325387,1640191
2018-10-17,3.3,5,2.0283065773938826,279.7415429174822,35.937,-0.9855810449750374,0.16920403005222243,1468762
2018-10-18,5.2,5,4.817615739787539,35.60552062741954,140.608,0.5822013122544427,0.8130446679052787,8720380
2018-10-19,3.2399999999999998,5,2.4723020003386997,59.403819684952225,34.012223999999996,0.8607759608863297,0.5089840323234274,1746826
2018-10-20,3.2399999999999998,5,2.401904011266355,228.57209486055612,34.012223999999996,-0.7497888976213097,-0.6616771183922118,2392319
2018-10-21,5.04,5,3.7401941871946547,217.49766915373948,128.024064,-0.6087291541440905,-0.7933781046228968,7332198
2018-10-22,7.12,5,5.666973551162754,340.0670374762621,360.94412800000003,-0.34092044591023096,0.9400921495047011,16591543
2018-10-23,11.28,5,11.001403074845792,287.3689988642823,1435.2491519999999,-0.9544019913939558,0.2985244358896797,53904481
2018-10-24,8.18,5,7.454796773707567,306.813791168358,547.3434319999999,-0.8005871619978696,0.5992163182392457,35637364
2018-10-25,6.0,5,5.532340412703916,289.81119253021666,216.0,-0.9408145797340591,0.33892171154977024,11945364
2018-10-26,9.16,5,7.5026726712724345,279.7770047843401,768.575296,-0.9854761313782737,0.16981399966937757,29951177
2018-10-27,5.26,5,3.0002344700326518,13.311608604509956,145.53157599999997,0.23024690665035255,0.9731322428005065,7089984
2018-10-28,6.859999999999999,5,6.536502698742446,65.24265167780806,322.8288559999999,0.9080894722332155,0.41877620565070345,25014855
2018-10-29,7.140000000000001,5,6.92286853242008,56.472719187788016,363.99434400000007,0.8336229282784434,0.5523339691241823,29942220
2018-10-30,8.68,5,1.8328212352265263,231.69119734953807,653.9720319999999,-0.784681141375366,-0.6198995937810032,37370331
2018-10-31,6.720000000000001,5,4.346327908746603,177.26994860641162,303.46444800000006,0.047630357713279566,-0.9988650304340948,20585739
2018-11-01,6.720000000000001,5,5.729464669333128,164.22530653421654,303.46444800000006,0.2718552257965742,-0.9623381610468815,15763976
2018-11-02,6.220000000000001,5,5.600615443357415,280.0840968862045,240.64184800000007,-0.9845518171366058,0.17509345896694048,13913275
2018-11-03,5.04,5,4.700437334252021,178.04916376358608,128.024064,0.034041937125310305,-0.9994204052933662,5232857
2018-11-04,4.74,5,4.236960684708435,134.93553649168655,106.49642400000002,0.7079018996428699,-0.7063107676384497,4350723
2018-11-05,4.54,5,4.398241303841978,107.7909608464231,93.57666400000001,0.9521776082988892,-0.30554509037817507,5351095
2018-11-06,5.1,5,4.846721424750709,146.16533807161272,132.65099999999998,0.5567982300053027,-0.8306477779799101,5961161
2018-11-07,8.059999999999999,5,7.834433818423816,168.8531371821266,523.6066159999998,0.1933245115826799,-0.9811348700465794,29514437
2018-11-08,5.7,5,4.193131723718058,185.46388660406538,185.193,-0.09521833762547373,-0.9954564119939362,13443062
2018-11-09,6.1,5,5.558343449862797,143.60643890670553,226.98099999999997,0.5933284287933243,-0.8049604807601707,12138814
2018-11-10,7.980000000000001,5,7.728830849223272,175.7587587312463,508.16959200000025,0.07395604099215831,-0.9972615023155994,33827991
2018-11-11,8.040000000000001,5,7.80124571177906,191.17900618671183,519.7184640000002,-0.19387490526861798,-0.9810262591322846,35116550
2018-11-12,5.36,5,5.188006402548317,188.99297492224602,153.99065600000003,-0.15631336266928195,-0.9877075137159895,6375636
2018-11-13,8.84,5,8.274009765360363,222.23791657772483,690.807104,-0.672210683808647,-0.7403599101609373,36014156
2018-11-14,5.42,5,5.141162837631539,175.62282252716284,159.220088,0.07632186778040254,-0.9970832324828809,8988089
2018-11-15,4.34,5,4.179649653388135,142.6634241675381,81.74650399999999,0.6064960821310031,-0.7950864747684641,3544179
2018-11-16,3.9200000000000004,5,3.459033014460082,116.8658535218533,60.236288000000016,0.8920670080378553,-0.45190314578501095,3472752
2018-11-17,6.44,5,6.24928740821796,88.49769236556341,267.0899840000001,0.9996562698667366,0.026217210303964598,21847508
2018-11-18,7.159999999999999,5,7.007670732563345,70.6402521396829,367.06169599999987,0.9434557791105141,0.331498405521011,21765892
2018-11-19,9.879999999999999,5,9.694702533200214,63.618470918571916,964.4302719999997,0.8958550544454265,0.44434639801013576,53962537
2018-11-20,10.56,5,10.336542742202512,81.41233361694674,1177.5836160000001,0.9887885474490034,0.1493224980828077,63046519
2018-11-21,5.9,5,5.502226021911819,101.21402559850321,205.37900000000005,0.9809075787735518,-0.19447447622916528,22136869
2018-11-22,4.62,5,4.444855399978473,94.53989660793644,98.61112800000001,0.9968624588491382,-0.07915325727505092,8790208
2018-11-23,4.64,5,4.379264107441096,96.63086724222251,99.89734399999998,0.9933107007807533,-0.11547229847218171,5685761
2018-11-24,5.18,5,5.038347810841888,80.17129464210882,138.991832,0.9853224993452907,0.17070317010515543,12719884
2018-11-25,5.26,5,5.104070388108964,68.49465467995776,145.53157599999997,0.9303833717749329,0.36658802697947873,12165610
2018-11-26,5.779999999999999,5,5.676596938579328,74.44478626855266,193.10055199999994,0.9633724785047845,0.26816686532744594,16083508
2018-11-27,5.279999999999999,5,4.720282933531022,123.03804298563875,147.19795199999996,0.8383087562049371,-0.545195771507934,9152096
2018-11-28,9.120000000000001,5,8.710799416133383,162.4875965890717,758.5505280000002,0.3009122534446113,-0.9536518315018778,43900268
2018-11-29,9.540000000000001,5,9.294241001483915,182.32431044097228,868.2506640000003,-0.04055574432906343,-0.9991772773646905,50151324
2018-11-30,8.6,5,8.479041829532742,208.213053465194,636.0559999999999,-0.472751536396582,-0.8811957698688023,37098982
2018-12-01,8.64,5,8.295479124166352,192.16623916817892,644.9725440000001,-0.21074882953504157,-0.9775402451304038,37820690
2018-12-02,9.22,5,8.577663410093818,223.54572890747554,783.7774480000002,-0.6889332921850209,-0.724824750487391,47089318
2018-12-03,9.219999999999999,5,7.208353503715741,249.07064320667854,783.7774479999997,-0.9340215688902852,-0.3572166133422833,44357125
2018-12-04,4.04,5,2.0425908614284123,287.9452531371813,65.93926400000001,-0.9513513518493699,0.3081081065703667,3512147
2018-12-05,6.04,5,5.726105580341872,161.96630139278125,220.348864,0.3095763063533949,-0.9508746029548738,16509977
2018-12-06,8.02,5,7.822007121092768,225.50995730064955,515.8496079999999,-0.7133722477783128,-0.700785299574497,34148417
2018-12-07,11.92,5,10.237453546939888,235.60678325881145,1693.669888,-0.8251803790523285,-0.5648693141134996,59687653
2018-12-08,13.86,5,13.328395472680585,252.81434663224897,2662.5004559999998,-0.9553523762783068,-0.2954688429249225,67970512
2018-12-09,12.0,5,11.14707365608556,296.02214207632005,1728.0,-0.898624569722468,0.43871845492423645,57785518
2018-12-10,9.48,5,9.323490080388597,316.56562795267627,851.9713920000002,-0.6875232632075677,0.7261623527479357,36102561
2018-12-11,4.2,5,3.5398538210934776,331.1748725909237,74.08800000000001,-0.48213793733188903,0.8760953198056427,6816542
2018-12-12,3.8600000000000003,5,3.734758082309791,96.73487114874376,57.512456000000014,0.9930994578815048,-0.1172751753589028,3745304
2018-12-13,6.779999999999999,5,6.598815780459493,86.30023396128075,311.6657519999999,0.9979158817747429,0.06452823336910198,19855435
2018-12-14,4.74,5,4.370109182134756,86.22790120337777,106.49642400000002,0.9978336232423345,0.06578799531126382,7095544
2018-12-15,8.1,5,7.952775874165018,143.00060649589994,531.4409999999999,0.6018065692816531,-0.7986418804254175,30035398
2018-12-16,6.4,5,6.041961613983481,172.31383049603528,262.14400000000006,0.1337469703686798,-0.9910155134594006,19362579
2018-12-17,6.56,5,4.730537673729137,215.7477698264436,282.3004159999999,-0.584218075593507,-0.8115967226090919,17110652
2018-12-18,7.94,5,7.491426431561335,165.71457892638057,500.5661840000001,0.24675243841809733,-0.9690785490014332,31303347
2018-12-19,7.220000000000001,5,7.047905522807629,185.42614806004502,376.3670480000001,-0.09456264785834796,-0.9955189127435089,27465113
2018-12-20,8.459999999999999,5,8.188794662030253,200.82562858548607,605.4957359999999,-0.3555250773851625,-0.9346667424008807,36153272
2018-12-21,10.459999999999999,5,8.522757740584243,231.64781945026414,1144.4453359999998,-0.7842115985120638,-0.6204934880876299,53420786
2018-12-22,7.659999999999999,5,7.412437278162449,264.49521884376986,449.45509599999986,-0.9953881968688462,-0.09592881493163163,30805437
2018-12-23,5.26,5,2.378461030446143,262.3985690706727,145.53157599999997,-0.9912122369147081,-0.13228114525714024,10047334
2018-12-24,3.3600000000000003,5,2.334513319291577,327.6259127598474,37.93305600000001,-0.5354448819308552,0.8445701737653613,2339464
2018-12-25,6.0600000000000005,5,5.481698349727969,238.22330833950133,222.54501600000006,-0.8501069921029105,-0.5266100093786122,11091279
2018-12-26,5.8,5,5.484237778112629,217.9483058311509,195.112,-0.6149502551788987,-0.7885659031782996,12180548
2018-12-27,3.62,5,3.2771462477706264,210.14552980005328,47.43792800000001,-0.5021980669252554,-0.8647526244982069,3199031
2018-12-28,3.66,5,3.15883941568174,232.09067411201013,49.027896000000005,-0.7889840887461684,-0.6144136291663607,2515546
2018-12-29,8.620000000000001,5,6.5966652721543815,263.3306622063831,640.5039280000002,-0.9932329444155674,-0.11613921873158252,40492421
2018-12-30,5.24,5,4.465577529222426,277.9656221897063,143.877824,-0.9903513951774872,0.1385789091817538,12737478
2018-12-31,5.359999999999999,5,4.9229306555205605,273.0276252772278,153.99065599999994,-0.9986041847912551,0.0528174414127843,10115262
2019-01-01,9.48,5,8.015153556253773,315.18472174887376,851.9713920000002,-0.7048233960522805,0.7093828165224544,47323840
2019-01-02,7.74,5,7.511761860392852,355.30622474384137,463.68482400000005,-0.08183023119350932,0.9966462829222897,25681467
2019-01-03,4.64,5,4.3655241117775585,352.8430212654476,99.89734399999998,-0.12458825634965595,0.9922085296850418,3175099
2019-01-04,6.779999999999999,5,6.466871815238578,314.72950786984325,311.6657519999999,-0.7104371246816883,0.7037606779822352,16393847
2019-01-05,8.120000000000001,5,7.998346653542158,321.90380939036964,535.3873280000003,-0.6169835532968606,0.7869760447187576,40143387
2019-01-06,4.16,5,3.815780971076734,308.77273836499097,71.991296,-0.7796360181112253,0.6262329273231113,7347278
2019-01-07,7.94,5,7.41900314026899,253.33475382182476,500.5661840000001,-0.9579966225045117,-0.2867794819542502,33542963
2019-01-08,13.26,5,12.725256161417843,320.0492515027291,2331.4739759999998,-0.6421288798047458,0.7665967008282141,70038923
2019-01-09,9.559999999999999,5,9.29537941407704,6.476278719815014,873.7228159999996,0.11279185098026168,0.9936186382875708,38946965
2019-01-10,3.5799999999999996,5,1.5461412597897668,297.7604247030767,45.882711999999984,-0.8849029063986095,0.46577553204015965,3222558
2019-01-11,6.44,5,6.0140981814926135,322.69885601936693,267.0899840000001,-0.6060042827503064,0.7954613813933941,21010681
2019-01-12,9.0,5,8.688113232177955,273.6507492909153,729.0,-0.9979707207258511,0.06367448919249545,43721254
2019-01-13,10.88,5,10.338181607707153,285.75314998052573,1287.9134720000002,-0.9624403118732348,0.2714933628679543,60446424
2019-01-14,7.92,5,7.476148672466813,322.3768047727872,496.793088,-0.6104658589552323,0.7920425714884588,29893744
2019-01-15,9.059999999999999,5,8.822168434113244,247.5995931451622,743.6774159999997,-0.9245433276248388,-0.381076941501831,43737301
2019-01-16,10.64,5,9.865184498773527,223.43888338315062,1204.5501440000003,-0.6875804374035429,-0.7261082165214442,58394865
2019-01-17,9.22,5,7.3254392746126,306.54989565381163,783.7774480000002,-0.8033385583502621,0.5955225945904341,32423107
2019-01-18,3.9799999999999995,5,2.2869205916128603,182.12662784367862,63.04479199999998,-0.03710813615280581,-0.9993112559314364,3913942
2019-01-19,5.42,5,5.020213508224682,135.18707736437034,159.220088,0.7047942304261323,-0.70941179350081,8683682
2019-01-20,2.98,5,2.653519223317463,84.47285160828636,26.463592,0.9953506721487997,0.09631738915135049,1331540
2019-01-21,3.78,5,3.2274780392143145,213.24973706872302,54.01015199999999,-0.5482893917831813,-0.8362886719656253,3152008
2019-01-22,8.080000000000002,5,7.861194011282283,180.67715535861663,527.5141120000004,-0.011818315422323252,-0.9999301612715652,30909163
2019-01-23,4.12,5,2.9499536820114645,89.94715530619322,69.934528,0.9999995746685659,0.0009223137683735773,5026678
2019-01-24,3.28,5,1.8974758193245107,148.08134444992186,35.28755199999999,0.5287147325434766,-0.8487995826998739,1277397
2019-01-25,6.459999999999999,5,4.62134034963702,217.40192439666097,269.5861359999999,-0.6074025214305098,-0.7943942201198717,20442477
2019-01-26,9.66,5,8.801372679362705,230.08760177799246,901.4286960000001,-0.7670263307007533,-0.6416156232603276,46014386
2019-01-27,10.68,5,8.376331482470023,260.58812038000406,1218.186432,-0.9865382766439997,-0.1635305131047021,50752148
2019-01-28,10.36,5,9.918567860580444,328.9920811223129,1111.934656,-0.5151565395020421,0.8570961088514408,44284767
2019-01-29,6.68,5,4.971197294871282,198.98551791906536,298.07763199999994,-0.3253291547895162,-0.9456008360000212,17142059
2019-01-30,3.8600000000000003,5,0.8982142448614635,202.465757093752,57.512456000000014,-0.3821312061021489,-0.9241080788105452,4033611
2019-01-31,5.56,5,3.3159073258301044,157.2837965055354,171.87961599999997,0.38616692465391056,-0.922428916666938,11194763
2019-02-01,5.2,5,4.8403455930642725,79.23228414399625,140.608,0.9823926775278969,0.18682780076736327,14797124
2019-02-02,4.96,5,4.607293399138268,19.852702136556445,122.02393599999999,0.3396032232350687,0.9405687910877928,6129004
2019-02-03,5.1,5,2.8365499879443425,288.7611190103371,132.65099999999998,-0.9468677320483014,0.32162322367283436,6332694
2019-02-04,10.2,5,9.908418288235469,201.16839881966152,1061.2079999999999,-0.36111029690536867,-0.9325231114931771,53544966
2019-02-05,5.82,5,5.386899346431943,203.32650966240482,197.13736800000004,-0.39597040780136233,-0.9182632716958807,15839059
2019-02-06,7.159999999999999,5,6.961612334285985,197.01857510365932,367.06169599999987,-0.2926817202157154,-0.956209919762167,26562846
2019-02-07,12.02,5,11.212135672680747,223.23357787932747,1736.6544079999999,-0.6849741964422927,-0.7285673271621748,61532297
2019-02-08,12.88,5,12.735237442333402,200.43169096394323,2136.7198720000006,-0.3490904155764104,-0.9370890468641115,66726123
2019-02-09,13.48,5,13.231652684947257,225.70200866731867,2449.456192,-0.7157172182080214,-0.6983901943473803,69934377
2019-02-10,7.720000000000001,5,4.12056136590663,280.40396882835597,460.0996480000001,-0.9835589640509618,0.180587275949882,35125428
2019-02-11,6.840000000000001,5,6.445374078572711,311.1719980836229,320.0135040000001,-0.7527367374511355,0.6583216570122999,28852762
2019-02-12,6.38,5,6.0450474300517865,235.59552573034375,259.694072,-0.8250693770727534,-0.5650314354235334,16444446
2019-02-13,6.74,5,6.539500893222402,212.4768664626497,306.182024,-0.5369590398717676,-0.8436083152150585,19970004
2019-02-14,3.9,5,3.176356994437167,182.6116781768459,59.318999999999996,-0.045566600000983504,-0.9989613030364842,3486411
2019-02-15,4.140000000000001,5,3.942530192068527,166.00681979810622,70.95794400000003,0.24180640159318484,-0.9703245148652875,3262489
2019-02-16,5.24,5,5.0381812896014315,203.15464699949197,143.877824,-0.3932142362320343,-0.9194468796099413,8971079
2019-02-17,5.279999999999999,5,4.981756605165502,175.03012322850634,147.19795199999996,0.08663198184319686,-0.9962403824990834,7971326
2019-02-18,4.96,5,4.293806429569047,213.2469414323305,122.02393599999999,-0.5482485860473942,-0.8363154236871594,6230104
2019-02-19,7.44,5,7.294509729923951,239.20448856052133,411.83078400000005,-0.8590000078146715,-0.5119755722438272,28973496
2019-02-20,6.9399999999999995,5,6.794961819612653,217.21679435522915,334.25538399999994,-0.6048325651825162,-0.7963526656543176,21145105
2019-02-21,6.4,5,5.945864454160309,236.24154263219663,262.14400000000006,-0.8313875961257806,-0.5556929592933456,17023730
2019-02-22,2.52,5,0.5801028781609335,138.15737718164257,16.003008,0.6670868517140629,-0.7449799542740865,1277664
2019-02-23,4.42,5,4.183853994127633,121.74879471304519,86.350888,0.8503632943623252,-0.5261960353340317,6154941
2019-02-24,2.62,5,1.9183523778450828,111.64034597291226,17.984728,0.9295170331012829,-0.36877918213287025,259090
2019-02-25,2.82,5,1.8901584175220996,91.92231330322488,22.425767999999998,0.9994372281789431,-0.0335444023644963,368197
2019-02-26,2.42,5,1.636766352441948,98.09333002438939,14.172488,0.9900400537482289,-0.14078597932395137,61344
2019-02-27,3.62,5,2.5485655838005083,209.9621109862747,47.43792800000001,-0.49942719847455586,-0.8663558584230019,1946557
2019-02-28,5.6,5,5.188017429508986,234.6961164519314,175.61599999999996,-0.816098420610886,-0.5779129414335843,14784465
2019-03-01,5.1,5,3.977272658802934,327.38902307052854,132.65099999999998,-0.5389321751485062,0.8423491619214087,13603639
2019-03-02,7.2,5,6.762516900745785,205.6396241261337,373.24800000000005,-0.4327093270660124,-0.9015334925947448,27191890
2019-03-03,12.08,5,11.890227099708135,213.56960812581977,1762.790912,-0.5529496581094085,-0.8332146635751727,67082131
2019-03-04,13.0,5,12.270907850818888,244.3319739920346,2197.0,-0.9013188850770911,-0.4331561697625803,71940475
2019-03-05,8.8,5,7.994727031750119,233.5373376625331,681.4720000000002,-0.8042443151821534,-0.5942988149888817,46864576
2019-03-06,8.42,5,8.205879914502697,176.76887494671053,596.947688,0.05636388435873657,-0.9984102926853243,40978544
2019-03-07,12.52,5,11.578296462592192,232.67888610393157,1962.5150079999999,-0.7952501158782972,-0.6062814966626929,60556855
2019-03-08,9.48,5,7.802143146114046,255.59786986407056,851.9713920000002,-0.9685739146951018,-0.2487258968668233,47850173
2019-03-09,11.620000000000001,5,11.085733172207245,257.97936896780845,1568.9835280000004,-0.9780726725983199,-0.20826388817166488,63983263
2019-03-10,9.34,5,6.645034967893173,271.8574350765431,814.780504,-0.9994745710601624,0.032412679681020025,32158810
2019-03-11,11.98,5,11.195232802228661,286.5282156173173,1719.3743920000002,-0.9586797537144175,0.2844874862240234,54506463
2019-03-12,12.64,5,11.051430068973183,212.65084410538446,2019.4877440000002,-0.5395181625418725,-0.8419739617633325,59369663
2019-03-13,13.680000000000001,5,12.772028868845519,259.357540054324,2560.108032000001,-0.9827987591940986,-0.1846797198572168,70213489
2019-03-14,11.7,5,10.821295151163485,263.19742825464846,1601.6129999999996,-0.9929601924939645,-0.11844853786496842,61876612
2019-03-15,10.74,5,10.251038184090858,257.2067055438881,1238.833224,-0.975175276294002,-0.22143437064944743,54141884
2019-03-16,13.219999999999999,5,12.724879815723673,228.77841021242037,2310.4382479999995,-0.7521666528134532,-0.6589729329763144,55621490
2019-03-17,10.940000000000001,5,10.24468049525442,261.62652709873333,1309.3385840000005,-0.9893398612149118,-0.14562499445925864,57085250
2019-03-18,6.959999999999999,5,6.644067388535025,296.58804796464705,337.15353599999986,-0.894247620990718,0.4475725554057591,31744941
2019-03-19,3.72,5,3.181544947505935,218.61494361728322,51.478848000000006,-0.6240834080025162,-0.7813577284803452,2480980
2019-03-20,5.62,5,5.373885650265144,227.815439691054,177.50432800000002,-0.7409855802483173,-0.6715209377704201,11456095
2019-03-21,4.3,5,3.809454830685741,228.8575848225717,79.50699999999999,-0.7530765411573125,-0.6579329169136765,7394593
2019-03-22,3.8600000000000003,5,2.2090201606814497,229.3597768449791,57.512456000000014,-0.7588142595323705,-0.6513070854292469,4275448
2019-03-23,4.74,5,2.9796263084458476,346.9857386769771,106.49642400000002,-0.22519357494403894,0.9743140427007729,7412317
2019-03-24,4.7,5,3.2468294386307006,282.4247526373306,103.82300000000001,-0.9765794183088194,0.21515724420899182,10188528
2019-03-25,10.8,5,10.212134607023197,330.9471034575167,1259.7120000000002,-0.48561687890409494,0.8741717490993663,56964604
2019-03-26,5.42,5,5.112359379602687,305.4377671541398,159.220088,-0.8147457790061201,0.5798183470637253,14651256
2019-03-27,3.4200000000000004,5,3.1806166233879853,281.07272306222006,40.001688000000016,-0.9813842071759681,0.19205477839823837,4492105
2019-03-28,2.42,5,1.600786635843619,332.70932869129405,14.172488,-0.4585048669665094,0.8886918965355899,317673
2019-03-29,2.68,5,0.26573810281798654,89.23096002112948,19.248832000000004,0.9999099225560398,0.013421876693455174,1084130
2019-03-30,2.82,5,0.826744709131603,349.1338185674369,22.425767999999998,-0.18851581351996505,0.9820701543438257,2355743
2019-03-31,7.44,5,7.23115937046861,46.508112340116384,411.83078400000005,0.725471825831546,0.6882518651806495,30996367
2019-04-01,5.76,5,5.481356965402574,87.70208312162345,191.10297599999998,0.999195853538917,0.04009546446463837,18463276
2019-04-02,5.779999999999999,5,4.189804190958891,194.86060196425018,193.10055199999994,-0.25646822763786387,-0.9665526618929218,16901122
2019-04-03,4.6,5,3.425913933553471,177.28973913510845,97.33599999999998,0.04728533702203759,-0.9988814228439291,8135879
2019-04-04,4.0600000000000005,5,3.5760007827896847,146.2867080342399,66.92341600000003,0.555037416360017,-0.8318253821808981,2813413
2019-04-05,4.26,5,3.3806928306948634,72.23367233366884,77.308776,0.9523088833252431,0.30513569234002846,5789256
2019-04-06,4.6,5,4.240502700232655,62.006616363182104,97.33599999999998,0.8830018002905905,0.4693695992323919,6852138
2019-04-07,5.14,5,4.246267911744391,55.849880814332835,135.79674399999996,0.8275696018282528,0.5613631214551124,11691113
2019-04-08,5.32,5,3.185263961644404,56.72587752911909,150.56876800000003,0.8360552412179387,0.5486452712199515,13345390
2019-04-09,8.18,5,8.049735177856283,60.718180848740246,547.3434319999999,0.872224517246732,0.48910570586909474,41913371
2019-04-10,8.379999999999999,5,8.158433626649973,48.20165584644707,588.4804719999997,0.7454952621415454,0.6665109257352865,43384006
2019-04-11,6.76,5,6.473127414074041,40.592150889714844,308.915776,0.6506701964437381,0.7593604516037606,21967127
2019-04-12,5.62,5,5.283126690663993,55.77058976328766,177.50432800000002,0.8267919448572937,0.5625078487622139,16273487
2019-04-13,5.9,5,5.534712518758223,44.54166230448243,205.37900000000005,0.7014277150158984,0.7127405983999898,17954967
2019-04-14,5.5,5,5.331422306763753,68.29791542250598,166.375,0.9291191185186854,0.36978056141860804,15934919
2019-04-15,6.68,5,6.4147576011096445,90.9978460596335,298.07763199999994,0.9998483505443146,-0.017414818799322367,28075883
2019-04-16,7.08,5,6.44076587562283,83.09622249489462,354.89491200000003,0.9927494191618534,0.12020229096736307,29383713
2019-04-17,3.72,5,3.117826127804452,97.5992631150715,51.478848000000006,0.991217241128021,-0.13224364215551002,8997908
2019-04-18,6.8,5,6.65073740087431,78.63766204926907,314.43199999999996,0.9804008882950307,0.19701293924591512,28741063
2019-04-19,5.96,5,5.48577566593114,63.41861194909518,211.708736,0.8942996396297608,0.44746860734366606,16530307
2019-04-20,5.5600000000000005,5,5.20287252854977,57.98133332436146,171.87961600000006,0.8478754061322209,0.5301955258922141,13187845
2019-04-21,4.720000000000001,5,4.269722115266863,60.986715054393414,105.15404800000005,0.8745072727421465,0.4850124018219463,5665177
2019-04-22,6.1,5,5.953442196635597,92.1004447008952,226.98099999999997,0.9993281093386013,-0.0366514649875919,27752009
2019-04-23,7.38,5,7.166434636537643,91.3083735385818,401.947272,0.9997392829872288,-0.022833441531700523,41637048
2019-04-24,6.74,5,5.677791895659756,169.3017991834422,306.182024,0.18563575960643955,-0.9826186263018528,31295677
2019-04-25,6.840000000000001,5,6.389580248266926,164.0275494231122,320.0135040000001,0.27517512229809277,-0.9613941190106322,28138733
2019-04-26,5.5,5,5.123075344679286,215.29875612706164,166.375,-0.5778399061628425,-0.8161501349909325,9907921
2019-04-27,9.9,5,9.062416784023773,228.58013728486625,970.2990000000001,-0.7498817677237126,-0.6615718664178215,36941606
2019-04-28,4.3,5,1.1482065683144378,280.2059579061329,79.50699999999999,-0.9841771884776415,0.17718708101959638,6342234
2019-04-29,4.659999999999999,5,4.142389768027824,10.946222477674326,101.19469599999995,0.18988756126670628,0.9818058433703595,10558989
2019-04-30,4.3,5,4.109386719956975,9.294708828023374,79.50699999999999,0.1615126858953073,0.9868706360485572,5969838
2019-05-01,2.82,5,2.330449302402967,296.18646996310486,22.425767999999998,-0.8973626034780738,0.44129395857982606,2255485
2019-05-02,5.8,5,4.787193245163284,305.4848801969117,195.112,-0.8142687319117949,0.580488098267964,15992452
2019-05-03,5.92,5,5.421704663098334,325.97190585487795,207.474688,-0.559599342645573,0.8287632808653159,14461838
2019-05-04,8.84,5,8.4647409678268,348.9840999045873,690.807104,-0.19108139841991226,0.9815741944335592,33450928
2019-05-05,7.359999999999999,5,6.842310853464654,341.88114504797227,398.6882559999999,-0.31098920946384967,0.950413442453888,24571331
2019-05-06,5.3,5,4.217600937328384,283.80608467680554,148.87699999999998,-0.9711089427422347,0.23863658840600924,12394063
2019-05-07,3.38,5,2.3621175727333736,187.51299390031267,38.614472,-0.1307510350160374,-0.9914152343202292,2661153
2019-05-08,6.94,5,4.9368400782522155,165.07474234062283,334.25538400000005,0.25755877506400354,-0.9662626337531272,22474314
2019-05-09,6.0,5,4.207513257829439,234.8102314622957,216.0,-0.8172478203835121,-0.5762863872055272,15254407
2019-05-10,3.9799999999999995,5,2.8428760897391694,337.9770995846832,63.04479199999998,-0.3749771474177987,0.9270340548838594,5060632
2019-05-11,6.540000000000001,5,5.9496023676763805,13.989307900363258,279.7262640000001,0.24174082222984727,0.9703408549925316,23213874
2019-05-12,5.9799999999999995,5,5.61551160354783,0.126984396795649,213.84719199999995,0.0022162940083480694,0.9999975440174184,16419500
2019-05-13,4.840000000000001,5,4.36115057210916,23.936911027734595,113.37990400000005,0.40573048240470033,0.9139927656429504,10877823
2019-05-14,5.76,5,5.27647248808259,41.097383136744384,191.10297599999998,0.657340827698159,0.7535934157362969,14217728
2019-05-15,5.6,5,4.898232730528635,56.568074957749104,175.61599999999996,0.834541007409658,0.5509458294167161,14184867
2019-05-16,7.0200000000000005,5,6.649164732906345,52.547994515306755,345.9484080000001,0.7938629984001697,0.6080966533135108,27712785
2019-05-17,4.84,5,4.444643357463468,82.56148705037776,113.379904,0.9915843648221074,0.12946214674698434,12140907
2019-05-18,3.4200000000000004,5,2.2407056490904447,6.264038391156703,40.001688000000016,0.10911043143598716,0.994029634242286,3422838
2019-05-19,6.68,5,6.477479705497771,0.4541622800077221,298.07763199999994,0.007926544117890141,0.9999685844557054,17246744
2019-05-20,6.36,5,6.12847187858512,335.6579322760151,257.25945600000006,-0.4121834184057528,0.9111008888105356,16183349
2019-05-21,7.419999999999999,5,7.293238997350256,322.0166909070628,408.5184879999998,-0.6154318927817335,0.7881900693025083,34316108
2019-05-22,3.9799999999999995,5,2.635493791690764,275.10953136463746,63.04479199999998,-0.9960262637340809,0.08905999074740069,8963214
2019-05-23,4.16,5,3.3102970039474653,224.56897455995028,71.991296,-0.7017673907587537,-0.7124061547092717,10145254
2019-05-24,4.4399999999999995,5,3.2499977358367764,302.1971794833463,87.52838399999997,-0.8462193971637371,0.5328346196183591,12368285
2019-05-25,3.04,5,1.6935790953815761,314.5965048499103,28.094464000000002,-0.7120688773202801,0.7021096167635336,2346030
2019-05-26,8.82,5,8.389355569297908,235.63307996800552,686.1289680000001,-0.8254395469009516,-0.5644905264147059,40406398
2019-05-27,6.56,5,6.163110937608724,262.4558007286123,282.3004159999999,-0.9913438755004529,-0.13129097649017088,24429283
2019-05-28,5.08,5,4.4158650895208,17.692625268161805,131.09651200000002,0.30391043815475144,0.9527006064764455,11524494
2019-05-29,4.4799999999999995,5,3.2367737411046007,203.64310933534395,89.91539199999997,-0.40103839034314415,-0.9160612476635936,7261949
2019-05-30,9.2,5,8.898717083841142,226.04373181169777,778.6879999999999,-0.7198697985508522,-0.694109121921298,39833163
2019-05-31,6.42,5,6.079695492366973,233.7886468892234,264.609288,-0.8068432682837542,-0.5907655545351217,20844372
2019-06-01,3.7600000000000002,5,1.2212173800973722,241.69532626057895,53.157376000000006,-0.880438678189484,-0.4741600298928141,4332497
2019-06-02,5.84,5,4.628712822132349,197.8882649223052,199.17670399999997,-0.30716170983886304,-0.9516573353938202,18549611
2019-06-03,5.4399999999999995,5,4.93931900319115,242.30667250788457,160.98918399999997,-0.8854477539682518,-0.4647389320818498,9629068
2019-06-04,5.08,5,2.598646070660624,145.24468920300228,131.09651200000002,0.5700729193364334,-0.8215941009033817,14562727
2019-06-05,5.7,5,2.949306719896468,255.58686743988687,185.193,-0.9685261343695576,-0.24891188610261597,13519208
2019-06-06,6.34,5,4.593795391850568,253.32433911053235,254.840104,-0.9579444784843728,-0.286953613222247,21456616
2019-06-07,7.4799999999999995,5,6.032982500506372,138.6145222014261,418.5089919999999,0.6611217207597837,-0.7502786617914857,32474433
2019-06-08,14.36,5,13.666688015903654,216.896853786889,2961.1698559999995,-0.6003763123144397,-0.7997176274234015,67223856
2019-06-09,5.14,5,1.553329579594306,250.55426864718157,135.79674399999996,-0.9429572389107508,-0.33291387112256704,9605715
2019-06-10,5.8,5,4.685343107674618,48.168105897584155,195.112,0.7451048541714126,0.6669473414672241,18263953
2019-06-11,4.64,5,2.7735435178801615,251.48096026013175,99.89734399999998,-0.9482181605591293,-0.3176197726620011,8872728
2019-06-12,3.9799999999999995,5,0.9577642865205644,30.31631201748735,63.04479199999998,0.5047734107077869,0.8632518774045197,10149664
2019-06-13,8.040000000000001,5,7.760319339853472,189.99105064055513,519.7184640000002,-0.17349435272603386,-0.9848348641128494,36219963
2019-06-14,4.66,5,1.6310453759325896,174.54557809746427,101.19469600000001,0.09505389667889237,-0.9954721275486113,7681689
2019-06-15,4.220000000000001,5,2.107651494644019,306.5507259148128,75.15144800000003,-0.803329928674179,0.5955342355367477,8113631
2019-06-16,5.9,5,5.233152632030007,220.28950695091788,205.37900000000005,-0.6466500949176112,-0.7627867688568309,13027064
2019-06-17,3.4799999999999995,5,1.554869075638897,196.32436408778807,42.14419199999998,-0.28107482494562536,-0.9596858562997509,3832245
2019-06-18,3.54,5,1.9439443537964793,23.43926696080632,44.361864000000004,0.3977767692110478,0.9174822297330999,3554358
2019-06-19,4.68,5,1.530343842300152,235.5291275922671,102.50323199999998,-0.824414027406384,-0.5659872007524427,6916176
2019-06-20,5.82,5,5.219374267881913,252.14314171729552,197.13736800000004,-0.9518255628806966,-0.3066400134471118,14871385
2019-06-21,4.76,5,3.3811792962692655,267.84355228148763,107.85017599999999,-0.9992918074739485,-0.03762822764161097,10138699
2019-06-22,5.279999999999999,5,4.872405551532531,45.81794415580879,147.19795199999996,0.7171289138620892,0.6969405433055105,11020213
2019-06-23,5.14,5,4.790373593375259,83.95439375762669,135.79674399999996,0.9944383778501836,0.10532004870249248,10274117
2019-06-24,4.6,5,2.7061066476899134,117.44824671000572,97.33599999999998,0.8874275527745653,-0.46094721886192797,11286153
2019-06-25,4.0200000000000005,5,0.8021587949830297,13.041086458322411,64.96480800000002,0.2256497113499644,0.9742085032310475,5682557
2019-06-26,7.18,5,6.759296558358605,6.147807491388221,370.14623199999994,0.10709370797136965,0.994248931461806,21837865
2019-06-27,7.06,5,6.734723576251344,22.191830195124908,351.89581599999997,0.37770876309637746,0.9259244517130999,22334098
2019-06-28,5.14,5,4.77669463767489,48.70335542220022,135.79674399999996,0.75130278400191,0.659957670423626,7829207
2019-06-29,3.9199999999999995,5,3.306506626595698,113.9375709739806,60.23628799999997,0.913988092283327,-0.40574100996113827,3265782
2019-06-30,6.42,5,5.193484724454936,254.2026099789042,264.609288,-0.9622303956382497,-0.2722364151061672,19515969
2019-07-01,7.12,5,6.756556883503475,272.10295245506404,360.94412800000003,-0.9993265041992978,0.03669520411185684,27962952
2019-07-02,5.279999999999999,5,4.6508205140378935,341.6701427699863,147.19795199999996,-0.31448716554549644,0.9492617250827927,11804838
2019-07-03,5.76,5,5.325433072241734,5.4985117777371215,191.10297599999998,0.09581989769029223,0.9953986875652499,15777795
2019-07-04,4.04,5,2.2439270152774715,283.96593297655573,65.93926400000001,-0.9704393970925612,0.24134493276351632,4643264
2019-07-05,4.5,5,3.9685141745014203,287.53841414498464,91.125,-0.9535151272134017,0.3013451545573786,9859740
2019-07-06,5.72,5,4.071446944564273,299.9775909501859,187.14924799999997,-0.8662208933929593,0.4996612490973295,13615776
2019-07-07,5.64,5,5.355545369718923,336.66492264759296,179.40614399999998,-0.39610771532101297,0.918204050232391,12305720
2019-07-08,6.720000000000001,5,6.290725703456613,331.41290637186864,303.46444800000006,-0.4784940725082506,0.8780907826497606,19337517
2019-07-09,3.78,5,3.0499310285547994,345.30621878399194,54.01015199999999,-0.253652957535211,0.9672952895231324,7525104
2019-07-10,4.16,5,3.570962310618778,192.93296855458183,71.991296,-0.22381096619152882,-0.9746325725176715,3390022
2019-07-11,3.8,5,2.861968209168802,241.4434921644338,54.87199999999999,-0.8783460885624846,-0.47802525948634117,4480026
2019-07-12,5.08,5,3.9638306420191918,297.8192907017446,131.09651200000002,-0.8844238991071801,0.4666844401606428,9086283
2019-07-13,6.220000000000001,5,5.971547464057205,343.1304495966616,240.64184800000007,-0.29019365808818154,0.95696794136763,15196902
2019-07-14,6.3,5,6.122737036055998,357.2142146631718,250.04699999999997,-0.048601971808974395,0.9988182258730963,12357058
2019-07-15,4.68,5,4.3610710348437856,344.0256466790837,102.50323199999998,-0.2752070492260487,0.961384980149103,7709277
2019-07-16,2.9,5,2.5716895534739868,304.19573533458464,24.389,-0.8271224092280322,0.5620218146591961,2483704
2019-07-17,2.4,5,0.5812721302254129,96.04416404529155,13.823999999999998,0.994441028555319,-0.10529501757366905,135748
2019-07-18,5.94,5,4.818406432287027,226.9839798383337,209.58458400000004,-0.7311629831768184,-0.6822028232365912,13524992
2019-07-19,3.62,5,2.5367691976033178,229.211830405684,47.43792800000001,-0.7571299574938901,-0.6532642860782304,2784592
2019-07-20,7.140000000000001,5,6.078619310893329,217.24320334802775,363.99434400000007,-0.6051995588786248,-0.7960737993007421,21620539
2019-07-21,5.279999999999999,5,4.719919830041422,261.79932907194285,147.19795199999996,-0.9897745606688588,-0.14264052388002327,13443684
2019-07-22,6.56,5,5.948063318582767,228.7155550437663,282.3004159999999,-0.7514432875093103,-0.6597976853984864,19767749
2019-07-23,3.84,5,1.466790734399471,79.7729302525891,56.62310399999999,0.9841118333417727,0.17754970987499552,3323111
2019-07-24,4.279999999999999,5,1.2784384057735285,171.32282103651846,78.40275199999996,0.15086708894380016,-0.9885540559188575,7018872
2019-07-25,4.58,5,3.673642554357594,93.88415615172016,96.071912,0.9977030487761815,-0.06773940110978419,5821552
2019-07-26,6.24,5,2.252865367634522,32.44434904328,242.97062400000002,0.5364801753049917,0.8439129229397577,25532739
2019-07-27,5.9,5,1.3072250645902626,11.806105936135054,205.37900000000005,0.20460036729516212,0.9788455903270366,22634450
2019-07-28,5.64,5,3.343658063127227,261.1074513764209,179.40614399999998,-0.9879799776630611,-0.15458189977127765,13779310
2019-07-29,4.340000000000001,5,2.119388828265314,228.96194793073155,81.74650400000004,-0.7542737027746007,-0.6565601124822413,4870583
2019-07-30,5.24,5,3.00847301494996,182.5358384183776,143.877824,-0.044244281855102575,-0.9990207422887306,12047977
2019-07-31,8.82,5,8.423814683424615,214.42121610016397,686.1289680000001,-0.5652724966244136,-0.8249042396302751,32600196
2019-08-01,7.040000000000001,5,6.226037650627326,243.2568736010102,348.91366400000015,-0.8930329339308642,-0.44999130982145935,19966195
2019-08-02,7.32,5,4.864038353681271,341.5993883774979,392.22316800000004,-0.3156591660158556,0.948872642091748,20569242
2019-08-03,4.14,5,3.6547503821748046,355.72831317507627,70.95794399999998,-0.07448595055414052,0.9972220631183639,4405766
2019-08-04,2.9,5,1.4643909748415802,98.33825406634298,24.389,0.9894291877501495,-0.1450168349815956,1074789
2019-08-05,6.92,5,5.560070079087942,237.67639502143044,331.37388799999997,-0.8450416165576541,-0.5347005388866058,21211350
2019-08-06,7.24,5,6.879085749600534,234.6427601512863,379.50342400000005,-0.8155598893704413,-0.5786726767785684,20229241
2019-08-07,8.959999999999999,5,8.700463987669398,240.3344275479746,719.3231359999997,-0.8689290658751428,-0.49493664087168937,35117590
2019-08-08,6.06,5,4.77544301484041,252.0362596245841,222.54501599999995,-0.9512518871873126,-0.3084150565756741,23181328
2019-08-09,6.76,5,5.245291039812894,159.68487785139973,308.915776,0.3471831777165324,-0.9377973347747639,18597759
2019-08-10,14.6,5,14.286733575334718,222.9643495340335,3112.136,-0.6815431666266936,-0.7317779116811732,62945164
2019-08-11,10.52,5,10.376381631671054,225.14102129800557,1164.2526079999998,-0.7088450296259745,-0.7053642491468868,42688638
2019-08-12,5.7,5,4.569569415132067,252.5818458358542,185.193,-0.9541455295616428,-0.2993431282283463,16097981
2019-08-13,6.540000000000001,5,5.836258836083544,265.73643092281765,279.7262640000001,-0.9972326063850835,-0.07434466196313738,12857478
2019-08-14,7.0600000000000005,5,6.378946280212741,197.6872049164243,351.8958160000001,-0.303820308474282,-0.9527293530476492,19289881
2019-08-15,8.98,5,7.787757558651386,261.8749424574821,724.1507920000001,-0.989961941772474,-0.14133419204874964,38149023
2019-08-16,5.9799999999999995,5,5.302461137759935,214.3467993005564,213.84719199999995,-0.5642006195219772,-0.8256377298373767,16132222
2019-08-17,8.48,5,8.101610288892207,218.35857220713336,609.800192,-0.6205809673170526,-0.7841423741922326,33353747
2019-08-18,7.4799999999999995,5,7.037810799414936,227.31093503214618,418.5089919999999,-0.7350440101074597,-0.6780193973664358,19776374
2019-08-19,9.32,5,9.009607075196241,236.92198271704655,809.5575680000001,-0.8379281783291767,-0.5457805126256777,39462639
2019-08-20,6.279999999999999,5,5.89841205119076,255.0602166042725,247.67315199999993,-0.9661973059047437,-0.25780373554782915,16115427
2019-08-21,3.6,5,2.295347606840152,218.737766111264,46.656000000000006,-0.6257569357040543,-0.7800181135193412,2914244
2019-08-22,4.84,5,3.8415020123922083,227.73520130495888,113.379904,-0.7400444398962454,-0.6725579729500294,8001981
2019-08-23,3.3199999999999994,5,0.491127198731356,117.94516815024599,36.59436799999998,0.8833964710248821,-0.4686263703429254,1402012
2019-08-24,3.6,5,3.040753601356618,82.2355150583868,46.656000000000006,0.9908317740693965,0.13510142669303093,3155161
2019-08-25,2.86,5,2.2656164187689627,57.112598936016184,23.393655999999996,0.8397392844479754,0.5429898103600125,901494
2019-08-26,3.5199999999999996,5,2.8215403385357494,58.27229854804409,43.614207999999984,0.8505569541482283,0.5258829411096054,3063621
2019-08-27,2.96,5,1.8832738524496615,69.86428912567618,25.934336,0.938879876123824,0.34424493926521693,1125595
2019-08-28,4.74,5,4.076113400758575,242.79717875174995,106.49642400000002,-0.889393864678701,-0.4571417214298915,7372457
2019-08-29,5.220000000000001,5,4.66639948040821,249.85919142946665,142.23664800000006,-0.9388492443905764,-0.34432847153153606,12513242
2019-08-30,4.9799999999999995,5,4.356970042963334,214.26716749110656,123.50599199999996,-0.5630525728894268,-0.8264210792099853,8441555
2019-08-31,4.7,5,1.9877135251216047,225.16574123876893,103.82300000000001,-0.7091492890679052,-0.7050583563184573,8164628
2019-09-01,5.84,5,5.260871437376054,289.6125319191657,199.17670399999997,-0.9419840591960326,0.33565761159336954,12836339
2019-09-02,6.94,5,6.07271012700805,257.24194364454144,334.25538400000005,-0.975311278616244,-0.22083457565324152,14252975
2019-09-03,7.5,5,6.92420174112883,248.65876253817572,421.875,-0.9314295436745275,-0.3639217019775842,24914312
2019-09-04,8.68,5,7.294151966267238,234.45611661319464,653.9720319999999,-0.8136705136518201,-0.5813263242049024,33125325
2019-09-05,9.24,5,8.367494787536993,306.6826923176426,788.8890240000001,-0.8019561358996323,0.5973829224985683,36728486
2019-09-06,8.879999999999999,5,7.934091956705779,238.29123262384692,700.2270719999998,-0.8507306920118164,-0.5256018356789633,34539301
2019-09-07,6.56,5,5.676117757027837,338.8316085970478,282.3004159999999,-0.36111017619398167,0.9325231582374518,10776601
2019-09-08,4.6,5,3.6264684328091827,350.0627781955092,97.33599999999998,-0.1725690333734985,0.9849974257431013,4704958
2019-09-09,3.34,5,2.3164676784933396,224.24158485702586,37.25970399999999,-0.6976852476513117,-0.7164044215453502,1966596
2019-09-10,3.4200000000000004,5,2.3245721404100346,247.5765592311778,40.001688000000016,-0.9243900532652946,-0.3814485934227389,2949672
2019-09-11,8.4,5,7.745437123894395,229.83137709775846,592.7040000000001,-0.7641493884442789,-0.6450393105386946,30178305
2019-09-12,7.06,5,6.7397598565192585,241.85184390846547,351.89581599999997,-0.8817306773185901,-0.47175312683150317,23248543
2019-09-13,5.24,5,3.8060022112444862,339.8221169436442,143.877824,-0.34493590231740395,0.9386262425973815,12519409
2019-09-14,2.68,5,1.0386831304696873,129.40751119797733,19.248832000000004,0.7726503567748976,-0.6348318093602616,738799
2019-09-15,5.279999999999999,5,4.206123023203354,271.1863353758919,147.19795199999996,-0.9997856496555358,0.020703978913679495,13233331
2019-09-16,3.8,5,2.4636856644992937,333.65674342871216,54.87199999999999,-0.44374788448390057,0.8961516696497658,2330563
2019-09-17,7.4,5,6.821747812590261,327.1460356827207,405.22400000000005,-0.5424996617645441,0.8400560201470824,24341769
2019-09-18,5.2,5,4.6878206889187775,359.49838979283777,140.608,-0.008754637841452346,0.9999616774238226,8969554
2019-09-19,2.46,5,1.3703841147033666,27.40372056251408,14.886935999999999,0.4602574350519042,0.8877854997010495,1080365
2019-09-20,3.96,5,3.130275823221107,105.92298198969911,62.099136,0.9616313440219988,-0.27434496203583597,3525844
2019-09-21,5.9799999999999995,5,5.833136826900941,105.613512625179,213.84719199999995,0.9630991180157976,-0.2691469652015284,15391188
2019-09-22,5.76,5,3.6479128193703123,164.75612887493753,191.10297599999998,0.26292801057263365,-0.964815454507398,12438256
2019-09-23,5.34,5,4.710514775202985,203.1666810329075,152.273304,-0.39340734220862295,-0.9193642711658678,9146388
2019-09-24,7.5,5,7.195045217529228,168.05472991025545,421.875,0.20697725275931134,-0.9783457552625289,22760824
2019-09-25,7.26,5,6.808493455309795,191.55916706208856,382.657176,-0.20037975702249639,-0.9797183028685365,22626982
2019-09-26,8.36,5,8.009756407977015,205.39322127864014,584.2770559999999,-0.4288282558934055,-0.9033860342884541,33169757
2019-09-27,10.26,5,9.838942651760172,217.46757990304786,1080.045576,-0.6083124225588754,-0.7936976732739943,46634772
2019-09-28,11.14,5,10.818610853785279,235.8394939314573,1382.4695440000003,-0.8274678213452371,-0.5615131384377099,53854683
2019-09-29,11.14,5,8.713621053788136,227.09809548652677,1382.4695440000003,-0.7325202712000689,-0.6807452183313354,53547103
2019-09-30,8.5,5,6.464107865138251,272.6306941613764,614.125,-0.9989461248488996,0.04589814429110126,38133416
2019-10-01,8.0,5,2.0431196670490777,256.6914708229834,512.0,-0.9731446162794956,-0.23019460420746923,29957450
2019-10-02,8.72,5,8.100704874667626,325.3006585968194,663.0548480000001,-0.5692700731081516,0.8221505846640503,23577045
2019-10-03,5.84,5,3.6366709971132094,282.7452234369501,199.17670399999997,-0.9753607159475349,0.22061612313317447,7496665
2019-10-04,7.159999999999999,5,0.8016448643779808,125.47656350571646,367.06169599999987,0.814352983296244,-0.5803698980792399,22412869
2019-10-05,4.38,5,4.067843299239275,100.95503770626277,84.027672,0.9817766166444,-0.1900386145241935,5224377
2019-10-06,8.540000000000001,5,6.975125803939433,101.8462762388815,622.8358640000002,0.9787019036195433,-0.2052865895558743,37538207
2019-10-07,6.220000000000001,5,4.486384411818095,147.45370734535277,240.64184800000007,0.5379808588127841,-0.8429570543930807,15742410
2019-10-08,8.86,5,8.471538209249342,242.99835207041582,695.5064559999998,-0.8909934662371992,-0.45401612650061324,32683260
2019-10-09,9.0,5,8.324647804946544,235.8794297032514,729.0,-0.827859000981409,-0.5609362481548714,34963631
2019-10-10,10.32,5,9.631015166278598,242.08926612104764,1099.1047680000001,-0.8836779518935364,-0.46809537205279517,44285967
2019-10-11,12.52,5,12.203791945922298,216.02558827387742,1962.5150079999999,-0.5881465003528116,-0.8087544090283156,68584596
2019-10-12,4.62,5,2.744550064147478,237.6692956821351,98.61112800000001,-0.8449753570138837,-0.5348052412226901,11133962
2019-10-13,7.619999999999999,5,5.748993070220103,206.68262572824995,442.45072799999986,-0.4490480735879633,-0.8935075979570286,26760483
2019-10-14,5.1,5,2.4299504637017337,119.47894005446432,132.65099999999998,0.8705366349992791,-0.49210361421567705,10452667
2019-10-15,5.84,5,5.604293787345602,208.14812678443081,199.17670399999997,-0.4717526758213904,-0.8817309186227724,10238529
2019-10-16,7.06,5,6.440084165625116,189.92649825541704,351.89581599999997,-0.17238467701363422,-0.985029706725084,25546475
2019-10-17,5.5,5,4.4263847713382045,201.45015380917516,166.375,-0.36569164331548987,-0.9307360646333721,10463248
2019-10-18,10.12,5,9.338925655874764,202.05372420904894,1036.4337279999997,-0.37547581584205175,-0.9268321917789356,46378821
2019-10-19,7.42,5,7.225701258596909,197.33261852261077,408.518488,-0.29791837177030567,-0.9545913490922333,25898576
2019-10-20,3.8,5,0.8992898019613955,48.721581670712,54.87199999999999,0.7515126838307005,0.6597186415750108,2574188
2019-10-21,5.32,5,1.9745242082268049,106.25688932168697,150.56876800000003,0.9600162004283348,-0.279944449695191,12985397
2019-10-22,3.4799999999999995,5,1.7697097367862533,248.02813298786333,42.14419199999998,-0.9273676795972909,-0.37415128870329484,3695209
2019-10-23,3.88,5,3.173728471817372,91.96936668178972,58.411072,0.9994093432736655,-0.03436516517202653,4496980
2019-10-24,6.959999999999999,5,6.135523704121462,205.10022865894044,337.15353599999986,-0.42420303673249865,-0.9055671060870787,21892408
2019-10-25,9.940000000000001,5,9.51055624052932,205.77502016911606,982.1077840000004,-0.43483853677664214,-0.9005084380137417,48470410
2019-10-26,12.22,5,10.59564010637534,217.74850331773732,1824.7930480000002,-0.612196625406168,-0.7907055658342743,67037262
2019-10-27,7.640000000000001,5,7.229920035989102,293.34728786897824,445.9437440000001,-0.9181196133940268,0.3963033882030316,21522327
2019-10-28,4.4,5,3.322222525580568,346.1684458590552,85.18400000000003,-0.2390682479956958,0.9710027666285347,3626469
2019-10-29,4.0600000000000005,5,3.8176369503679104,69.52124895089162,66.92341600000003,0.936802004195125,0.34985997904304084,4061039
2019-10-30,5.220000000000001,5,5.032245907311239,88.02243228044972,142.23664800000006,0.9994044141741714,0.03450821538679314,8762569
2019-10-31,5.2,5,4.934351360960863,100.03983643608183,140.608,0.9846867814098116,-0.1743328497925334,8096099
2019-11-01,6.14,5,5.738484143510505,165.36456962715044,231.47554399999996,0.25266771877669686,-0.9675531116627035,15077880
2019-11-02,10.82,5,10.387851249182104,201.08548110511052,1266.7233680000002,-0.3597603837880043,-0.933044728968932,51657377
2019-11-03,4.82,5,4.06133362923104,175.45817261375623,111.98016800000002,0.07918684993845303,-0.9968597909419483,12262275
2019-11-04,5.36,5,4.936943036310263,180.16260379631674,153.99065600000003,-0.0028379678124278063,-0.9999959729612393,8908482
2019-11-05,3.94,5,1.7657989094926245,202.33613571394523,61.162983999999994,-0.3800396019365412,-0.9249702162555913,2532231
2019-11-06,3.34,5,1.476044743424876,23.13755799911712,37.25970399999999,0.39293998514289186,0.9195641185235013,1334280
2019-11-07,7.040000000000001,5,5.184615357263043,164.63337985800717,348.91366400000015,0.2649944016283408,-0.9642499505344232,22917834
2019-11-08,5.7,5,5.258897683834527,187.63386422674498,185.193,-0.1328422173908286,-0.9911371980097851,8897465
2019-11-09,7.6,5,5.314486878519704,230.2923507619949,438.97599999999994,-0.769314269883638,-0.6388705300398547,29404308
2019-11-10,3.78,5,2.6704643480130175,186.16133357595277,54.01015199999999,-0.10732842201366947,-0.9942236216405521,4465591
2019-11-11,9.16,5,7.150086501308143,205.53433568236943,768.575296,-0.4310519123948141,-0.9023271296047645,40799163
2019-11-12,10.08,5,9.318337423485472,201.07964563631126,1024.192512,-0.35966535304840086,-0.9330813650569649,52190162
2019-11-13,7.380000000000001,5,4.761479688050078,246.32617823300328,401.9472720000001,-0.9158461462342946,-0.4015293718120643,28187361
2019-11-14,6.22,5,5.502698355576245,122.6645869294988,240.64184799999998,0.8418445300510152,-0.5397201008144734,15607871
2019-11-15,6.58,5,6.004340609857266,70.57490748306594,284.890312,0.9430770985144433,0.3325741815859719,23899436
2019-11-16,4.86,5,4.503314471712604,189.733337358842,114.79125600000002,-0.16906287929870417,-0.9856052672562337,7936211
2019-11-17,3.8,5,1.518439058275399,130.95297261093748,54.87199999999999,0.7552478078964895,-0.6554393554460606,3992678
2019-11-18,6.779999999999999,5,5.6559759942548515,339.20694315928046,311.6657519999999,-0.3549936767001895,0.9348687017452671,20233884
2019-11-19,5.5600000000000005,5,3.826900049371153,287.5464611396219,171.87961600000006,-0.9534727949216747,0.3014790694961262,9858307
2019-11-20,4.3,5,3.843882399814056,120.34805934368558,79.50699999999999,0.8629720522901059,-0.5052516570642819,4294269
2019-11-21,6.0200000000000005,5,5.791054531051735,107.29130495475852,218.16720800000004,0.9548059172771863,-0.2972299788589146,13925125
2019-11-22,6.4,5,5.919422300421053,131.03381624155816,262.14400000000006,0.7543222396378427,-0.6565043478818317,17091882
2019-11-23,6.9799999999999995,5,6.81760513143044,92.99728533363225,340.06839199999996,0.9986320133042901,-0.05228864125046789,30178785
2019-11-24,3.9200000000000004,5,2.84973611757794,146.9024607112492,60.236288000000016,0.5460659825751276,-0.8377421695690509,3885071
2019-11-25,5.0,5,4.797121913211651,150.79976098005676,125.0,0.48786330069041267,-0.8729200420653979,5699074
2019-11-26,6.6,5,6.483051151181856,171.79096377355506,287.496,0.14278503142439303,-0.9897537243178907,19405103
2019-11-27,8.24,5,6.721282408320295,179.55777546483637,559.476224,0.007718197540077301,-0.9999702142697713,38777576
2019-11-28,9.14,5,6.666026908522429,277.54898577818847,763.5519440000002,-0.9913329039531779,0.13137379320001158,46102707
2019-11-29,6.42,5,6.088526944550318,330.7870129709166,264.609288,-0.48805750872455517,0.8728114734451998,11693907
2019-11-30,2.6399999999999997,5,0.4499210762300662,67.76839828412062,18.399743999999995,0.9256620443961096,0.37835139693731135,602982
2019-12-01,3.62,5,2.9224078327237186,47.267062801089196,47.43792800000001,0.7345246251300226,0.6785820326810899,3660118
2019-12-02,6.06,5,5.773987986797223,318.74376218275523,222.54501599999995,-0.6594276643298294,0.75176801974845,6197165
2019-12-03,5.66,5,5.242694672276385,226.75716594786027,181.32149600000002,-0.728456659600116,-0.6850918880589966,9856829
2019-12-04,3.7600000000000002,5,2.9036709628629014,199.87551329987514,53.157376000000006,-0.33997766487485703,-0.9404335103484134,4400948
2019-12-05,7.9,5,7.60795803935713,212.36828435535244,493.03900000000004,-0.5353593415856279,-0.8446243989946081,29179830
2019-12-06,12.84,5,11.838151328817586,220.13375577449972,2116.874304,-0.6445741709380546,-0.7645417831351794,72188008
2019-12-07,8.959999999999999,5,8.136488822152845,248.50596543492384,719.3231359999997,-0.9304557217568912,-0.3664043529352001,41681906
2019-12-08,13.3,5,12.695839233994267,229.4772676801829,2352.637,-0.7601482347587835,-0.6497496911835399,70312048
2019-12-09,10.4,5,6.711280848473458,305.66459121103156,1124.864,-0.8124440002321854,0.5830392323735382,45376168
2019-12-10,10.040000000000001,5,8.69516404410777,199.40671233480077,1012.0480640000003,-0.33227163034818125,-0.9431837380202023,43843792
2019-12-11,6.56,5,5.899421926910819,213.45772220052393,282.3004159999999,-0.5513215217674833,-0.8342928620310655,23778310
2019-12-12,9.3,5,7.781225495317741,182.22865859886497,804.3570000000002,-0.03888762249425376,-0.9992435903305782,41028318
2019-12-13,7.74,5,4.288377904848106,208.38702848538085,463.68482400000005,-0.4754250482821052,-0.8797562295692812,31168917
2019-12-14,11.559999999999999,5,10.42870530637975,249.32401075477935,1544.8044159999995,-0.9355920782314171,-0.3530827992845559,53006984
2019-12-15,11.8,5,10.706622587245102,224.1963873420027,1643.0320000000004,-0.6971198982642207,-0.7169545644209838,61709486
2019-12-16,5.9799999999999995,5,5.23721699632884,183.88900907466288,213.84719199999995,-0.06782390579981487,-0.9976973077051264,17733158
2019-12-17,6.0,5,3.2654706606428707,213.42780955165495,216.0,-0.550885883865281,-0.8345805790682935,20494246
2019-12-18,6.36,5,5.033271094434513,178.97400537339718,257.25945600000006,0.01790602734813648,-0.9998396742401292,15228069
2019-12-19,8.08,5,7.95847705945038,155.17321638457634,527.5141120000001,0.41987638832624763,-0.9075813013312395,31293373
2019-12-20,9.879999999999999,5,8.390596572886839,181.53272179450835,964.4302719999997,-0.026747851356498955,-0.9996422122178568,51566709
2019-12-21,8.120000000000001,5,7.634323987265723,172.68210911455049,535.3873280000003,0.1273743262592407,-0.9918547176930724,36821207
2019-12-22,7.08,5,3.8533879825820025,225.83093540209902,354.89491200000003,-0.7172869197404784,-0.6967779235661936,24668015
2019-12-23,7.840000000000001,5,7.530069608104877,255.99872782179133,481.8903040000001,-0.9702903544760075,-0.24194343969370963,28269543
2019-12-24,8.22,5,6.471820108438867,238.17296466463836,555.4122480000001,-0.8496439513310348,-0.5273567634596016,32877986
2019-12-25,5.220000000000001,5,4.727724924892665,303.7718522634894,142.23664800000006,-0.8312576607103866,0.5558873100820847,11459310
2019-12-26,4.82,5,4.268556459189823,146.05715860693908,111.98016800000002,0.5583655725857941,-0.8295950140586299,7241854
2019-12-27,5.0200000000000005,5,4.562564187526796,87.46549891200345,126.50600800000004,0.9990217747143455,0.04422096388139245,9133783
2019-12-28,3.8200000000000003,5,3.466631692649628,157.42105675259995,55.74296800000001,0.38395600803989094,-0.9233513870082566,2814695
2019-12-29,5.4,5,5.326453681356065,184.51423187835215,157.46400000000003,-0.07870672072771567,-0.9968978142780178,9716866
2019-12-30,7.6,5,6.997987386835961,220.30366880679333,438.97599999999994,-0.6468386139411583,-0.7626269123986388,26342407
2019-12-31,3.44,5,1.3424596244594857,58.995508611367825,40.707584,0.8571269244812656,0.5151052662604867,2653196
2020-01-01,4.859999999999999,5,4.351898143275157,177.8896248697847,114.79125599999996,0.03682466667279614,-0.9993217419452243,7200581
2020-01-02,7.459999999999999,5,7.320246591670106,192.17213349435474,415.1609359999998,-0.21084939326236218,-0.9775185590877002,29174069
2020-01-03,9.32,5,6.059283169103316,256.1916013142752,809.5575680000001,-0.9710993041165528,-0.23867580846065448,44580618
2020-01-04,7.640000000000001,5,7.293219372272791,282.9580487080269,445.9437440000001,-0.9745345100917786,0.22423757187451243,29836811
2020-01-05,5.640000000000001,5,5.435549686672507,229.79955034857917,179.40614400000004,-0.7637909631251669,-0.645463681897231,14123075
2020-01-06,7.42,5,7.033724939630551,206.49519916121798,408.518488,-0.44612282459640046,-0.8949717455730819,26929389
2020-01-07,8.58,5,7.811587404655572,211.03202563187236,631.6287120000001,-0.5155171104241679,-0.8568792848820167,36976669
2020-01-08,6.9799999999999995,5,6.522608255348195,227.561186099329,340.06839199999996,-0.7379983783071705,-0.6748024848916803,30532182
2020-01-09,9.16,5,8.739944304961655,202.86371342500942,768.575296,-0.3885404668089456,-0.9214316608690449,47734955
2020-01-10,6.0,5,4.074441492916289,294.6036638228044,216.0,-0.909209487791851,0.4163389332134098,21566944
2020-01-11,10.440000000000001,5,10.3120438035625,208.3554298153998,1137.8931840000005,-0.47493978971451,-0.8800182930746026,50511607
2020-01-12,10.540000000000001,5,9.827431218373466,224.23172744057425,1170.9054640000004,-0.6975619839770434,-0.7165244437630939,58032236
2020-01-13,8.92,5,8.631623518345615,188.78696697371063,709.732288,-0.1527610407887061,-0.9882631554485634,40369593
2020-01-14,13.280000000000001,5,13.090132759640483,202.0830958418392,2342.0395520000006,-0.37595089004640736,-0.9266395892003072,71772353
2020-01-15,11.680000000000001,5,10.92286838897389,212.33578929297246,1593.4136320000007,-0.5348802303058623,-0.8449278899574494,59989105
2020-01-16,7.74,5,7.221748001156195,175.0744043547288,463.68482400000005,0.0858620102239925,-0.996307038618264,30970928
2020-01-17,8.88,5,7.453670728976856,217.78031703855376,700.2270720000001,-0.6126355735783628,-0.7903655192291161,42303380
2020-01-18,7.92,5,6.581833594574293,283.08868768814256,496.793088,-0.9740206976694005,0.22645900404182268,25752369
2020-01-19,6.239999999999999,5,5.862144747383752,354.62588006738076,242.97062399999993,-0.09365861597390138,0.9956043710499936,10104563
2020-01-20,3.38,5,2.768481819621577,239.98482141321182,38.614472,-0.8658929152392465,-0.50022940671104,2469924
2020-01-21,4.86,5,4.180008488269295,220.30604019100883,114.79125600000002,-0.6468701773424124,-0.7626001400898088,8661496
2020-01-22,2.5799999999999996,5,1.6260485163472378,252.42563000587026,17.17351199999999,-0.9533258309359885,-0.30194347164694096,1660050
2020-01-23,2.3600000000000003,5,1.7100762091409705,144.99612417826938,13.144256000000006,0.5736318472753311,-0.8191132423489997,550021
2020-01-24,4.4399999999999995,5,4.1357738070857835,197.61611061053716,87.52838399999997,-0.30263789999426366,-0.9531056087795633,9228299
2020-01-25,5.46,5,5.2269413665748035,177.39861091487523,162.771336,0.045387207267319186,-0.9989694697118994,13624306
2020-01-26,6.5,5,6.189887672588485,181.3820380931318,274.625,-0.02411877612370403,-0.9997091000077446,19742527
2020-01-27,8.08,5,7.560198698397677,201.96702554828673,527.5141120000001,-0.37407292527649316,-0.9273992918776072,37975266
2020-01-28,11.4,5,10.521371176326454,253.792903827195,1481.544,-0.9602591248227406,-0.27911003778915666,58424393
2020-01-29,11.040000000000001,5,10.460602876601193,260.6996725027917,1345.5728640000004,-0.9868547926786657,-0.1616094618738266,54562961
2020-01-30,10.4,5,9.728477320258527,222.185773273974,1124.864,-0.6715366244576555,-0.7409713638272519,61857263
2020-01-31,11.040000000000001,5,10.644133756852588,226.33594422518104,1345.5728640000004,-0.723400425294022,-0.6904287252746861,63791791
2020-02-01,11.34,5,10.897500855430946,238.33641100629507,1458.2741039999999,-0.8511448706025014,-0.5249308613970521,67640498
2020-02-02,8.059999999999999,5,7.027978852655133,240.2371483229319,523.6066159999998,-0.8680874892635659,-0.4964112317263564,36206716
2020-02-03,9.82,5,9.2244810234004,257.9893765166313,946.966168,-0.9781090340234978,-0.2080930502482482,52774546
2020-02-04,9.64,5,8.577950357751158,303.3469682631608,895.8413440000002,-0.8353570186769075,0.54970778723539,38226540
2020-02-05,3.6399999999999997,5,2.499326294457574,288.37172198251227,48.228543999999985,-0.9490316829212493,0.3151806859749839,2770819
2020-02-06,3.2600000000000002,5,2.4806070600351875,258.32970777820987,34.645976000000005,-0.9793278239067901,-0.20227954251972977,2223286
2020-02-07,5.86,5,5.545496023546621,140.46263583323105,201.23005600000002,0.6365812827792414,-0.7712096150951021,16700446
2020-02-08,7.1,5,6.782506624941514,192.75585389585424,357.91099999999994,-0.22079708435704543,-0.9753197668146728,25406527
2020-02-09,17.32,5,16.517889393862774,208.6989796965649,5195.695168,-0.4802078774513827,-0.8771547152205463,56548064
2020-02-10,15.84,5,15.361742728918301,253.29027652586805,3974.344704,-0.957773714064927,-0.2875230645466127,73024548
2020-02-11,17.34,5,17.23882720258896,263.5749956093191,5213.7149039999995,-0.9937191784901307,-0.11190261078678997,74399083
2020-02-12,12.36,5,11.936777756024032,259.1309092403472,1888.2322559999998,-0.982060580746833,-0.18856568018383701,62467090
2020-02-13,8.180000000000001,5,6.03933697944952,197.76343495668667,547.3434320000003,-0.3050876124396351,-0.9523242875910931,35707409
2020-02-14,6.88,5,4.350469471486816,229.25095205176797,325.660672,-0.7575758308214209,-0.6527471643410133,21681626
2020-02-15,12.360000000000001,5,12.233131523829083,194.10451166653235,1888.2322560000005,-0.24369138208538554,-0.9698528291948808,63288816
2020-02-16,15.34,5,14.407364542147022,214.44922654762652,3609.7413039999997,-0.5656757037338317,-0.8246277937380199,72656205
2020-02-17,12.959999999999999,5,12.63458385092601,229.57392616583388,2176.7823359999998,-0.7612432860114439,-0.6484663904185776,71664858
2020-02-18,12.059999999999999,5,11.548341406157178,239.24230529992616,1754.0498159999995,-0.8593377381887545,-0.5114084979002946,70804795
2020-02-19,10.24,5,8.694032886338368,258.1589238457272,1073.7418240000002,-0.9787205311116899,-0.20519776309806995,52962269
2020-02-20,12.64,5,10.230442505590284,230.39685506123462,2019.4877440000002,-0.770478253707903,-0.6374662819029884,70259520
2020-02-21,12.02,5,11.207925189112538,236.65397582085723,1736.6544079999999,-0.8353660763045982,-0.5496940226703035,64988646
2020-02-22,13.780000000000001,5,13.280413508682095,231.96686804206047,2616.662152000001,-0.787654608392033,-0.616117048846072,74316569
2020-02-23,11.68,5,9.932473924927933,262.9475650115354,1593.4136319999998,-0.9924342056791606,-0.12277763394842506,53682358
2020-02-24,10.819999999999999,5,9.20856943574062,224.35738844650726,1266.7233679999995,-0.6991317852282037,-0.714992829952598,48146215
2020-02-25,10.18,5,9.74780546609394,255.44838764392364,1054.9778319999998,-0.9679217039098065,-0.2512520151169676,55315193
2020-02-26,8.42,5,8.031620834176362,294.82899418246643,596.947688,-0.9075651011221428,0.41991140401893656,28286696
2020-02-27,6.9,5,3.031869405115397,271.4299142966903,328.50900000000007,-0.9996885974139021,0.02495412191653016,17269405
2020-02-28,9.7,5,7.684195721638213,204.77012531986767,912.6729999999998,-0.41897869980425795,-0.9079960622768876,44359834
2020-02-29,13.36,5,12.401689463394304,209.36882812105966,2384.6210559999995,-0.4904296954385985,-0.8714807593010895,74565175
2020-03-01,11.72,5,11.549680667048642,214.79971254535423,1609.8404480000002,-0.5707094479470167,-0.8211520724104711,59925108
2020-03-02,5.76,5,2.9811841947096913,212.7635828048835,191.10297599999998,-0.5411738367982722,-0.8409107433997005,17014372
2020-03-03,6.279999999999999,5,5.784270950027831,234.48272961024372,247.67315199999993,-0.8139404428910066,-0.5809483242306426,18759393
2020-03-04,4.4799999999999995,5,2.931074258572023,242.0464998996998,89.91539199999997,-0.8833283140557848,-0.4687548288683165,10467630
2020-03-05,7.12,5,6.455294457849042,70.70575238457116,360.94412800000003,0.9438341298272522,0.33041963527192736,29505864
2020-03-06,7.359999999999999,5,6.691607166126746,352.69014120643055,398.6882559999999,-0.12723528041717505,0.9918725641014388,34142552
2020-03-07,7.58,5,6.423173086128371,224.71504636182206,435.519512,-0.7035813405763544,-0.7106147318996279,29160745
2020-03-08,10.92,5,10.695378711893483,206.09962410917637,1302.170688,-0.4399332783073505,-0.8980304619765118,59281021
2020-03-09,8.120000000000001,5,7.504180579887004,233.75982260877814,535.3873280000003,-0.8065459646879951,-0.5911713853405891,36249735
2020-03-10,12.66,5,12.118280686854233,232.39633001629608,2029.0890960000002,-0.7922505599192096,-0.6101959114150953,74006754
2020-03-11,9.040000000000001,5,8.717633273925346,232.46767137991708,738.7632640000003,-0.793009725946295,-0.6092089744534153,45624317
2020-03-12,13.940000000000001,5,13.447552345434024,244.88208756436256,2708.8709840000006,-0.905436136878208,-0.42448251087066824,74451886
2020-03-13,8.34,5,6.962955402103906,269.0494473602031,580.093704,-0.9998623845727311,-0.01658951224514916,46525855
2020-03-14,6.9,5,6.382625181071584,167.94318097049563,328.50900000000007,0.20888159699980946,-0.9779409381117089,26050541
2020-03-15,8.76,5,8.47277627049688,198.1911926004337,672.221376,-0.312188886903951,-0.950020051837682,45874724
2020-03-16,3.34,5,2.850338705808973,270.7510678764516,37.25970399999999,-0.9999140834369754,0.013108231932395116,2413676
2020-03-17,7.92,5,7.812946900455765,220.09188155491273,496.793088,-0.6440152388310362,-0.7650126614333932,31581540
2020-03-18,7.659999999999999,5,6.981090119387122,227.96942901176098,449.45509599999986,-0.7427876954402826,-0.6695270267155121,34110717
2020-03-19,4.6,5,3.636663318301123,35.56602713418022,97.33599999999998,0.5816407492195889,0.8134457811355809,8618452
2020-03-20,7.719999999999999,5,7.588425574858778,39.56597973079647,460.0996479999998,0.6369663730685282,0.770891587436213,33761205
2020-03-21,9.120000000000001,5,8.907101759052512,75.2188960031034,758.5505280000002,0.9669075813885898,0.25512688814248435,55822978
2020-03-22,8.36,5,8.120435483043012,90.98734263477962,584.2770559999999,0.9998515262170542,-0.017231526961571028,51391597
2020-03-23,7.720000000000001,5,7.475386805635003,118.05374839789806,460.0996480000001,0.8825067994834811,-0.47029963732223184,38385567
2020-03-24,5.92,5,5.5968883154815225,133.79056559333435,207.474688,0.7218741876182072,-0.6920243183953533,19259448
2020-03-25,5.16,5,4.45726275421278,91.13378781741255,137.38809600000002,0.9998042173781463,-0.019787039012254884,15162866
2020-03-26,6.4799999999999995,5,6.249207451734955,68.10522309461851,272.09779199999997,0.9278702516838283,0.3729031992892917,28975015
2020-03-27,7.82,5,7.5375382062207015,39.35946629031503,478.21176800000006,0.6341836866022422,0.7731824180926445,37291674
2020-03-28,10.379999999999999,5,10.082057487393739,20.125122736891797,1118.3868719999996,0.3440714303964223,0.938943475820009,54125569
2020-03-29,12.08,5,11.860702904609994,23.008122867067527,1762.790912,0.39086162524868634,0.9204494499471199,59549622
2020-03-30,5.66,5,4.7416107314299065,357.27657720153655,181.32149600000002,-0.047514797890622344,0.9988705341441468,17117290
2020-03-31,5.18,5,4.509742784193426,39.302599091380046,138.991832,0.6334159754587999,0.7738114770624541,11596708
2020-04-01,3.44,5,2.5544686642006575,287.57297859565216,40.707584,-0.9533331631964819,0.301920320531411,5612506
2020-04-02,7.0,5,6.569655456125562,249.15189841774236,343.0,-0.9345272236945272,-0.35589165229575004,33505837
2020-04-03,4.7,5,3.874525245413586,284.5163302356967,103.82300000000001,-0.9680762386531445,0.250655931817262,13359502
2020-04-04,4.58,5,3.04872204954964,166.89354881732697,96.071912,0.22676097021844532,-0.9739504414422684,10206202
2020-04-05,6.4,5,6.128983295597995,133.6428607045276,262.14400000000006,0.7236557817831337,-0.6901610750338225,29020419
2020-04-06,6.26,5,4.841913346348047,207.4206498485635,245.31437599999998,-0.4605197305202806,-0.8876494678652875,25565773
2020-04-07,3.6799999999999997,5,2.815703089745316,89.30033294891405,49.83603199999999,0.9999254406372303,0.01221119021393097,6299718
2020-04-08,3.3600000000000003,5,2.3848038630667574,43.37212494121968,37.93305600000001,0.6867339425308702,0.7269088609832786,2102643
2020-04-09,4.2,5,3.5939893562852427,38.718355571535426,74.08800000000001,0.6254926469577335,0.7802300613292262,8970758
2020-04-10,4.9799999999999995,5,4.572213697686342,74.72476541663099,123.50599199999996,0.9646713843256662,0.2634561069005666,10175805
2020-04-11,3.4,5,1.9096416876900713,101.01078795067036,39.303999999999995,0.9815912395268129,-0.19099381792145773,3060727
2020-04-12,3.8,5,0.95302394094841,293.80707822348444,54.87199999999999,-0.9149098075661256,0.4036583258392115,5856911
2020-04-13,10.2,5,9.972359734644785,15.473701744355367,1061.2079999999999,0.2667960500953722,0.9637530117480867,61744732
2020-04-14,4.82,5,4.2364678952983015,356.09049756600643,111.98016800000002,-0.0681807544297395,0.9976729848629718,10634906
2020-04-15,3.5,5,0.4121131236955981,306.1882285416887,42.875,-0.8070816354630168,0.5904398645910878,2738158
2020-04-16,5.08,5,4.6493738605127835,59.99392613080312,131.09651200000002,0.865972394410469,0.5000918036910814,12820404
2020-04-17,7.08,5,6.847097375903243,49.03033521646216,354.89491200000003,0.7550568244912806,0.6556593565176535,28044623
2020-04-18,5.4399999999999995,5,4.491424726743274,40.10717097387203,160.98918399999997,0.6442193600640806,0.7648407782791308,16756714
2020-04-19,8.059999999999999,5,7.73599489743923,58.631811303542236,523.6066159999998,0.8538399364950398,0.5205356499281739,45779786
2020-04-20,9.9,5,9.77154982513515,72.98675551965925,970.2990000000001,0.9562371458318709,0.29259275611559005,62173921
2020-04-21,9.84,5,9.697144279628603,74.29559022051586,952.7639039999999,0.9626709167655064,0.27067453890947957,64008353
2020-04-22,8.22,5,8.061676493920736,74.77780564366844,555.4122480000001,0.9649148592692849,0.26256297218255314,48885589
2020-04-23,4.26,5,3.0196331697968026,50.34943040591992,77.308776,0.7699503485508731,0.6381038009339773,6886279
2020-04-24,5.4399999999999995,5,5.208928733659861,358.5946195235199,160.98918399999997,-0.024526057042482983,0.9996991910199532,17750430
2020-04-25,4.7,5,4.394675102870806,9.460356001423122,103.82300000000001,0.16436513734628316,0.9863995648950468,9093034
2020-04-26,2.44,5,1.016628728785107,328.40291446807333,14.526784,-0.5239425804438826,0.8517535866656538,601730
2020-04-27,4.220000000000001,5,1.3317606332486183,289.9401895155732,75.15144800000003,-0.9400491400932608,0.3410390215355436,9043032
2020-04-28,5.68,5,5.281005936605307,43.75155888403134,183.25043199999996,0.6915327093586746,0.7223451473409722,17126774
2020-04-29,5.220000000000001,5,2.8907970094698086,210.41670381391592,142.23664800000006,-0.5062851968726528,-0.8623661052172791,18008782
2020-04-30,8.540000000000001,5,7.86166963577056,207.91526412784634,622.8358640000002,-0.46816524102497664,-0.8836409378791962,44223076
2020-05-01,9.040000000000001,5,8.320723494084351,239.07713641820493,738.7632640000003,-0.8578599114548309,-0.5138836174842605,45874510
2020-05-02,7.08,5,6.719459602208865,272.9517476352314,354.89491200000003,-0.9986732560033481,0.051494929300575046,27137791
2020-05-03,3.56,5,1.3379105196987189,346.9538230344422,45.118016000000004,-0.22573626509689979,0.9741884512865578,3814956
2020-05-04,6.459999999999999,5,6.071458275489004,34.3273155036386,269.5861359999999,0.563919823505875,0.8258295421314878,21546682
2020-05-05,6.5,5,6.084411109667665,42.625592518621715,274.625,0.6772046973671003,0.73579467099452,21619179
2020-05-06,4.6,5,3.64698960280044,35.16955982099353,97.33599999999998,0.5759981009948066,0.8174510307354053,7335151
2020-05-07,2.42,5,1.2661035850319333,32.659702887782544,14.172488,0.5396483378297692,0.8418905341418012,804935
2020-05-08,2.7,5,0.829699193136264,341.5425436116382,19.683000000000003,-0.3166004139335542,0.9485590007464492,944037
2020-05-09,4.6,5,4.092388677139365,43.77262907316231,97.33599999999998,0.6917983008125129,0.7220907913780094,9143829
2020-05-10,8.98,5,8.647378457967589,22.527547278388056,724.1507920000001,0.3831275808118732,0.9236954350981939,40137944
2020-05-11,11.6,5,11.398522611132133,17.294593568631115,1560.896,0.2972847814980974,0.9547888555537442,65290977
2020-05-12,5.26,5,4.463569580566259,290.6329720737415,145.53157599999997,-0.9358569060015599,0.3523802654650052,13675214
2020-05-13,7.7,5,6.416443098339166,5.940566557522288,456.533,0.10349678044741839,0.9946297886334488,30628611
2020-05-14,6.08,5,5.656066209718262,19.51746442832024,224.75571200000002,0.33409417194947577,0.942539699041581,18931312
2020-05-15,3.8600000000000003,5,2.3984433103066314,311.7941982532715,57.512456000000014,-0.7455434886607231,0.6664569802437351,8479136
2020-05-16,5.4799999999999995,5,5.015492846159656,266.0537588548473,164.56659199999996,-0.9976290614863216,-0.06882045973343395,20840701
2020-05-17,5.0,5,4.5985942168501674,247.52969788998846,125.0,-0.9240777631547514,-0.38220451023360674,15426842
2020-05-18,5.74,5,5.430784661699204,244.38542917250703,189.11922400000003,-0.9017226139864347,-0.4323150788782081,21358240
2020-05-19,3.4,5,2.8261533911093992,281.07811060436575,39.303999999999995,-0.9813661438595931,0.1921470574485921,7422298
2020-05-20,2.7600000000000002,5,1.2300975447754485,42.26921161246037,21.024576000000007,0.6726149691324526,0.7399926373275276,1995323
2020-05-21,3.22,5,1.9688261739261734,112.4179363469134,33.38624800000001,0.9244266948747698,-0.38135978524604447,1819142
2020-05-22,8.64,5,7.754206395366878,220.27822831557936,644.9725440000001,-0.6464999283317279,-0.7629140467097658,38357766
2020-05-23,10.74,5,10.580365150782127,240.78360089022772,1238.833224,-0.8727824070760917,-0.4881094855649329,57753461
2020-05-24,8.64,5,8.411090995652058,266.78889327628235,644.9725440000001,-0.9984299244854206,-0.05601505058497597,40751042
2020-05-25,3.8200000000000003,5,3.3838483858333475,334.22425011178376,55.74296800000001,-0.43485000561766385,0.9005028998367066,12784449
2020-05-26,3.28,5,0.9935397415383727,339.7804368036781,35.28755199999999,-0.34561861997554094,0.9383750686832012,2378029
2020-05-27,5.86,5,5.447784831780132,11.519822687224575,201.23005600000002,0.19970694816411663,0.9798556704203812,20404354
2020-05-28,6.5,5,6.064020546519661,36.34162572203911,274.625,0.5925985341667678,0.8054979685284117,25125275
2020-05-29,5.86,5,5.325393284502829,46.52440378768085,201.23005600000002,0.7256674936244483,0.6880455571376152,16789050
2020-05-30,6.34,5,5.7907538083027035,59.652924736248906,254.840104,0.8629807300797931,0.5052368350694032,20291962
2020-05-31,6.959999999999999,5,6.621745726728231,64.4861586728316,337.15353599999986,0.9024812565499134,0.4307291278472927,34248090
2020-06-01,5.86,5,5.300018773195903,54.980023454161255,201.23005600000002,0.8189520133527595,0.5738620041660379,18271462
2020-06-02,3.9200000000000004,5,2.189131302627268,350.43738501481664,60.236288000000016,-0.16612535712996376,0.9861046423774923,4657256
2020-06-03,6.44,5,5.393863982857868,344.30288754351085,267.0899840000001,-0.27055192872001704,0.9627053826928978,18386380
2020-06-04,7.720000000000001,5,7.164341275262302,331.5495674212289,460.0996480000001,-0.4763983041913719,0.8792295808055965,28734527
2020-06-05,7.94,5,5.775522408489624,259.12337656413933,500.5661840000001,-0.982035781529538,-0.1886947900596876,33089160
2020-06-06,11.379999999999999,5,10.833876757925697,230.6392562781171,1473.7600719999996,-0.7731682785298646,-0.6342009248457193,58588544
2020-06-07,7.74,5,7.004447955716295,267.8131737588841,463.68482400000005,-0.9992717163321131,-0.038158052081742326,37741336
2020-06-08,6.12,5,5.55576645711329,355.71332616636346,229.22092800000001,-0.07474679401775289,0.9972025455162394,16630368
2020-06-09,4.4399999999999995,5,4.080941834387903,10.081597168569203,87.52838399999997,0.17505050447521342,0.9845594552300908,5895625
2020-06-10,4.12,5,3.279827112479473,48.842642765878054,69.934528,0.7529049344843979,0.6581292879283254,5765928
2020-06-11,5.54,5,5.190248258515981,55.32732038882267,170.031464,0.8224153975312314,0.5688874351781261,12031800
2020-06-12,5.84,5,4.35668918272082,89.03296142944282,199.17670399999997,0.9998575698201978,0.016877205729867093,18762639
2020-06-13,3.8200000000000003,5,2.1306126712664915,45.77484599913339,55.74296800000001,0.7166044690544217,0.6974797738509916,4906141
2020-06-14,3.5199999999999996,5,2.6553360591865465,288.14582534683655,43.614207999999984,-0.9502669476415477,0.31143655568994477,5483269
2020-06-15,2.7800000000000002,5,1.6551800545073356,286.1287422084756,21.484952000000007,-0.9606399194396088,0.27779658957420955,2619102
2020-06-16,2.46,5,1.7210996416154336,38.43835403357224,14.886935999999999,0.6216722487365587,0.7832774828570207,1433592
2020-06-17,4.62,5,3.586246258727111,24.282074284303064,98.61112800000001,0.41122919432529204,0.9115319795457377,8612848
2020-06-18,4.14,5,1.4961113629705407,222.85343394413815,70.95794399999998,-0.6801252838870128,-0.733095899741371,6919004
2020-06-19,4.7,5,4.188860062796079,240.8941972721239,103.82300000000001,-0.873722964108577,-0.48642387070262333,9210376
2020-06-20,4.26,5,3.1393783778213704,250.6612823741761,77.308776,-0.9435773909953538,-0.33115209074140134,6461756
2020-06-21,6.640000000000001,5,5.315763528081149,211.29272673161634,292.7549440000001,-0.5194106405704005,-0.854524772292908,20124668
2020-06-22,3.8600000000000003,5,3.160158329021041,277.15418009249385,57.512456000000014,-0.9922146140793731,0.12453979126094929,5388830
2020-06-23,3.6399999999999997,5,0.29207971771239427,348.069755949086,48.228543999999985,-0.20672067070255631,0.9784000021996552,2708990
2020-06-24,5.2,5,4.8431788351922185,78.59145176802406,140.608,0.9802416742658377,0.19780358953392974,12818021
2020-06-25,5.76,5,5.543722201163895,93.04969814985395,191.10297599999998,0.9985837630703641,-0.053202144056709436,18305422
2020-06-26,4.68,5,2.989258961740552,139.6255298911833,102.50323199999998,0.6477805099940175,-0.7618270216209784,11501787
2020-06-27,7.0,5,6.655756687811619,214.67247151146256,343.0,-0.568884448140929,-0.8224174637393047,24605627
2020-06-28,11.44,5,11.208530584251346,229.20329045827094,1497.1939839999998,-0.757032579911373,-0.6533771291931871,54648549
2020-06-29,12.0,5,11.812358831679674,229.2718373751167,1728.0,-0.7578137183528866,-0.6524709712134111,62530890
2020-06-30,9.459999999999999,5,9.117195267712264,238.1208198721147,846.5905359999997,-0.84916365302317,-0.5281298044840352,45635815
2020-07-01,8.0,5,7.781117325420307,237.90961281921574,512.0,-0.8472110650394752,-0.5312564458664744,34727155
2020-07-02,7.159999999999999,5,6.599484207025487,249.12516346170503,367.06169599999987,-0.9343610582898435,-0.3563276760953094,27043036
2020-07-03,9.52,5,9.115605435462298,234.80052720209164,862.8014079999999,-0.8171502022919533,-0.5764247972582544,42771417
2020-07-04,12.16,5,12.066573364125784,223.82853306359348,1798.0456960000001,-0.6925025216680897,-0.7214154541478419,65347863
2020-07-05,13.059999999999999,5,12.815147082117925,234.30270664284166,2227.5606159999993,-0.8121110923728645,-0.5835028480178591,71788653
2020-07-06,9.76,5,9.408756363634119,281.8489411484927,929.714176,-0.9786923543846002,0.2053321101755108,53599518
2020-07-07,5.38,5,4.656139673092771,259.7508941426401,155.72087199999999,-0.9840434744659337,-0.17792818877573463,17576946
2020-07-08,3.7399999999999998,5,0.89681419201643,212.6031544093818,52.31362399999999,-0.538817165263544,-0.8424227337966128,2405007
2020-07-09,7.840000000000001,5,4.483179150115933,226.58601870386164,481.8903040000001,-0.7264069864856746,-0.6872647888440094,28855698
2020-07-10,5.82,5,4.502579508974298,337.37843821508085,197.13736800000004,-0.38464272173016173,0.9230655321373523,20434913
2020-07-11,4.220000000000001,5,3.602240680249673,300.6600282129322,75.15144800000003,-0.8602082371225992,0.5099429269893153,8739573
2020-07-12,3.2600000000000002,5,2.3323142178923533,350.52813926678954,34.645976000000005,-0.16456319857522006,0.9863665412384448,2252684
2020-07-13,3.78,5,2.5992701602410446,230.4933025570631,54.01015199999999,-0.7715502253869195,-0.6361684130050733,2051903
2020-07-14,4.06,5,2.908303442444904,298.69219224257,66.92341599999997,-0.8772115961330942,0.48010396333463995,3428302
2020-07-15,3.62,5,2.983738829442429,280.55742649297935,47.43792800000001,-0.9830717624473444,0.18322093187917166,3024714
2020-07-16,4.84,5,4.184575504365406,311.60617594236237,113.379904,-0.7477265211969752,0.6640068143465618,7656603
2020-07-17,2.84,5,1.9442699481819852,249.84931574753574,22.906303999999995,-0.9387898808993551,-0.34449028944365706,723585
2020-07-18,3.8,5,2.826625715698551,228.91970508150146,54.87199999999999,-0.753789431273828,-0.657116042491643,4592558
2020-07-19,5.220000000000001,5,2.5885668531336243,303.08047368393625,142.23664800000006,-0.8379047787014846,0.5458164360196714,10570878
2020-07-20,5.04,5,4.761719890648943,332.7117092362358,128.024064,-0.4584679428912763,0.8887109458879425,11243106
2020-07-21,4.82,5,4.474061098685259,311.51176991842493,111.98016800000002,-0.7488195870397742,0.6627738875857905,9914383
2020-07-22,3.04,5,1.969711687289552,349.14389171252935,28.094464000000002,-0.18834315329760165,0.9821032820461991,2041993
2020-07-23,6.44,5,5.736443826533831,220.94335637814535,267.0899840000001,-0.6553125892569296,-0.7553578028731673,16555264
2020-07-24,5.24,5,4.647034594075539,260.64645872248616,143.877824,-0.9867042713715177,-0.16252593902882803,11440865
2020-07-25,7.779999999999999,5,7.408047312625971,215.56662834233143,470.9109519999999,-0.5816492847243622,-0.8134396778985138,25682550
2020-07-26,8.24,5,7.730454259731346,240.87338624842994,559.476224,-0.8735462271691867,-0.4867411930363812,36168435
2020-07-27,7.24,5,5.970252228649488,198.02447310398878,379.50342400000005,-0.30942319688028413,-0.9509244371833048,22302350
2020-07-28,8.940000000000001,5,8.600146916388322,265.45442730169657,714.5169840000003,-0.9968546125240303,-0.07925201252691023,42012390
2020-07-29,6.12,5,5.583719150354372,273.7768175243326,229.22092800000001,-0.99782820173435,0.06587017400609475,25038972
2020-07-30,3.4799999999999995,5,1.0120351099716927,124.88015277975592,42.14419199999998,0.8203500176170753,-0.571861739055573,2176759
2020-07-31,5.32,5,4.49690420481801,108.65071078153653,150.56876800000003,0.9474857374806311,-0.3197980257456017,13428714
2020-08-01,5.76,5,4.856783390994617,244.15978940373373,191.10297599999998,-0.9000131013463983,-0.43586284242274853,13228739
2020-08-02,4.9,5,3.992865469465891,270.6480610491619,117.64900000000003,-0.9999360335942535,0.01131055789038819,15491430
2020-08-03,4.220000000000001,5,1.534439103499575,318.51435802126707,75.15144800000003,-0.6624323430441821,0.7491217463730412,3410837
2020-08-04,4.1,5,2.002681214654197,249.43958451872044,68.92099999999998,-0.9363023927447754,-0.35119485950168494,4572204
2020-08-05,6.32,5,5.707250661995223,213.1622695546844,252.43596800000003,-0.5470120783539447,-0.8371247136089687,22900414
2020-08-06,3.54,5,0.23863501816452204,305.6292625118378,44.361864000000004,-0.8128033489920743,0.5825381668760153,2234059
2020-08-07,3.22,5,2.34114138933115,74.11613130810781,33.38624800000001,0.9618184031254606,0.27368843492041994,1411435
2020-08-08,3.3600000000000003,5,2.600814531495518,46.32414998534375,37.93305600000001,0.7232582863767623,0.6905776214064203,2700100
2020-08-09,5.64,5,5.27105492494527,46.49501996082495,179.40614399999998,0.72531453781394,0.6884176212414602,15233998
2020-08-10,4.82,5,4.583832316791106,71.63695410124171,111.98016800000002,0.9490793986627815,0.31503697407430326,9475776
2020-08-11,4.5,5,3.5958864335580176,77.9538331460684,91.125,0.9779797555445411,0.20869977897697867,12034869
2020-08-12,3.66,5,2.6142292195422305,55.070912027399686,49.027896000000005,0.8198613026644488,0.5725621751332801,6106659
2020-08-13,3.8,5,1.2839176151092573,68.85108890313444,54.87199999999999,0.9326458801645527,0.3607931016692071,4771210
2020-08-14,3.54,5,0.8021034751854829,310.4656017371797,44.361864000000004,-0.7607957330796364,0.6489914117519727,3359003
2020-08-15,3.44,5,1.0471709778458023,36.90430090328317,40.707584,0.6004802519016155,0.7996395857360817,1169656
2020-08-16,3.7399999999999998,5,1.7824695231983836,78.4405696999508,52.31362399999999,0.9797173822396266,0.2003842582079079,5756593
2020-08-17,2.9799999999999995,5,1.368899446895637,205.09824274525127,26.463591999999988,-0.42417164885843534,-0.9055818087311142,2354532
2020-08-18,5.4399999999999995,5,4.841387503427509,231.03148787188906,160.98918399999997,-0.7774916978250606,-0.628893202231591,12751704
2020-08-19,5.74,5,5.414974436819957,167.29577477086332,189.11922400000003,0.21991814373056706,-0.9755183289196065,12946721
2020-08-20,5.36,5,4.103136081263783,172.001032049414,153.99065600000003,0.1391552635751434,-0.9902705754587139,16390601
2020-08-21,9.68,5,8.532350047470057,222.60853567191438,907.039232,-0.6769856226606452,-0.7359962409623968,43556625
2020-08-22,11.32,5,11.17684827593215,229.64008591433821,1450.5719680000002,-0.7619915660163331,-0.6475869465330322,54910194
2020-08-23,8.86,5,8.23031569055646,253.43209265605833,695.5064559999998,-0.9584824446125854,-0.28515154456794056,41898239
2020-08-24,7.040000000000001,5,6.2640667186436065,258.759035002042,348.91366400000015,-0.980816032105821,-0.19493565903700927,27435955
2020-08-25,10.4,5,9.276904027039041,199.8464570515954,1124.864,-0.33950070176430996,-0.9406058013331308,42563577
2020-08-26,14.14,5,13.152390870727622,267.58667256152654,2827.1459440000003,-0.9991130624707543,-0.042108056239996236,71412672
2020-08-27,4.7,5,2.7831333636938185,149.5049286123367,103.82300000000001,0.5074642433007729,-0.8616728159639098,8366354
2020-08-28,7.720000000000001,5,6.595130070253728,219.28835742512507,460.0996480000001,-0.6332236142427383,-0.7739688975439283,34203365
2020-08-29,6.4799999999999995,5,4.889196088863523,258.0132649002026,272.09779199999997,-0.9781957094403055,-0.2076852282483696,26534518
2020-08-30,8.940000000000001,5,8.528091176727454,3.5397493123033996,714.5169840000003,0.06174098716765564,0.9980922054116861,31923622
2020-08-31,4.38,5,3.903602157024484,5.483675644420828,84.027672,0.09556214656715988,0.9954234657388165,5887537
2020-09-01,2.46,5,1.3353271653268244,4.616033329344816,14.886935999999999,0.08047785419168918,0.9967563970121793,1211907
2020-09-02,2.38,5,0.41312800019143087,239.14786015160695,13.481271999999999,-0.8584935761684221,-0.5128243165817643,565526
2020-09-03,8.559999999999999,5,7.792663147822764,217.59559203402597,627.2220159999997,-0.6100842084648981,-0.7923365816253588,38229249
2020-09-04,6.56,5,6.276959605037908,257.17516411240507,282.3004159999999,-0.9750532285093192,-0.22197117284357762,18000564
2020-09-05,7.140000000000001,5,6.818340738216962,278.3388945011443,363.99434400000007,-0.9894275667342537,0.14502789451113865,22831625
2020-09-06,5.12,5,4.675439298320349,276.6732939646193,134.21772800000002,-0.9932249228427409,0.11620779941136236,9108475
2020-09-07,6.18,5,5.787999896178963,228.43541848828121,236.02903199999997,-0.7482083663531814,-0.6634638200528371,16438542
2020-09-08,6.639999999999999,5,6.185820700874253,231.60755321483308,292.75494399999985,-0.7837753354760416,-0.6210444617734051,20228553
2020-09-09,6.82,5,4.672799773225849,268.1186288287996,317.21456800000004,-0.999460943003416,-0.03283022099716088,22986853
2020-09-10,2.84,5,1.3550375611851455,311.68511271332017,22.906303999999995,-0.7468110053257477,0.6650363315822272,718653
2020-09-11,4.18,5,3.5892578974744755,238.72325161128094,73.03463199999999,-0.8546695895450742,-0.5191723150427557,5093805
2020-09-12,6.840000000000001,5,6.336028478375771,246.58391039312022,320.0135040000001,-0.9176430637728504,-0.3974055957200104,22397732
2020-09-13,6.12,5,5.696306777322844,219.11038855957054,229.22092800000001,-0.6308165055836468,-0.7759320435986884,21950444
2020-09-14,3.28,5,2.35193728291145,96.54383464200106,35.28755199999999,0.9934849577905848,-0.11396332148476498,1241267
2020-09-15,2.78,5,1.3540177220101997,71.80678269470923,21.484951999999996,0.9500090191866359,0.3122224582954372,336405
2020-09-16,7.0200000000000005,5,6.7385144581085585,15.700939978290535,345.9484080000001,0.2706162395868992,0.9626873069028417,25417814
2020-09-17,6.779999999999999,5,6.522097537775259,62.004225327055906,311.6657519999999,0.882982212046376,0.4694064477717459,28628354
2020-09-18,7.220000000000001,5,7.056956423034705,71.50332466888347,376.3670480000001,0.9483420656624573,0.3172496280455876,32690659
2020-09-19,6.62,5,6.428980555306898,66.01701403716243,290.117528,0.9136661982023587,0.4064653469392539,22433281
2020-09-20,5.720000000000001,5,5.462237906998418,50.574239160289835,187.14924800000006,0.7724481132829952,0.6350778789137131,15710457
2020-09-21,3.0799999999999996,5,2.413807081011409,29.76556444745455,29.21811199999999,0.4964523323130501,0.8680639848196289,1152651
2020-09-22,2.6,5,1.8274919692931213,221.887928159441,17.576,-0.6676757191451637,-0.744452237597543,629337
2020-09-23,7.18,5,6.892340809399521,199.64359619157614,370.14623199999994,-0.33616828134293897,-0.94180193598173,26689946
2020-09-24,9.64,5,8.284972406772813,203.84600031744242,895.8413440000002,-0.4042797479856926,-0.9146353838380762,49930930
2020-09-25,10.6,5,5.3422873732952185,212.98948809741555,1191.0159999999998,-0.544485157215842,-0.8387704772890137,53192904
2020-09-26,7.720000000000001,5,7.184942685383378,353.39082716373656,460.0996480000001,-0.1150961842187578,0.9933543518696044,25399592
2020-09-27,6.959999999999999,5,5.736769892765992,18.61865146462992,337.15353599999986,0.31926781893905537,0.9476645291398738,30997061
2020-09-28,5.1,5,3.166541596815215,332.09552291826515,132.65099999999998,-0.46799887011669483,0.8837290634405417,6923007
2020-09-29,3.8600000000000003,5,2.100738915808966,264.8238340430498,57.512456000000014,-0.9959220140198218,-0.09021830186110655,3631185
2020-09-30,5.68,5,5.394734903698047,172.01073981414277,183.25043199999996,0.13898747760134025,-0.9902941386628605,12107058
2020-10-01,7.1,5,5.840018257219031,167.14886534915888,357.91099999999994,0.2224186988848464,-0.974951241030223,25725863
2020-10-02,7.780000000000001,5,7.398881754558265,82.4444946303986,470.9109520000002,0.9913179487300997,0.13148659447087158,39414053
2020-10-03,6.42,5,4.468783824166572,132.86891080694784,264.609288,0.7329121560506451,-0.6803232845590358,26474927
2020-10-04,9.559999999999999,5,9.036828682627453,172.63557093924578,873.7228159999996,0.1281799125807333,-0.9917509314393386,51697044
2020-10-05,9.080000000000002,5,8.268807722230356,183.6283259478835,748.6133120000004,-0.06328391734205184,-0.9979955640211254,50792010
2020-10-06,9.18,5,7.863188759866097,237.73490564014696,773.6206319999999,-0.8455872135991175,-0.5338373012423171,47729204
2020-10-07,9.040000000000001,5,8.387541878279347,269.0618812163482,738.7632640000003,-0.9998659611476247,-0.01637252999192876,33479192
2020-10-08,9.540000000000001,5,6.344080475176776,238.12690192626388,868.2506640000003,-0.8492197102052311,-0.5280396611987999,49447718
2020-10-09,6.279999999999999,5,5.384488337843776,255.53029180867065,247.67315199999993,-0.9682798789204906,-0.24986811736938358,15189619
2020-10-10,7.88,5,6.7852637048809905,278.3974220359876,489.30387199999996,-0.9892789048155628,0.1460385171347639,26546216
2020-10-11,7.220000000000001,5,6.331876278710845,321.28584688238635,376.3670480000001,-0.6254354180081373,0.7802759370254773,16487373
2020-10-12,5.0600000000000005,5,2.5207400348453577,263.61068052664893,129.55421600000003,-0.9937886808576656,-0.11128368163922749,5662242
2020-10-13,5.9799999999999995,5,4.74209711994401,127.6368566208721,213.84719199999995,0.7918969917547456,-0.6106546933003827,15028573
2020-10-14,6.640000000000001,5,6.424826932891039,44.51106659486885,292.7549440000001,0.7010470144916329,0.7131150562653745,26932119
2020-10-15,5.76,5,5.5898097748009405,41.93881827897633,191.10297599999998,0.6683366782773346,0.7438589143575672,16026690
2020-10-16,3.04,5,2.5009901646608204,47.6805231189893,28.094464000000002,0.7394022712675037,0.6732639016347578,2434523
2020-10-17,2.12,5,1.2004730139123059,195.20894045306977,9.528128,-0.26233975695278217,-0.9649755706347986,62955
2020-10-18,3.78,5,2.983497416519807,307.0754477733901,54.01015199999999,-0.7978423405820799,0.6028661539467184,3168814
2020-10-19,4.92,5,4.220217335225718,166.61443064127775,119.09548799999999,0.2315028906701641,-0.9728342158925939,7765306
2020-10-20,7.38,5,6.971714106447186,175.4933501606539,401.947272,0.07857479901131742,-0.9969082209312606,30052298
2020-10-21,9.96,5,8.494794670977944,196.9272041643096,988.0479360000003,-0.2911564580441834,-0.956675450160171,52965811
2020-10-22,8.6,5,8.229308173999804,219.16943212594165,636.0559999999999,-0.6316157720651802,-0.7752815723841928,42524461
2020-10-23,6.08,5,5.617184300400596,210.15396629304018,224.75571200000002,-0.5023253916176745,-0.8646786691807251,17891863
2020-10-24,10.059999999999999,5,9.518188210304253,196.85559972766526,1018.1082159999996,-0.28996064193544485,-0.9570385708676452,57883600
2020-10-25,8.8,5,8.532840408263352,197.83308414047983,681.4720000000002,-0.3062450393614988,-0.9519527172430751,49363703
2020-10-26,9.02,5,8.734152238733692,203.12586845098957,733.8708079999999,-0.39275236648056183,-0.9196442674338369,47852085
2020-10-27,9.959999999999999,5,9.094199830936432,200.82080550530395,988.0479359999997,-0.3554463971604274,-0.9346966667029853,62138610
2020-10-28,10.0,5,9.204089190605528,215.5439884218675,1000.0,-0.5813278158309475,-0.8136694479585798,55799223
2020-10-29,9.9,5,8.759301925706954,238.5556850435775,970.2990000000001,-0.8531475713349542,-0.5216696478857757,48518346
2020-10-30,9.8,5,9.708046448986874,225.69793928444534,941.1920000000002,-0.7156676138471522,-0.698441025778357,61584683
2020-10-31,8.059999999999999,5,7.1010717963112,195.16798581693195,523.6066159999998,-0.26164993197391967,-0.9651628427877045,37116063
2020-11-01,10.3,5,9.880052604408519,201.00772870682508,1092.7270000000003,-0.3584938782375658,-0.9335320772561537,57326728
2020-11-02,13.419999999999998,5,12.658262892773783,224.185693281115,2416.893687999999,-0.6969860690098607,-0.7170846669718867,78655914
2020-11-03,10.2,5,8.667189458045957,232.6081958294821,1061.2079999999999,-0.7945014940044051,-0.6072621970983937,50896635
2020-11-04,5.220000000000001,5,4.576505212184863,276.958310053914,142.23664800000006,-0.9926345642896038,0.12114710800340403,10371987
2020-11-05,3.56,5,2.8064007948925647,252.5817947343289,45.118016000000004,-0.9541452625801597,-0.2993439792209591,3328471
2020-11-06,3.96,5,3.303746742623727,106.15149908747463,62.099136,0.9605295077356619,-0.27817811698458045,5597109
2020-11-07,3.34,5,2.879625823588571,115.37628419900386,37.25970399999999,0.9035127597954632,-0.42856118919797853,1804453
2020-11-08,3.6799999999999997,5,3.245209205401777,118.73388371097991,49.83603199999999,0.8768620146529014,-0.4807421421706808,1533178
2020-11-09,3.3,5,3.068609259697536,124.29848968116426,35.937,0.8261131487759384,-0.5635042727606457,1624226
2020-11-10,3.04,5,2.1110392416496166,147.36041057631252,28.094464000000002,0.5393527621348615,-0.8420799237468469,1889146
2020-11-11,5.16,5,4.956675852858034,163.07659900234444,137.38809600000002,0.2910929554101389,-0.9566947743719472,9846403
2020-11-12,7.8,5,6.444884993613279,211.7404785248266,474.55199999999996,-0.5260726039256741,-0.8504396600575851,38114840
2020-11-13,6.32,5,5.614640160190641,194.43595109682497,252.43596800000003,-0.24929759021104247,-0.968426926264944,21464342
2020-11-14,7.0200000000000005,5,6.894725450479305,177.85833584914724,345.9484080000001,0.03737038719026738,-0.9993014831177073,28837861
2020-11-15,11.08,5,10.252560558063783,192.00254410020338,1360.251712,-0.20795512322738632,-0.9781383678823168,69285481
2020-11-16,10.2,5,9.555774441495469,239.0975152060493,1061.2079999999999,-0.8580426337441098,-0.5135784639930605,58009426
2020-11-17,9.84,5,9.701666541876552,218.96871347395808,952.7639039999999,-0.6288959344485774,-0.7774894877964915,64749266
2020-11-18,9.66,5,8.641508324545253,203.87523396286787,901.4286960000001,-0.40474636368612227,-0.9144289918210496,56818059
2020-11-19,10.3,5,8.41603951863589,291.74628337834906,1092.7270000000003,-0.9288335879726572,0.37049718737642257,50374260
2020-11-20,6.6,5,4.385584452479652,237.28599022980984,287.496,-0.8413786590546671,-0.5404460676953531,17149520
2020-11-21,10.32,5,9.746729498948266,223.4712354845911,1099.1047680000001,-0.6879903252765136,-0.7257198580209288,67684401
2020-11-22,6.92,5,6.338738725952698,267.50966032670493,331.37388799999997,-0.9990555618069493,-0.04345094271245201,23491920
2020-11-23,5.94,5,4.584324213545604,239.40345708471003,209.58458400000004,-0.8607727397289847,-0.5089894797925174,12113440
2020-11-24,6.76,5,6.51727552603278,184.38832569589692,308.915776,-0.0765158720078093,-0.9970683634189205,24378199
2020-11-25,6.38,5,6.123043038292509,185.4197405765316,259.694072,-0.09445131671072253,-0.9955294816185057,19885859
2020-11-26,2.7600000000000002,5,0.9326248599842316,337.9873563772022,21.024576000000007,-0.3748111885943024,0.9271011664886019,2599065
2020-11-27,3.06,5,2.4874296989306037,87.22895894161383,28.652616000000002,0.9988306998480906,0.04834493811117735,2733631
2020-11-28,5.24,5,5.033039556353013,88.8133532695478,143.877824,0.999785537131994,0.02070941191077835,18942963
2020-11-29,3.78,5,3.0890540797461274,102.47540121836005,54.01015199999999,0.9763888411010373,-0.21602044110077476,7522299
2020-11-30,7.74,5,5.083195458382415,232.59682607827085,463.68482400000005,-0.7943809734984446,-0.6074198456946097,34846297
2020-12-01,9.3,5,8.63742035326752,357.9132536716836,804.3570000000002,-0.03641254287546708,0.999336843472381,38225248
2020-12-02,3.72,5,2.3817776627686724,164.59293393315136,51.478848000000006,0.265675013623811,-0.9640626468938561,4510894
2020-12-03,8.0,5,7.258680670724133,171.11565057226983,512.0,0.15444051532619946,-0.9880020886748053,44284811
2020-12-04,9.940000000000001,5,9.380508443079512,159.7402556377009,982.1077840000004,0.3462766114027503,-0.9381324578093589,56171275
2020-12-05,4.779999999999999,5,4.29151773167717,147.24589619853498,109.21535199999995,0.5410347092712825,-0.8410002635931447,6909298
2020-12-06,3.5,5,2.5789055071203255,50.27613352964721,42.875,0.7691334105354359,0.6390882543108805,2276591
2020-12-07,6.32,5,3.8009700784548643,233.61374629807585,252.43596800000003,-0.8050361461576181,-0.5932257608867725,21178934
2020-12-08,2.7399999999999998,5,1.8885502990150795,130.65599532660292,20.570823999999995,0.7586349413638157,-0.6515159443497296,749550
2020-12-09,5.92,5,5.7434787481772895,165.13346223408826,207.474688,0.2565683604238746,-0.9665260867816268,13265312
2020-12-10,5.88,5,5.717203910042934,139.64377689599723,203.297472,0.6475378578583417,-0.7620332818455045,12906998
2020-12-11,7.0200000000000005,5,6.892119402459847,133.5166932279671,345.9484080000001,0.7251737868897676,-0.6885658855969804,31166586
2020-12-12,3.5200000000000005,5,0.9533376653695207,182.57369361337038,43.61420800000002,-0.044904322948491254,-0.9989912921444999,4471610
2020-12-13,6.4799999999999995,5,5.72070322855357,177.5036677619113,272.09779199999997,0.04355543368211559,-0.9990510118090882,24001124
2020-12-14,8.26,5,8.099058312667518,180.91604385419913,563.559976,-0.015987300227704226,-0.9998721949486491,46985826
2020-12-15,5.3,5,5.076970920396822,190.7873834235789,148.87699999999998,-0.1871650096072253,-0.9823284884287573,12790358
2020-12-16,6.36,5,6.210388830372487,158.42004257256303,257.25945600000006,0.36779928609545265,-0.9299052022371288,18689477
2020-12-17,7.62,5,7.471002434164135,206.19540291294703,442.450728,-0.44143386046895217,-0.8972937907015058,37555652
2020-12-18,8.5,5,8.384342418568362,179.88457257810273,614.125,0.0020145871964726103,-0.9999979707171549,47331832
2020-12-19,8.76,5,8.488516571891001,177.82710776751242,672.221376,0.03791503374162989,-0.999280966603673,51433628
2020-12-20,7.779999999999999,5,7.594108329333896,198.03932985661064,470.9109519999999,-0.30966976046811945,-0.9508441720132786,34680710
2020-12-21,8.74,5,7.973563781681827,184.8548778367862,667.6276240000001,-0.08463224460685186,-0.9964122556315764,49212446
2020-12-22,6.36,5,5.305737188014979,240.6084764528272,257.25945600000006,-0.8712864268742485,-0.4907748591204574,37908959
2020-12-23,5.5,5,2.5587937026183605,175.79303312577076,166.375,0.07335946493392337,-0.9973055644608669,15606076
2020-12-24,8.24,5,6.879301189320597,6.667990091940396,559.476224,0.11611585604140844,0.9932356759479448,31077756
2020-12-25,5.94,5,5.2072515153238,345.0549939964138,209.58458400000004,-0.25789180500626185,0.9661738026414358,8575992
2020-12-26,11.22,5,10.418011586728687,215.37421262907648,1412.4678480000002,-0.578914245425456,-0.8153884328609738,60813262
2020-12-27,12.16,5,11.935440650617716,195.11576016716407,1798.0456960000001,-0.2607700682586624,-0.9654009382118771,60349413
2020-12-28,4.5600000000000005,5,3.730160442948251,145.58213887342424,94.81881600000003,0.5652241931109079,-0.8249373379367205,7356204
2020-12-29,4.32,5,2.896697872757034,248.780643036515,80.62156800000001,-0.9322015757734015,-0.36193952827176434,9177502
2020-12-30,6.3,5,5.409996192164979,251.04622146147707,250.04699999999997,-0.9457809091662072,-0.3248052829877351,21526870
2020-12-31,3.1599999999999997,5,1.1843717440059343,257.09171429944104,31.55449599999999,-0.9747288991843557,-0.22339107657839485,3479939
2021-01-01,4.08,5,3.266909393066361,258.0843795739421,67.91731200000001,-0.9784527317312932,-0.20647094654592432,4152084
2021-01-02,2.62,5,0.5320331259013011,228.6043590379237,17.984728,-0.7501613797779257,-0.6612547952867175,2156384
2021-01-03,5.88,5,5.548982566418026,54.46301829676486,203.297472,0.8137405326329709,0.5812283075953966,29072794
2021-01-04,8.959999999999999,5,8.837355910869624,50.44258278092559,719.3231359999997,0.7709867696440358,0.6368511608169168,67513865
2021-01-05,7.4,5,7.276442221838697,57.442000377093336,405.22400000000005,0.8428471137825084,0.5381530849010301,43725308
2021-01-06,4.279999999999999,5,3.6191308762966212,28.62466934937072,78.40275199999996,0.47906983911171647,0.877776787830183,9042868
2021-01-07,6.0600000000000005,5,5.529568279132839,337.16798382127763,222.54501600000006,-0.3880306517458963,0.9216464687208729,9778379
2021-01-08,2.96,5,2.1357179156937134,354.80227984038044,25.934336,-0.09059295316772932,0.9958880041632943,1618746
2021-01-09,4.2,5,3.8292764684606277,325.30341412439304,74.08800000000001,-0.5692305327380857,0.8221779616352626,3271041
2021-01-10,5.74,5,5.376690219243582,249.9774393705685,189.11922400000003,-0.9395578750259925,-0.3423901275980974,16073609
2021-01-11,10.14,5,9.915681836871727,237.12909999428973,1042.590744,-0.8398956294898218,-0.5427479447809048,68639443
2021-01-12,8.58,5,7.12736745931402,304.65885315955614,631.6287120000001,-0.8225526558523856,0.5686889557132149,41584553
2021-01-13,8.059999999999999,5,6.993975432742908,298.5912549966924,523.6066159999998,-0.8780560275089536,0.4785578466133386,41112953
2021-01-14,5.5200000000000005,5,4.8236661246853725,79.7692847634213,168.19660800000005,0.9841005346094731,0.1776123244072587,15315030
2021-01-15,2.9200000000000004,5,0.8052248808784721,33.73687749679834,24.89708800000001,0.5553797862272116,0.8315968332372464,2857727
2021-01-16,6.840000000000001,5,6.534017288411406,186.35388500275388,320.0135040000001,-0.11066905359501945,-0.993857313992498,25207300
2021-01-17,5.84,5,4.855593226010124,295.50930716124617,199.17670399999997,-0.9025153399577187,0.4306577076298571,12390397
2021-01-18,7.840000000000001,5,7.2949613342392094,238.55708649371303,481.8903040000001,-0.8531603310771585,-0.5216487798090907,36964287
2021-01-19,12.559999999999999,5,12.026716588897553,217.05318683252855,1981.3852159999994,-0.6025561253905085,-0.7980765099627841,83316226
2021-01-20,12.6,5,12.380361791841056,192.30567122839386,2000.3759999999997,-0.2131270947734008,-0.9770244835588563,86132771
2021-01-21,12.28,5,11.269154149904114,210.11778942405405,1851.8043519999997,-0.5017793286747464,-0.8649956678011288,77030543
2021-01-22,7.7,5,6.98368523948102,238.07012821774612,456.533,-0.8486960651448541,-0.5288808835717563,37301160
2021-01-23,5.220000000000001,5,3.530903688393781,230.38633393459503,142.23664800000006,-0.770361183868333,-0.6376077527673111,20041297
2021-01-24,4.74,5,1.2111926870639325,233.0908286480703,106.49642400000002,-0.7995885388041336,-0.6005482233868239,6100827
2021-01-25,6.459999999999999,5,4.829636376639065,281.4033056962894,269.5861359999999,-0.9802597690937401,0.19771389707425036,21046692
2021-01-26,7.159999999999999,5,4.976018312982871,262.8658590540117,367.06169599999987,-0.9922581110705861,-0.12419275749669298,24859197
2021-01-27,6.56,5,4.976643572281561,232.12349956050446,282.3004159999999,-0.7893359642795917,-0.6139615097828259,29609259
2021-01-28,5.32,5,2.855507421126126,125.57247952339117,150.56876800000003,0.8133802742507904,-0.5817323520827331,17457318
2021-01-29,8.8,5,4.894318262396977,263.48737678072746,681.4720000000002,-0.9935468910002202,-0.11342211152943944,53543434
2021-01-30,7.7,5,7.452135574931695,74.44870488801166,456.533,0.9633908169375683,0.2681009769477999,40523298
2021-01-31,5.9799999999999995,5,5.675780617347662,85.32307473241701,213.84719199999995,0.9966703050941529,0.08153712616672344,19708284
2021-02-01,4.08,5,2.8310587597753507,52.63747382426368,67.91731200000001,0.7948116996697241,0.6068561296288638,11014713
2021-02-02,5.779999999999999,5,3.2167451255059065,149.75840241187058,193.10055199999994,0.503647290366038,-0.8639093742441668,18048040
2021-02-03,6.18,5,5.196354703721109,224.58823240439162,236.02903199999997,-0.7020067999362182,-0.7121702414755271,20071470
2021-02-04,5.220000000000001,5,1.9962361773474067,160.03720510461017,142.23664800000006,0.34140988037849973,-0.9399145139745095,14772150
2021-02-05,4.42,5,3.5466242746327405,109.83194712918339,86.350888,0.9406917483377029,-0.33926248629837635,20266409
2021-02-06,9.74,5,9.506324807879844,74.69961793229515,924.0104240000001,0.964555658841293,0.2638794819557578,70024304
2021-02-07,13.64,5,13.427300259602797,62.72008281039115,2537.7165440000003,0.8887779398541399,0.45833805605538674,87348298
2021-02-08,10.2,5,10.010894198339813,68.24780116614119,1061.2079999999999,0.9287953313457407,0.37059308205949537,72809173
2021-02-09,5.88,5,5.733465268674253,63.180327142362785,203.297472,0.8924309542686089,0.45118398892604794,26543979
2021-02-10,4.279999999999999,5,4.0232540714104585,55.85053540014485,78.40275199999996,0.8275760151669549,0.561353666702538,10910794
2021-02-11,3.22,5,2.6507046794658162,93.22161464985396,33.38624800000001,0.998419634651357,-0.05619815960199092,2642442
2021-02-12,7.24,5,7.03456942248549,82.07413527810917,379.50342400000005,0.9904473164720412,0.13789167231320498,36722846
2021-02-13,7.140000000000001,5,6.811902143984739,107.01057746170432,363.99434400000007,0.956250764478545,-0.29254824462675955,28105266
2021-02-14,8.04,5,7.902479738366597,145.44131537518837,519.7184639999998,0.5672500426222982,-0.8235456205608775,43679807
2021-02-15,7.720000000000001,5,7.235949792199355,188.32903728463876,460.0996480000001,-0.1448576703733574,-0.9894525028186061,45839127
2021-02-16,7.540000000000001,5,7.039657867637569,196.10227255959424,428.6610640000002,-0.2773527610897996,-0.9607681540912274,33002990
2021-02-17,8.78,5,8.462691585894596,205.32735580005325,676.8361519999999,-0.4277894677718717,-0.9038784051317184,48894208
2021-02-18,8.2,5,6.912479700007116,180.67596313978015,551.3679999999998,-0.01179750872887988,-0.9999304069723013,48491446
2021-02-19,7.42,5,7.0718836401806024,184.04651508057577,408.518488,-0.07056631437065117,-0.9975070903387817,38670538
2021-02-20,7.859999999999999,5,7.765830940606705,160.25447063475895,485.58765599999987,0.3378432795550228,-0.941202379119128,44033519
2021-02-21,5.08,5,4.721904818547918,162.73469717767705,131.09651200000002,0.2967966355484541,-0.9549407086972039,14629883
2021-02-22,5.76,5,5.442029254902892,183.65959343832577,191.10297599999998,-0.06382853468662893,-0.9979608800748443,17782951
2021-02-23,7.06,5,6.8471316356719685,195.6817754529964,351.89581599999997,-0.27029422089002114,-0.9627777698687566,33058665
2021-02-24,7.859999999999999,5,7.7610946882194005,191.56862535194426,485.58765599999987,-0.20054148452301807,-0.9796852111700494,40881723
2021-02-25,4.88,5,3.2698605030033314,231.21568672483232,116.214272,-0.7795094904431624,-0.6263904168400418,17042666
2021-02-26,3.62,5,3.397233931358789,307.51025669732894,47.43792800000001,-0.7932443512858651,0.6089034399254672,11302078
2021-02-27,2.18,5,1.0199522474771263,336.2800986022786,10.360232000000002,-0.4022658031489249,0.9155229235890002,682985
2021-02-28,3.4,5,3.1126848969334437,45.31724134767501,39.303999999999995,0.7110111060149402,0.7031807784086618,5856670
2021-03-01,5.56,5,5.308284959364766,82.454050980945,171.87961599999997,0.991339865561708,0.13132125093866123,19722633
2021-03-02,3.6799999999999997,5,3.305765645717014,80.55962183949993,49.83603199999999,0.9864568156204945,0.16402119044767888,7935076
2021-03-03,2.84,5,2.288533628771748,319.17958287191556,22.906303999999995,-0.6536903147404092,0.7567621637044131,3315706
2021-03-04,5.0600000000000005,5,4.717472495326489,8.455072663056683,129.55421600000003,0.14703384880479492,0.9891314610837372,14781307
2021-03-05,5.08,5,4.747335052523477,26.033128445517946,131.09651200000002,0.43889075660527854,0.8985404296782901,11264273
2021-03-06,3.2,5,2.1585033311533737,12.258266164068232,32.76800000000001,0.21231865681850018,0.9772004850422394,2798552
2021-03-07,3.7199999999999998,5,2.7499639895165062,316.5730207244985,51.47884799999999,-0.687429562056863,0.7262510565984117,8595646
2021-03-08,4.82,5,3.8442836305025887,244.01911710037254,111.98016800000002,-0.898940261581193,-0.4380712340571294,10548456
2021-03-09,4.36,5,2.736189321265189,295.5503534118011,82.88185600000001,-0.9022065885603712,0.43130415202993017,13378123
2021-03-10,9.72,5,9.518069322871593,191.27939199716815,918.3300480000001,-0.19559342654505854,-0.9806850725346862,52022102
2021-03-11,14.88,5,14.136771966554887,230.03907437266093,3294.6462720000004,-0.7664826309605465,-0.6422650359748683,81734377
2021-03-12,11.5,5,11.101585842346827,228.11731625406347,1520.875,-0.7445133483617579,-0.6676075749354284,83601789
2021-03-13,13.7,5,12.42120637332919,243.02134408754023,2571.3529999999996,-0.8911755849907965,-0.453658546393994,86485155
2021-03-14,8.080000000000002,5,7.888523287282872,273.3921145774282,527.5141120000004,-0.9982479806036407,0.05916898867441754,51980610
2021-03-15,8.540000000000001,5,8.37006765712078,318.43828737756957,622.8358640000002,-0.6634263552580784,0.7482415860863267,58564801
2021-03-16,4.5600000000000005,5,3.6246194282778106,317.51695931727716,94.81881600000003,-0.6753719469358376,0.7374772764581267,17136075
2021-03-17,6.5,5,6.262500508388469,355.5707338918356,274.625,-0.07722830261861281,0.9970134348516313,28599800
2021-03-18,5.08,5,4.494957899354273,357.2234341632395,131.09651200000002,-0.04844125070891293,0.9988260335162256,14472162
2021-03-19,6.24,5,5.9262268660994,23.239956553824754,242.97062400000002,0.3945827943029875,0.9188603911585516,25487999
2021-03-20,4.279999999999999,5,3.0057845185071765,283.47563863054853,78.40275199999996,-0.9724690902261088,0.23303190458562564,12494776
2021-03-21,7.38,5,6.887969328254629,341.5540428166127,401.947272,-0.31641003272682067,0.9486225230247342,49613266
2021-03-22,3.84,5,2.3536184702478637,307.8865527612014,56.62310399999999,-0.7892282349723954,0.6140999862582295,8310236
2021-03-23,4.64,5,4.29641664559386,220.59913375322176,99.89734399999998,-0.6507627378760801,-0.7592811462113546,12836668
2021-03-24,4.88,5,4.367615126613509,222.6058526124137,116.214272,-0.6769511565227891,-0.7360279421886496,18070504
2021-03-25,5.720000000000001,5,5.299228358670432,217.95660227233472,187.14924800000006,-0.6150644332438455,-0.7884768499825643,19524493
2021-03-26,8.74,5,8.063393920111968,202.92031273253215,667.6276240000001,-0.389450508071933,-0.9210473938742313,57004244
2021-03-27,10.0,5,9.346402741419379,249.57349938244477,1000.0,-0.9371206666428671,-0.3490055245276619,64349396
2021-03-28,11.3,5,11.124868937408962,217.99101374388445,1442.8970000000002,-0.6155378763390977,-0.7881073041102675,73237354
2021-03-29,8.58,5,8.35256956472296,221.54521436124736,631.6287120000001,-0.6632108723568018,-0.7484325880049117,56812333
2021-03-30,3.5,5,1.6932093826881163,175.40417067858368,42.875,0.0801263665152365,-0.9967847136614134,4294907
2021-03-31,2.32,5,0.6618917148762821,185.06719537281325,12.487167999999997,-0.08832400025605654,-0.9960917984697837,485265
2021-04-01,6.859999999999999,5,6.5340687429242585,13.936008136980433,322.8288559999999,0.24083805200834194,0.9705653160425769,35057254
2021-04-02,7.7,5,7.411513650185034,3.3559288248898156,456.533,0.05853852289818267,0.9982851503137262,40879525
2021-04-03,7.659999999999999,5,7.557524699346428,4.333594543774495,449.45509599999986,0.07556339884809941,0.9971409994351466,39771621
2021-04-04,6.3,5,4.321590159396962,259.9243588526656,250.04699999999997,-0.9845776467921576,-0.17494815642703193,29422525
2021-04-05,12.64,5,11.763016171213353,316.4318074429351,2019.4877440000002,-0.6892174173883477,0.7245545883979592,83578184
2021-04-06,10.5,5,10.234382092594798,319.1036192778918,1157.625,-0.6546930664204802,0.7558948265340547,63308973
2021-04-07,10.919999999999998,5,10.433159985524963,306.20991316532616,1302.1706879999992,-0.806858115024308,0.5907452769336549,66693683
2021-04-08,8.16,5,7.350052967972968,233.8081619207165,543.3384960000001,-0.8070444371445978,-0.5904907082028974,43645056
2021-04-09,6.279999999999999,5,4.099672234388712,253.26901823127167,247.67315199999993,-0.9576669692558629,-0.28787840488006405,35962009
2021-04-10,7.68,5,7.314693152998043,46.07303842032508,452.9848319999999,0.7202247389698032,0.693740820029987,44418342
2021-04-11,7.659999999999999,5,6.989174969725439,352.35116247889067,449.45509599999986,-0.13310122999300206,0.9911024480720194,49410559
2021-04-12,5.94,5,5.358789614387272,293.95079912025784,209.58458400000004,-0.9138943925883672,0.40595201587815694,24082164
2021-04-13,4.14,5,3.6361104049846067,298.8941921092143,70.95794399999998,-0.8755135112989428,0.48319363771990603,17565460
2021-04-14,4.88,5,4.26885107309685,8.554504870713856,116.214272,0.14875018446653385,0.9888748063436403,14456254
2021-04-15,4.9399999999999995,5,4.6072374061100225,30.161367415429083,120.55378399999996,0.5024370813891486,0.8646137746098856,11492121
2021-04-16,6.12,5,5.924288545895091,16.830312749670327,229.22092800000001,0.2895382333268453,0.9571664491831968,23393276
2021-04-17,6.0200000000000005,5,5.8602163655344786,6.708460684678357,218.16720800000004,0.11681739416301931,0.9931534103153258,23736133
2021-04-18,3.3200000000000003,5,2.8583577930877793,348.0658798252131,36.59436800000001,-0.20678686008913202,0.9783860150750714,7215225
2021-04-19,3.96,5,3.142798670300256,24.80526262086164,62.099136,0.41953546009378795,0.9077389480042671,5275917
2021-04-20,2.94,5,2.1172678236863094,15.267839162304142,25.412184,0.2633315902806785,0.9647053817411039,3285226
2021-04-21,7.140000000000001,5,6.976067612363489,8.365603358918975,363.99434400000007,0.14548910782542337,0.989359853392163,38395046
2021-04-22,5.62,5,5.140318977378994,4.17076060457066,177.50432800000002,0.07272923437744269,0.9973517225467007,26724393
2021-04-23,3.8200000000000003,5,3.1216169760166066,10.18518815838786,55.74296800000001,0.1768303046794933,0.98424135421499,7449458
2021-04-24,5.5600000000000005,5,5.198272751619416,34.06894393412085,171.87961600000006,0.5601900781862231,0.8283640964586244,27381247
2021-04-25,6.74,5,6.4660235829067085,22.95796643744609,306.182024,0.39005571889275675,0.9207912554749066,25232241
2021-04-26,5.779999999999999,5,5.371565651129488,29.922669623263175,193.10055199999994,0.49883069671819075,0.8666994496430953,18852688
2021-04-27,5.04,5,4.235492582239943,70.40001255831595,128.024064,0.9420575263128781,0.3354513632663622,17482923
2021-04-28,6.82,5,6.277548625155984,37.52360059220223,317.21456800000004,0.6090881659746531,0.7931025192682428,34220525
2021-04-29,8.26,5,7.242530860500843,336.6668234653862,563.559976,-0.3960772531979667,0.9182171908100795,42039562
2021-04-30,3.62,5,3.315338374351311,328.5529700007509,47.43792800000001,-0.5217100749234103,0.8531228503113778,3402251
2021-05-01,5.0200000000000005,5,4.204373686534502,312.1973868698342,126.50600800000004,-0.7408352311643122,0.6716868022119536,15019640
2021-05-02,5.96,5,5.076093505835203,301.7352841148422,211.708736,-0.8504873500717548,0.5259955012810702,33207027
2021-05-03,7.779999999999999,5,7.386258618745063,217.90119344488068,470.9109519999999,-0.6143016362262492,-0.7890712893837621,44922357
2021-05-04,14.48,5,13.245796732177164,246.17143369761118,3036.0273920000004,-0.9147583561262045,-0.40400142313769655,94841134
2021-05-05,9.86,5,9.51203805901517,280.2235986519684,958.5852559999998,-0.9841225878601878,0.17749009004270302,72001751
2021-05-06,4.4399999999999995,5,3.516994004528446,273.6124176639056,87.52838399999997,-0.9980130964548891,0.0630068195080838,8606468
2021-05-07,5.34,5,4.41718004874407,272.2975703706579,152.273304,-0.9991960960060078,0.040089421626568714,26088562
2021-05-08,7.1,5,6.529529226734502,172.00810304418576,357.91099999999994,0.139033051104694,-0.9902877413663765,38116603
2021-05-09,5.5,5,4.493939810404868,175.80022253432094,166.375,0.0732343236009342,-0.9973147616709148,24837228
2021-05-10,6.119999999999999,5,4.745796098716656,207.37509301940298,229.2209279999999,-0.45981380013682005,-0.8880153541486411,35210663
2021-05-11,3.3200000000000003,5,0.8471965203843584,34.024483571180156,36.59436800000001,0.5595471158534622,0.828798543157547,6214864
2021-05-12,3.9200000000000004,5,1.8616949724625946,246.33035242501361,60.236288000000016,-0.9158753965813924,-0.4014626482462312,10544991
2021-05-13,4.279999999999999,5,2.6395974309532813,52.03857116276646,78.40275199999996,0.7884250344960133,0.6151308519168586,10920204
2021-05-14,3.44,5,3.076593543146378,359.90335562358837,40.707584,-0.001686761772066237,0.9999985774163502,3353683
2021-05-15,2.96,5,0.6379802494550164,178.8074291775249,25.934336,0.020812784536518778,-0.9997833905400891,3334260
2021-05-16,4.76,5,4.126199273650459,227.61823215404897,107.85017599999999,-0.7386698737514367,-0.6740673687488786,16080133
2021-05-17,4.82,5,2.846828786236363,263.97598516690067,111.98016800000002,-0.9944779961711467,-0.10494529589943781,16117698
2021-05-18,4.5600000000000005,5,4.116906753667074,264.8702332663496,94.81881600000003,-0.995994747960026,-0.08941175558082058,12026890
2021-05-19,4.3,5,3.2476711605216773,263.08036542760294,79.50699999999999,-0.9927161141927284,-0.12047703773786023,8087273
2021-05-20,6.459999999999999,5,5.420292061728807,201.84786892816436,269.5861359999999,-0.3721434282812462,-0.9281752360341666,28810325
2021-05-21,14.84,5,14.702910353750237,217.26636974055165,3268.147904,-0.6055213857802924,-0.7958290340033557,85810425
2021-05-22,9.6,5,8.532375918681796,250.91843782575472,884.7359999999999,-0.945054162198923,-0.32691379675763405,71727162
2021-05-23,6.4799999999999995,5,5.569968244306134,216.3981620519184,272.09779199999997,-0.5933930667175511,-0.8049128327785189,32003597
2021-05-24,6.12,5,5.635709661266782,192.8756631491454,229.22092800000001,-0.22283605809622853,-0.974855933567691,32383743
2021-05-25,7.62,5,6.746869767922085,257.52570977205875,442.450728,-0.9763930296490486,-0.2160015084501774,36710376
2021-05-26,8.24,5,7.604469278590852,270.9655848009961,559.476224,-0.9998579977247922,0.016851836272921288,51866555
2021-05-27,7.459999999999999,5,6.770880160346537,319.63340883143354,415.1609359999998,-0.647675742408365,0.7619160929497245,45304477
2021-05-28,3.28,5,2.2087351902032317,22.40221567997372,35.28755199999999,0.3811061291024463,0.9245312965825168,3928825
2021-05-29,4.8,5,4.337440294307634,20.357833161676922,110.59199999999998,0.3478821601530492,0.9375382672975265,10385363
2021-05-30,5.0600000000000005,5,4.6414288008447295,38.51831927490383,129.55421600000003,0.6227648294220148,0.7824090792130219,12516024
2021-05-31,4.8,5,4.2915515070648285,55.15616733463912,110.59199999999998,0.820712359117488,0.5713415997385517,10518934
2021-06-01,5.38,5,5.09820683833519,80.45307058636968,155.72087199999999,0.9861500847106073,0.1658553901001173,20753930
2021-06-02,4.9,5,4.184111605097102,75.54529662054256,117.64900000000003,0.9683452820208557,0.24961453240536588,11380993
2021-06-03,4.5,5,3.636966753486467,236.23779132793027,91.125,-0.8313512116750793,-0.555747391218688,11332211
2021-06-04,3.9599999999999995,5,2.63541573295696,344.3615757135601,62.09913599999998,-0.26956568610599313,0.9629820044394418,6596890
2021-06-05,5.58,5,5.228741658257783,326.9429659474787,173.74111200000002,-0.5454736045625677,0.8381280013968747,16233748
2021-06-06,4.58,5,4.1759436538206725,345.0004154648191,96.071912,-0.2588120409463337,0.9659277030198447,14946241
2021-06-07,4.0,5,3.6060302396666386,14.128283357000612,64.0,0.24409374747874885,0.9697516395664308,8938360
2021-06-08,2.7600000000000002,5,1.583630154371272,23.983534655595122,21.024576000000007,0.406474096640578,0.9136623056470187,1870546
2021-06-09,3.1599999999999997,5,2.5646307805703508,258.7584633738058,31.55449599999999,-0.9808140872239343,-0.19494544442761563,5920331
2021-06-10,3.72,5,3.137978030384692,246.66851267164773,51.478848000000006,-0.918228867644175,-0.39605018195286334,5172663
2021-06-11,5.74,5,5.347822270321631,233.1016069450323,189.11922400000003,-0.7997014978474395,-0.6003977967485905,17547944
2021-06-12,5.36,5,4.697364067843996,305.6250297417458,153.99065600000003,-0.8128463822323488,0.5824781188094383,32087238
2021-06-13,2.64,5,1.359299683277312,293.80968653999287,18.399744000000002,-0.9148914305931278,0.4036999755106011,1897967
2021-06-14,4.359999999999999,5,1.3351775480641337,288.9883248415443,82.88185599999997,-0.9455848969772799,0.3253754794210329,14680440
2021-06-15,4.46,5,3.9439755505934206,21.504896200225687,88.716536,0.3665807340469437,0.9303862452904191,4941925
2021-06-16,3.8600000000000003,5,2.8726624668766925,97.22955166344343,57.512456000000014,0.9920499257533941,-0.12584492366673083,4649245
2021-06-17,4.86,5,0.7278425847402249,236.0600863613642,114.79125600000002,-0.829623544872475,-0.5583231804190368,20026881
2021-06-18,5.18,5,2.596086510618718,86.62708244310858,138.991832,0.9982677492134944,0.058834521160828455,19655759
2021-06-19,5.9799999999999995,5,2.027421935338377,280.1654875961568,213.84719199999995,-0.9843020973070364,0.17649187300544267,26560694
2021-06-20,5.58,5,3.892449335089966,5.0408162806160135,173.74111200000002,0.08786538824255989,0.9961323574450256,22383729
2021-06-21,7.76,5,7.646115873375454,29.153356244136717,467.288576,0.4871488629399338,0.8733189482292993,40941724
2021-06-22,7.18,5,6.988633054218543,17.300316801394274,370.14623199999994,0.297380153162818,0.9547591552348995,28017388
2021-06-23,4.84,5,4.65423059918781,17.15110078843304,113.379904,0.2948926579877089,0.9555303868872743,8671711
2021-06-24,3.1,5,1.7584255539113247,341.84262902803795,29.791000000000004,-0.311628036871969,0.9502041710260605,1772964
2021-06-25,5.26,5,4.927012852593359,209.05218760382056,145.53157599999997,-0.48560606246550225,-0.8741777577225073,11798017
2021-06-26,3.6399999999999997,5,2.3449189930543217,34.04679470881712,48.228543999999985,0.5598698099049498,0.8285805911056542,5933253
2021-06-27,6.18,5,5.435667752198994,59.10080446350497,236.02903199999997,0.858072116033952,0.5135292043156027,28844896
2021-06-28,3.9200000000000004,5,2.811833048717662,36.275480360066695,60.236288000000016,0.5916682288413574,0.8061815595631862,6937850
2021-06-29,5.92,5,5.508034835985701,4.127132422309671,207.474688,0.07196977448423,0.9974068134721604,18868220
2021-06-30,6.2,5,5.703289887984217,336.0434143211291,238.32800000000003,-0.40604431211504394,0.9138533890066944,15158064
2021-07-01,5.9799999999999995,5,5.62155106362079,279.58720904378725,213.84719199999995,-0.9860332426723395,0.16654862456673505,22095408
2021-07-02,3.34,5,1.8294066235251805,286.9461204737589,37.25970399999999,-0.9565792721703359,0.2914722903709211,3966527
2021-07-03,3.8,5,1.754926504908893,127.75213496390711,54.87199999999999,0.7906667606630549,-0.6122467424025967,4708654
2021-07-04,3.28,5,2.320091835683401,226.98192274928593,35.28755199999999,-0.731138489593383,-0.682229073724586,2082552
2021-07-05,5.4399999999999995,5,4.521461893384991,204.11429097346496,160.98918399999997,-0.408558130922381,-0.9127323012018423,16561802
2021-07-06,10.879999999999999,5,10.123241188908265,203.89819683777174,1287.9134719999997,-0.4051128139852824,-0.9142667050401244,65456117
2021-07-07,6.16,5,5.42636929779638,215.4094991381657,233.744896,-0.5794163054264289,-0.8150317447842061,26227389
2021-07-08,3.7399999999999998,5,3.078836661625179,246.42991761675216,52.31362399999999,-0.916571651246497,-0.3998704891977775,4833759
2021-07-09,3.1799999999999997,5,2.272442488243378,267.9505335132201,32.15743199999999,-0.999360323973238,-0.03576231072099024,3957824
2021-07-10,2.5,5,0.9095464911805078,27.623490840283353,15.625,0.4636593329982402,0.8860135568509249,1236325
2021-07-11,3.04,5,0.783426544175869,45.65035013074112,28.094464000000002,0.7150872507232182,0.6990352093085936,4321262
2021-07-12,3.6799999999999997,5,2.726893065967586,42.29061742904378,49.83603199999999,0.6728913848980986,0.739741295406657,4342276
2021-07-13,6.68,5,6.478660218952038,353.89483435271774,298.07763199999994,-0.10635371798020375,0.994328359583386,21919956
2021-07-14,8.540000000000001,5,8.40852201249584,340.86471464675384,622.8358640000002,-0.32779977951314154,0.9447472172762065,49317143
2021-07-15,9.64,5,9.551136700838422,355.41533718619826,895.8413440000002,-0.0799320993055488,0.9968003107446385,63264064
2021-07-16,6.859999999999999,5,6.687810825366895,354.46452717700714,322.8288559999999,-0.09646200137348922,0.9953366678119625,27857191
2021-07-17,5.24,5,4.889865430969243,354.6385919373676,143.877824,-0.09343772491700615,0.9956251260199965,21726799
2021-07-18,3.8200000000000003,5,2.7961917883084606,331.4887482656456,55.74296800000001,-0.4773313329962051,0.8787233913695857,14814521
2021-07-19,3.8,5,3.1466990588893973,28.073557452473096,54.87199999999999,0.47060472112937596,0.8823441485331799,8136028
2021-07-20,3.3,5,2.215536432396467,47.73667043374246,35.937,0.7400616848023485,0.6725389971499864,2062136
2021-07-21,3.1,5,1.2376327572320647,2.7072795112301833,29.791000000000004,0.04723336072502262,0.9988838819575676,2203252
2021-07-22,4.88,5,4.687803201599062,8.897000636323241,116.214272,0.15465866760212102,0.9879679633143661,8775193
2021-07-23,4.54,5,4.13774696545682,37.79580826687038,93.57666400000001,0.6128492446320195,0.7901998502619214,7356418
2021-07-24,4.88,5,3.6384608915597405,78.93019071628703,116.214272,0.9813939728581719,0.19200486982796486,16426628
2021-07-25,2.8600000000000003,5,0.5705755689496393,238.64307123776007,23.393656000000007,-0.8539422171950279,-0.520367840755018,5735730
2021-07-26,3.3600000000000003,5,1.5415519717702864,238.36623625484782,37.93305600000001,-0.8514180073957645,-0.5244877278661779,8205702
2021-07-27,5.58,5,5.225320123764867,205.57857616120967,173.74111200000002,-0.43174850851943236,-0.9019940273589652,18585914
2021-07-28,10.12,5,9.715572688069555,217.69899250956271,1036.4337279999997,-0.6115131271966585,-0.7912342859521213,59494054
2021-07-29,10.68,5,10.416425277371662,236.92362470196898,1218.186432,-0.8379438189865753,-0.5457564990196576,73058063
2021-07-30,7.88,5,7.3366859032031915,206.5750914646296,489.30387199999996,-0.4473703245435902,-0.8943488093119836,34768548
2021-07-31,9.3,5,8.91851483966463,258.3216805803544,804.3570000000002,-0.9792994747228954,-0.2024167453731564,63369580
2021-08-01,5.1,5,3.9158060152250527,298.4961450401168,132.65099999999998,-0.8788492147456486,0.4770996308329707,13792577
2021-08-02,3.84,5,3.5288861108796468,319.86948621001585,56.62310399999999,-0.6445309096060121,0.7645782540475806,10303334
2021-08-03,3.1,5,2.4963702489845105,36.72723789250284,29.791000000000004,0.598006236280074,0.8014914480954494,2639156
2021-08-04,3.22,5,2.527374225407825,71.55382756396222,33.38624800000001,0.948621334307479,0.3164135965736907,4893421
2021-08-05,3.28,5,2.2090322241713034,133.0832214734216,35.28755199999999,0.7303623355658267,-0.6830599232767435,4283975
2021-08-06,9.26,5,8.713101789266545,207.37781916127207,794.0227759999999,-0.45985605152140224,-0.8879934751332047,48995844
2021-08-07,6.720000000000001,5,6.232176797986586,190.78191921252443,303.46444800000006,-0.18707132558738704,-0.9823463336028582,30152995
2021-08-08,11.3,5,10.988185887983924,224.1847942078472,1442.8970000000002,-0.6969748165829486,-0.7170956038417509,73766701
2021-08-09,8.58,5,8.160501614730187,216.9022712140212,631.6287120000001,-0.6004519244841037,-0.799660857103395,47691104
2021-08-10,5.779999999999999,5,5.446368915876492,240.42548688860842,193.10055199999994,-0.8697145636937497,-0.49355504019206475,22490101
2021-08-11,4.220000000000001,5,3.66407812977399,218.25365439148464,75.15144800000003,-0.6191440364781693,-0.7852774427509804,6941042
2021-08-12,4.1,5,3.529193002736909,227.35636622819135,68.92099999999998,-0.7355813968011358,-0.6774363502795594,8332916
2021-08-13,7.2,5,6.926257983091854,237.95440700595714,373.24800000000005,-0.8476261455812115,-0.5305939288449678,34215222
2021-08-14,5.86,5,5.467747831703331,236.78826513092974,201.23005600000002,-0.8366521483343607,-0.5477345914651537,27142729
2021-08-15,6.779999999999999,5,6.370858315690149,234.85249392777337,311.6657519999999,-0.8176726779081523,-0.5756834128255832,30190505
2021-08-16,10.16,5,9.633875299437879,292.28237677129937,1048.7720960000001,-0.925326389020708,0.37917156246466766,67051877
2021-08-17,7.5,5,7.003986806633204,275.25228944356934,421.875,-0.9958012705279571,0.09154140929058545,35041605
2021-08-18,6.959999999999999,5,6.616935349221104,262.273676877993,337.15353599999986,-0.9909215385097419,-0.13444145386556225,31868716
2021-08-19,5.84,5,5.43824201725201,250.579142415842,199.17670399999997,-0.9431016776669102,-0.3325044745290798,14831116
2021-08-20,3.8,5,3.1763078884739286,243.71880460529263,54.87199999999999,-0.8966317990711897,-0.44277693807871443,7197945
2021-08-21,2.7600000000000002,5,1.6246459509411844,117.17402568953332,21.024576000000007,0.8896235014021661,-0.4566946745397303,1566929
2021-08-22,6.220000000000001,5,3.514841076572677,334.68702637559176,240.64184800000007,-0.4275625660671971,0.9039857587916049,25327610
2021-08-23,7.74,5,7.513843685113369,21.716196800984847,463.68482400000005,0.37000939666559135,0.9290280116224511,35991492
2021-08-24,5.9799999999999995,5,5.694474271242338,25.29950113547892,213.84719199999995,0.4273499916793615,0.9040862705580975,18416118
2021-08-25,5.58,5,4.93523605097695,346.4073689949698,173.74111200000002,-0.23501710411949947,0.9719912349251326,21008735
2021-08-26,7.5,5,6.97838049841495,351.8983642729405,421.875,-0.1409294958901824,0.9900196347487958,37366445
2021-08-27,7.74,5,7.513039594851319,356.8786116296725,463.68482400000005,-0.05445156043471527,0.9985164132683171,43968259
2021-08-28,8.32,5,8.139299472112942,12.085285179290224,575.930368,0.20936743967851937,0.9778370391851914,45853647
2021-08-29,7.840000000000001,5,7.526517966782908,0.6343818758823545,481.8903040000001,0.011071826229389311,0.9999387054534624,35995435
2021-08-30,7.32,5,7.157684306884131,8.055200538934173,392.22316800000004,0.14012709132979148,0.9901335254779793,32742510
2021-08-31,6.32,5,6.200772079792051,7.500502767354135,252.43596800000003,0.13053489208985053,0.9914437159753906,22387589
2021-09-01,4.220000000000001,5,4.005667831500765,10.722513724158318,75.15144800000003,0.1860527075519394,0.982539765105002,3811859
2021-09-02,3.66,5,3.1727976889936294,28.823243861291473,49.027896000000005,0.48210913621704954,0.8761111691880491,3138347
2021-09-03,5.1,5,4.725685205117099,41.518772458045134,132.65099999999998,0.6628654013979178,0.7487385789643655,11451730
2021-09-04,5.18,5,4.9764401281908155,59.555590883959894,138.991832,0.862121190837658,0.50670213371236,15746990
2021-09-05,4.14,5,3.817977181449307,68.15615427561056,70.95794399999998,0.9282013649698634,0.3720782526137244,7169167
2021-09-06,2.1,5,1.2315502352359204,82.23304348868857,9.261000000000001,0.9908259452733755,0.13514416810621835,24002
2021-09-07,2.8600000000000003,5,1.8851627490832001,107.55756408400418,23.393656000000007,0.9534143555204474,-0.301663830592151,1360485
2021-09-08,4.14,5,3.9956031482846432,96.49300750866166,70.95794399999998,0.9935856638235491,-0.11308195543196692,8408769
2021-09-09,3.9,5,2.1383973429975742,180.3363649133763,59.318999999999996,-0.005870641504691272,-0.9999827676356845,7087314
2021-09-10,4.64,5,4.240595801363438,211.02963013667696,99.89734399999998,-0.5154812844690562,-0.8569008375314684,7649465
2021-09-11,6.9,5,6.567517658511341,233.4155039423794,328.50900000000007,-0.8029787811729441,-0.5960076148725059,28536285
2021-09-12,4.7,5,3.1012847518179156,285.84480070105457,103.82300000000001,-0.9620047981015477,0.2730325409719518,12228141
2021-09-13,3.18,5,2.517714177383522,56.279232157950105,32.15743200000001,0.8317529545643576,0.5551459470927097,2358401
2021-09-14,4.66,5,3.921537560633901,97.43180225937238,101.19469600000001,0.9915995210986835,-0.1293460078891552,11042184
2021-09-15,5.5600000000000005,5,4.545409043465897,291.01268101994003,171.87961600000006,-0.9335010876484291,0.35857456596808407,18891904
2021-09-16,5.24,5,4.745799939326011,282.9074197907487,143.877824,-0.9747322751772908,0.2233763454972398,22898799
2021-09-17,2.82,5,1.4249285772612377,213.0378868304891,22.425767999999998,-0.5451934867611967,-0.838310242090104,2195380
2021-09-18,3.6,5,3.1404812921003535,100.4774028838994,46.656000000000006,0.983326703703018,-0.18184772141700625,3991584
2021-09-19,4.64,5,4.236030396728371,95.78470646375081,99.89734399999998,0.9949076475927421,-0.1007907374785802,22339521
2021-09-20,4.4799999999999995,5,3.879132998302285,74.5134946368076,89.91539199999997,0.9636933680245655,0.26701140879271307,13438793
2021-09-21,3.54,5,2.2196625882903005,247.81048913135703,44.361864000000004,-0.9259397405612178,-0.3776712814729561,8762611
2021-09-22,5.4799999999999995,5,5.203039099193187,230.85050502397883,164.56659199999996,-0.7755013080947725,-0.6313459599485031,15379520
2021-09-23,8.34,5,7.401895039938879,257.90998954849067,580.093704,-0.9778197690008008,-0.20944808271077728,50886529
2021-09-24,7.56,5,7.392671207692061,235.62946037649982,432.0812159999999,-0.8254038842482337,-0.5645426714323092,41820281
2021-09-25,3.54,5,2.1055213771639427,202.1201548495996,44.361864000000004,-0.37655016342894077,-0.9263962297103967,6034883
2021-09-26,3.9200000000000004,5,3.17868169506165,181.36467747415517,60.236288000000016,-0.02381586320253916,-0.9997163621047311,5702401
2021-09-27,8.040000000000001,5,6.226846974921012,209.31755301051237,519.7184640000002,-0.4896495940265071,-0.8719193053658559,39916354
2021-09-28,6.56,5,5.831421207753329,185.0544310304123,282.3004159999999,-0.08810208893270906,-0.9961114505544513,22733594
2021-09-29,9.440000000000001,5,6.745633523216619,265.77634647036683,841.2323840000004,-0.9972841571697143,-0.07364991417708902,52905595
2021-09-30,10.059999999999999,5,8.502717585218834,219.42471437018042,1018.1082159999996,-0.6350637705537289,-0.7724597124317104,64396936
2021-10-01,8.98,5,8.55684095587963,193.50476046409457,724.1507920000001,-0.23352615315591577,-0.9723505210530818,69871899
2021-10-02,8.22,5,7.458281982838684,173.40741669824206,555.4122480000001,0.11480856159400382,-0.9933876354096198,45676299
2021-10-03,7.840000000000001,5,7.332055702997558,213.7703711315371,481.8903040000001,-0.5558658213627733,-0.8312720304693821,44503401
2021-10-04,8.6,5,8.190119871680947,189.36606164763583,636.0559999999999,-0.16274155142387606,-0.9866687323717874,58322518
2021-10-05,9.42,5,7.111711542066455,193.89781513412134,835.896888,-0.2401910258707468,-0.9707256415131714,59873047
2021-10-06,8.36,5,6.483118878237022,278.243657910961,584.2770559999999,-0.9896672640032849,0.1433830762686186,44834233
2021-10-07,3.0,5,0.6289162193685164,184.6538883586015,27.0,-0.08113638844579187,-0.9967030081573817,1900015
2021-10-08,3.22,5,2.667768934958442,87.39672992464898,33.38624800000001,0.9989679791354884,0.045420002883734684,2623945
2021-10-09,3.2399999999999998,5,2.9571768675035965,88.7973598119629,34.012223999999996,0.9997797173872305,0.02098848972912585,5600957
2021-10-10,3.38,5,2.5716998000131683,322.76699265945877,38.614472,-0.6050578848585393,0.7961814843178097,3526299
2021-10-11,6.5,5,6.266130534984557,318.42551622700523,274.625,-0.6635931207978424,0.7480936906763619,19240502
2021-10-12,7.340000000000001,5,6.2330912588384795,331.5246846458701,395.44690400000013,-0.47678009666555965,0.879022604614682,27550973
2021-10-13,5.82,5,4.577391300216979,292.18457527402416,197.13736800000004,-0.9259722706274809,0.377591517421919,14872936
2021-10-14,8.0,5,7.352570631822553,251.2416654653764,512.0,-0.9468833612621295,-0.3215772071601651,41983863
2021-10-15,6.779999999999999,5,4.908992628985389,318.55238515013707,311.6657519999999,-0.6619350061241547,0.7495612367694952,35893336
2021-10-16,4.859999999999999,5,3.788577688620448,225.65901356457667,114.79125599999996,-0.7151929404781301,-0.6989270762320242,11058693
2021-10-17,6.279999999999999,5,5.971960804210113,195.04943334745903,247.67315199999993,-0.2596523250086033,-0.9657021642916758,22711835
2021-10-18,5.9,5,5.760476757667702,176.49437465302003,205.37900000000005,0.061146536939796686,-0.998128799815069,20877237
2021-10-19,8.84,5,8.632873044707623,204.77595389410084,690.807104,-0.4190710660880601,-0.9079534357927265,58184503
2021-10-20,10.879999999999999,5,10.277646519568346,214.70583395403935,1287.9134719999997,-0.5693632325888128,-0.8220860717564904,83345037
2021-10-21,11.540000000000001,5,9.7348243636717,293.5538075546399,1536.8002640000004,-0.9166851972189264,0.3996101214930597,74050668
2021-10-22,10.7,5,9.61917120752966,287.89963375755656,1225.0429999999997,-0.951596368525452,0.30735053507220716,65045016
2021-10-23,4.779999999999999,5,3.2384531883910306,198.2642788544154,109.21535199999995,-0.31340047414659183,-0.949621052212245,9863418
2021-10-24,5.7,5,5.550447104154803,173.67590903084806,185.193,0.11015222889301733,-0.9939147279670929,18297715
2021-10-25,6.58,5,6.337971570152224,195.1675200831453,284.890312,-0.2616420865541591,-0.9651649696003196,28400345
2021-10-26,8.1,5,7.730874290150407,218.29503718553838,531.4409999999999,-0.619711054140239,-0.784830051269951,48940321
2021-10-27,8.879999999999999,5,8.59617264186284,208.39779071063361,700.2270719999998,-0.47559029001876474,-0.8796669119842279,60222746
2021-10-28,6.9,5,6.811182405270447,170.80371843401792,328.50900000000007,0.15981712328101003,-0.987146639110007,33917079
2021-10-29,8.76,5,8.473609166110462,173.98751174127676,672.221376,0.104745228001139,-0.9944990885923373,64031920
2021-10-30,7.1,5,6.132387128426466,176.4904144099985,357.91099999999994,0.06121552673757433,-0.9981245710262028,42676102
2021-10-31,8.059999999999999,5,7.126744375934543,177.0970420700785,523.6066159999998,0.05064449951146933,-0.9987167439615864,50104543
2021-11-01,10.059999999999999,5,9.953408548835966,195.48215462083553,1018.1082159999996,-0.2669382301800206,-0.9637136406985004,74384627
2021-11-02,4.5600000000000005,5,3.6332124764709866,194.41163066719915,94.81881600000003,-0.24888649806443708,-0.9685326587581964,11136175
2021-11-03,2.34,5,0.7055198050629804,211.1040562610586,12.812903999999998,-0.5165939470952946,-0.8562305144203306,748498
2021-11-04,4.96,5,4.071835073685646,345.94561092242634,122.02393599999999,-0.2428428576121388,0.9700656403083094,5911455
2021-11-05,6.14,5,4.831992362132556,290.84403178803444,231.47554399999996,-0.9345525007869033,0.35582527070592523,14264769
2021-11-06,10.120000000000001,5,9.594441657955793,232.36870876374826,1036.4337280000002,-0.7919563035263333,-0.6105777700710256,72886122
2021-11-07,10.059999999999999,5,9.55655414632301,289.9618576171359,1018.1082159999996,-0.9399200988335277,0.3413945046552031,65797310
2021-11-08,4.82,5,3.5156112665365082,267.80197116910745,111.98016800000002,-0.9992642364900677,-0.03835343103194525,11170305
2021-11-09,6.44,5,6.3271220530907835,190.50029024439934,267.0899840000001,-0.18224050638425685,-0.9832539843971189,30458052
2021-11-10,4.7,5,4.481769740368183,198.96647928159555,103.82300000000001,-0.32501492605586885,-0.9457088864132017,11757108
2021-11-11,3.9799999999999995,5,3.6346951699952443,196.76771462816885,63.04479199999998,-0.2884923149154154,-0.9574822109233909,6598887
2021-11-12,7.26,5,7.0256371665097666,181.24900357124775,382.657176,-0.02179749820735275,-0.9997624063105696,40775098
2021-11-13,4.16,5,2.4626514037152605,297.8152600933266,71.991296,-0.8844567269500248,0.4666222220949719,14390156
2021-11-14,4.62,5,4.333432122126056,69.35268151686523,98.61112800000001,0.9357686434376157,0.3526145855731501,12417667
2021-11-15,3.9799999999999995,5,3.739847007374263,67.70675696396103,63.04479199999998,0.9252544616981255,0.37934704573478883,8310404
2021-11-16,3.4799999999999995,5,2.5750927970888893,170.61418938621068,42.14419199999998,0.16308163115184218,-0.986612579273574,4168729
2021-11-17,7.220000000000001,5,5.679983621636374,267.0106540484844,376.3670480000001,-0.9986392492679922,-0.05215026195007024,32451163
2021-11-18,7.840000000000001,5,7.497803536625561,243.69100147135924,481.8903040000001,-0.8964168332455752,-0.443211982096575,48518119
2021-11-19,6.4799999999999995,5,6.228173358270237,257.2645993643798,272.09779199999997,-0.9753985240913535,-0.22044890383127172,35320326
2021-11-20,6.659999999999999,5,6.127858574697974,248.21273725036514,295.4082959999999,-0.9285683615904426,-0.37116141751701626,31638908
2021-11-21,7.42,5,6.419242298343301,356.9969906638405,408.518488,-0.05238840701430858,0.9986267845449085,26455288
2021-11-22,4.4399999999999995,5,3.72256434232852,23.184637504165266,87.52838399999997,0.39369545122853594,0.9192409323360005,6496631
2021-11-23,3.78,5,2.7584538307389597,339.8173083121847,54.01015199999999,-0.3450146766723175,0.9385972900454679,4166439
2021-11-24,3.7600000000000002,5,3.343769953067534,188.9109392983024,53.157376000000006,-0.15489901146774723,-0.9879303094076599,8284341
2021-11-25,6.12,5,4.844823254999933,314.9936109644142,229.22092800000001,-0.7071856260601423,0.7070279275204937,13957059
2021-11-26,8.18,5,4.9764040867870465,237.69691563973782,547.3434319999999,-0.8452330666121954,-0.5343978509550201,50928664
2021-11-27,4.76,5,1.5358773400420782,206.24149402413354,107.85017599999999,-0.442155538053398,-0.8969383926272251,14976337
2021-11-28,5.2,5,3.857793432793251,9.53723016144778,140.608,0.16568844840636118,0.9861781472252833,11826911
2021-11-29,8.12,5,5.917651055017068,305.6603294591565,535.3873279999998,-0.8124873653768768,0.5829787998743534,26301878
2021-11-30,9.84,5,8.346371727176383,264.25433683770945,952.7639039999999,-0.9949760988451644,-0.1001127500713958,69926964
2021-12-01,12.72,5,9.429279046199122,270.79191112038296,2058.0756480000005,-0.9999044851915756,0.013821016379783323,93933169
2021-12-02,6.659999999999999,5,5.148945902898796,331.58543143337386,295.4082959999999,-0.47584786145575614,0.8795276077235913,21975612
2021-12-03,9.540000000000001,5,8.812680911645593,214.08909499126602,868.2506640000003,-0.5604813810877711,-0.8281670250945425,70754803
2021-12-04,6.3,5,4.677947471630789,223.77559437641696,250.04699999999997,-0.6918356711931395,-0.7220549868706247,22407763
2021-12-05,4.4399999999999995,5,2.521972004023317,142.36414741269783,87.52838399999997,0.6106408162479644,-0.7919076925576742,14772230
2021-12-06,6.5,5,4.5040854798164744,171.97181559174783,274.625,0.13966020758253173,-0.9901994881931641,36445765
2021-12-07,9.0,5,5.036637926029265,179.1912774824251,729.0,0.014114401988090058,-0.9999003868668711,53724369
2021-12-08,9.2,5,8.998120770254527,185.8909414350262,778.6879999999999,-0.10263527121295891,-0.9947190563687027,70214862
2021-12-09,6.92,5,6.7301330396335235,183.1839068364678,331.37388799999997,-0.055541062060308864,-0.9984564038680972,37726444
2021-12-10,4.58,5,2.9194153953586546,127.83310595620856,96.071912,0.7898007379332571,-0.6133635091526741,22677587
2021-12-11,5.2,5,3.2599113671154205,232.78296074007568,140.608,-0.7963500803547876,-0.6048359691014774,14333946
2021-12-12,7.6,5,7.300065008340495,214.88628049108783,438.97599999999994,-0.5719494711843118,-0.8202888530340919,48137646
2021-12-13,6.82,5,6.674293267948903,204.8838621274074,317.21456800000004,-0.4207803195500986,-0.9071625668419729,30157326
2021-12-14,6.36,5,6.170277410782318,220.19832532282038,257.25945600000006,-0.645435362736197,-0.7638148941527613,27665308
2021-12-15,5.88,5,5.6703751518570495,231.79430253771224,203.297472,-0.7857953950833998,-0.6184865374975624,26389608
2021-12-16,2.68,5,2.1224103459806356,265.5799891061059,19.248832000000004,-0.9970258968376313,-0.07706725008145093,1585170
2021-12-17,2.6399999999999997,5,2.134427901533111,38.08489863154733,18.399743999999995,0.6168284423480401,0.7870976259083053,1722028
2021-12-18,2.98,5,2.0011930457623834,7.88112633011832,26.463592,0.1371182571603733,0.9905546847869136,4750159
2021-12-19,5.42,5,4.963673963842494,344.4654703179489,159.220088,-0.2678190658058172,0.9634692252432868,20388388
2021-12-20,2.66,5,2.083935257185327,53.16843663870969,18.821096000000004,0.800401256602936,0.599464618162274,789732
2021-12-21,2.92,5,1.9610047562160184,133.11495170991373,24.897087999999997,0.729983946983198,-0.6834642910546472,1161971
2021-12-22,4.18,5,3.9132364076360178,155.73846955931936,73.03463199999999,0.41090233107652924,-0.9116793703467653,5590635
2021-12-23,7.58,5,6.8357934320026414,209.8663055506442,435.519512,-0.49797784974211035,-0.8671897492280591,45289694
2021-12-24,6.7,5,2.6416517295517075,272.31301447195733,300.76300000000003,-0.9991852535862856,0.04035875389193867,43576297
2021-12-25,8.620000000000001,5,8.396175254993977,80.52151549386178,640.5039280000002,0.9863475100476202,0.16467722800332685,70746745
2021-12-26,6.640000000000001,5,6.4632891474053045,100.56585552349878,292.7549440000001,0.9830447973837044,-0.18336555384485817,37937484
2021-12-27,5.279999999999999,5,4.970427678958708,140.97767222582496,147.19795199999996,0.6296231917340118,-0.776900660593538,18509190
2021-12-28,8.120000000000001,5,5.01062382075093,221.41147510707987,535.3873280000003,-0.6614620831048325,-0.7499786081046684,46573141
2021-12-29,6.9399999999999995,5,5.479873527275352,230.58117366919186,334.25538399999994,-0.7725249711088231,-0.6349843848578578,36752447
2021-12-30,10.8,5,10.69158851062137,225.98900353425554,1259.7120000000002,-0.7192064651074497,-0.6947964166197511,91493094
2021-12-31,10.26,5,10.008788813271455,222.76575886846015,1080.045576,-0.6790026909588398,-0.7341357814945776,89850409
