Location;Date;DDVEC;FHVEC;FG;FHX;FHXN;FHN;FHNH
  225;20170101;  212;   81;   95;  130;    2;   10;   22
  225;20170102;  346;   78;   85;  110;    8;   60;   15
  225;20170103;  277;  113;  114;  130;   17;   90;    1
  225;20170104;  331;  126;  131;  160;    9;   80;   22
  225;20170105;   59;   39;   54;  110;    1;   20;   21
  225;20170106;  167;   50;   52;   80;   22;   30;    1
  225;20170107;  222;   50;   79;  120;    7;   40;   15
  225;20170108;  312;   18;   31;   50;    2;   10;   15
  225;20170109;  192;   74;   78;  120;   20;   30;    1
  225;20170110;  241;   48;   58;   80;    3;   40;   10
  225;20170111;  262;  127;  148;  170;   14;   90;    1
  225;20170112;  266;   72;  104;  160;    1;   30;   19
  225;20170113;  315;  120;  138;  170;   18;   80;   16
  225;20170114;  330;  108;  116;  150;    1;   90;   23
  225;20170115;  349;   30;   42;   80;    2;   20;    9
  225;20170116;   77;   38;   43;   60;   12;   30;    3
  225;20170117;  137;   23;   25;   40;    1;   10;   24
  225;20170118;  127;   20;   21;   40;    3;   10;   15
  225;20170119;   97;   21;   23;   50;   24;    0;   12
  225;20170120;   85;   48;   49;   70;   17;   40;    1
  225;20170121;   89;   50;   51;   90;   11;   20;   22
  225;20170122;  190;    6;   33;   50;   15;   10;   11
  225;20170123;  207;   28;   35;   50;   12;   20;    2
  225;20170124;  177;    3;   30;   50;    1;   10;    8
  225;20170125;  142;   27;   30;   40;    1;   20;    5
  225;20170126;  130;   31;   32;   40;    3;   20;   17
  225;20170127;  139;   47;   49;   70;   10;   30;    2
  225;20170128;  173;   68;   73;   90;   22;   60;    1
  225;20170129;  191;   74;   78;  110;   10;   50;   17
  225;20170130;   25;   17;   58;   70;    2;   20;   21
  225;20170131;   96;   28;   40;   60;    6;   20;    1
  225;20170201;  141;   59;   60;   70;   15;   50;    1
  225;20170202;  152;   64;   64;   80;   13;   50;    3
  225;20170203;  171;   48;   52;   70;    3;   30;   15
  225;20170204;  156;   20;   49;  100;    4;   10;   20
  225;20170205;   11;    7;   31;   50;    9;   10;    6
  225;20170206;   88;   20;   25;   40;    9;    0;    6
  225;20170207;   92;   74;   74;   90;   20;   50;    1
  225;20170208;   71;   94;   94;  110;    2;   80;   21
  225;20170209;   79;   92;   93;  110;   20;   80;    4
  225;20170210;   81;   72;   73;   80;    1;   60;   13
  225;20170211;   71;   82;   83;  110;   23;   50;    9
  225;20170212;   84;  107;  108;  120;    1;  100;    3
  225;20170213;   90;  106;  106;  120;    1;   90;   23
  225;20170214;  107;   50;   54;   80;    1;   30;   17
  225;20170215;  166;   45;   53;   90;   23;   30;   13
  225;20170216;  223;   78;   80;  100;    1;   70;   11
  225;20170217;  282;   53;   57;  100;    3;   10;   21
  225;20170218;  204;   43;   45;   80;   22;   20;    1
  225;20170219;  231;   77;   78;  110;    6;   40;   16
  225;20170220;  232;   91;   97;  110;    5;   80;    1
  225;20170221;  240;   76;   84;  150;   24;   50;   14
  225;20170222;  239;  107;  110;  160;    2;   60;   24
  225;20170223;  247;  129;  160;  220;   17;   40;    3
  225;20170224;  297;   61;   71;  130;    3;   40;   20
  225;20170225;  210;  120;  120;  150;   17;   70;    1
  225;20170226;  213;  133;  133;  150;   18;  120;   14
  225;20170227;  197;  123;  127;  170;   24;   90;   15
  225;20170228;  224;  117;  121;  160;    4;   80;   20
  225;20170301;  227;   59;   69;   90;   20;   50;    2
  225;20170302;  250;  111;  119;  200;    5;   70;    2
  225;20170303;  156;   53;   60;   90;    2;   40;   13
  225;20170304;  181;   48;   55;   80;   14;   30;   17
  225;20170305;  190;   83;   89;  120;    3;   50;   19
  225;20170306;  290;   11;   35;   60;   16;   20;    7
  225;20170307;  277;   29;   38;   60;    2;   10;    6
  225;20170308;  212;   48;   70;  110;   12;   30;   20
  225;20170309;  266;   51;   75;  110;   14;   40;    6
  225;20170310;  239;   14;   29;   50;    1;   10;   16
  225;20170311;  125;   28;   32;   60;    6;   10;   13
  225;20170312;  102;   35;   38;   50;    2;   20;   15
  225;20170313;  285;   22;   34;   50;    7;   10;    3
  225;20170314;  227;   72;   73;  100;   13;   50;    1
  225;20170315;  261;   26;   33;   60;    1;   20;   13
  225;20170316;  220;   55;   60;   80;   13;   40;    1
  225;20170317;  249;   95;  106;  160;   22;   60;    3
  225;20170318;  248;   75;   79;  160;    1;   20;   17
  225;20170319;  229;  121;  121;  140;    7;   70;    1
  225;20170320;  226;  122;  125;  180;   16;   60;   22
  225;20170321;  240;   94;  102;  120;    7;   80;    1
  225;20170322;  151;   50;   55;   80;   13;   30;   19
  225;20170323;   74;   80;   81;  120;   21;   40;    1
  225;20170324;   68;   92;   93;  120;   14;   80;    1
  225;20170325;   61;   73;   75;   90;   14;   60;    5
  225;20170326;   74;   68;   68;   90;    2;   50;    7
  225;20170327;   85;   42;   44;   70;    1;   10;   19
  225;20170328;  212;   42;   49;  100;   21;   20;    4
  225;20170329;  219;   87;   88;  110;    2;   60;   21
  225;20170330;  192;   57;   62;   90;    8;   30;   19
  225;20170331;  197;   61;   70;  110;   14;   50;   24
  225;20170401;  186;   41;   48;   60;    9;   40;    1
  225;20170402;  287;   17;   44;   60;    2;   30;   11
  225;20170403;  121;    6;   21;   40;   23;   10;    4
  225;20170404;  265;    7;   37;   50;    3;   20;   23
  225;20170405;  334;   74;   75;  100;   23;   50;    1
  225;20170406;  323;   51;   67;  110;    1;   30;   20
  225;20170407;  282;   44;   49;   80;    1;   20;   20
  225;20170408;  313;   19;   30;   40;    6;   10;   22
  225;20170409;  203;   32;   45;  100;   24;   20;   13
  225;20170410;  315;   75;   77;  100;    4;   50;   11
  225;20170411;  249;   74;   79;  100;   19;   50;    1
  225;20170412;  259;   94;   98;  120;   12;   60;   23
  225;20170413;  289;   72;   77;  110;    4;   50;   24
  225;20170414;  242;   76;   80;  110;   22;   50;    1
  225;20170415;  283;  100;  103;  120;    1;   80;   18
  225;20170416;  297;   66;   68;  110;    9;   10;   23
  225;20170417;  355;   75;   80;  110;   16;   10;    1
  225;20170418;   23;   50;   65;   90;   16;   30;   12
  225;20170419;   57;   18;   29;   60;    1;   10;    8
  225;20170420;  221;   59;   65;   90;   14;   20;    1
  225;20170421;  266;   55;   69;   90;   15;   40;    7
  225;20170422;  334;   86;   87;  100;   15;   60;    1
  225;20170423;  293;   39;   65;   80;    1;   40;   14
  225;20170424;  244;   83;   92;  130;    4;   30;   20
  225;20170425;  300;   86;  100;  140;    5;   40;   22
  225;20170426;  357;   42;   54;   90;   15;   30;    1
  225;20170427;  268;   54;   66;  100;   21;   10;    5
  225;20170428;  319;   51;   53;   70;    1;   30;    4
  225;20170429;   19;   11;   42;   70;   19;   20;    7
  225;20170430;  104;   75;   76;  100;   16;   40;    2
  225;20170501;  128;   29;   45;   90;    1;   20;   17
  225;20170502;   41;   43;   52;   80;   16;   20;    2
  225;20170503;   63;   68;   71;   90;   12;   50;    1
  225;20170504;   60;  100;  101;  120;    9;   80;    1
  225;20170505;   68;   74;   77;  110;    5;   50;   22
  225;20170506;   66;   74;   78;  100;   12;   60;    1
  225;20170507;  345;   68;   71;   90;   24;   40;    2
  225;20170508;    2;   74;   80;  120;   16;   50;   10
  225;20170509;  352;   42;   47;   70;   15;   30;    3
  225;20170510;    3;   17;   39;   70;   18;   20;    1
  225;20170511;   89;   50;   56;   90;   10;   20;   22
  225;20170512;  175;   30;   36;   60;   11;   10;   15
  225;20170513;  204;   52;   57;   80;   17;   40;    1
  225;20170514;  210;   55;   63;  100;   14;   40;   19
  225;20170515;  202;   50;   55;   70;    3;   30;   13
  225;20170516;  200;   57;   58;   70;    2;   30;   15
  225;20170517;  155;   15;   37;   90;   24;   10;    5
  225;20170518;   13;   30;   63;  110;   23;   30;   11
  225;20170519;  215;   79;  101;  160;    8;   60;    4
  225;20170520;  217;   64;   67;   90;    9;   40;   20
  225;20170521;  169;    5;   48;   60;    8;   20;   14
  225;20170522;   79;   29;   46;   60;    1;   20;   24
  225;20170523;  287;   37;   47;   80;    5;   20;    2
  225;20170524;  303;   26;   35;   50;   13;   10;    6
  225;20170525;    9;   36;   45;   80;   23;   20;    4
  225;20170526;   90;   67;   68;  100;   16;   50;    4
  225;20170527;  168;   37;   54;   70;    8;   30;   15
  225;20170528;  272;   18;   47;   60;    7;   30;   15
  225;20170529;   64;   20;   49;   90;    7;   10;   18
  225;20170530;  233;   91;   92;  110;   11;   50;    1
  225;20170531;  340;   33;   45;   60;    1;   30;    7
  225;20170601;   26;   17;   33;   50;   14;   10;    5
  225;20170602;   18;   20;   30;   50;   14;    0;    6
  225;20170603;  283;   20;   44;   70;   13;   20;    1
  225;20170604;  250;   68;   71;   90;   13;   30;    1
  225;20170605;  219;   64;   75;  110;   12;   20;   19
  225;20170606;  216;  131;  148;  220;   14;   30;    3
  225;20170607;  244;  165;  168;  200;    1;  130;   16
  225;20170608;  214;   84;   90;  130;    1;   50;   22
  225;20170609;  237;   62;   80;  110;   14;   30;    2
  225;20170610;  218;   64;   65;   90;   10;   20;   15
  225;20170611;  228;   69;   77;  130;   24;   40;   10
  225;20170612;  255;  115;  116;  130;    1;   70;   22
  225;20170613;  294;   42;   48;   80;    1;   10;   24
  225;20170614;   51;   26;   42;   70;   15;   20;    1
  225;20170615;  224;   46;   68;  100;   12;   40;    3
  225;20170616;  290;   81;   86;  110;    5;   40;   20
  225;20170617;  274;   39;   44;   70;    1;   10;   18
  225;20170618;  350;    9;   34;   50;   18;   20;    1
  225;20170619;   22;   31;   40;   60;   18;   10;    7
  225;20170620;   60;   61;   63;   90;   18;   30;    2
  225;20170621;   86;   66;   68;  100;    4;   40;   23
  225;20170622;  234;   64;   85;  130;   21;   50;    1
  225;20170623;  241;   97;  101;  140;   22;   60;    8
  225;20170624;  234;  124;  125;  140;   24;  120;    1
  225;20170625;  257;   90;   97;  130;    1;   60;   13
  225;20170626;  334;   48;   60;  100;    2;   50;    9
  225;20170627;   82;   78;   78;  110;   24;   60;    1
  225;20170628;  198;   43;   83;  110;    1;   40;    7
  225;20170629;  230;   62;   63;  100;    1;   30;   16
  225;20170630;  266;   41;   52;  100;   24;   20;    6
  225;20170701;  339;   75;   90;  130;    7;   30;   21
  225;20170702;  289;   62;   73;  110;    4;   30;   21
  225;20170703;  232;   84;   95;  130;    9;   50;   24
  225;20170704;   28;   21;   33;   40;    1;   20;    5
  225;20170705;  333;   25;   40;   70;   17;   20;    1
  225;20170706;   94;   36;   47;   80;   24;   30;    2
  225;20170707;  251;   23;   38;   70;   16;   10;   23
  225;20170708;  329;   33;   45;   70;   14;   20;    1
  225;20170709;  351;   26;   40;   50;    2;   20;    7
  225;20170710;  224;   33;   52;   90;   20;   10;   10
  225;20170711;  237;   69;   75;  110;   21;   50;    5
  225;20170712;  359;   64;   84;  140;   12;   20;    6
  225;20170713;    4;   12;   28;   50;    1;   10;   24
  225;20170714;  290;   70;   83;  130;   14;   10;    1
  225;20170715;  241;   55;   68;  100;   20;   40;    7
  225;20170716;  257;   46;   63;  100;    1;   20;   21
  225;20170717;   10;   30;   36;   40;    1;   30;    3
  225;20170718;   82;   71;   71;  100;   18;   40;    1
  225;20170719;  133;   38;   68;  110;    4;   30;   13
  225;20170720;  230;   59;   68;  140;   17;   30;   23
  225;20170721;  160;   19;   53;   80;   21;   20;   16
  225;20170722;  202;   23;   47;   80;   11;   20;   17
  225;20170723;  228;   68;   73;  100;    9;   30;    1
  225;20170724;  351;   30;   52;   80;   15;   20;    8
  225;20170725;  339;   93;   94;  110;    7;   60;    5
  225;20170726;  243;   38;   66;  130;   23;   30;   17
  225;20170727;  247;   96;  100;  130;    1;   70;    9
  225;20170728;  232;  123;  131;  160;   17;  100;   23
  225;20170729;  224;   84;   92;  170;    4;   20;   19
  225;20170730;  225;   84;   95;  140;   10;   40;    1
  225;20170731;  225;   73;   77;  110;    3;   30;   23
  225;20170801;  216;   46;   51;   70;   19;   30;    1
  225;20170802;  211;   70;   78;  140;   17;   50;    1
  225;20170803;  223;  136;  143;  190;   15;   60;    2
  225;20170804;  243;  127;  130;  150;    1;  100;   21
  225;20170805;  285;   53;   56;  100;   24;   10;    5
  225;20170806;  250;   54;   64;  100;    1;   40;   22
  225;20170807;  206;   37;   58;   90;    9;   20;   18
  225;20170808;  319;   19;   66;  110;   20;   20;   11
  225;20170809;  228;   57;   76;  120;    9;   30;   19
  225;20170810;   27;   56;   58;   90;   16;   40;    1
  225;20170811;  253;   33;   50;  110;   21;   10;    6
  225;20170812;  277;   71;   73;  100;    3;   40;   20
  225;20170813;    5;   18;   38;   70;    3;   20;   19
  225;20170814;  121;   28;   32;   60;   14;   10;   20
  225;20170815;  210;   14;   35;   50;    2;   20;   11
  225;20170816;  197;   25;   35;   50;   15;   20;    1
  225;20170817;  202;   83;   92;  130;   20;   40;    2
  225;20170818;  235;  107;  112;  140;   19;   80;   21
  225;20170819;  261;  106;  109;  130;   17;   90;    3
  225;20170820;  270;   88;   89;  110;    1;   40;   24
  225;20170821;   31;    9;   38;   60;   21;   20;    3
  225;20170822;   74;   37;   50;   70;   18;   20;    9
  225;20170823;  142;   31;   55;   70;   19;   30;   18
  225;20170824;  260;   62;   65;   80;   13;   40;    3
  225;20170825;  301;    8;   37;   70;    1;   20;   21
  225;20170826;  341;   12;   31;   50;   15;   10;    8
  225;20170827;  335;   19;   25;   40;   15;   10;    5
  225;20170828;   24;   17;   26;   40;   12;    0;   19
  225;20170829;  141;    5;   40;   70;   19;   20;    1
  225;20170830;   27;   70;   81;  140;   18;   10;   10
  225;20170831;  297;   49;   64;  110;    2;   10;   23
  225;20170901;   53;   14;   37;   70;   18;   20;    7
  225;20170902;   12;   25;   34;   50;   12;   10;    4
  225;20170903;  153;   14;   30;   50;   23;   20;    1
  225;20170904;  177;   36;   45;   70;   19;   20;   16
  225;20170905;  212;   79;   85;  110;   10;   40;    1
  225;20170906;  286;  106;  110;  150;    6;   40;    2
  225;20170907;  250;   94;  100;  140;   21;   80;    8
  225;20170908;  231;   96;  105;  150;    5;   30;   24
  225;20170909;  233;   52;   65;   90;   12;   30;    7
  225;20170910;  198;  103;  108;  170;   24;   70;    1
  225;20170911;  227;  141;  152;  180;   11;  130;   19
  225;20170912;  245;  106;  120;  130;    1;  110;   18
  225;20170913;  250;  155;  169;  240;    7;  100;    1
  225;20170914;  289;  117;  129;  170;   11;   90;   24
  225;20170915;  268;   59;   69;  100;   14;   40;    6
  225;20170916;  193;   52;   58;   90;   14;   30;   18
  225;20170917;  201;   30;   41;   60;   14;   20;   20
  225;20170918;  299;   42;   63;   80;    6;   30;   16
  225;20170919;  322;   34;   44;   70;   17;   10;    6
  225;20170920;  237;   65;   73;  100;   16;   50;    2
  225;20170921;  173;   49;   54;   80;    1;   30;   17
  225;20170922;  267;   15;   41;   50;    1;   30;    5
  225;20170923;  130;    9;   33;   50;   22;   10;    3
  225;20170924;   91;   46;   46;   60;    7;   40;    1
  225;20170925;   85;   57;   57;   70;    4;   20;    6
  225;20170926;   83;   47;   47;   60;   10;   30;    1
  225;20170927;   97;   45;   46;   70;    4;   30;   18
  225;20170928;  149;   35;   38;   60;   12;   30;    7
  225;20170929;  186;   36;   52;   80;   17;   30;    7
  225;20170930;  259;   33;   47;   70;   12;    0;    6
  225;20171001;  179;   92;   93;  130;   23;   50;    3
  225;20171002;  253;  129;  137;  150;    2;  120;   13
  225;20171003;  289;  110;  112;  130;    1;   90;   19
  225;20171004;  259;  134;  135;  150;   18;  110;    1
  225;20171005;  289;  139;  157;  210;    8;  130;   21
  225;20171006;  318;  116;  122;  140;    1;   90;   19
  225;20171007;  266;  116;  129;  160;    8;  100;    1
  225;20171008;  338;   46;   56;  110;    2;   10;   20
  225;20171009;  235;   50;   58;   80;   10;   30;    1
  225;20171010;  240;   97;  100;  130;   22;   60;    1
  225;20171011;  218;  143;  145;  170;   22;  120;    1
  225;20171012;  257;  108;  112;  150;    3;   90;   18
  225;20171013;  221;   98;  100;  120;   15;   80;    2
  225;20171014;  214;   73;   77;  100;    1;   40;   22
  225;20171015;  170;   53;   57;   80;   20;   40;    1
  225;20171016;  191;   71;   75;  100;   22;   50;   12
  225;20171017;  233;   84;   88;  120;    7;   20;   24
  225;20171018;   98;   36;   38;   70;   13;   10;    1
  225;20171019;  142;   48;   49;   90;   23;   30;    1
  225;20171020;  216;  109;  124;  170;   15;   60;    1
  225;20171021;  202;  114;  122;  170;   20;   60;    3
  225;20171022;  258;  123;  137;  160;   16;  120;    3
  225;20171023;  257;   76;   92;  130;    1;   40;   20
  225;20171024;  216;  106;  106;  130;   16;   80;    1
  225;20171025;  241;   77;   85;  140;    7;   20;   20
  225;20171026;  276;   52;   60;  100;   24;   40;    5
  225;20171027;  319;   99;  105;  130;    6;   80;   13
  225;20171028;  278;  142;  143;  190;   24;  120;    1
  225;20171029;  341;  136;  145;  190;    1;  110;   18
  225;20171030;  343;   68;   77;  110;    1;   50;   11
  225;20171031;  251;   94;   95;  120;   10;   60;    1
  225;20171101;  227;   85;   88;  100;   11;   70;    3
  225;20171102;  302;   56;   63;   90;    1;   30;   24
  225;20171103;  185;   31;   41;   60;   10;   10;    2
  225;20171104;  206;   35;   69;  100;   18;   40;   10
  225;20171105;  309;   75;   85;  110;    6;   30;   13
  225;20171106;  355;   24;   53;  120;    1;   10;   16
  225;20171107;  148;   35;   37;   60;    3;   20;   19
  225;20171108;   61;   30;   35;   50;    2;   10;   24
  225;20171109;  241;   48;   63;  100;   12;   20;    1
  225;20171110;  279;  129;  136;  160;   12;   70;    1
  225;20171111;  302;   92;  101;  140;    1;   60;   22
  225;20171112;  337;   78;   94;  140;   24;   50;    1
  225;20171113;  347;   95;  100;  140;    1;   50;   23
  225;20171114;  247;   82;   85;  120;    8;   50;    1
  225;20171115;  200;   55;   56;   80;    1;   20;   18
  225;20171116;  230;   40;   75;   90;   10;   50;    4
  225;20171117;  287;   56;   63;  100;   23;   30;    8
  225;20171118;  283;  114;  122;  150;    9;   90;   16
  225;20171119;  309;  118;  120;  140;    5;   90;   23
  225;20171120;  245;   88;  100;  120;   13;   80;   23
  225;20171121;  229;   94;   97;  140;   20;   50;    8
  225;20171122;  199;  132;  138;  160;    2;  120;   13
  225;20171123;  217;  116;  133;  180;    9;   90;   24
  225;20171124;  266;   47;   51;   80;    1;   20;   23
  225;20171125;  275;   82;   85;  130;   23;   20;    1
  225;20171126;  276;  119;  123;  140;    4;   80;   22
  225;20171127;  254;  125;  138;  160;    8;  120;   12
  225;20171128;  271;  103;  106;  150;    1;   40;   23
  225;20171129;   17;   10;   31;   50;   19;   10;    7
  225;20171130;  346;   48;   54;   80;    5;   10;   16
  225;20171201;   54;   32;   36;   60;    6;   20;   12
  225;20171202;  176;   51;   52;   90;   24;   10;    1
  225;20171203;  300;   61;   77;  100;    1;   60;    5
  225;20171204;  295;   79;   83;  100;    7;   70;    1
  225;20171205;  270;   97;   98;  120;   20;   80;    1
  225;20171206;  234;  114;  123;  160;   24;   90;   14
  225;20171207;  224;  120;  152;  190;   13;  100;   17
  225;20171208;  289;  140;  144;  180;   18;   60;   10
  225;20171209;  282;  118;  124;  170;    4;   80;   12
  225;20171210;   89;   28;   88;  120;    4;   20;   24
  225;20171211;   49;   71;   83;  120;   17;   10;    1
  225;20171212;  271;   40;   92;  120;    7;   60;   12
  225;20171213;  215;   93;  118;  150;   21;   70;   13
  225;20171214;  248;   98;  110;  160;    6;   70;   20
  225;20171215;  176;   33;   43;   90;    1;   10;   17
  225;20171216;  325;   84;   89;  120;   16;   60;    1
  225;20171217;  244;   47;   77;  130;   18;   20;    8
  225;20171218;  341;   77;   79;  120;    4;   30;   22
  225;20171219;  250;   42;   45;   60;    8;   20;    4
  225;20171220;  256;   38;   41;   50;   16;   30;    2
  225;20171221;  252;   29;   35;   50;    1;   10;   16
  225;20171222;  243;   12;   23;   60;   22;   10;    6
  225;20171223;  243;   92;   93;  110;   20;   60;    1
  225;20171224;  230;  117;  118;  140;   16;  100;    1
  225;20171225;  200;  124;  129;  160;    9;  110;    1
  225;20171226;  217;  110;  129;  180;    5;   60;   22
  225;20171227;  233;   18;  100;  160;   19;   70;    1
  225;20171228;  276;  114;  121;  140;   11;  100;   23
  225;20171229;  232;   83;  115;  180;   19;   60;    9
  225;20171230;  228;  100;  112;  170;   12;   60;    7
  225;20171231;  213;  127;  128;  170;    7;   70;    4
  225;20180101;  232;  105;  114;  190;    1;   50;   17
  225;20180102;  229;   74;  100;  150;   24;   50;    1
  225;20180103;  256;  169;  176;  240;   10;  130;    5
  225;20180104;  238;  111;  120;  190;   20;   60;   14
  225;20180105;  231;   81;   88;  160;    1;   60;    9
  225;20180106;  360;   26;   61;  110;    1;   30;    7
  225;20180107;   63;  109;  109;  120;   12;  100;    1
  225;20180108;   85;  103;  103;  130;    7;   80;   19
  225;20180109;  114;   47;   59;  100;    2;   30;   14
  225;20180110;  155;   42;   43;   50;    8;   30;    2
  225;20180111;   41;   19;   34;   50;   15;   10;   11
  225;20180112;   56;   22;   30;   50;    6;   10;   15
  225;20180113;  110;   40;   42;   60;   24;   30;    1
  225;20180114;  105;   49;   55;   80;    8;   30;   16
  225;20180115;  208;  106;  125;  160;   13;   80;    5
  225;20180116;  267;  139;  140;  160;   10;  130;    1
  225;20180117;  273;  154;  156;  180;   11;  110;   24
  225;20180118;  264;  108;  135;  270;    9;   30;   22
  225;20180119;  266;   91;   94;  110;    6;   70;   20
  225;20180120;  248;   44;   66;  110;    4;   20;   17
  225;20180121;  284;   13;   63;  110;    3;   20;   11
  225;20180122;  268;   60;   75;   80;    1;   60;    3
  225;20180123;  210;  102;  107;  150;   22;   60;    3
  225;20180124;  209;  125;  131;  170;   14;   60;   20
  225;20180125;  208;   91;   92;  120;    5;   70;   17
  225;20180126;  204;   31;   41;   70;    1;   10;   19
  225;20180127;  207;   96;   99;  170;   19;   20;    1
  225;20180128;  226;  101;  105;  130;    1;   80;    8
  225;20180129;  245;   96;  116;  150;   13;   80;   21
  225;20180130;  233;   55;   67;   80;   15;   50;    5
  225;20180131;  239;  114;  126;  160;   11;   80;    1
  225;20180201;  262;  100;  105;  140;    2;   60;   10
  225;20180202;  340;   68;   83;  150;    3;   10;   23
  225;20180203;   10;   10;   53;   90;   19;   10;   10
  225;20180204;   46;   79;   82;  120;   12;   40;    3
  225;20180205;   76;   75;   77;   90;    1;   50;   24
  225;20180206;   65;   61;   64;   90;   13;   40;   24
  225;20180207;   94;   11;   30;   50;    1;   10;   13
  225;20180208;  184;   56;   60;  100;   16;   20;    9
  225;20180209;  167;   66;   68;  100;   10;   20;   23
  225;20180210;  195;   67;   75;  130;   20;   10;    2
  225;20180211;  258;  113;  135;  160;    5;   70;   23
  225;20180212;  265;   91;  103;  130;    1;   80;   16
  225;20180213;  165;   73;   76;  110;    1;   50;    5
  225;20180214;  155;   78;   79;  110;   21;   40;    6
  225;20180215;  206;   61;   81;  100;    1;   60;   10
  225;20180216;  254;   53;   64;   90;    1;   30;   18
  225;20180217;  124;   26;   27;   40;    1;   20;    7
  225;20180218;  161;   41;   44;   60;    3;   20;    9
  225;20180219;  154;   35;   37;   60;    1;   10;   24
  225;20180220;   66;   36;   41;   60;   19;   10;    2
  225;20180221;   55;   45;   48;   70;   21;   30;    7
  225;20180222;   72;   71;   72;  100;   15;   50;   24
  225;20180223;   79;   81;   82;  110;   14;   50;    1
  225;20180224;   85;  106;  106;  130;   13;   90;    1
  225;20180225;   78;   93;   95;  110;   15;   90;    5
  225;20180226;   60;   81;   84;  110;   11;   60;   23
  225;20180227;   67;   56;   60;   90;    3;   50;   11
  225;20180228;   88;  110;  110;  140;   16;   60;    1
  225;20180301;   86;  156;  157;  180;   12;  130;    1
  225;20180302;   84;  140;  140;  180;    5;   90;   19
  225;20180303;   94;   80;   81;  110;    4;   50;   23
  225;20180304;  128;   41;   52;  120;   24;   20;   18
  225;20180305;  192;   52;   64;  120;    1;    0;   16
  225;20180306;  158;   27;   37;   50;    3;   10;   20
  225;20180307;  175;   22;   40;   60;   21;   20;    2
  225;20180308;  216;   92;  103;  150;   17;   60;    7
  225;20180309;  201;   33;   48;   80;    2;   10;   15
  225;20180310;  179;   55;   60;   80;   12;   40;   19
  225;20180311;  149;   29;   45;   90;   12;   10;    4
  225;20180312;  171;   41;   44;   70;   13;   10;   18
  225;20180313;  315;   44;   62;  110;    7;   30;    3
  225;20180314;  125;   40;   52;   80;   20;   20;   10
  225;20180315;  101;   72;   73;  100;    8;   50;   17
  225;20180316;   87;  100;  101;  130;   18;   60;    1
  225;20180317;   78;  156;  157;  180;   12;  140;    1
  225;20180318;   82;  139;  139;  160;    5;  100;   21
  225;20180319;   63;   98;  103;  140;    9;   30;   23
  225;20180320;    5;   82;   85;  120;   12;   60;    1
  225;20180321;  258;   37;   49;  100;   23;   20;    7
  225;20180322;  273;   55;   67;  100;    4;   30;   19
  225;20180323;  195;   72;   75;  110;   11;   40;   22
  225;20180324;   69;   16;   33;   50;   17;   20;    2
  225;20180325;  360;   35;   39;   60;   14;   10;   22
  225;20180326;  272;   22;   30;   50;   16;   10;    6
  225;20180327;  146;   39;   42;   70;   11;   10;    1
  225;20180328;  277;   42;   56;   90;   18;   20;   12
  225;20180329;  219;   28;   45;   60;    1;   10;   18
  225;20180330;  117;   45;   51;   70;   13;   30;   22
  225;20180331;  128;    7;   30;   50;    6;   10;   20
  225;20180401;  344;   20;   34;   60;    6;   10;   22
  225;20180402;  150;   48;   54;   80;   21;   20;    1
  225;20180403;  198;   75;   77;  100;    2;   50;   21
  225;20180404;  188;   61;   65;  100;   20;   30;   14
  225;20180405;  277;   72;   92;  150;    8;   30;   23
  225;20180406;  133;   64;   65;   90;   11;   30;    6
  225;20180407;  151;   33;   46;   70;    3;   10;   18
  225;20180408;  357;   29;   35;   60;   13;   10;    1
  225;20180409;   37;   60;   65;  100;   23;   40;    5
  225;20180410;   79;   40;   54;   80;    1;   40;    4
  225;20180411;   77;   72;   73;  100;   16;   50;    5
  225;20180412;   81;   71;   70;  120;    8;   10;   21
  225;20180413;  207;   25;   35;   60;   12;   20;   17
  225;20180414;  225;   12;   34;   50;    4;   20;   16
  225;20180415;  108;   11;   23;   50;    2;   10;   10
  225;20180416;  209;   57;   58;   80;   12;   40;    1
  225;20180417;  191;   49;   55;   80;    9;   40;   19
  225;20180418;  128;   12;   39;   60;   21;   20;   12
  225;20180419;   97;   22;   42;   60;   10;   20;   24
  225;20180420;  242;   15;   33;   50;    3;   10;   12
  225;20180421;   68;   45;   51;   80;   21;   20;    8
  225;20180422;  183;   33;   54;   90;   20;   30;    7
  225;20180423;  231;   84;   87;  130;   21;   60;    7
  225;20180424;  222;  104;  105;  150;   23;   60;   17
  225;20180425;  245;   96;  103;  150;    1;   70;    8
  225;20180426;  242;  105;  109;  120;    4;   90;   22
  225;20180427;  147;   19;   53;   80;    1;   20;   12
  225;20180428;  213;   57;   60;  100;   14;   30;    1
  225;20180429;   37;   50;   70;  130;   24;   10;    6
  225;20180430;  327;   26;   85;  170;   24;   10;   15
  225;20180501;  254;  106;  123;  200;    2;   60;   23
  225;20180502;  201;   75;   87;  120;   15;   50;   24
  225;20180503;  303;   32;   41;   60;    1;   20;   14
  225;20180504;   14;   22;   33;   60;   15;    0;    1
  225;20180505;   72;   56;   59;   80;   16;   40;    9
  225;20180506;   81;   47;   48;   60;    7;   30;   21
  225;20180507;   92;   41;   43;   60;   11;   30;   20
  225;20180508;   64;   13;   33;   50;    2;   20;    6
  225;20180509;  317;   28;   33;   60;   24;   10;    1
  225;20180510;  292;   42;   57;  100;   15;   30;    2
  225;20180511;   61;   18;   38;   60;   15;   10;    5
  225;20180512;   95;   36;   45;   70;   19;   30;    3
  225;20180513;  307;   41;   61;   90;   22;   20;    3
  225;20180514;    2;   69;   70;   80;    2;   40;   24
  225;20180515;   35;   51;   59;   80;   21;   40;    1
  225;20180516;    7;  107;  108;  140;   14;   60;    1
  225;20180517;  358;   99;  100;  120;    1;   80;   22
  225;20180518;  342;   65;   66;   80;    1;   50;   23
  225;20180519;  327;   33;   35;   50;    1;   20;   20
  225;20180520;   22;   34;   42;   70;   14;   10;    5
  225;20180521;   79;   71;   71;   90;   15;   50;    1
  225;20180522;   28;   42;   51;   90;   18;   30;    5
  225;20180523;   60;   62;   65;  100;   18;   30;    9
  225;20180524;   83;   77;   78;   90;    6;   60;   21
  225;20180525;   64;   24;   40;   60;    3;   20;    9
  225;20180526;   75;   71;   72;  100;   22;   50;    1
  225;20180527;   85;   57;   63;  100;    9;   20;   18
  225;20180528;   40;   36;   45;   70;   19;   20;    2
  225;20180529;   28;   45;   62;   80;    3;   20;   23
  225;20180530;  330;   14;   38;   60;   16;   10;    4
  225;20180531;  360;   32;   40;   70;   11;   20;    4
  225;20180601;  274;   35;   44;   70;   15;   10;    4
  225;20180602;  226;   69;   70;   90;    6;   40;   22
  225;20180603;  317;   15;   43;   60;   17;   20;   10
  225;20180604;    4;   57;   59;   90;   17;   40;    1
  225;20180605;    7;   65;   68;   80;    2;   40;    6
  225;20180606;   13;   60;   63;   90;   16;   40;    5
  225;20180607;  356;   41;   46;   70;   17;   20;    6
  225;20180608;    8;   56;   57;  100;   17;   30;   10
  225;20180609;    6;   66;   68;   90;   19;   40;    2
  225;20180610;   10;   68;   71;   90;   15;   40;    9
  225;20180611;   33;   60;   66;  100;   17;   50;    1
  225;20180612;  359;   67;   70;   90;   19;   50;    8
  225;20180613;  294;   43;   70;   90;    4;   40;   14
  225;20180614;  213;   88;   93;  150;   14;   20;   24
  225;20180615;  321;   12;   30;   50;    9;   10;    3
  225;20180616;  227;   75;   76;  120;   20;   30;    1
  225;20180617;  235;  101;  103;  140;    1;   80;   12
  225;20180618;  228;  111;  112;  120;    7;   90;   10
  225;20180619;  238;   59;   63;  110;    1;   30;   12
  225;20180620;  223;   84;   88;  120;   12;   40;   24
  225;20180621;  310;  118;  119;  150;   23;   40;    1
  225;20180622;  324;  112;  113;  160;    5;   70;   22
  225;20180623;  312;   48;   55;   90;    2;   30;   11
  225;20180624;  347;   54;   59;   80;   17;   40;    1
  225;20180625;  355;   47;   50;   70;   18;   40;    8
  225;20180626;   10;   64;   68;   90;   11;   40;    5
  225;20180627;   61;   58;   60;   90;   23;   40;   12
  225;20180628;   30;   60;   72;  100;   15;   40;    8
  225;20180629;    8;   68;   70;  100;   14;   50;    3
  225;20180630;   73;   78;   79;  110;   17;   50;    5
  225;20180701;   91;   88;   88;  120;   10;   60;   22
  225;20180702;   71;   82;   85;  100;   18;   70;    3
  225;20180703;   31;   68;   76;  100;    1;   60;    4
  225;20180704;   16;   52;   58;   70;   12;   30;    9
  225;20180705;  337;   31;   34;   50;   23;   10;    6
  225;20180706;  359;   47;   51;   70;   18;   30;   23
  225;20180707;   24;   32;   42;   70;   18;   10;    8
  225;20180708;  347;   34;   40;   60;   18;   20;    5
  225;20180709;  345;   63;   65;  100;   22;   30;    1
  225;20180710;  343;   97;  101;  120;    8;   60;   24
  225;20180711;  355;   63;   66;   90;   16;   40;    2
  225;20180712;  349;   64;   66;   80;    6;   40;   24
  225;20180713;    8;   54;   57;   80;   14;   30;    2
  225;20180714;   18;   38;   49;   70;   13;   30;    2
  225;20180715;   45;   23;   41;   60;   13;   20;    2
  225;20180716;   70;   10;   38;   50;    1;   30;    4
  225;20180717;  240;   58;   62;   90;    8;   20;    2
  225;20180718;  249;   23;   44;   60;    7;   20;   22
  225;20180719;  360;   50;   53;   80;   19;   30;    4
  225;20180720;  360;   52;   58;   80;   13;   40;    1
  225;20180721;  348;   62;   66;   80;    9;   40;   23
  225;20180722;  289;   32;   34;   50;    1;   10;   23
  225;20180723;  309;    8;   20;   30;   10;   10;    1
  225;20180724;  285;   12;   35;   60;   11;   20;    1
  225;20180725;   34;   29;   38;   70;   20;   10;    6
  225;20180726;   75;   41;   47;   60;    1;   20;   18
  225;20180727;  117;   41;   58;  100;   23;   40;    4
  225;20180728;  233;   81;   93;  160;   18;   20;    4
  225;20180729;  188;   66;   73;  110;   11;   40;    6
  225;20180730;  220;   36;   44;   90;   19;   10;   17
  225;20180731;  234;   26;   46;  120;   11;   10;   22
  225;20180801;  270;    5;   25;   40;   12;   10;    6
  225;20180802;  321;   13;   26;   40;   10;   10;    4
  225;20180803;   15;   31;   39;   80;   21;   10;    1
  225;20180804;  350;   57;   63;   90;   15;   30;    2
  225;20180805;   18;   45;   55;   80;    1;   40;    6
  225;20180806;   48;   17;   42;   60;   19;   30;    8
  225;20180807;  180;    0;   28;  100;   23;   10;    5
  225;20180808;  223;   57;   76;  130;    9;   20;    3
  225;20180809;  344;   22;   72;  160;   20;   20;    9
  225;20180810;  230;  100;  113;  170;   19;   70;   24
  225;20180811;  261;   65;   77;  120;    3;   30;   21
  225;20180812;  190;   35;   51;  100;   10;    0;   20
  225;20180813;  267;   34;   51;   90;   20;   10;    6
  225;20180814;  278;   76;   81;  110;    2;   50;   16
  225;20180815;  225;   83;   84;  110;   16;   40;    8
  225;20180816;  220;   63;   82;  120;    9;   10;   19
  225;20180817;  266;   33;   47;   70;   21;   30;    8
  225;20180818;  227;   83;   87;  110;   13;   50;    1
  225;20180819;  221;   97;  103;  140;   15;   70;    5
  225;20180820;  309;   36;   44;   80;    4;   20;   20
  225;20180821;  209;   18;   28;   40;    9;   10;   18
  225;20180822;  233;   61;   62;   90;   11;   30;    2
  225;20180823;  236;   71;   83;  130;   16;   40;   22
  225;20180824;  258;   88;   98;  130;   19;   40;   23
  225;20180825;  304;   64;   79;  110;   11;   40;    2
  225;20180826;  198;   73;   89;  140;   21;   40;    7
  225;20180827;  258;   98;  105;  140;    1;   60;   24
  225;20180828;  267;   10;   26;   50;    1;   10;    7
  225;20180829;  349;   46;   54;  110;   24;   10;    1
  225;20180830;  344;   61;   69;  100;    1;   20;   24
  225;20180831;   32;    8;   23;   40;   15;   10;    1
  225;20180901;   78;   12;   33;   50;   17;   10;    1
  225;20180902;   79;   54;   55;   80;   21;   40;    1
  225;20180903;   15;   58;   60;   80;   14;   40;    3
  225;20180904;    7;   56;   58;   80;   15;   30;    3
  225;20180905;   25;   44;   47;   70;   23;   30;    6
  225;20180906;  337;   45;   56;   80;    5;   10;    2
  225;20180907;  262;   98;  108;  160;   20;   50;    1
  225;20180908;  235;   93;  100;  120;    1;   80;   21
  225;20180909;  223;   75;   78;  100;    1;   50;   17
  225;20180910;  245;   85;   88;  120;   24;   60;    7
  225;20180911;  232;  124;  130;  160;    7;   30;   23
  225;20180912;  357;   38;   46;  100;    7;   20;    4
  225;20180913;  249;    8;   25;   40;   14;   10;    7
  225;20180914;  231;   75;   87;  120;   15;   50;    1
  225;20180915;  260;   58;   71;  110;    1;   40;   18
  225;20180916;  202;   66;   70;  100;   11;   40;    5
  225;20180917;  192;   41;   51;   70;    3;   20;   17
  225;20180918;  213;  104;  115;  170;   16;   60;    1
  225;20180919;  210;  107;  110;  150;   13;   50;    7
  225;20180920;  211;   98;  100;  140;   13;   30;   21
  225;20180921;  250;  150;  167;  200;    7;  110;    1
  225;20180922;  264;   83;   92;  140;    1;   20;   22
  225;20180923;    9;   53;   66;  130;   21;   10;    4
  225;20180924;  325;   88;   95;  120;    1;   30;   24
  225;20180925;  190;   27;   33;   60;   24;   20;    1
  225;20180926;  225;   90;   94;  120;   12;   50;   23
  225;20180927;  226;   51;   62;   90;   13;   30;   22
  225;20180928;   27;   67;   70;   90;   10;   20;   24
  225;20180929;  195;   26;   32;   50;   10;   10;    1
  225;20180930;  286;   52;   68;  100;   19;   40;    4
  225;20181001;  326;  107;  112;  140;    9;   80;   21
  225;20181002;  282;  104;  115;  150;    5;   80;    2
  225;20181003;  292;   75;   82;  110;    1;   60;   13
  225;20181004;  216;   72;   78;  110;   11;   50;    2
  225;20181005;  175;   24;   34;   50;    1;   10;   17
  225;20181006;   33;   23;   59;  140;   22;   20;    8
  225;20181007;   42;   35;   45;  100;    1;   20;   18
  225;20181008;  220;   72;   78;  100;   12;   50;    1
  225;20181009;  192;   53;   57;   80;   10;   30;   20
  225;20181010;   97;   54;   55;   80;   14;   20;    2
  225;20181011;  147;   53;   54;   70;    7;   40;    4
  225;20181012;  178;   77;   78;   90;    2;   60;   16
  225;20181013;  159;   64;   65;   80;    3;   40;   18
  225;20181014;  160;   50;   53;   80;   12;   20;   23
  225;20181015;  189;   38;   47;   70;   12;   30;    1
  225;20181016;  179;   29;   35;   60;   22;   10;    2
  225;20181017;  276;   23;   37;   50;    4;   20;    8
  225;20181018;   37;   56;   60;   70;    1;   40;   24
  225;20181019;   66;   31;   35;   60;    8;   10;   21
  225;20181020;  218;   31;   39;   60;   23;   20;    1
  225;20181021;  210;   50;   66;   80;    9;   50;    3
  225;20181022;  339;   68;   86;  120;   24;   50;   17
  225;20181023;  286;  133;  135;  140;    1;  120;   17
  225;20181024;  308;   89;   96;  130;    1;   70;   17
  225;20181025;  293;   72;   75;  100;    1;   60;   15
  225;20181026;  284;   96;  107;  120;    7;   70;    1
  225;20181027;   21;   43;   66;  110;    1;   20;   15
  225;20181028;   66;   75;   77;  100;   12;   50;    7
  225;20181029;   52;   76;   78;  100;   11;   60;    1
  225;20181030;  232;   16;   90;  170;   20;   30;    9
  225;20181031;  197;   37;   66;  150;    1;   30;   20
  225;20181101;  158;   59;   63;   80;    9;   50;    2
  225;20181102;  280;   73;   79;  140;    1;   30;   16
  225;20181103;  174;   49;   53;   80;   12;   40;    2
  225;20181104;  126;   40;   43;   50;    1;   30;   16
  225;20181105;   99;   44;   45;   70;   11;   30;   21
  225;20181106;  140;   48;   49;   60;   13;   30;    1
  225;20181107;  162;   71;   72;   90;   10;   50;    4
  225;20181108;  198;   44;   64;  130;    5;   30;   17
  225;20181109;  136;   49;   54;   80;   21;   40;    6
  225;20181110;  171;   75;   78;  110;    6;   50;   17
  225;20181111;  189;   87;   90;  130;   12;   60;   22
  225;20181112;  186;   60;   63;   80;   15;   40;   11
  225;20181113;  222;  105;  110;  160;    9;   80;    1
  225;20181114;  176;   58;   61;   90;    1;   40;   17
  225;20181115;  136;   40;   40;   60;    1;   30;   11
  225;20181116;  105;   32;   34;   50;   19;   20;    5
  225;20181117;   85;   75;   75;  100;   18;   50;    3
  225;20181118;   74;   91;   92;  110;    9;   80;    1
  225;20181119;   65;  108;  109;  140;   24;   90;    1
  225;20181120;   82;  122;  123;  170;    3;   70;   24
  225;20181121;   94;   57;   58;   70;    1;   40;    9
  225;20181122;   90;   49;   50;   70;    6;   20;   23
  225;20181123;   89;   52;   53;   90;   22;   30;    1
  225;20181124;   81;   71;   72;  100;    2;   40;   22
  225;20181125;   70;   63;   64;   90;   24;   20;    1
  225;20181126;   80;   77;   77;   90;    2;   60;   23
  225;20181127;  117;   41;   47;   70;   24;   30;    5
  225;20181128;  157;   81;   84;  100;   15;   60;    1
  225;20181129;  177;   96;   98;  110;   11;   80;    8
  225;20181130;  207;  108;  108;  120;    6;  100;   14
  225;20181201;  190;   93;   96;  110;    1;   80;    9
  225;20181202;  213;   95;   99;  120;   15;   80;    5
  225;20181203;  241;   72;  101;  130;    4;   70;   19
  225;20181204;  307;   17;   50;   90;    2;   10;   12
  225;20181205;  153;   51;   53;   70;   15;   30;    1
  225;20181206;  218;   89;   90;  120;   21;   60;    1
  225;20181207;  234;  125;  144;  170;    8;   80;   17
  225;20181208;  251;  158;  163;  190;    9;  140;   16
  225;20181209;  297;  129;  141;  180;    1;  100;   10
  225;20181210;  317;  120;  121;  140;    3;  100;    4
  225;20181211;  338;   46;   54;  110;    1;   10;   24
  225;20181212;   92;   39;   39;   60;   13;    0;    3
  225;20181213;   87;   80;   81;  100;    6;   60;    1
  225;20181214;   86;   50;   51;   60;    1;   20;   24
  225;20181215;  138;   60;   61;  100;   20;   20;    1
  225;20181216;  162;   53;   54;   80;    1;   40;   12
  225;20181217;  221;   52;   71;  100;   12;   50;    2
  225;20181218;  159;   69;   72;   90;   18;   50;    7
  225;20181219;  181;   76;   78;  100;    7;   60;    4
  225;20181220;  201;  102;  105;  140;   22;   60;    2
  225;20181221;  228;   88;  106;  160;   16;   50;    4
  225;20181222;  263;   83;   85;  120;    9;   50;    5
  225;20181223;  258;   23;   57;   70;    1;   10;   16
  225;20181224;  309;   29;   44;   90;    2;   10;   10
  225;20181225;  240;   71;   78;  110;   21;   40;    8
  225;20181226;  217;   79;   80;  100;    1;   60;   24
  225;20181227;  196;   40;   41;   60;    1;   30;    6
  225;20181228;  233;   41;   46;   60;   17;   30;    4
  225;20181229;  262;   78;  100;  140;   20;   50;    4
  225;20181230;  275;   48;   58;   90;    1;   30;    7
  225;20181231;  269;   52;   58;   90;   22;   30;    8
  225;20190101;  317;   91;  112;  150;   19;   80;   10
  225;20190102;  358;   91;   94;  130;    1;   40;   19
  225;20190103;    2;   52;   55;   70;    2;   30;   19
  225;20190104;  316;   82;   85;  100;   12;   40;    1
  225;20190105;  323;   97;   98;  110;    3;   90;    1
  225;20190106;  311;   49;   50;   90;    1;   20;   17
  225;20190107;  248;   81;   88;  150;   24;   20;    1
  225;20190108;  320;  151;  157;  180;    8;  140;    1
  225;20190109;    7;  103;  105;  130;    2;   50;   22
  225;20190110;  286;   19;   41;   80;   23;   10;    7
  225;20190111;  327;   74;   76;  100;   17;   50;    2
  225;20190112;  273;  102;  105;  130;   11;   80;    4
  225;20190113;  286;  118;  123;  160;   15;   70;    1
  225;20190114;  323;   96;  100;  140;    1;   60;   23
  225;20190115;  247;  104;  105;  120;    9;   80;    1
  225;20190116;  223;  122;  131;  160;   10;   60;   23
  225;20190117;  310;   90;  110;  130;   10;   80;   24
  225;20190118;  163;   32;   43;   70;   13;   20;    3
  225;20190119;  125;   37;   40;   50;   15;   30;    5
  225;20190120;   91;   29;   30;   50;    6;   20;   11
  225;20190121;  216;   41;   47;   80;   19;   10;    1
  225;20190122;  168;   71;   72;   90;    9;   50;   22
  225;20190123;   87;   28;   39;   50;    1;   20;   23
  225;20190124;  117;   27;   28;   50;   22;   10;    1
  225;20190125;  220;   45;   75;  140;   16;   30;    4
  225;20190126;  227;  102;  111;  150;   24;   90;    1
  225;20190127;  259;  104;  125;  170;   19;   60;    9
  225;20190128;  331;  118;  120;  180;    6;   70;   22
  225;20190129;  208;   53;   71;  110;   10;   40;   17
  225;20190130;  267;   16;   45;  140;   20;   20;    8
  225;20190131;  163;   40;   58;   80;    2;   40;    6
  225;20190201;   81;   59;   61;   90;    1;   40;   13
  225;20190202;   21;   50;   52;   70;    4;   30;   21
  225;20190203;  281;   33;   60;  110;   22;   30;    8
  225;20190204;  200;  118;  122;  150;   12;   90;    1
  225;20190205;  204;   69;   73;  100;    7;   40;   18
  225;20190206;  194;   71;   74;  100;    9;   40;   20
  225;20190207;  219;  124;  131;  170;   13;   70;    1
  225;20190208;  198;  145;  147;  170;   16;  120;    1
  225;20190209;  220;  150;  151;  180;   10;  110;   24
  225;20190210;  299;   38;   75;  150;   19;   30;    9
  225;20190211;  310;   77;   81;  120;    2;   50;   18
  225;20190212;  232;   77;   80;  110;   20;   50;    4
  225;20190213;  211;   80;   82;  100;    3;   60;   21
  225;20190214;  181;   34;   40;   70;    1;   10;   16
  225;20190215;  157;   48;   49;   70;   23;   40;    1
  225;20190216;  197;   62;   64;   80;   11;   40;   19
  225;20190217;  168;   56;   60;   80;    8;   50;    1
  225;20190218;  209;   53;   60;   80;   12;   40;    4
  225;20190219;  232;   82;   82;   90;    4;   70;    1
  225;20190220;  213;   86;   87;  100;   11;   80;    1
  225;20190221;  219;   71;   71;  100;    6;   30;   21
  225;20190222;  172;   15;   29;   40;    1;   10;   13
  225;20190223;  123;   33;   35;   50;    9;   30;    1
  225;20190224;   96;   17;   27;   50;   19;   10;   10
  225;20190225;   95;   26;   34;   50;    3;   20;   20
  225;20190226;   85;   20;   29;   50;   17;   10;   11
  225;20190227;  192;   36;   41;   50;    4;   30;    1
  225;20190228;  217;   55;   59;  100;   13;   20;    4
  225;20190301;  329;   39;   51;   90;    6;   20;   18
  225;20190302;  203;   73;   78;  150;   22;   30;    1
  225;20190303;  212;  138;  140;  160;    2;   70;   10
  225;20190304;  244;  136;  140;  170;   13;  110;    4
  225;20190305;  232;   91;  102;  140;    1;   60;   24
  225;20190306;  174;   81;   83;  110;   12;   60;    1
  225;20190307;  230;  129;  139;  200;   19;   40;    4
  225;20190308;  250;   96;  114;  170;    1;   70;   12
  225;20190309;  256;  119;  126;  170;   15;   80;   19
  225;20190310;  279;   58;   92;  170;   21;   20;    6
  225;20190311;  283;  130;  138;  170;    1;   50;   22
  225;20190312;  211;  122;  141;  170;   10;   70;    1
  225;20190313;  257;  140;  149;  180;    7;  100;   20
  225;20190314;  260;  121;  133;  180;   12;  100;   23
  225;20190315;  254;  103;  109;  160;   10;   70;    6
  225;20190316;  221;  143;  146;  190;   14;   50;    3
  225;20190317;  260;  114;  120;  180;    1;   90;    5
  225;20190318;  300;   78;   80;  120;    3;   20;   24
  225;20190319;  200;   37;   40;   60;   24;   10;    2
  225;20190320;  217;   69;   70;   90;    3;   60;   11
  225;20190321;  221;   49;   50;   80;    7;   20;   19
  225;20190322;  226;   28;   38;   70;   21;   20;    1
  225;20190323;  347;   35;   55;   80;   14;   40;    3
  225;20190324;  272;   40;   54;  130;   24;   10;    6
  225;20190325;  331;  119;  125;  160;    7;   80;   24
  225;20190326;  303;   57;   61;   80;    5;   40;   22
  225;20190327;  266;   33;   34;   40;    1;   30;    2
  225;20190328;  326;   21;   27;   40;    2;   10;   19
  225;20190329;   19;    4;   27;   40;   16;   20;    1
  225;20190330;   37;    5;   29;   50;   23;   10;    8
  225;20190331;   52;   78;   80;  110;   21;   50;    5
  225;20190401;   82;   63;   63;   90;    1;   30;   20
  225;20190402;  191;   47;   60;   90;   20;   30;   16
  225;20190403;  172;   31;   43;   90;    1;   20;   16
  225;20190404;  132;   32;   35;   40;    1;   30;    6
  225;20190405;   78;   41;   45;   70;   18;   20;    4
  225;20190406;   72;   55;   57;   80;    7;   40;   22
  225;20190407;   73;   59;   61;   80;   16;   40;    1
  225;20190408;   74;   72;   73;  100;   20;   50;    9
  225;20190409;   65;  102;  103;  130;    9;   80;    4
  225;20190410;   49;   88;   89;  120;   17;   60;   24
  225;20190411;   45;   68;   70;  100;   18;   50;   12
  225;20190412;   61;   61;   63;   80;   22;   50;    5
  225;20190413;   43;   65;   66;   90;   17;   50;    3
  225;20190414;   68;   63;   65;   80;    9;   50;    1
  225;20190415;   89;   69;   70;   90;   15;   40;    4
  225;20190416;   80;   86;   87;  120;    7;   40;   24
  225;20190417;   98;   32;   36;   60;   11;   10;   19
  225;20190418;   79;   77;   78;   90;   12;   60;    1
  225;20190419;   72;   70;   73;   90;    1;   60;   10
  225;20190420;   73;   73;   75;   90;   17;   50;    9
  225;20190421;   78;   54;   56;   80;    1;   30;   15
  225;20190422;   90;   68;   69;   90;   17;   40;    1
  225;20190423;   88;   80;   80;  110;   11;   40;   19
  225;20190424;  168;   58;   67;  100;   13;   40;    2
  225;20190425;  158;   54;   58;   90;   15;   30;   21
  225;20190426;  208;   53;   57;   80;   24;   40;    1
  225;20190427;  225;  107;  115;  140;    9;   70;    3
  225;20190428;  254;   11;   45;  100;    1;   20;   12
  225;20190429;   16;   50;   56;   80;   15;   20;    4
  225;20190430;    5;   47;   49;   60;    1;   30;   20
  225;20190501;  290;   23;   28;   60;   24;   10;    4
  225;20190502;  305;   57;   67;   90;   17;   40;    5
  225;20190503;  324;   67;   72;   90;   19;   50;    9
  225;20190504;  350;   98;  103;  120;    6;   40;   24
  225;20190505;  342;   79;   87;  110;    2;   60;   21
  225;20190506;  289;   46;   55;   80;    1;   30;   16
  225;20190507;  189;   27;   36;   70;   15;   10;   20
  225;20190508;  172;   48;   68;  100;   17;   40;    1
  225;20190509;  232;   41;   62;   90;   12;   30;   21
  225;20190510;  342;   36;   51;   80;    4;   30;   12
  225;20190511;   19;   68;   82;  110;   13;   50;   21
  225;20190512;  355;   68;   72;   90;   14;   50;   24
  225;20190513;   16;   48;   57;   90;   13;   30;    3
  225;20190514;   51;   61;   65;   90;   22;   50;    2
  225;20190515;   71;   66;   68;   90;   19;   50;    4
  225;20190516;   66;   82;   84;  110;   10;   60;    7
  225;20190517;   89;   53;   55;   70;    1;   20;   20
  225;20190518;  352;   29;   37;   60;   14;   10;    3
  225;20190519;    4;   83;   84;  110;   16;   60;    1
  225;20190520;  337;   74;   76;   90;   15;   50;    3
  225;20190521;  323;   90;   91;  110;   15;   60;   24
  225;20190522;  266;   28;   42;   70;    1;   20;   22
  225;20190523;  202;   38;   43;   70;    7;   10;   19
  225;20190524;  296;   27;   45;   60;    4;   20;   23
  225;20190525;  315;   24;   34;   60;   24;   10;   19
  225;20190526;  225;  102;  104;  150;   18;   50;    1
  225;20190527;  257;   66;   70;  100;   10;   10;   22
  225;20190528;   29;   57;   65;  100;   15;   30;    1
  225;20190529;  217;   36;   49;  120;   24;   10;    3
  225;20190530;  216;  105;  105;  130;    4;   90;   18
  225;20190531;  222;   75;   76;   90;    1;   60;   22
  225;20190601;  228;   20;   40;   70;    1;   10;   19
  225;20190602;  191;   51;   59;   80;   13;   40;    6
  225;20190603;  229;   60;   63;   90;    3;   40;    8
  225;20190604;  136;   26;   56;  110;   24;   20;   10
  225;20190605;  256;   32;   65;  110;    1;   30;   15
  225;20190606;  241;   53;   68;  110;    6;   20;   21
  225;20190607;  128;   54;   67;  110;   12;   40;    3
  225;20190608;  214;  161;  169;  200;   10;  110;    1
  225;20190609;  255;   24;   63;  100;    1;   30;   16
  225;20190610;   48;   63;   71;  110;   11;   20;   22
  225;20190611;  242;   53;   53;  110;    4;   10;   20
  225;20190612;   18;   21;   41;   90;   14;   10;    1
  225;20190613;  184;   73;   78;  110;    9;   40;    1
  225;20190614;  147;   14;   46;   60;    1;   20;   18
  225;20190615;  307;   24;   50;  100;    5;   20;   15
  225;20190616;  211;   62;   69;   90;   20;   40;    2
  225;20190617;  188;   15;   34;   70;   10;   10;   19
  225;20190618;   37;   23;   40;   80;   22;   10;    3
  225;20190619;  226;   26;   55;   90;   11;   30;    6
  225;20190620;  247;   51;   59;   90;    9;   30;    5
  225;20190621;  262;   41;   55;   80;    6;   30;   22
  225;20190622;   67;   53;   55;   90;   20;   30;    1
  225;20190623;   84;   60;   60;   90;    2;   40;   11
  225;20190624;  119;   21;   46;   60;    2;   30;   17
  225;20190625;   22;    4;   40;   70;    3;   20;   18
  225;20190626;    8;   79;   82;  110;   17;   50;    1
  225;20190627;   20;   75;   77;  100;   15;   60;   23
  225;20190628;   66;   57;   60;   80;   23;   50;    1
  225;20190629;  105;   24;   37;   60;    1;   10;   18
  225;20190630;  244;   55;   73;   90;    4;   40;   14
  225;20190701;  265;   78;   80;   90;    1;   60;   22
  225;20190702;  343;   51;   55;   70;    1;   30;    9
  225;20190703;    4;   59;   62;   80;   10;   40;   24
  225;20190704;  277;   27;   41;   80;   24;   20;    4
  225;20190705;  287;   45;   50;   90;    1;   20;   22
  225;20190706;  302;   49;   66;  100;    5;   40;    1
  225;20190707;  331;   64;   65;   80;    4;   50;   12
  225;20190708;  329;   80;   83;  100;    6;   60;   24
  225;20190709;  342;   40;   46;   60;    1;   30;   22
  225;20190710;  190;   45;   49;   80;   12;   20;    1
  225;20190711;  218;   28;   38;   60;    4;   20;    6
  225;20190712;  293;   55;   66;   90;   11;   30;    1
  225;20190713;  342;   66;   70;   80;   13;   50;    5
  225;20190714;  358;   70;   73;   90;    8;   50;   22
  225;20190715;  348;   49;   52;   70;   12;   30;    2
  225;20190716;  300;   21;   28;   40;    1;   10;   24
  225;20190717;  348;    5;   24;   40;   12;   10;    2
  225;20190718;  223;   55;   68;  100;   18;   30;    1
  225;20190719;  225;   32;   38;   70;   14;   20;    1
  225;20190720;  214;   69;   80;  130;   18;   10;    1
  225;20190721;  255;   58;   64;   90;    2;   40;   19
  225;20190722;  213;   74;   76;  120;    9;   30;   24
  225;20190723;   75;   17;   49;   80;   22;   30;    1
  225;20190724;  151;   21;   40;   70;    1;   10;   22
  225;20190725;   87;   42;   47;   70;   16;   10;    1
  225;20190726;   25;   23;   65;  110;   20;   10;   24
  225;20190727;  261;   21;   51;   90;   20;   20;    1
  225;20190728;  250;   53;   54;   90;   18;   20;    1
  225;20190729;  221;   28;   45;   70;    1;   10;   20
  225;20190730;  190;   21;   43;   80;   21;   10;   18
  225;20190731;  215;  107;  113;  140;   15;   60;    1
  225;20190801;  245;   84;   89;  100;    4;   70;    1
  225;20190802;  338;   69;   95;  120;   11;   60;   24
  225;20190803;  353;   40;   45;   80;    5;   20;   20
  225;20190804;   61;   11;   33;   50;   17;   10;    5
  225;20190805;  229;   72;   85;  120;   19;   20;    1
  225;20190806;  230;   95;   96;  120;   24;   80;   10
  225;20190807;  236;  110;  111;  120;    1;   90;    6
  225;20190808;  245;   59;   68;  110;    1;   10;   20
  225;20190809;  156;   50;   65;  100;   24;   40;    1
  225;20190810;  220;  179;  181;  220;   15;  120;    1
  225;20190811;  228;  138;  140;  170;    1;  120;   24
  225;20190812;  258;   45;   58;  120;    1;   10;   22
  225;20190813;  263;   72;   76;  110;    5;   40;    1
  225;20190814;  190;   71;   78;  100;   11;   50;   21
  225;20190815;  262;   94;  108;  120;    2;   80;   24
  225;20190816;  219;   65;   75;  100;   11;   50;    4
  225;20190817;  218;  109;  112;  140;    3;   90;    1
  225;20190818;  225;   95;   99;  130;   20;   70;    4
  225;20190819;  239;  114;  116;  130;    5;   80;   22
  225;20190820;  258;   72;   74;  100;    1;   40;   24
  225;20190821;  214;   27;   37;   60;   10;   10;   18
  225;20190822;  214;   50;   58;   80;   15;   20;    1
  225;20190823;  152;    8;   43;   70;   22;   30;    7
  225;20190824;   83;   35;   39;   70;    5;   10;   19
  225;20190825;   65;   34;   41;   50;    1;   30;    5
  225;20190826;   72;   38;   43;   60;   18;   30;    3
  225;20190827;   58;   20;   34;   50;    1;   20;    8
  225;20190828;  219;   50;   54;  100;    9;   30;    6
  225;20190829;  244;   60;   65;   90;    5;   40;   24
  225;20190830;  202;   54;   60;   90;   10;   30;   21
  225;20190831;  239;   20;   44;   90;   22;   20;   13
  225;20190901;  287;   67;   72;  100;   19;   30;   20
  225;20190902;  256;   79;   88;  130;   23;   60;   10
  225;20190903;  250;   86;   91;  120;    1;   70;   18
  225;20190904;  235;   87;  107;  150;   24;   70;    2
  225;20190905;  305;  104;  114;  150;    1;   60;   21
  225;20190906;  246;  104;  113;  150;   12;   40;   24
  225;20190907;  343;   65;   74;  120;   17;   20;   12
  225;20190908;    5;   38;   50;   80;    1;   10;   20
  225;20190909;  244;   29;   42;   60;    8;   10;   20
  225;20190910;  232;   24;   37;   60;   24;   10;    7
  225;20190911;  233;   93;  104;  160;   13;   40;    2
  225;20190912;  237;   75;   78;  130;   20;   30;    2
  225;20190913;  339;   44;   62;  110;    1;   30;   24
  225;20190914;  138;    8;   27;   50;   24;   10;   19
  225;20190915;  269;   50;   65;  100;    5;   10;   21
  225;20190916;  346;   33;   45;   70;   20;   20;   11
  225;20190917;  326;   87;   93;  120;   14;   70;    1
  225;20190918;    3;   56;   60;   80;   13;   30;   23
  225;20190919;   36;   13;   27;   40;    4;   10;    8
  225;20190920;  103;   42;   48;   70;   17;   30;    1
  225;20190921;   99;   59;   59;   90;   14;   40;    5
  225;20190922;  169;   34;   58;  100;   19;   30;   17
  225;20190923;  199;   54;   62;   90;   12;   40;    5
  225;20190924;  157;   65;   65;   90;   14;   50;    3
  225;20190925;  188;   70;   76;  120;   22;   50;    1
  225;20190926;  207;  102;  108;  140;   16;   70;    7
  225;20190927;  219;  126;  133;  180;   19;  100;    6
  225;20190928;  238;  136;  138;  160;   14;  110;    3
  225;20190929;  225;  105;  131;  170;   24;   80;    2
  225;20190930;  277;   68;   93;  140;    1;   60;   21
  225;20191001;  263;   28;   93;  150;    3;   50;   14
  225;20191002;  325;   98;  106;  140;   16;   60;    2
  225;20191003;  290;   43;   65;   80;    1;   50;   16
  225;20191004;   67;   20;   64;  140;   13;   40;   11
  225;20191005;   93;   38;   41;   50;    1;   20;   19
  225;20191006;   95;   88;   91;  140;   18;   50;    1
  225;20191007;  138;   52;   70;  110;    1;   40;   10
  225;20191008;  247;  109;  113;  150;   21;   90;    4
  225;20191009;  242;  104;  114;  150;   12;   70;   19
  225;20191010;  244;  120;  127;  160;   21;   90;    1
  225;20191011;  215;  158;  160;  180;    2;  110;   24
  225;20191012;  230;   42;   59;  100;    1;   20;   21
  225;20191013;  204;   63;   87;  140;   17;   30;    6
  225;20191014;  110;   26;   59;  110;   14;   30;    6
  225;20191015;  208;   73;   74;   90;    2;   40;   18
  225;20191016;  188;   63;   72;   90;   13;   40;   24
  225;20191017;  201;   44;   60;   90;   12;   30;    3
  225;20191018;  199;  107;  117;  180;   12;   50;    6
  225;20191019;  196;   82;   85;  120;   16;   30;   23
  225;20191020;   69;   11;   44;   80;    1;   10;   11
  225;20191021;  108;   25;   61;   90;    5;   30;   12
  225;20191022;  202;   16;   38;   70;    5;   10;    8
  225;20191023;   96;   40;   44;   80;   16;   20;    5
  225;20191024;  211;   68;   79;  150;   19;   30;    1
  225;20191025;  207;  117;  123;  170;   23;   90;   15
  225;20191026;  218;  133;  150;  180;    3;  110;   22
  225;20191027;  292;   95;   97;  120;    4;   80;   24
  225;20191028;  345;   45;   55;   80;    1;   30;   20
  225;20191029;   71;   46;   48;   70;   18;   30;    6
  225;20191030;   86;   59;   59;   70;   13;   50;    1
  225;20191031;   93;   54;   55;   70;    7;   30;   21
  225;20191101;  158;   53;   57;   90;   22;   40;    1
  225;20191102;  199;  125;  129;  170;   20;   90;    1
  225;20191103;  168;   43;   47;  120;    1;   10;   17
  225;20191104;  169;   49;   52;   70;    5;   30;   20
  225;20191105;  200;   22;   48;   60;   11;   20;    7
  225;20191106;   47;   25;   37;   50;    1;   20;   11
  225;20191107;  168;   50;   67;  130;   18;   30;    1
  225;20191108;  178;   56;   60;   70;    1;   50;    5
  225;20191109;  237;   93;  105;  170;   12;   50;   24
  225;20191110;  186;   43;   46;   60;   20;   30;    3
  225;20191111;  213;   67;   98;  140;   17;   50;    1
  225;20191112;  197;  102;  113;  140;    6;   80;    7
  225;20191113;  259;   49;   74;  110;    1;   30;   19
  225;20191114;  111;   48;   51;   80;   23;   20;   17
  225;20191115;   70;   69;   72;  110;    6;   20;   23
  225;20191116;  184;   52;   55;   80;   13;   20;    1
  225;20191117;  109;   21;   40;   60;    1;    0;   12
  225;20191118;  345;   68;   78;  140;   18;   40;    2
  225;20191119;  300;   40;   65;  130;    1;   30;   20
  225;20191120;  121;   35;   41;   70;   20;   30;    4
  225;20191121;  100;   56;   58;   80;    3;   30;   17
  225;20191122;  131;   53;   57;   70;   11;   40;    4
  225;20191123;   90;   84;   85;  110;    9;   60;   14
  225;20191124;  151;   25;   38;   60;    1;   20;    8
  225;20191125;  137;   43;   43;   60;   20;   30;    1
  225;20191126;  164;   61;   62;   80;   15;   50;    1
  225;20191127;  180;   64;   79;  140;   24;   50;    1
  225;20191128;  281;   79;  108;  150;    2;   80;   14
  225;20191129;  332;   78;   80;  100;    5;   40;   24
  225;20191130;  101;    9;   25;   40;    1;   10;   15
  225;20191201;   59;   29;   35;   50;    8;   30;    1
  225;20191202;  323;   73;   77;   90;    4;   30;    1
  225;20191203;  223;   72;   78;  100;   17;   50;    5
  225;20191204;  185;   45;   50;   70;    1;   20;   16
  225;20191205;  207;   92;   95;  170;   24;   20;    1
  225;20191206;  219;  146;  158;  180;   13;  120;   21
  225;20191207;  249;   96;  105;  150;   24;   80;   10
  225;20191208;  229;  157;  163;  190;    3;  140;   11
  225;20191209;  309;   71;  120;  160;   14;   70;    7
  225;20191210;  198;   96;  114;  170;   24;   40;    3
  225;20191211;  214;   68;   80;  170;    1;   50;   19
  225;20191212;  187;   66;   91;  120;   24;   70;   15
  225;20191213;  219;   50;   80;  140;   22;   10;   12
  225;20191214;  251;  130;  140;  180;   10;   80;   23
  225;20191215;  225;  130;  143;  190;    7;   90;    1
  225;20191216;  176;   57;   63;   90;    4;   20;   21
  225;20191217;  206;   33;   70;  110;   15;   30;    5
  225;20191218;  183;   55;   67;   90;    6;   40;   15
  225;20191219;  150;   75;   76;   90;    5;   60;   15
  225;20191220;  186;   90;  104;  150;   22;   60;    3
  225;20191221;  170;   72;   77;  110;    1;   60;    6
  225;20191222;  233;   41;   75;  120;   16;   40;    9
  225;20191223;  257;   87;   88;  110;   14;   70;    1
  225;20191224;  235;   68;   85;  140;   14;   40;    9
  225;20191225;  306;   54;   59;  100;    3;   10;   23
  225;20191226;  139;   38;   43;   70;   21;   20;    6
  225;20191227;   86;   62;   63;   80;    1;   30;   24
  225;20191228;  141;   34;   35;   50;   19;   20;    7
  225;20191229;  176;   57;   58;   80;   23;   40;    4
  225;20191230;  218;   87;   93;  110;    5;   50;   24
  225;20191231;   42;   19;   35;   50;    1;   10;   15
  225;20200101;  177;   39;   45;   80;   24;   30;    2
  225;20200102;  187;   80;   81;  130;   24;   60;    2
  225;20200103;  254;   68;  109;  140;   10;   80;   19
  225;20200104;  282;   91;   93;  130;    9;   30;   22
  225;20200105;  229;   65;   67;   90;   22;   40;    1
  225;20200106;  207;   91;   95;  120;    9;   70;   15
  225;20200107;  210;   85;   94;  130;   21;   50;    8
  225;20200108;  218;   76;   79;  150;    1;   30;   19
  225;20200109;  199;   99;  102;  150;   10;   30;    1
  225;20200110;  293;   45;   68;  110;    1;   30;   20
  225;20200111;  208;  133;  134;  160;   20;   80;    1
  225;20200112;  222;  115;  122;  170;   11;   40;   22
  225;20200113;  186;   96;   99;  160;   24;   60;    1
  225;20200114;  200;  150;  151;  190;   20;  110;   10
  225;20200115;  211;  131;  138;  180;    1;   80;   16
  225;20200116;  172;   74;   80;  100;    2;   60;    8
  225;20200117;  218;   81;  100;  150;   19;   60;    4
  225;20200118;  287;   82;   95;  110;    1;   60;   15
  225;20200119;  356;   74;   77;  110;    2;   40;   23
  225;20200120;  237;   38;   43;   60;   12;   20;    2
  225;20200121;  212;   59;   66;   80;    6;   40;   22
  225;20200122;  283;   19;   24;   40;    1;   10;   14
  225;20200123;  171;   22;   24;   30;    2;   10;    9
  225;20200124;  190;   52;   55;   80;   18;   30;    1
  225;20200125;  168;   49;   50;   70;    1;   40;    4
  225;20200126;  178;   61;   65;  110;   24;   40;    1
  225;20200127;  201;   87;   92;  120;    1;   50;   18
  225;20200128;  254;  126;  134;  170;   11;   60;    5
  225;20200129;  261;  123;  129;  150;    8;  100;   18
  225;20200130;  216;  110;  113;  140;   19;   70;   15
  225;20200131;  219;  122;  124;  150;   20;   70;    6
  225;20200201;  229;  122;  125;  140;    1;  110;    5
  225;20200202;  237;   72;   81;  130;   15;   20;   10
  225;20200203;  251;   96;  103;  130;    1;   50;   21
  225;20200204;  299;  100;  115;  160;    8;   50;   18
  225;20200205;  294;   31;   45;   70;    1;   20;    6
  225;20200206;  264;   32;   38;   70;    5;   20;   15
  225;20200207;  136;   49;   50;   80;   23;   20;    2
  225;20200208;  187;   75;   79;  100;   13;   70;    1
  225;20200209;  208;  186;  193;  250;   14;  120;    1
  225;20200210;  254;  170;  175;  200;    8;  120;   21
  225;20200211;  263;  194;  195;  210;    1;  180;   15
  225;20200212;  260;  136;  139;  190;    1;   70;   23
  225;20200213;  200;   62;   85;  130;   13;   60;    3
  225;20200214;  231;   50;   81;  120;   21;   20;   10
  225;20200215;  193;  134;  135;  210;   22;  100;    2
  225;20200216;  214;  152;  161;  210;    7;   90;   15
  225;20200217;  228;  146;  150;  190;    1;  110;   21
  225;20200218;  241;  134;  140;  160;   19;  120;   24
  225;20200219;  258;  105;  122;  140;    3;  100;   18
  225;20200220;  228;  123;  152;  170;   22;  130;   19
  225;20200221;  237;  131;  141;  160;   19;  100;   10
  225;20200222;  228;  152;  155;  200;    9;  100;   21
  225;20200223;  266;  114;  130;  200;   10;   60;    7
  225;20200224;  225;  101;  117;  190;   14;   40;    5
  225;20200225;  254;  108;  114;  150;    5;   40;   23
  225;20200226;  300;   92;   97;  120;   13;   40;    1
  225;20200227;  282;   37;   78;  130;   19;   20;   14
  225;20200228;  211;   85;  110;  150;   22;   70;    8
  225;20200229;  209;  147;  156;  190;   19;  130;    8
  225;20200301;  212;  148;  149;  190;    1;   80;   24
  225;20200302;  224;   28;   64;  100;    3;   40;    9
  225;20200303;  235;   69;   73;  100;   10;   40;   19
  225;20200304;  251;   34;   47;   70;    5;   10;   19
  225;20200305;   74;   69;   74;  110;   17;   20;    2
  225;20200306;  358;   75;   78;  100;    6;   70;    3
  225;20200307;  227;   77;   93;  130;   20;   50;    8
  225;20200308;  207;  128;  130;  160;    8;  100;   24
  225;20200309;  235;   90;   97;  160;   24;   70;    8
  225;20200310;  226;  132;  137;  170;    3;   70;   24
  225;20200311;  225;   94;   96;  160;   24;   40;    3
  225;20200312;  242;  153;  158;  190;    7;  130;   14
  225;20200313;  270;   78;   93;  170;    4;   20;   20
  225;20200314;  166;   61;   66;  100;   18;   20;    1
  225;20200315;  198;   93;   95;  130;   12;   60;   24
  225;20200316;  260;   37;   40;   70;   23;   20;    2
  225;20200317;  214;  103;  103;  120;   11;   70;    1
  225;20200318;  221;   91;   93;  120;    1;   30;   24
  225;20200319;   43;   53;   58;   70;   19;   40;    1
  225;20200320;   44;   79;   79;  100;   17;   60;    2
  225;20200321;   78;  104;  105;  130;   14;   90;    1
  225;20200322;   90;   85;   86;  100;    8;   70;    4
  225;20200323;  120;   61;   61;   70;    4;   40;   19
  225;20200324;  138;   47;   48;   70;   12;   30;   20
  225;20200325;   92;   52;   56;   80;   16;   30;    2
  225;20200326;   77;   73;   73;  110;   16;   40;    2
  225;20200327;   50;   89;   90;  110;   14;   60;    1
  225;20200328;   26;  108;  112;  150;   24;   90;    1
  225;20200329;   30;  124;  125;  170;   12;   40;   24
  225;20200330;  357;   56;   62;   90;   16;   30;    2
  225;20200331;   49;   56;   63;   90;   16;   40;   14
  225;20200401;  272;   26;   30;   50;   11;   10;    2
  225;20200402;  244;   79;   82;  110;   17;   50;    1
  225;20200403;  289;   32;   43;   90;   14;   10;    4
  225;20200404;  179;   31;   44;   60;    5;   20;   18
  225;20200405;  135;   57;   58;   90;   12;   40;    1
  225;20200406;  202;   52;   65;  100;   14;   30;   21
  225;20200407;   86;   36;   45;   80;   17;   10;    5
  225;20200408;   43;   34;   44;   60;   14;   20;    9
  225;20200409;   40;   42;   51;   80;   21;   20;    9
  225;20200410;   84;   61;   61;   70;    1;   50;   11
  225;20200411;   60;   16;   31;   60;    1;   10;   21
  225;20200412;  240;    6;   38;   90;   24;   10;   16
  225;20200413;   20;  105;  108;  120;    3;   70;   24
  225;20200414;    1;   44;   50;   80;    1;   20;   22
  225;20200415;  250;    3;   35;   50;    8;   10;    1
  225;20200416;   74;   69;   70;  110;   20;   30;   16
  225;20200417;   61;   83;   85;  100;    8;   70;    3
  225;20200418;   53;   53;   61;  100;    1;   30;   13
  225;20200419;   66;   95;   96;  110;    7;   70;    2
  225;20200420;   78;  115;  115;  150;   15;   90;    3
  225;20200421;   80;  113;  114;  150;   13;   80;   23
  225;20200422;   80;   93;   94;  130;   11;   50;   24
  225;20200423;   59;   43;   51;   80;    3;   30;   20
  225;20200424;    6;   60;   62;   80;   17;   40;    1
  225;20200425;   10;   49;   54;   70;    1;   40;    4
  225;20200426;  314;   11;   24;   40;    1;   10;    7
  225;20200427;  269;    8;   44;   80;   20;   30;    1
  225;20200428;   50;   70;   71;   80;    6;   50;    1
  225;20200429;  204;   25;   47;  110;   22;   10;    8
  225;20200430;  213;   80;   89;  140;   23;   30;   16
  225;20200501;  241;  101;  108;  140;    1;   80;   19
  225;20200502;  274;   79;   81;  100;    3;   40;   19
  225;20200503;   11;   24;   41;   70;   22;   20;    7
  225;20200504;   43;   61;   68;   90;   15;   40;   11
  225;20200505;   53;   62;   67;  100;   19;   50;    1
  225;20200506;   38;   46;   59;   80;   13;   30;   10
  225;20200507;   41;   15;   28;   50;   15;   10;    8
  225;20200508;  327;    8;   30;   40;   10;   20;    1
  225;20200509;   56;   43;   51;   80;   21;   30;    4
  225;20200510;   28;   94;  101;  160;   16;   30;    8
  225;20200511;   22;  114;  116;  140;    6;   60;   23
  225;20200512;  292;   57;   67;   80;    1;   40;    6
  225;20200513;    5;   69;   88;  110;   14;   50;   24
  225;20200514;   16;   64;   68;   90;   13;   50;    1
  225;20200515;  294;   25;   43;   60;   13;   20;    7
  225;20200516;  261;   62;   67;   80;    4;   50;   17
  225;20200517;  239;   51;   54;   70;    8;   30;   18
  225;20200518;  229;   60;   61;   80;    2;   30;   20
  225;20200519;  270;   25;   30;   50;    1;   10;   21
  225;20200520;   33;   13;   29;   50;   19;    0;    7
  225;20200521;   78;   10;   32;   40;    7;   20;    2
  225;20200522;  212;   92;   98;  130;   15;   40;    1
  225;20200523;  237;  120;  122;  140;   14;   90;    4
  225;20200524;  268;   99;  102;  130;    1;   70;   20
  225;20200525;  334;   42;   44;   80;    1;   10;   21
  225;20200526;  313;   14;   36;   50;   11;   10;    1
  225;20200527;   12;   62;   69;   90;   23;   40;    4
  225;20200528;   41;   65;   74;  100;   14;   50;   10
  225;20200529;   69;   63;   65;  110;   21;   40;   12
  225;20200530;   69;   71;   74;  110;   18;   50;    9
  225;20200531;   73;   82;   84;  110;   11;   60;    2
  225;20200601;   70;   61;   63;   80;    6;   40;   22
  225;20200602;  358;   25;   46;   60;    3;   20;    9
  225;20200603;  349;   70;   73;  120;   23;   40;    2
  225;20200604;  331;   88;   95;  110;    1;   80;    6
  225;20200605;  261;   72;   99;  130;   13;   60;    8
  225;20200606;  235;  138;  143;  170;   12;  110;    1
  225;20200607;  268;   95;   98;  130;    1;   70;   23
  225;20200608;  358;   70;   75;  110;   16;   30;    6
  225;20200609;    7;   48;   53;   70;   15;   40;    9
  225;20200610;   60;   35;   43;   70;   22;   20;    8
  225;20200611;   66;   61;   64;   80;    5;   40;   14
  225;20200612;   90;   39;   65;   80;    2;   30;   19
  225;20200613;   31;   26;   43;   70;   17;   20;    6
  225;20200614;  291;   18;   33;   60;   15;   20;    3
  225;20200615;  258;   22;   30;   50;    2;   10;   20
  225;20200616;   51;   16;   26;   50;   24;    0;    5
  225;20200617;   39;   48;   58;   80;   15;   40;    7
  225;20200618;  199;   15;   47;   90;    9;   10;   21
  225;20200619;  234;   48;   52;  100;   18;   10;    7
  225;20200620;  242;   42;   50;   90;    3;   10;   20
  225;20200621;  211;   55;   70;  100;   20;   40;    1
  225;20200622;  264;   31;   40;   70;    4;   20;   20
  225;20200623;  112;    3;   42;   60;   23;   30;   13
  225;20200624;   83;   58;   59;   80;   16;   40;    6
  225;20200625;   89;   62;   63;   80;    3;   50;    5
  225;20200626;  154;   33;   46;   70;   18;   20;   20
  225;20200627;  218;   74;   76;  140;   20;   30;    1
  225;20200628;  228;  146;  147;  160;   18;  130;    1
  225;20200629;  231;  146;  147;  170;   17;  120;    3
  225;20200630;  246;  116;  117;  150;    2;   60;   16
  225;20200701;  234;  102;  102;  120;   13;   80;    1
  225;20200702;  247;   86;   87;  100;    9;   50;   23
  225;20200703;  236;  108;  114;  170;   17;   40;    3
  225;20200704;  227;  162;  162;  180;   13;  150;   18
  225;20200705;  232;  158;  160;  190;    5;  140;   16
  225;20200706;  280;  114;  117;  170;    2;   50;   23
  225;20200707;  257;   45;   53;   80;    7;   10;   22
  225;20200708;   98;    8;   35;   60;    5;   20;    9
  225;20200709;  237;   89;   94;  130;   11;   20;    3
  225;20200710;  347;   55;   67;  100;    7;   30;   20
  225;20200711;  303;   40;   47;   70;   15;   20;    6
  225;20200712;  351;   28;   36;   50;   13;   20;    7
  225;20200713;  216;   34;   43;   70;   24;   20;    1
  225;20200714;  308;   35;   43;   60;   16;   20;    2
  225;20200715;  282;   36;   42;   60;    3;   20;    9
  225;20200716;  314;   53;   58;   80;   16;   40;    3
  225;20200717;  252;   22;   30;   50;   11;   10;   20
  225;20200718;  221;   29;   41;   70;   11;   10;   19
  225;20200719;  309;   24;   59;   90;   20;   30;    1
  225;20200720;  326;   56;   58;   70;    2;   50;    9
  225;20200721;  313;   52;   55;   70;   13;   30;    9
  225;20200722;  346;   25;   34;   50;    1;   10;   20
  225;20200723;  212;   72;   77;  100;    8;   30;    1
  225;20200724;  264;   49;   56;   90;    1;   30;   20
  225;20200725;  218;   98;  102;  120;   11;   70;    3
  225;20200726;  237;   99;  103;  120;    4;   80;   11
  225;20200727;  200;   69;   83;  150;   22;   50;    2
  225;20200728;  265;   98;  103;  130;    1;   70;   19
  225;20200729;  271;   65;   70;  120;    1;   10;   20
  225;20200730;  133;    7;   38;   50;    7;   30;    1
  225;20200731;  104;   51;   54;   70;   15;   30;    3
  225;20200801;  232;   48;   55;   80;    5;   40;    1
  225;20200802;  268;   42;   53;   70;    4;   30;   20
  225;20200803;  313;   17;   46;   70;   13;   20;    5
  225;20200804;  250;   26;   51;   90;   21;   20;   10
  225;20200805;  210;   66;   69;  120;    4;   20;   18
  225;20200806;  261;    3;   43;   70;   23;   30;   12
  225;20200807;   62;   23;   37;   60;    1;   20;    8
  225;20200808;   57;   26;   37;   60;   17;   10;    8
  225;20200809;   69;   68;   68;   90;   14;   40;    1
  225;20200810;   79;   64;   64;   90;    1;   50;    5
  225;20200811;   86;   48;   52;   80;    7;   10;   20
  225;20200812;   42;   26;   39;   70;   15;   10;    6
  225;20200813;   69;   21;   39;   50;    1;   20;    7
  225;20200814;  289;   21;   43;   80;   16;   20;    6
  225;20200815;  256;   11;   40;   50;    1;   30;   10
  225;20200816;   91;   29;   45;  120;   18;   20;    1
  225;20200817;  161;   11;   33;   90;   14;   20;    1
  225;20200818;  225;   58;   65;  100;   12;   40;    1
  225;20200819;  168;   52;   54;  100;   22;   30;   16
  225;20200820;  174;   40;   53;   90;    8;   20;   20
  225;20200821;  225;  102;  112;  150;   18;   30;    1
  225;20200822;  233;  145;  145;  160;   17;  130;    1
  225;20200823;  262;   99;  102;  130;    1;   50;   18
  225;20200824;  266;   71;   79;  110;   10;   20;   21
  225;20200825;  201;   97;  113;  230;   24;   40;    1
  225;20200826;  270;  158;  170;  230;    2;   50;   24
  225;20200827;  126;   21;   37;   60;   23;   10;    7
  225;20200828;  221;   72;   85;  150;    5;   40;   19
  225;20200829;  261;   65;   75;  110;    5;   20;   22
  225;20200830;   10;  109;  111;  150;    9;   50;   24
  225;20200831;   22;   46;   50;   70;    4;   30;   17
  225;20200901;   36;   14;   24;   40;    1;   10;    3
  225;20200902;  252;    6;   27;   50;   23;   10;    1
  225;20200903;  218;   94;  105;  150;   17;   50;    1
  225;20200904;  258;   75;   78;  100;   15;   60;    2
  225;20200905;  280;   84;   86;  100;    9;   60;   24
  225;20200906;  276;   67;   70;   90;    6;   40;   22
  225;20200907;  229;   83;   87;  120;   20;   40;    1
  225;20200908;  233;   81;   85;  110;    1;   60;   24
  225;20200909;  270;   57;   84;  100;    2;   60;   16
  225;20200910;  317;   27;   34;   70;    2;   10;   14
  225;20200911;  235;   51;   55;   90;   23;   20;    1
  225;20200912;  251;   83;   86;  120;    8;   60;   19
  225;20200913;  214;   81;   83;  110;    8;   30;   22
  225;20200914;   99;   28;   38;   70;   21;   20;    4
  225;20200915;   61;   15;   28;   40;    1;   10;    8
  225;20200916;   19;   72;   75;  100;   14;   50;    1
  225;20200917;   67;   75;   78;   90;    9;   50;    1
  225;20200918;   77;   85;   86;  110;   16;   60;    5
  225;20200919;   73;   82;   83;  100;    5;   70;    9
  225;20200920;   63;   71;   73;  100;    4;   50;   23
  225;20200921;   45;   34;   43;   70;    2;   10;   21
  225;20200922;  203;   26;   31;   70;   23;   10;    1
  225;20200923;  198;   82;   85;  120;   13;   50;    3
  225;20200924;  212;   91;  108;  170;    1;   30;   18
  225;20200925;  188;   68;   94;  160;   13;   20;   21
  225;20200926;    7;   77;   81;  180;   24;   10;    9
  225;20200927;   24;   67;   74;  180;    1;   10;   18
  225;20200928;  356;   37;   50;   80;    3;   20;   18
  225;20200929;  280;   25;   44;   80;    4;   20;   17
  225;20200930;  173;   52;   55;   80;    1;   40;   18
  225;20201001;  166;   52;   65;   90;   16;   50;    5
  225;20201002;   83;   82;   84;  120;   21;   40;    1
  225;20201003;  120;   48;   69;  120;    1;   30;   11
  225;20201004;  169;   78;   83;  150;   11;   30;    3
  225;20201005;  184;   73;   89;  120;   16;   70;    1
  225;20201006;  243;   87;  104;  150;    2;   50;   21
  225;20201007;  275;  106;  109;  130;    9;   90;    1
  225;20201008;  240;   74;  114;  180;   11;   60;   23
  225;20201009;  257;   66;   78;  120;   16;   30;    4
  225;20201010;  278;   76;   92;  140;    6;   20;   20
  225;20201011;  323;   87;   91;  110;   12;   70;    4
  225;20201012;  269;   30;   64;   90;    1;   40;    8
  225;20201013;  115;   48;   57;   70;   16;   40;    7
  225;20201014;   44;   68;   70;  100;   13;   50;    8
  225;20201015;   39;   59;   60;   80;   11;   40;   24
  225;20201016;   53;   33;   37;   60;    2;   10;   22
  225;20201017;  188;   15;   21;   30;    7;   10;   10
  225;20201018;  326;   42;   46;   60;    5;   20;   23
  225;20201019;  153;   33;   37;   50;   12;   10;    1
  225;20201020;  175;   66;   70;   90;   14;   40;    2
  225;20201021;  200;   89;  104;  190;   19;   50;    1
  225;20201022;  218;  105;  109;  130;    3;   40;   24
  225;20201023;  213;   67;   71;  120;   20;   20;    2
  225;20201024;  201;  112;  119;  160;   23;   90;    6
  225;20201025;  197;  102;  105;  160;    1;   60;   18
  225;20201026;  206;  105;  112;  150;   15;   70;    3
  225;20201027;  202;   99;  111;  150;   22;   80;    8
  225;20201028;  217;  119;  131;  160;   12;   90;    6
  225;20201029;  240;  107;  122;  140;    1;   90;   16
  225;20201030;  221;  114;  114;  140;    4;   80;   22
  225;20201031;  201;   80;   92;  140;   20;   50;    7
  225;20201101;  200;  110;  115;  170;   24;   70;    3
  225;20201102;  223;  148;  155;  180;    2;  120;   18
  225;20201103;  241;  109;  124;  170;   14;   70;    9
  225;20201104;  280;   61;   64;  120;    1;   10;   23
  225;20201105;  262;   35;   41;   60;   11;   30;    3
  225;20201106;  108;   34;   38;   60;   16;   20;    4
  225;20201107;  112;   34;   36;   50;    5;   20;   10
  225;20201108;  112;   36;   37;   50;    5;   20;   17
  225;20201109;  134;   32;   33;   50;    1;   20;    4
  225;20201110;  164;   17;   26;   40;   21;   20;    5
  225;20201111;  162;   45;   48;   70;   23;   30;    5
  225;20201112;  214;   69;   86;  110;    8;   50;   24
  225;20201113;  194;   58;   68;  110;   14;   30;   23
  225;20201114;  174;   70;   71;  110;   24;   40;    1
  225;20201115;  193;  117;  126;  180;   23;   90;    5
  225;20201116;  245;  122;  126;  170;    1;  110;   12
  225;20201117;  219;  123;  124;  140;    2;  110;   10
  225;20201118;  205;   99;  110;  160;   22;   80;    6
  225;20201119;  297;  100;  124;  170;    4;   80;   22
  225;20201120;  241;   56;   86;  110;   19;   40;   12
  225;20201121;  232;  123;  129;  150;    4;  110;    1
  225;20201122;  274;   87;   89;  120;    1;   80;    5
  225;20201123;  238;   60;   78;  100;    1;   60;    9
  225;20201124;  178;   63;   65;   80;    4;   40;   17
  225;20201125;  185;   62;   66;   90;   21;   50;    3
  225;20201126;  352;    7;   28;   80;    1;   10;   13
  225;20201127;   93;   32;   33;   60;   12;   20;    1
  225;20201128;   89;   66;   66;   90;   16;   40;    7
  225;20201129;  109;   36;   39;   60;    1;   20;   14
  225;20201130;  240;   51;   88;  140;   24;   40;    1
  225;20201201;  360;  105;  111;  160;    4;   30;   24
  225;20201202;  149;   29;   38;   80;   24;   10;   10
  225;20201203;  170;   65;   73;   90;    1;   60;    5
  225;20201204;  157;   81;   85;  130;   12;   40;   24
  225;20201205;  143;   34;   37;   60;   11;   20;   19
  225;20201206;   54;   33;   41;   60;   17;   30;    1
  225;20201207;  262;   38;   73;  110;    9;   40;   24
  225;20201208;  131;   25;   29;   40;    1;   10;   15
  225;20201209;  158;   47;   48;   60;   14;   30;    7
  225;20201210;  133;   47;   48;   60;   21;   40;   10
  225;20201211;  129;   61;   61;   80;    4;   40;   23
  225;20201212;   82;   15;   28;   40;    2;   10;   20
  225;20201213;  172;   56;   59;   90;   20;   20;    1
  225;20201214;  180;   81;   84;  120;   11;   50;   20
  225;20201215;  190;   60;   63;   70;    1;   50;   10
  225;20201216;  152;   55;   56;   80;   21;   40;    4
  225;20201217;  207;   97;   99;  120;   10;   60;    3
  225;20201218;  176;   81;   82;  110;    8;   60;   21
  225;20201219;  174;   84;   88;  100;   13;   70;   11
  225;20201220;  200;   90;   93;  130;   24;   50;    6
  225;20201221;  185;   83;   90;  130;   22;   50;    6
  225;20201222;  231;   55;   65;  130;    2;   20;   19
  225;20201223;  198;   32;   46;   70;   15;   20;    1
  225;20201224;   17;   84;   90;  140;   16;   40;    1
  225;20201225;  352;   65;   73;  100;    5;   40;    2
  225;20201226;  220;  131;  142;  200;   24;   80;    3
  225;20201227;  196;  133;  137;  220;    8;   40;   17
  225;20201228;  140;   32;   36;   50;    2;   10;   19
  225;20201229;  263;   23;   38;   70;   18;   10;    6
  225;20201230;  251;   60;   70;  110;   15;   20;    8
  225;20201231;  228;   10;   30;   60;    1;   10;   12
  225;20210101;  268;   30;   38;   50;    2;   10;   16
  225;20210102;  200;    8;   27;   60;   13;   10;    5
  225;20210103;   58;   65;   69;  100;   24;   50;    1
  225;20210104;   51;  100;  101;  120;    7;   80;   19
  225;20210105;   61;   85;   85;  100;    6;   70;   24
  225;20210106;   38;   44;   48;   90;    3;   20;   21
  225;20210107;  341;   75;   78;  110;   10;   10;    1
  225;20210108;    9;   25;   29;   40;    3;   20;   13
  225;20210109;  331;   48;   51;   80;   16;   10;    4
  225;20210110;  256;   74;   76;   90;   14;   60;    9
  225;20210111;  240;  121;  122;  140;   16;  100;    4
  225;20210112;  310;   81;   96;  130;    2;   80;    6
  225;20210113;  300;   88;   99;  130;    4;   30;   24
  225;20210114;   77;   57;   61;  100;   18;   30;    1
  225;20210115;   16;   14;   31;   70;    1;   10;   15
  225;20210116;  185;   72;   78;  120;   11;   20;    3
  225;20210117;  294;   56;   66;   80;    6;   40;    3
  225;20210118;  243;   87;   90;  130;   24;   60;    1
  225;20210119;  217;  138;  144;  170;    7;  100;   12
  225;20210120;  195;  144;  146;  170;    4;  110;   15
  225;20210121;  210;  139;  148;  200;    4;   30;   22
  225;20210122;  243;   91;   98;  120;    4;   50;   24
  225;20210123;  239;   43;   64;  120;    8;   40;   14
  225;20210124;  286;   16;   49;   70;    7;   30;   17
  225;20210125;  277;   61;   75;  150;   20;   10;    5
  225;20210126;  268;   66;   93;  140;    1;   60;   11
  225;20210127;  237;   57;   76;  120;    3;   20;   23
  225;20210128;   96;   46;   48;   80;   12;   10;    1
  225;20210129;  269;   56;   95;  150;   17;   40;    1
  225;20210130;   78;   85;   87;  110;   16;   60;    1
  225;20210131;   83;   70;   72;   90;   15;   40;    9
  225;20210201;   70;   37;   48;   80;    1;   20;   14
  225;20210202;  154;   37;   59;  100;   24;   30;    1
  225;20210203;  222;   69;   75;  130;    2;   40;   12
  225;20210204;  224;   23;   53;  100;    2;   20;   15
  225;20210205;  100;   38;   39;   60;    1;   20;   13
  225;20210206;   78;  117;  118;  170;   21;   60;    1
  225;20210207;   67;  150;  151;  160;    7;  140;    3
  225;20210208;   72;  115;  116;  150;    4;   70;   19
  225;20210209;   65;   71;   73;  100;    2;   60;    7
  225;20210210;   59;   52;   55;   70;    1;   40;   12
  225;20210211;  105;   29;   33;   50;   19;   20;   10
  225;20210212;   86;   80;   80;  120;   13;   30;    1
  225;20210213;  102;   53;   54;   70;    1;   40;    9
  225;20210214;  140;   71;   72;   90;    8;   50;    6
  225;20210215;  188;   78;   85;  120;   16;   70;    5
  225;20210216;  196;   81;   87;  100;   14;   60;    3
  225;20210217;  204;   97;  100;  110;    1;   80;   20
  225;20210218;  180;   76;   88;  110;   18;   70;    4
  225;20210219;  184;   77;   82;  100;    3;   60;   23
  225;20210220;  157;   78;   79;  100;   19;   60;    3
  225;20210221;  158;   43;   48;   70;    1;   20;   14
  225;20210222;  182;   57;   60;   80;   11;   20;   23
  225;20210223;  196;   72;   74;  120;   24;   40;    1
  225;20210224;  192;   89;   90;  120;    1;   50;   18
  225;20210225;  208;   41;   51;   90;    1;   10;   22
  225;20210226;  306;   35;   38;   60;    6;   20;    1
  225;20210227;  325;   12;   19;   40;   16;   10;    2
  225;20210228;   53;   27;   33;   60;   19;   10;    1
  225;20210301;   85;   70;   71;   80;    2;   60;    6
  225;20210302;   88;   50;   51;   80;    4;   20;   19
  225;20210303;  307;   25;   29;   40;    5;   20;    3
  225;20210304;   16;   53;   56;   90;   15;   30;    1
  225;20210305;   27;   49;   53;   70;   14;   40;   10
  225;20210306;   24;   25;   29;   50;   16;    0;    6
  225;20210307;  314;   38;   41;   60;   18;   10;    3
  225;20210308;  246;   59;   67;  100;   20;   20;    9
  225;20210309;  305;   35;   49;  100;    1;   10;   21
  225;20210310;  192;  105;  108;  170;   23;   30;    2
  225;20210311;  225;  155;  161;  220;   10;  120;   15
  225;20210312;  225;  129;  133;  180;   13;  110;   23
  225;20210313;  242;  139;  153;  190;    5;  110;   21
  225;20210314;  277;   87;   88;  120;    2;   60;   19
  225;20210315;  320;   94;   95;  110;   12;   70;    2
  225;20210316;  311;   37;   48;   70;    1;   10;   20
  225;20210317;    5;   70;   72;  100;   20;   30;   24
  225;20210318;  360;   50;   56;   90;   19;   20;    7
  225;20210319;   21;   62;   64;   80;   15;   50;    4
  225;20210320;  274;   31;   45;   70;   14;   10;    5
  225;20210321;  345;   78;   83;  110;   10;   60;    1
  225;20210322;  320;   23;   44;   70;    1;   20;   15
  225;20210323;  206;   50;   53;   80;   12;   30;    1
  225;20210324;  207;   54;   57;   70;    1;   30;   24
  225;20210325;  208;   64;   65;   90;   22;   40;    2
  225;20210326;  207;   84;   90;  120;   21;   70;    6
  225;20210327;  249;  110;  117;  140;    4;   80;   17
  225;20210328;  214;  138;  138;  160;   10;  120;    1
  225;20210329;  209;   95;   95;  140;    1;   50;   17
  225;20210330;  178;   14;   40;   60;    2;   10;   14
  225;20210331;  192;   13;   25;   50;   11;   10;   16
  225;20210401;   15;   67;   71;  110;   14;   30;    2
  225;20210402;    4;   84;   87;  110;   22;   60;    1
  225;20210403;    7;   86;   87;  110;    1;   60;   23
  225;20210404;  255;   51;   75;  130;   21;   40;    5
  225;20210405;  316;  142;  151;  180;   19;  120;    1
  225;20210406;  323;  120;  123;  150;    1;  100;   11
  225;20210407;  310;  133;  137;  180;    5;   90;   24
  225;20210408;  236;   91;  101;  130;   15;   70;    8
  225;20210409;  248;   48;   75;  120;    1;   30;   17
  225;20210410;   50;   83;   86;  110;   15;   40;    3
  225;20210411;  354;   75;   87;  130;    2;   50;   21
  225;20210412;  295;   71;   75;   90;   13;   50;    5
  225;20210413;  294;   42;   47;   70;    1;   30;   12
  225;20210414;   10;   54;   58;  100;   16;   20;    4
  225;20210415;   39;   53;   57;   70;    1;   30;    3
  225;20210416;   12;   57;   59;   90;   15;   40;    1
  225;20210417;    3;   65;   67;   90;   11;   40;    3
  225;20210418;  354;   32;   36;   50;   12;    0;    7
  225;20210419;   33;   33;   39;   60;   12;   10;   19
  225;20210420;   22;   26;   38;   50;   14;   20;    9
  225;20210421;   10;   76;   78;  110;   14;   30;    1
  225;20210422;    6;   55;   58;   70;    7;   30;   24
  225;20210423;  359;   37;   42;   60;   16;   10;    1
  225;20210424;   47;   53;   59;   80;   15;   40;    1
  225;20210425;   19;   68;   71;   90;   14;   50;   23
  225;20210426;   40;   54;   59;   90;   14;   40;    1
  225;20210427;   82;   62;   63;   90;   17;   40;    8
  225;20210428;   56;   72;   75;  100;   17;   60;    2
  225;20210429;  337;   86;   97;  130;    7;   50;    1
  225;20210430;  334;   44;   48;   70;    1;   30;    7
  225;20210501;  309;   52;   61;   80;   22;   40;    8
  225;20210502;  301;   57;   68;   80;    3;   50;   18
  225;20210503;  218;   96;   98;  160;   24;   60;   21
  225;20210504;  245;  156;  169;  200;    3;  130;   20
  225;20210505;  280;  110;  114;  150;    6;   50;   24
  225;20210506;  276;   42;   51;   80;   18;   40;    5
  225;20210507;  263;   50;   61;   90;   14;   40;    4
  225;20210508;  169;   64;   70;  110;   16;   40;    1
  225;20210509;  177;   47;   55;   80;    4;   10;   19
  225;20210510;  196;   45;   55;  110;    7;   20;   21
  225;20210511;   49;   14;   31;   60;   11;   10;   19
  225;20210512;  228;   26;   43;   70;    5;   10;   18
  225;20210513;   61;   40;   47;   70;   15;   10;   20
  225;20210514;    5;   38;   42;   60;   13;   20;   24
  225;20210515;  356;   15;   21;   40;   14;   10;    9
  225;20210516;  233;   51;   55;   90;    9;   20;   18
  225;20210517;  279;   21;   44;   70;   13;   20;    6
  225;20210518;  258;   38;   43;   70;   13;   20;    3
  225;20210519;  263;   42;   51;   70;    2;   30;   14
  225;20210520;  211;   54;   66;  130;   24;   30;    6
  225;20210521;  218;  185;  185;  210;   18;  140;    1
  225;20210522;  254;  106;  115;  200;    1;   40;   23
  225;20210523;  212;   56;   66;  120;   12;   30;    3
  225;20210524;  191;   56;   60;  110;    7;   10;   17
  225;20210525;  252;   82;   89;  110;   10;   60;    5
  225;20210526;  275;   87;   93;  130;   15;   60;    3
  225;20210527;  319;   81;   91;  110;    1;   50;   22
  225;20210528;   16;   28;   38;   60;   13;   10;    3
  225;20210529;   19;   49;   58;   90;   16;   20;    5
  225;20210530;   49;   51;   59;   80;   14;   30;    9
  225;20210531;   68;   50;   55;   80;    2;   40;    8
  225;20210601;   82;   62;   63;   90;   15;   40;    7
  225;20210602;   78;   66;   66;   80;    1;   50;   15
  225;20210603;  214;   43;   45;   60;    7;   30;    1
  225;20210604;  355;   30;   45;   80;   16;   10;    7
  225;20210605;  332;   63;   67;   80;   13;   50;    8
  225;20210606;  343;   48;   53;   70;   14;   30;   23
  225;20210607;    9;   40;   46;   80;   15;   20;    4
  225;20210608;   20;   19;   31;   50;   12;   10;   24
  225;20210609;  237;   19;   26;   50;   14;   10;    1
  225;20210610;  227;   36;   39;   50;    4;   10;   20
  225;20210611;  220;   66;   67;   90;   15;   40;    1
  225;20210612;  310;   54;   59;   80;   14;   30;   21
  225;20210613;  307;   16;   25;   40;    1;   10;    7
  225;20210614;  269;    8;   46;   60;    7;   30;    1
  225;20210615;   15;   50;   57;   70;   10;   40;   24
  225;20210616;   82;   21;   38;   50;    1;   20;   11
  225;20210617;  192;    8;   47;   90;    8;   10;   10
  225;20210618;   92;   35;   56;  110;   16;   30;    3
  225;20210619;  256;   31;   70;  110;    7;   30;   16
  225;20210620;   12;   51;   58;  110;    3;   20;    7
  225;20210621;   31;   73;   74;  100;   15;   50;   24
  225;20210622;   17;   77;   79;  110;   12;   50;    1
  225;20210623;   21;   55;   56;   70;    8;   40;   23
  225;20210624;  338;   26;   38;   50;   11;   20;   20
  225;20210625;  211;   56;   61;  110;   12;   20;   23
  225;20210626;   39;   33;   47;   90;   22;   20;    1
  225;20210627;   66;   70;   80;  110;   15;   30;   20
  225;20210628;   40;   33;   46;   80;    4;   30;   10
  225;20210629;   10;   65;   66;  100;   16;   20;    7
  225;20210630;  337;   65;   73;   90;   22;   50;    1
  225;20210701;  275;   75;   78;   90;    2;   50;   23
  225;20210702;  293;   25;   36;   60;    4;   10;   23
  225;20210703;  132;   19;   37;   70;   16;   20;   20
  225;20210704;  231;   27;   36;   50;    4;   10;   19
  225;20210705;  217;   57;   68;  100;    3;   20;   18
  225;20210706;  208;  120;  128;  180;   17;   50;    1
  225;20210707;  214;   68;   75;  110;    8;   40;   22
  225;20210708;  231;   32;   39;   50;    7;   10;   23
  225;20210709;  260;   23;   33;   60;   11;   10;   22
  225;20210710;  354;   15;   26;   40;   14;   10;    1
  225;20210711;   13;   10;   30;   60;   15;   10;    7
  225;20210712;   62;   36;   42;   70;   18;   20;    1
  225;20210713;  358;   75;   78;  100;   17;   40;    1
  225;20210714;  347;   98;   99;  120;   19;   80;    3
  225;20210715;  360;  117;  117;  130;    5;  100;   21
  225;20210716;  358;   79;   81;   90;    1;   60;   22
  225;20210717;  357;   56;   59;   80;   14;   20;   24
  225;20210718;  336;   27;   39;   60;   15;   30;    1
  225;20210719;   26;   42;   46;   80;   14;    0;    5
  225;20210720;   37;   25;   39;   60;   16;   20;    6
  225;20210721;    4;   17;   36;   50;   19;   20;    5
  225;20210722;   10;   61;   63;   80;   12;   40;    1
  225;20210723;   35;   51;   56;   70;   15;   40;    2
  225;20210724;   85;   37;   55;  100;    5;   20;   16
  225;20210725;  251;   11;   27;   50;    3;   10;   10
  225;20210726;  263;   17;   34;   60;   23;   10;    6
  225;20210727;  203;   53;   57;   80;   13;   40;   16
  225;20210728;  219;  118;  125;  180;   21;   60;    1
  225;20210729;  237;  130;  131;  150;    8;  100;   23
  225;20210730;  212;   87;   94;  160;   23;   40;    9
  225;20210731;  260;  104;  106;  150;    1;   50;   22
  225;20210801;  304;   49;   57;   70;    1;   40;    6
  225;20210802;  319;   44;   45;   70;    8;   20;   21
  225;20210803;   45;   29;   36;   60;   16;   10;    1
  225;20210804;   73;   31;   37;   60;   15;   20;   10
  225;20210805;   97;    7;   27;   50;   21;   10;    1
  225;20210806;  211;  107;  113;  150;   14;   40;    1
  225;20210807;  191;   65;   70;  130;    1;   40;   20
  225;20210808;  229;  144;  146;  170;   17;   70;    1
  225;20210809;  222;  111;  115;  140;   14;   90;    6
  225;20210810;  243;   72;   74;  100;    1;   50;   20
  225;20210811;  214;   47;   53;   80;   12;   20;   22
  225;20210812;  214;   47;   51;   70;    9;   40;    1
  225;20210813;  236;   89;   90;  110;   14;   40;    1
  225;20210814;  230;   76;   78;   90;    1;   60;   23
  225;20210815;  231;   81;   82;  120;   22;   50;    1
  225;20210816;  297;  118;  120;  140;   15;   80;    1
  225;20210817;  279;   88;   93;  120;    1;   70;   17
  225;20210818;  265;   78;   81;  100;   15;   60;    3
  225;20210819;  258;   68;   71;   90;    1;   60;    9
  225;20210820;  248;   52;   53;   80;    4;   20;   22
  225;20210821;  125;   19;   30;   50;   19;   10;   14
  225;20210822;  353;   55;   61;  120;   21;   10;    6
  225;20210823;   29;   77;   78;   90;    1;   60;   20
  225;20210824;   26;   57;   61;   80;   14;   40;    5
  225;20210825;  347;   58;   64;  110;   24;   30;    9
  225;20210826;  356;   79;   85;  110;    1;   50;   21
  225;20210827;    3;   88;   91;  120;   17;   50;    3
  225;20210828;   21;   91;   92;  110;   19;   70;    3
  225;20210829;    4;   88;   91;  120;   10;   60;   22
  225;20210830;   12;   83;   85;  110;   14;   50;   23
  225;20210831;   12;   69;   70;   90;   19;   50;    2
  225;20210901;   19;   45;   48;   70;    1;   30;    3
  225;20210902;   32;   39;   43;   60;   23;   30;    1
  225;20210903;   62;   56;   58;   90;   22;   40;   12
  225;20210904;   71;   65;   66;   90;   10;   50;    3
  225;20210905;   81;   51;   51;   70;   11;   40;   19
  225;20210906;   56;   11;   23;   40;    1;   10;    8
  225;20210907;  120;   12;   30;   40;    2;   20;    3
  225;20210908;   92;   45;   45;   70;   11;   30;    1
  225;20210909;  187;   27;   40;   80;   13;   20;    6
  225;20210910;  206;   50;   53;  100;   24;   20;    1
  225;20210911;  235;   86;   87;  100;    3;   70;   13
  225;20210912;  289;   41;   53;  100;    1;   30;    6
  225;20210913;   75;   39;   44;   60;   17;   20;    8
  225;20210914;   94;   52;   55;   80;    4;   20;   21
  225;20210915;  292;   52;   65;   90;   15;   30;    1
  225;20210916;  283;   58;   60;  100;    1;   30;   19
  225;20210917;  218;   24;   35;   60;   10;   10;   19
  225;20210918;   97;   30;   35;   60;   18;   10;   12
  225;20210919;   89;   55;   56;   70;   13;   40;    1
  225;20210920;   83;   49;   52;   70;    9;   20;   23
  225;20210921;  234;   38;   47;   70;   14;   20;    1
  225;20210922;  235;   80;   81;  100;   21;   50;    1
  225;20210923;  265;   89;   99;  130;    7;   40;   23
  225;20210924;  233;   91;   92;  130;   13;   40;    1
  225;20210925;  219;   34;   44;   80;    1;   10;   17
  225;20210926;  179;   28;   36;   50;   12;   20;    8
  225;20210927;  220;   63;   88;  140;   13;   40;    2
  225;20210928;  193;   59;   69;   90;    2;   40;   18
  225;20210929;  278;   78;  104;  160;   15;   40;    8
  225;20210930;  226;  112;  130;  160;   18;  100;    7
  225;20211001;  194;   88;   95;  130;    1;   30;   22
  225;20211002;  173;   65;   74;  160;   24;   30;    4
  225;20211003;  219;   98;  103;  160;   23;   10;   11
  225;20211004;  187;   90;   96;  150;    1;   50;   18
  225;20211005;  205;   68;   95;  150;   21;   50;    1
  225;20211006;  299;   83;   98;  150;    1;   50;   24
  225;20211007;  297;   14;   34;   70;    1;   10;    9
  225;20211008;   90;   39;   40;   60;   21;   20;    3
  225;20211009;   86;   39;   40;   60;    5;   10;   23
  225;20211010;  328;   26;   39;  100;   20;   10;    1
  225;20211011;  324;   83;   85;  100;   17;   70;    3
  225;20211012;  341;   77;   90;  120;    5;   60;   11
  225;20211013;  294;   57;   70;   90;   21;   50;    2
  225;20211014;  261;  100;  105;  130;   17;   50;    1
  225;20211015;  319;   65;   84;  140;    4;   20;   24
  225;20211016;  233;   60;   68;  110;   18;   10;    7
  225;20211017;  197;   74;   75;  100;    1;   50;   24
  225;20211018;  168;   58;   58;   70;   20;   50;   10
  225;20211019;  204;  104;  105;  150;   15;   70;    1
  225;20211020;  216;  131;  135;  180;    6;   30;   24
  225;20211021;  303;  121;  136;  180;    8;   50;    1
  225;20211022;  289;  123;  135;  180;    8;   80;   22
  225;20211023;  197;   29;   58;  100;    2;   20;    7
  225;20211024;  166;   53;   54;   70;   15;   40;    6
  225;20211025;  196;   74;   77;  110;   21;   50;    1
  225;20211026;  223;   95;  100;  130;   18;   60;    2
  225;20211027;  209;  108;  110;  130;    8;   70;   24
  225;20211028;  167;   69;   70;   90;   15;   50;   17
  225;20211029;  172;   85;   89;  130;   15;   60;   23
  225;20211030;  180;   59;   70;   90;   12;   30;    4
  225;20211031;  181;   74;   83;  140;   21;   50;    7
  225;20211101;  197;  120;  123;  170;   12;   60;   24
  225;20211102;  164;   35;   45;   60;    1;   30;   13
  225;20211103;  168;   16;   24;   40;    1;   10;   14
  225;20211104;  351;   54;   63;   90;   18;   20;    1
  225;20211105;  295;   64;   76;   90;   10;   60;    6
  225;20211106;  244;  127;  129;  170;   21;  100;    1
  225;20211107;  292;  123;  126;  150;    6;   80;   23
  225;20211108;  273;   47;   62;   80;    3;   30;   18
  225;20211109;  186;   73;   74;  100;   14;   60;    1
  225;20211110;  198;   57;   59;   80;   10;   30;   18
  225;20211111;  196;   51;   53;   70;    3;   40;    7
  225;20211112;  177;   70;   73;  130;   20;   40;    1
  225;20211113;  310;   29;   44;  100;    1;   20;    8
  225;20211114;   79;   51;   52;   70;    9;   30;    1
  225;20211115;   70;   44;   46;   60;   12;   30;   23
  225;20211116;  160;   30;   35;   80;   23;   20;    3
  225;20211117;  271;   74;   91;  110;    4;   70;    1
  225;20211118;  249;   95;   96;  120;   10;   70;   20
  225;20211119;  260;   73;   73;   90;    4;   60;   20
  225;20211120;  258;   80;   82;  110;   19;   50;    3
  225;20211121;    2;   76;   83;  110;    7;   50;   22
  225;20211122;   28;   40;   44;   60;    1;   20;   23
  225;20211123;  352;   35;   45;   70;    4;   10;   19
  225;20211124;  177;   46;   47;   70;   13;   20;    1
  225;20211125;  324;   64;   76;  110;    9;   30;    3
  225;20211126;  232;   62;   93;  150;    9;   20;   20
  225;20211127;  233;   28;   48;  110;   12;   10;   19
  225;20211128;   21;   48;   55;   90;   20;   20;   21
  225;20211129;  317;   88;  112;  150;   23;   80;    1
  225;20211130;  273;   83;  103;  160;    1;   20;   17
  225;20211201;  274;  116;  153;  200;    5;  110;   22
  225;20211202;  341;   49;   70;  130;    4;   10;   18
  225;20211203;  217;  118;  125;  180;   12;   40;    1
  225;20211204;  231;   50;   70;  110;   16;   40;    7
  225;20211205;  125;   32;   48;   70;    3;   20;   11
  225;20211206;  164;   40;   62;  120;   24;   20;    4
  225;20211207;  199;   43;   91;  130;    1;   60;    9
  225;20211208;  184;   96;   98;  130;    3;   50;   23
  225;20211209;  177;   72;   73;   90;   14;   60;    6
  225;20211210;  121;   32;   38;   70;    1;    0;   15
  225;20211211;  234;   36;   60;  130;    5;   10;    1
  225;20211212;  214;   89;   91;  130;    4;   60;   16
  225;20211213;  209;   83;   83;  100;    1;   70;   14
  225;20211214;  218;   79;   80;  100;    2;   60;   15
  225;20211215;  227;   66;   67;   90;    1;   50;   16
  225;20211216;  263;   25;   31;   60;    1;   10;   10
  225;20211217;   41;   22;   26;   50;   11;   10;    1
  225;20211218;  360;   20;   27;   40;    5;   10;   12
  225;20211219;  348;   64;   69;   80;   15;   50;    1
  225;20211220;   69;   27;   32;   50;    4;   10;   18
  225;20211221;  129;   27;   28;   40;    5;   20;    8
  225;20211222;  143;   35;   36;   50;   22;   30;    1
  225;20211223;  209;   77;   86;  140;   19;   50;    1
  225;20211224;  283;   27;   72;  100;    1;   30;   16
  225;20211225;   83;  104;  105;  130;    9;   80;   23
  225;20211226;   96;   68;   69;   90;    1;   50;   16
  225;20211227;  135;   45;   46;   70;   24;   30;    4
  225;20211228;  230;   51;   84;  130;   13;   50;    3
  225;20211229;  230;   58;   74;  110;   17;   40;    8
  225;20211230;  219;  119;  119;  150;   10;   90;    2
  225;20211231;  219;  115;  116;  150;    6;   70;   23
  225;20220101;  199;   87;   88;  100;   14;   70;    7
  242;20161231;  231;   88;   88;  100;   10;   80;    2
  242;20170101;  250;   39;   95;  120;    8;   50;   21
  242;20170102;  331;   90;   98;  110;    6;   80;   19
  242;20170103;  282;  119;  122;  140;   19;   90;    2
  242;20170104;  335;  137;  143;  180;   11;   80;   24
  242;20170105;   80;   43;   63;  110;    1;   40;    7
  242;20170106;  184;   72;   73;  100;   22;   50;    3
  242;20170107;  258;   31;   67;   90;    1;   40;   11
  242;20170108;  308;   19;   34;   50;    1;   20;    5
  242;20170109;  196;   77;   80;  120;   22;   50;    1
  242;20170110;  239;   45;   56;   80;    2;   40;   10
  242;20170111;  267;  130;  151;  180;   23;   80;    1
  242;20170112;  265;   86;  111;  170;    1;   30;   21
  242;20170113;  319;  122;  140;  190;   18;  100;    1
  242;20170114;  326;  121;  127;  160;    1;  100;   10
  242;20170115;  344;   34;   48;  110;    1;   10;   24
  242;20170116;  122;   18;   26;   40;   10;   10;    3
  242;20170117;  182;   35;   35;   50;   12;   20;    1
  242;20170118;  184;   41;   42;   60;    6;   30;   10
  242;20170119;  192;   30;   30;   40;    1;   10;   23
  242;20170120;  152;    9;   13;   30;    9;    0;    4
  242;20170121;  105;   40;   41;   60;   14;   20;    1
  242;20170122;  163;   20;   28;   40;    1;   10;   18
  242;20170123;  258;   27;   38;   50;    9;   20;   23
  242;20170124;  161;   25;   40;   60;   13;   10;    4
  242;20170125;  158;   49;   54;   80;   20;   30;    7
  242;20170126;  132;   72;   73;   90;   12;   50;   21
  242;20170127;  144;   68;   72;   90;    7;   50;   17
  242;20170128;  164;   65;   70;  100;   24;   40;   20
  242;20170129;  201;   68;   73;   90;    1;   60;   19
  242;20170130;   63;   44;   60;   80;    2;   40;   10
  242;20170131;  114;   38;   50;   90;   24;   20;    8
  242;20170201;  145;   99;  100;  130;   11;   80;    2
  242;20170202;  150;   79;   80;  100;   18;   60;    4
  242;20170203;  159;   51;   59;   80;    1;   40;   14
  242;20170204;  144;   29;   50;   90;    2;   20;   15
  242;20170205;   58;   12;   21;   50;    1;    0;   21
  242;20170206;   95;   46;   51;   90;   23;   20;    7
  242;20170207;   99;  103;  104;  110;   10;   80;    1
  242;20170208;   78;   96;   97;  120;    2;   70;   22
  242;20170209;   80;   77;   78;   90;   18;   60;    2
  242;20170210;   88;   72;   73;   90;    2;   60;   13
  242;20170211;   74;   87;   88;  120;   21;   60;    2
  242;20170212;   83;  112;  113;  130;    1;   90;   18
  242;20170213;   85;   97;   97;  120;   19;   70;   15
  242;20170214;  112;   63;   67;   90;    1;   40;   21
  242;20170215;  165;   49;   56;  100;   23;   40;    1
  242;20170216;  229;   87;   89;  110;    2;   80;    6
  242;20170217;  294;   58;   62;   90;    1;   20;   23
  242;20170218;  220;   65;   66;  110;   21;   20;    1
  242;20170219;  244;   72;   77;  100;    1;   50;   19
  242;20170220;  249;   97;  103;  120;   13;   80;    1
  242;20170221;  250;   77;   88;  140;   23;   60;   14
  242;20170222;  253;  103;  105;  150;    2;   70;   10
  242;20170223;  244;   93;  134;  190;   11;   40;    5
  242;20170224;  304;   72;   80;  150;    1;   40;   21
  242;20170225;  213;  118;  119;  170;   16;   60;    1
  242;20170226;  215;  133;  133;  160;   19;  100;    9
  242;20170227;  199;  115;  122;  150;    2;   90;   10
  242;20170228;  231;  104;  110;  130;    6;   80;   22
  242;20170301;  231;   64;   69;   90;   12;   30;    3
  242;20170302;  254;   91;   98;  130;    9;   70;    4
  242;20170303;  152;   56;   70;   80;    1;   50;    6
  242;20170304;  170;   48;   57;   80;    6;   30;   19
  242;20170305;  182;   81;   90;  120;   11;   60;    1
  242;20170306;   73;   15;   36;   60;    1;   10;   12
  242;20170307;   87;   11;   35;   70;   24;   20;    4
  242;20170308;  214;   53;   75;  130;    9;   50;    1
  242;20170309;  276;   64;   86;  130;   15;   40;    7
  242;20170310;  244;   22;   44;   70;    1;   20;   17
  242;20170311;  140;   49;   50;   70;   12;   40;    2
  242;20170312;  121;   56;   57;   90;    7;   30;   19
  242;20170313;  270;   25;   41;   60;   10;   30;    3
  242;20170314;  237;   74;   75;  100;   13;   40;    1
  242;20170315;  262;   46;   51;   70;    1;   40;   12
  242;20170316;  228;   76;   79;  120;   14;   50;    1
  242;20170317;  257;  105;  115;  150;   23;   80;    2
  242;20170318;  278;   61;   74;  160;    2;   10;   20
  242;20170319;  237;  108;  109;  140;    9;   70;    1
  242;20170320;  230;  109;  112;  190;   17;   70;   19
  242;20170321;  243;   95;  102;  140;   10;   70;   19
  242;20170322;  145;   47;   61;   70;    1;   40;   16
  242;20170323;   68;   88;   90;  130;   14;   40;    2
  242;20170324;   63;   65;   68;  100;   15;   40;   18
  242;20170325;   35;   46;   47;   60;   12;   30;    2
  242;20170326;   44;   54;   56;   80;   15;   30;    3
  242;20170327;   74;   44;   49;   60;    4;   30;   12
  242;20170328;  220;   31;   48;   90;   21;   10;   12
  242;20170329;  231;   89;   90;  110;    8;   70;   22
  242;20170330;  210;   78;   83;  120;   12;   40;   23
  242;20170331;  200;   67;   77;  120;   13;   50;    1
  242;20170401;  202;   47;   51;   70;   11;   40;    3
  242;20170402;  294;   26;   47;   60;    1;   20;   23
  242;20170403;  139;   26;   31;   50;   13;   10;    3
  242;20170404;  238;    5;   35;   70;   24;   20;   10
  242;20170405;  322;   83;   85;  120;   22;   50;    3
  242;20170406;  313;   61;   74;  110;    1;   40;   20
  242;20170407;  290;   53;   56;   90;    1;   30;   22
  242;20170408;  306;   16;   23;   40;    1;    0;   19
  242;20170409;  205;   45;   54;  100;   23;   40;    1
  242;20170410;  313;   87;   89;  110;    3;   70;   23
  242;20170411;  261;   75;   80;  110;   19;   50;    9
  242;20170412;  268;   99;  100;  130;   14;   70;   19
  242;20170413;  294;   82;   86;  100;    3;   70;    1
  242;20170414;  250;   79;   85;  100;   17;   70;    2
  242;20170415;  288;  106;  107;  120;    6;   90;    1
  242;20170416;  304;   77;   78;   90;    1;   50;   24
  242;20170417;  343;   75;   78;  120;   12;   30;    2
  242;20170418;   45;   57;   68;  110;   12;   40;    1
  242;20170419;   85;   25;   34;   50;    8;   10;    7
  242;20170420;  233;   67;   71;  110;   15;   30;    1
  242;20170421;  283;   67;   76;  100;   14;   50;    1
  242;20170422;  326;  102;  103;  120;    5;   90;    1
  242;20170423;  295;   55;   78;  110;    5;   50;   14
  242;20170424;  265;   74;   84;  130;    2;   40;   18
  242;20170425;  307;   76;   87;  120;    3;   50;   21
  242;20170426;  357;   55;   59;   70;    6;   30;    9
  242;20170427;  277;   75;   82;  120;   15;   50;    1
  242;20170428;  312;   57;   60;   70;   10;   40;    5
  242;20170429;   31;   18;   44;   90;   24;   20;   10
  242;20170430;  111;  102;  103;  130;   24;   90;    4
  242;20170501;  123;   59;   68;  130;    1;   10;   21
  242;20170502;   61;   68;   75;  110;   13;   20;    1
  242;20170503;   63;   88;   89;  100;    8;   80;    1
  242;20170504;   64;  108;  108;  120;    6;   70;   24
  242;20170505;   61;   77;   81;  100;   13;   50;   23
  242;20170506;   63;   70;   75;  100;   12;   50;    1
  242;20170507;  340;   67;   73;   90;   21;   50;   10
  242;20170508;   16;   85;   90;  110;    9;   60;    5
  242;20170509;  345;   39;   43;   60;    1;   20;   22
  242;20170510;  300;   18;   35;   60;   24;   10;   19
  242;20170511;   82;   74;   81;  110;   14;   60;    2
  242;20170512;  170;   42;   51;   70;   13;   30;   17
  242;20170513;  212;   60;   65;  100;   18;   40;    3
  242;20170514;  217;   60;   67;  110;   14;   40;   24
  242;20170515;  207;   64;   68;   90;    8;   40;    1
  242;20170516;  218;   87;   88;  110;    4;   30;   24
  242;20170517;  113;   25;   35;   60;   22;   10;    3
  242;20170518;  357;   31;   58;  110;   24;   30;   12
  242;20170519;  199;   70;  112;  150;   10;   50;   24
  242;20170520;  217;   73;   75;  100;   10;   50;    6
  242;20170521;  228;   30;   52;   80;    5;   20;   18
  242;20170522;  111;   44;   48;   70;    4;   30;   17
  242;20170523;  286;   57;   63;   90;   10;   30;    1
  242;20170524;  296;   41;   48;   70;   13;   30;    4
  242;20170525;  356;   28;   33;   40;    1;   20;    8
  242;20170526;   78;   60;   63;  110;   17;   20;    5
  242;20170527;  158;   49;   78;   90;    1;   60;   17
  242;20170528;  254;   54;   59;   90;    9;   20;   23
  242;20170529;   47;   49;   54;   90;   12;   20;    6
  242;20170530;  247;   79;   80;  100;   14;   20;    1
  242;20170531;  327;   33;   41;   80;    1;   20;   22
  242;20170601;   86;   16;   29;   50;   22;   20;    1
  242;20170602;   85;    9;   32;   50;    1;   20;    8
  242;20170603;  309;   20;   48;   70;   17;   20;    1
  242;20170604;  257;   69;   74;   90;    5;   50;   23
  242;20170605;  212;   81;   91;  130;   11;   40;   20
  242;20170606;  204;  133;  151;  210;   18;   70;    1
  242;20170607;  252;  145;  148;  190;    1;   80;   23
  242;20170608;  220;   97;  100;  120;    7;   40;   24
  242;20170609;  232;   50;   65;  110;   16;   20;    1
  242;20170610;  211;   60;   64;  100;   10;   40;    2
  242;20170611;  232;   91;   95;  110;   10;   70;    1
  242;20170612;  260;  112;  113;  130;    8;   90;   23
  242;20170613;  280;   57;   58;   90;    1;   20;   23
  242;20170614;   95;   24;   40;   90;   24;   10;    4
  242;20170615;  202;   40;   76;  120;   13;   60;   18
  242;20170616;  290;   92;   94;  120;    9;   70;    2
  242;20170617;  283;   49;   52;   80;    1;   10;   21
  242;20170618;  257;   10;   30;   40;   10;   20;   15
  242;20170619;   34;   26;   30;   50;   16;   20;    7
  242;20170620;   47;   70;   71;  100;   14;   20;    1
  242;20170621;   98;   50;   55;   80;   18;   30;   15
  242;20170622;  246;   76;   96;  130;   21;   60;    1
  242;20170623;  251;   89;   95;  110;   11;   70;    5
  242;20170624;  248;   90;   93;  110;    4;   60;   16
  242;20170625;  271;   68;   71;   90;    5;   40;   21
  242;20170626;  325;   43;   52;   90;    1;   30;   17
  242;20170627;   74;   74;   75;  110;   20;   30;    1
  242;20170628;  124;   45;   75;  120;    5;   30;   15
  242;20170629;  219;   52;   55;   90;    9;   20;   21
  242;20170630;  288;   54;   59;   90;   20;   20;    6
  242;20170701;  338;   74;   89;  120;    8;   50;   22
  242;20170702;  290;   70;   77;   90;    2;   60;   19
  242;20170703;  249;   74;   91;  130;    9;   60;   22
  242;20170704;   28;   27;   44;   70;   24;   20;   10
  242;20170705;   82;   48;   55;   80;    3;   30;   13
  242;20170706;   99;   41;   46;   70;   19;   10;   24
  242;20170707;  294;   31;   43;   90;   18;   10;    1
  242;20170708;  318;   35;   39;   60;    6;   10;   20
  242;20170709;  268;    3;   26;   70;   24;   10;    8
  242;20170710;  178;   34;   55;   70;    1;   30;    9
  242;20170711;  249;   63;   67;   80;    8;   50;    2
  242;20170712;  347;   82;   97;  140;   10;   50;    5
  242;20170713;  312;   25;   34;   70;    1;   10;   19
  242;20170714;  293;   72;   90;  130;   17;   30;    1
  242;20170715;  250;   55;   72;   90;    1;   40;    8
  242;20170716;  267;   54;   68;   90;    1;   40;   23
  242;20170717;  301;   29;   35;   50;    6;   10;   21
  242;20170718;   76;   65;   68;  100;   20;   30;    1
  242;20170719;  106;   53;   71;  110;    2;   10;   20
  242;20170720;  236;   64;   71;  120;   18;   30;    6
  242;20170721;  145;   28;   44;   80;   23;   20;   14
  242;20170722;  136;   29;   61;   90;    1;   30;   18
  242;20170723;  235;   51;   55;   90;   16;   30;    1
  242;20170724;   25;   40;   45;   80;   15;    0;    5
  242;20170725;  350;   88;   89;  120;   10;   70;    2
  242;20170726;  243;   30;   63;  110;   24;   30;    7
  242;20170727;  251;   85;   88;  120;    2;   70;    9
  242;20170728;  233;  113;  118;  140;   23;   90;    1
  242;20170729;  232;   76;   85;  150;    4;   30;   22
  242;20170730;  221;   73;   85;  130;    9;   60;    1
  242;20170731;  227;   78;   80;  110;    9;   30;   21
  242;20170801;  221;   54;   58;   80;   11;   40;    1
  242;20170802;  213;   72;   77;  100;   24;   50;    2
  242;20170803;  224;  133;  138;  180;   15;  100;    1
  242;20170804;  252;  110;  111;  130;    1;   70;   20
  242;20170805;  276;   81;   81;  100;   14;   60;    3
  242;20170806;  255;   56;   64;   80;    1;   40;   20
  242;20170807;  214;   52;   59;  100;   10;   10;   21
  242;20170808;   66;   31;   54;  100;   24;   20;   19
  242;20170809;  252;   62;   70;  110;    1;   30;   20
  242;20170810;   20;   56;   58;   80;    4;   10;   24
  242;20170811;  261;   39;   48;   90;   20;   10;    1
  242;20170812;  281;   76;   78;   90;    5;   60;    1
  242;20170813;   26;   31;   45;   70;   23;   30;   10
  242;20170814;  129;   59;   61;   80;    1;   30;   16
  242;20170815;  233;   24;   43;   60;    1;   10;   14
  242;20170816;  190;   34;   45;   70;   13;   20;    7
  242;20170817;  201;   79;   84;  110;   14;   50;    1
  242;20170818;  235;   75;   79;  110;   12;   30;   18
  242;20170819;  260;   93;   98;  130;   18;   60;    5
  242;20170820;  280;   97;   98;  120;    1;   50;   23
  242;20170821;  347;   18;   31;   50;    1;   10;   11
  242;20170822;   99;   56;   59;   80;   17;   40;    1
  242;20170823;  123;   57;   72;   90;    1;   60;   16
  242;20170824;  262;   70;   74;   90;   15;   60;    2
  242;20170825;  272;   16;   41;   70;    1;   20;   16
  242;20170826;  255;    3;   37;   60;    1;   10;   16
  242;20170827;  280;   36;   38;   50;    1;   20;    8
  242;20170828;  125;   12;   20;   40;   21;    0;    6
  242;20170829;  252;   21;   50;   80;   12;   30;    1
  242;20170830;   14;   92;   97;  120;    9;   40;    2
  242;20170831;  305;   52;   63;  110;    3;   20;   21
  242;20170901;  337;   13;   25;   40;   16;   10;    8
  242;20170902;   13;   31;   36;   60;    7;   20;    1
  242;20170903;  118;   19;   30;   60;   22;    0;    6
  242;20170904;  176;   38;   46;   70;   12;   30;   16
  242;20170905;  215;   77;   83;  110;   11;   60;    1
  242;20170906;  291;  100;  105;  140;    6;   70;    1
  242;20170907;  258;   81;   88;  110;    1;   70;   12
  242;20170908;  248;   87;   90;  130;    6;   40;   18
  242;20170909;  238;   40;   48;   70;   12;   20;    9
  242;20170910;  206;   95;   99;  150;   23;   50;    2
  242;20170911;  238;  121;  127;  150;   12;   90;   23
  242;20170912;  255;   95;  108;  130;    6;   70;   21
  242;20170913;  252;  157;  178;  260;    8;  120;   22
  242;20170914;  297;  114;  128;  150;   15;  100;   22
  242;20170915;  284;   67;   83;  110;   12;   60;   16
  242;20170916;  233;   22;   41;   70;    1;   20;    8
  242;20170917;  217;   30;   35;   50;   11;   10;   19
  242;20170918;   90;   11;   40;   60;   17;   20;   11
  242;20170919;  309;   45;   50;   80;   17;    0;    2
  242;20170920;  249;   62;   71;   90;    4;   50;   22
  242;20170921;  174;   61;   64;   70;    4;   50;    1
  242;20170922;  251;   14;   35;   50;    1;   10;   10
  242;20170923;  133;   16;   30;   40;   12;   20;    3
  242;20170924;   93;   48;   49;   70;   15;   30;    6
  242;20170925;   86;   44;   47;   60;    3;   30;   22
  242;20170926;   85;   45;   46;   60;    9;   20;    2
  242;20170927;  110;   57;   58;   80;   21;   40;   14
  242;20170928;  138;   58;   60;   80;    1;   40;   22
  242;20170929;  163;   51;   59;   90;   14;   20;   24
  242;20170930;  257;   31;   38;   70;   24;   20;   13
  242;20171001;  180;  111;  112;  160;   24;   70;    1
  242;20171002;  259;  123;  132;  150;    1;  100;    6
  242;20171003;  289;  113;  114;  140;    1;  100;   16
  242;20171004;  264;  138;  139;  150;   13;  110;    2
  242;20171005;  294;  140;  160;  220;    8;  130;    1
  242;20171006;  319;  125;  130;  150;    1;  100;   19
  242;20171007;  274;  116;  128;  140;    6;  100;    1
  242;20171008;  336;   66;   68;  120;    1;   20;   23
  242;20171009;  253;   41;   46;   60;    8;   30;    1
  242;20171010;  244;   85;   87;  120;   24;   40;    1
  242;20171011;  231;  134;  138;  160;   20;  110;    4
  242;20171012;  268;  109;  111;  160;    4;   60;   20
  242;20171013;  225;   99;  100;  120;   11;   70;    1
  242;20171014;  224;   81;   83;  110;   12;   40;   21
  242;20171015;  188;   55;   58;   80;   10;   40;    1
  242;20171016;  201;   64;   70;  120;   21;   40;    5
  242;20171017;  241;  105;  106;  130;    3;   40;   24
  242;20171018;  100;   32;   45;   70;   16;   10;    6
  242;20171019;  143;   59;   61;   80;   17;   30;    4
  242;20171020;  213;   76;   99;  140;   22;   70;    1
  242;20171021;  196;  102;  106;  130;   15;   50;    2
  242;20171022;  255;  111;  126;  140;    3;   90;    5
  242;20171023;  276;   79;   97;  150;    4;   30;   18
  242;20171024;  220;   87;   91;  120;   17;   50;    5
  242;20171025;  256;   90;   99;  150;    5;   50;   22
  242;20171026;  284;   74;   80;  110;   24;   30;    2
  242;20171027;  323;  108;  113;  140;    4;   90;   16
  242;20171028;  286;  145;  145;  190;   24;  120;    1
  242;20171029;  340;  152;  154;  200;    3;  120;   15
  242;20171030;  335;   80;   85;  120;    1;   30;   23
  242;20171031;     ;     ;   88;     ;     ;     ;     
  242;20171101;  245;   89;   91;  120;   13;   70;    7
  242;20171102;  309;   57;   63;   90;    1;   20;   22
  242;20171103;  197;   46;   46;   70;   22;   20;    1
  242;20171104;  203;   47;   79;  110;   20;   60;    2
  242;20171105;  307;   83;   91;  110;   22;   60;   17
  242;20171106;  323;   23;   54;  100;    5;   10;   15
  242;20171107;  161;   53;   58;   80;   18;   40;   23
  242;20171108;   97;   23;   32;   40;    1;   20;    7
  242;20171109;  259;   60;   73;  110;   11;   30;    1
  242;20171110;  287;  130;  138;  170;   17;   90;    1
  242;20171111;  303;  103;  108;  140;    2;   80;   22
  242;20171112;  339;   83;   93;  140;   21;   40;   12
  242;20171113;  337;  100;  105;  140;    1;   60;   22
  242;20171114;  257;   84;   85;  120;    7;   40;   20
  242;20171115;  215;   34;   42;   60;    1;   20;   10
  242;20171116;  257;   38;   70;  110;   20;   40;    3
  242;20171117;  283;   72;   77;  110;   23;   40;    9
  242;20171118;  292;  118;  129;  160;    8;  110;    1
  242;20171119;  319;  127;  129;  160;    6;   90;   24
  242;20171120;  255;   62;   83;  100;    1;   50;    9
  242;20171121;  241;   71;   76;  120;   24;   40;    9
  242;20171122;  206;  127;  133;  160;   11;  110;   18
  242;20171123;  228;  111;  133;  180;    9;  100;   24
  242;20171124;  273;   69;   70;   90;    1;   50;   23
  242;20171125;  278;   89;   92;  130;   24;   50;    1
  242;20171126;  280;  123;  125;  150;    4;  110;    8
  242;20171127;  259;  134;  139;  170;   23;  120;    1
  242;20171128;  283;  104;  110;  170;    1;   40;   24
  242;20171129;  356;   26;   42;   70;    3;   10;   13
  242;20171130;  352;   48;   56;   90;    6;   20;   21
  242;20171201;   65;   22;   30;   70;   12;   10;   19
  242;20171202;  240;   49;   58;   90;   18;   10;    1
  242;20171203;  310;   81;   91;  110;   23;   70;   10
  242;20171204;  307;   88;   92;  110;    2;   70;   15
  242;20171205;  271;  103;  103;  120;   20;   80;    1
  242;20171206;  249;  114;  121;  140;   22;  100;   13
  242;20171207;  232;  128;  152;  180;   11;  110;   16
  242;20171208;  297;  126;  135;  160;   17;   80;    7
  242;20171209;  292;  110;  119;  160;    1;   80;   15
  242;20171210;  126;   30;   96;  120;   14;   50;   21
  242;20171211;   58;   66;   79;  150;   19;   10;    2
  242;20171212;  305;   41;   90;  120;    7;   60;   12
  242;20171213;  215;   83;  104;  140;   23;   60;   12
  242;20171214;  260;   94;  100;  140;    6;   50;   21
  242;20171215;  182;   27;   50;   80;    6;   10;   16
  242;20171216;  327;   97;   99;  110;    3;   80;   18
  242;20171217;  257;   48;   76;  130;   18;   50;    8
  242;20171218;  343;   70;   73;  110;    1;   40;   20
  242;20171219;  265;   45;   47;   70;   12;   30;   19
  242;20171220;  260;   48;   50;   70;   20;   20;    4
  242;20171221;  277;   35;   39;   50;    9;   20;   24
  242;20171222;  262;   22;   28;   80;   24;   10;    2
  242;20171223;  258;  110;  110;  120;    6;   70;    2
  242;20171224;  239;  124;  125;  140;   17;  110;    3
  242;20171225;  211;  126;  130;  160;   11;  110;    6
  242;20171226;  224;  116;  132;  170;    8;   70;   22
  242;20171227;  157;    8;   97;  140;   18;   50;   12
  242;20171228;  285;  124;  128;  150;   14;  110;    9
  242;20171229;  222;   72;  112;  150;   16;   60;    9
  242;20171230;  245;   89;  111;  150;   14;   80;   23
  242;20171231;  219;  114;  116;  190;   10;   50;    2
  242;20180101;  239;  103;  110;  170;    5;   30;   19
  242;20180102;  235;   70;   93;  130;   24;   70;    3
  242;20180103;  265;  170;  180;  260;   11;  120;    2
  242;20180104;  254;  104;  116;  200;   21;   50;   14
  242;20180105;  246;   79;   93;  180;    1;   50;   12
  242;20180106;   27;   51;   73;  100;   17;   40;    6
  242;20180107;   70;   93;   94;  120;   24;   70;    8
  242;20180108;   88;  117;  118;  130;    3;  100;   21
  242;20180109;  116;   69;   73;  100;    1;   40;   24
  242;20180110;  145;   51;   52;   60;    8;   30;   24
  242;20180111;   46;   14;   30;   40;    1;   10;    8
  242;20180112;   85;   21;   30;   60;   24;   10;   10
  242;20180113;  118;   64;   65;   80;   20;   50;    1
  242;20180114;  122;   76;   85;  100;    9;   70;   14
  242;20180115;  206;   91;  113;  140;   13;   80;    1
  242;20180116;  270;  139;  140;  150;   10;  130;    2
  242;20180117;  283;  146;  150;  170;   14;  120;   24
  242;20180118;  271;   84;  121;  200;   10;   60;   24
  242;20180119;  269;   83;   86;  110;   18;   50;   24
  242;20180120;  256;   51;   72;  110;   24;   40;   11
  242;20180121;  286;   18;   69;  120;    1;   20;   12
  242;20180122;  264;   58;   84;  130;    1;   60;    6
  242;20180123;  218;  106;  111;  180;   19;   60;    4
  242;20180124;  218;  142;  147;  210;   12;   80;   17
  242;20180125;  215;   87;   89;  120;    1;   60;   20
  242;20180126;  215;   34;   40;   60;    1;   20;   16
  242;20180127;  215;   96;  100;  170;   18;   40;    1
  242;20180128;  246;  113;  115;  140;    1;   90;    5
  242;20180129;  258;  108;  126;  160;    6;  100;   17
  242;20180130;  250;   67;   78;  100;    1;   60;   21
  242;20180131;  247;  110;  123;  150;   11;   80;    1
  242;20180201;  266;  111;  115;  140;    2;   80;   22
  242;20180202;  351;   71;   78;  110;   15;   30;   23
  242;20180203;   44;   28;   65;   80;    5;   40;    9
  242;20180204;   42;   99;  101;  130;   10;   70;   23
  242;20180205;   92;   70;   72;   80;    6;   60;    1
  242;20180206;  102;   36;   38;   60;    2;   20;   20
  242;20180207;  188;   34;   35;   60;   21;   10;    1
  242;20180208;  194;   64;   65;   90;   15;   40;    6
  242;20180209;  180;   83;   84;  100;    8;   40;   24
  242;20180210;  197;   73;   77;  120;   19;   30;    4
  242;20180211;  259;  122;  143;  180;    8;  110;   19
  242;20180212;  277;   98;  103;  140;    3;   70;   23
  242;20180213;  174;   81;   85;  100;   10;   60;    2
  242;20180214;  158;  113;  113;  140;   19;   70;    1
  242;20180215;  208;   78;  103;  150;    2;   70;   16
  242;20180216;  265;   68;   74;  110;    5;   30;   22
  242;20180217;  153;   33;   33;   50;   23;   30;    2
  242;20180218;  172;   44;   45;   60;   11;   30;   17
  242;20180219;  165;   46;   49;   70;   15;   30;   23
  242;20180220;   82;   31;   34;   50;   19;   20;    2
  242;20180221;   78;   33;   35;   60;   22;   10;   10
  242;20180222;   85;   40;   41;   60;    1;   20;   20
  242;20180223;   85;   76;   77;  100;   19;   50;    3
  242;20180224;   93;  100;  102;  110;    2;   90;   14
  242;20180225;   89;   85;   87;  100;    1;   70;   18
  242;20180226;   82;   74;   75;  100;   15;   50;   23
  242;20180227;   84;   57;   59;  100;   24;   30;    7
  242;20180228;   91;  131;  132;  150;   10;  110;    1
  242;20180301;   87;  170;  170;  190;    7;  150;    1
  242;20180302;   82;  143;  144;  170;    6;  110;   22
  242;20180303;   98;   95;   96;  120;    1;   60;   17
  242;20180304;  106;   71;   73;  100;    3;   50;   14
  242;20180305;  207;   55;   78;  110;    2;   20;   17
  242;20180306;  148;   28;   44;   60;    2;   20;   22
  242;20180307;  135;   24;   38;   50;    7;   20;    3
  242;20180308;  225;   76;   94;  160;   21;   50;    2
  242;20180309;  212;   31;   54;   80;    1;   30;   16
  242;20180310;  167;   53;   67;   90;   13;   30;   20
  242;20180311;  189;   29;   53;  110;   15;   10;    7
  242;20180312;   88;   24;   37;   50;    3;   20;   13
  242;20180313;  329;   48;   65;   90;    7;   40;   23
  242;20180314;  126;   49;   61;  120;   22;   20;    4
  242;20180315;  103;  118;  119;  150;    8;  100;   17
  242;20180316;   88;  130;  130;  150;   19;  100;    1
  242;20180317;   78;  174;  175;  190;    9;  150;    1
  242;20180318;   80;  147;  148;  170;    1;  110;   19
  242;20180319;   60;   80;   93;  130;    1;   30;   21
  242;20180320;  351;   59;   61;   80;    1;   40;   14
  242;20180321;  262;   54;   60;  100;   22;   30;    4
  242;20180322;  281;   60;   65;  100;    2;   30;   22
  242;20180323;  194;   78;   80;  140;   12;   40;    1
  242;20180324;  134;   25;   33;   50;    2;   20;   14
  242;20180325;  343;   29;   34;   50;   17;   20;   11
  242;20180326;  265;   22;   28;   40;    1;   10;    7
  242;20180327;  141;   58;   64;   90;   10;   20;    2
  242;20180328;  276;   38;   59;  100;   21;   30;   11
  242;20180329;  234;   30;   57;  100;   23;   10;   18
  242;20180330;  102;   82;   88;  100;    5;   80;    3
  242;20180331;  100;   27;   45;   70;    1;   20;   12
  242;20180401;   45;   29;   33;   50;    1;    0;   22
  242;20180402;  140;   62;   69;  110;   13;   10;    1
  242;20180403;  210;   87;   88;  130;   13;   50;   20
  242;20180404;  184;   59;   64;  100;    1;   40;   16
  242;20180405;  279;   84;  106;  160;    9;   40;   24
  242;20180406;  139;   72;   76;  100;   10;   30;    4
  242;20180407;  147;   46;   49;   70;    1;   10;   17
  242;20180408;    6;   24;   33;   60;   15;   10;    1
  242;20180409;   37;   73;   75;  110;   23;   50;    1
  242;20180410;   75;   64;   73;  110;    1;   40;   11
  242;20180411;   75;   98;  100;  120;   18;   80;    8
  242;20180412;   70;   86;   87;  110;    8;   30;   24
  242;20180413;  237;   33;   53;   90;   13;   30;    1
  242;20180414;  251;   34;   40;   60;   12;   10;   20
  242;20180415;  105;   35;   38;   50;    7;   20;   21
  242;20180416;  222;   66;   68;  100;   11;   30;    1
  242;20180417;  199;   69;   71;  110;   14;   50;    1
  242;20180418;  159;   21;   40;   60;   21;   10;   14
  242;20180419;  132;   37;   43;   70;    1;   10;   23
  242;20180420;  280;   29;   40;   60;   18;   20;    3
  242;20180421;   49;   38;   50;   90;   24;   20;    4
  242;20180422;  172;   44;   67;   90;   18;   40;   22
  242;20180423;  245;   80;   85;  120;   24;   50;    6
  242;20180424;  235;   96;   99;  130;   23;   40;   18
  242;20180425;  255;   89;   98;  150;    3;   70;   10
  242;20180426;  249;   99;  103;  120;   10;   70;   22
  242;20180427;  175;   13;   50;   80;   22;   20;   15
  242;20180428;  211;   36;   55;   70;    1;   10;    6
  242;20180429;   36;   54;   71;  150;   24;   10;    6
  242;20180430;   60;   30;   98;  160;    2;   20;   13
  242;20180501;  258;   85;  107;  170;    6;   20;    2
  242;20180502;  201;   78;   88;  140;   12;   60;    2
  242;20180503;  289;   41;   43;   80;    4;   10;   19
  242;20180504;  113;   13;   32;   50;    9;    0;    3
  242;20180505;   70;   48;   54;   80;   17;   30;   10
  242;20180506;   97;   50;   54;   70;   12;   40;    1
  242;20180507;  103;   34;   44;   70;   24;   30;   12
  242;20180508;  129;   39;   48;   80;    6;   20;   22
  242;20180509;  330;   30;   37;   60;   14;   10;   12
  242;20180510;  304;   52;   53;  100;   16;   10;    6
  242;20180511;   94;   33;   42;   80;   18;    0;    5
  242;20180512;  101;   51;   59;   80;    1;   20;   15
  242;20180513;  322;   24;   71;   90;   17;   40;    9
  242;20180514;   19;   70;   71;   80;    1;   60;    2
  242;20180515;   25;   51;   55;   70;   13;   40;    7
  242;20180516;    6;  107;  108;  130;   14;   60;    1
  242;20180517;  348;  103;  103;  110;    1;   90;   21
  242;20180518;  332;   76;   77;   80;    1;   60;   23
  242;20180519;   10;   28;   45;   60;    2;   30;   10
  242;20180520;   62;   36;   46;   60;   14;   20;   10
  242;20180521;   71;   72;   74;  110;   15;   50;    1
  242;20180522;   45;   62;   69;   80;   13;   40;    9
  242;20180523;   44;   82;   83;  110;   16;   60;    5
  242;20180524;   67;   77;   80;  120;   16;   40;   23
  242;20180525;   74;   56;   61;   80;    1;   30;   17
  242;20180526;   63;   81;   84;  100;   10;   70;   17
  242;20180527;   68;   80;   83;  110;   11;   50;   23
  242;20180528;   56;   42;   53;   80;   18;   20;    9
  242;20180529;   32;   77;   81;  110;   12;   40;   20
  242;20180530;  353;   10;   33;   60;   18;   10;    5
  242;20180531;   21;   45;   53;   80;   10;   30;   22
  242;20180601;  292;   49;   53;   80;   14;   20;    2
  242;20180602;  253;   50;   51;   70;    4;   20;   22
  242;20180603;  297;   18;   29;   40;    1;   20;    6
  242;20180604;  349;   37;   40;   60;   21;   20;    1
  242;20180605;  360;   38;   40;   60;    6;   20;   23
  242;20180606;   23;   49;   51;   80;   15;   20;   24
  242;20180607;    5;   34;   40;   60;   16;   10;    9
  242;20180608;    8;   59;   60;   70;    4;   40;   11
  242;20180609;    7;   59;   59;   70;    5;   50;    1
  242;20180610;  357;   55;   58;   70;    7;   40;   22
  242;20180611;   17;   52;   53;   70;   16;   30;   10
  242;20180612;  351;   65;   67;   90;   20;   50;    1
  242;20180613;  292;   53;   82;  100;    1;   60;   12
  242;20180614;  220;  101;  106;  170;   13;   30;   24
  242;20180615;   10;    6;   30;   50;   14;   10;    6
  242;20180616;  218;   53;   62;   90;   12;   30;    3
  242;20180617;  238;   79;   83;  110;    1;   60;    6
  242;20180618;  230;   98;   99;  110;   19;   80;    1
  242;20180619;  248;   55;   65;   90;    4;   40;   10
  242;20180620;  231;   95;  105;  150;   13;   60;   24
  242;20180621;  309;  128;  130;  170;   23;   60;    1
  242;20180622;  324;  124;  126;  180;    1;   90;   23
  242;20180623;  316;   62;   67;  110;    1;   30;   19
  242;20180624;  333;   75;   77;   90;   11;   50;    1
  242;20180625;  342;   55;   57;   80;   17;   50;    2
  242;20180626;   15;   57;   58;   70;    2;   50;   10
  242;20180627;   35;   58;   59;   80;   14;   30;    4
  242;20180628;   28;   68;   69;   80;   16;   60;    1
  242;20180629;   18;   63;   65;   80;   12;   50;    7
  242;20180630;   69;   85;   87;  120;   15;   40;    4
  242;20180701;   98;   82;   85;  100;   13;   70;    9
  242;20180702;   59;   76;   86;  110;   15;   60;    7
  242;20180703;   31;   64;   65;   80;    1;   30;   24
  242;20180704;  351;   21;   26;   40;    1;   20;    3
  242;20180705;  307;   41;   43;   60;   24;   30;    1
  242;20180706;  351;   42;   44;   70;    5;   20;   24
  242;20180707;    3;   30;   32;   50;   16;   20;    1
  242;20180708;  329;   36;   38;   50;   13;   20;    2
  242;20180709;  344;   72;   73;  110;   20;   40;    1
  242;20180710;  352;   86;   91;  140;    6;   40;   24
  242;20180711;  360;   60;   63;   90;   14;   30;    1
  242;20180712;  343;   66;   66;   80;    2;   50;   12
  242;20180713;  357;   38;   40;   60;    3;   30;   11
  242;20180714;   11;   15;   30;   50;   23;   10;    3
  242;20180715;  107;   36;   48;   70;   22;   20;   13
  242;20180716;  109;   54;   60;   80;    2;   30;   13
  242;20180717;  239;   55;   70;  100;   12;   30;    3
  242;20180718;  278;   20;   30;   50;   11;   20;    2
  242;20180719;   35;   40;   45;   80;   12;   10;    1
  242;20180720;   40;   49;   51;   70;   11;   30;    6
  242;20180721;   14;   55;   63;   80;    5;   40;   24
  242;20180722;  296;   35;   38;   50;    1;   10;   22
  242;20180723;  275;   16;   26;   50;   24;    0;   20
  242;20180724;  237;   25;   46;   80;   10;   20;   21
  242;20180725;   43;   41;   44;   60;   13;   20;    2
  242;20180726;   56;   43;   48;   70;   13;   30;    4
  242;20180727;  111;   72;   80;  110;   17;   50;    2
  242;20180728;  242;   72;   89;  130;   15;   30;    6
  242;20180729;  193;   75;   81;  110;    9;   60;    2
  242;20180730;  209;   45;   48;   90;    2;   10;   19
  242;20180731;  243;   41;   48;   90;   15;   10;   10
  242;20180801;  221;   12;   23;   40;    9;    0;   21
  242;20180802;  280;   18;   25;   40;   10;   10;    1
  242;20180803;    8;   17;   25;   60;   20;    0;    5
  242;20180804;  342;   47;   50;   80;   19;   20;    1
  242;20180805;  326;   26;   35;   60;    1;   10;   20
  242;20180806;  153;   22;   45;   70;    7;   30;   13
  242;20180807;  125;   26;   46;  110;   23;   20;   13
  242;20180808;  230;   64;   76;  110;   11;   40;    1
  242;20180809;  345;   22;   77;  180;   23;   30;   12
  242;20180810;  247;   93;  108;  150;    1;   70;   17
  242;20180811;  269;   78;   85;  120;    9;   40;   22
  242;20180812;  205;   66;   70;  120;   11;   30;   21
  242;20180813;  278;   28;   45;   90;   24;   20;    5
  242;20180814;  289;   82;   90;  130;    6;   60;   17
  242;20180815;  228;   70;   73;  100;   12;   30;    8
  242;20180816;  227;   75;   83;  130;   11;   50;   16
  242;20180817;  263;   43;   52;   60;    3;   40;   18
  242;20180818;  235;   87;   88;  110;   10;   50;    4
  242;20180819;  231;   96;   99;  140;   13;   70;    1
  242;20180820;  302;   40;   45;   80;    1;   10;   23
  242;20180821;  191;   30;   35;   60;    9;   10;    2
  242;20180822;  230;   60;   61;   90;   12;   20;    3
  242;20180823;  242;   66;   76;  110;   10;   40;    3
  242;20180824;  270;   90;   97;  120;    9;   50;    1
  242;20180825;  297;   62;   84;  110;   12;   30;    7
  242;20180826;  210;   62;   87;  130;   21;   40;    8
  242;20180827;  269;   95;  105;  130;    1;   80;    3
  242;20180828;  255;   18;   39;   80;    1;   20;   14
  242;20180829;  340;   34;   58;  110;   23;   20;    8
  242;20180830;  341;   73;   74;  110;    1;   30;   23
  242;20180831;   26;    9;   23;   40;    7;   10;    4
  242;20180901;  178;   12;   30;   50;   23;   10;    1
  242;20180902;   87;   44;   51;   80;   17;   40;    5
  242;20180903;   26;   60;   61;   80;   13;   30;    1
  242;20180904;   25;   56;   59;   90;   14;   40;    4
  242;20180905;   41;   52;   55;   80;    5;   20;   10
  242;20180906;  340;   49;   56;   90;   16;   30;   23
  242;20180907;  267;   80;   90;  130;   21;   40;    1
  242;20180908;  246;  107;  112;  140;    1;  100;    5
  242;20180909;  228;   78;   83;  120;   12;   50;   19
  242;20180910;  252;   67;   70;   90;   11;   50;    5
  242;20180911;  243;   92;  102;  150;    8;   30;   22
  242;20180912;  314;   54;   57;   90;    6;   20;   24
  242;20180913;  251;   31;   38;   60;   23;   10;    2
  242;20180914;  240;   67;   75;  100;   21;   50;    1
  242;20180915;  266;   67;   77;  100;    3;   40;   20
  242;20180916;  208;   86;   88;  120;   11;   60;    1
  242;20180917;  200;   57;   63;   90;   13;   40;   19
  242;20180918;  214;  103;  112;  160;   13;   60;    1
  242;20180919;  215;  117;  119;  170;   16;   70;    7
  242;20180920;  216;   91;   96;  140;   12;   20;    6
  242;20180921;  256;  137;  156;  190;    8;   90;    1
  242;20180922;  276;   98;  100;  130;    2;   30;   23
  242;20180923;  342;   55;   72;  140;   20;   10;    7
  242;20180924;  323;  108;  110;  130;    1;   60;   24
  242;20180925;  241;   28;   48;   70;   24;   20;    8
  242;20180926;  239;  106;  108;  140;    9;   60;   24
  242;20180927;  241;   53;   73;  100;   12;   50;    1
  242;20180928;    4;   75;   76;  100;    2;   30;   24
  242;20180929;  226;   45;   53;   80;   16;   20;    4
  242;20180930;  282;   68;   80;  100;   20;   60;    2
  242;20181001;  328;  112;  117;  140;    8;   90;   21
  242;20181002;  290;  113;  125;  140;    6;   80;    1
  242;20181003;  296;   86;   93;  130;    1;   70;   12
  242;20181004;  239;   64;   70;   90;   12;   30;   10
  242;20181005;  198;   44;   48;   80;   14;    0;   21
  242;20181006;   23;   41;   66;  150;   20;   20;    1
  242;20181007;   29;   35;   53;  130;    1;   10;   17
  242;20181008;  232;   83;   85;  110;   14;   50;    1
  242;20181009;  215;   65;   68;  100;   10;   40;   19
  242;20181010;  102;   50;   56;   80;   16;   20;    4
  242;20181011;  145;   70;   71;   80;    1;   50;   17
  242;20181012;  181;   73;   76;  120;    3;   60;   21
  242;20181013;  162;   68;   69;   80;    3;   40;   22
  242;20181014;  160;   48;   55;   90;   12;   20;   22
  242;20181015;  186;   21;   45;   70;   13;   20;   19
  242;20181016;  205;   38;   44;   80;   14;   20;    8
  242;20181017;  271;   32;   46;   70;   12;   30;    1
  242;20181018;   30;   52;   58;   70;    1;   30;   18
  242;20181019;  123;   25;   31;   60;    9;   10;   19
  242;20181020;  252;   49;   55;   70;   10;   40;    1
  242;20181021;  232;   54;   75;  100;   11;   50;    5
  242;20181022;  319;   71;   88;  140;   24;   60;   15
  242;20181023;  292;  143;  145;  160;    8;  130;   19
  242;20181024;  311;  106;  111;  140;    1;   70;   18
  242;20181025;  305;   77;   80;  100;    2;   60;   16
  242;20181026;  290;  100;  111;  140;   20;  100;    1
  242;20181027;   25;   53;   72;  130;    4;   30;   15
  242;20181028;   91;   60;   63;  100;    1;   20;    8
  242;20181029;   77;   72;   73;  100;   21;   50;    3
  242;20181030;  165;   29;   98;  180;   23;   70;   11
  242;20181031;  201;   48;   88;  150;    1;   60;   12
  242;20181101;  153;   78;   82;  100;    7;   60;   22
  242;20181102;  283;   67;   73;  140;    2;   30;   22
  242;20181103;  183;   64;   65;  100;   14;   40;    1
  242;20181104;  146;   66;   69;   80;    1;   40;   16
  242;20181105;  113;   58;   58;   90;   12;   40;   20
  242;20181106;  145;   63;   64;   80;   17;   40;   15
  242;20181107;  161;   76;   78;  100;    9;   50;    2
  242;20181108;  192;   49;   66;  110;    7;   40;   16
  242;20181109;  138;   77;   82;  100;   21;   70;    1
  242;20181110;  168;   77;   80;  120;    4;   50;   18
  242;20181111;  187;   82;   84;  120;   12;   60;   20
  242;20181112;  186;   56;   57;   80;   23;   40;   10
  242;20181113;  238;   90;  101;  140;   11;   60;   24
  242;20181114;  184;   59;   60;   80;   15;   50;    1
  242;20181115;  149;   65;   66;   70;    4;   60;    1
  242;20181116;  126;   57;   60;   70;    1;   50;    5
  242;20181117;  103;   81;   82;  100;   10;   60;   15
  242;20181118;   81;   79;   80;  100;   11;   50;   16
  242;20181119;   76;  110;  111;  140;   17;   80;    1
  242;20181120;   87;  134;  136;  150;    8;  120;   13
  242;20181121;  106;   94;   95;  130;    1;   60;   23
  242;20181122;  107;   62;   63;   70;    4;   50;   23
  242;20181123;  108;   51;   54;   70;   18;   40;    5
  242;20181124;   87;   60;   62;   80;    4;   30;   24
  242;20181125;   77;   53;   55;   80;   16;   20;    1
  242;20181126;   80;   74;   75;   90;    3;   40;   23
  242;20181127;  118;   73;   76;  120;   23;   40;    1
  242;20181128;  152;  111;  114;  130;   15;   80;   23
  242;20181129;  184;   95;  100;  130;   20;   70;    6
  242;20181130;  209;   92;   94;  120;    5;   60;   19
  242;20181201;  197;   78;   85;  120;   22;   50;    6
  242;20181202;  221;   82;   87;  120;    1;   60;    7
  242;20181203;  262;   64;   92;  110;    1;   50;   16
  242;20181204;  297;   40;   59;  100;    1;   30;   16
  242;20181205;  159;   73;   76;  110;   16;   50;    1
  242;20181206;  226;   77;   79;  110;   16;   50;    1
  242;20181207;  239;  116;  132;  170;   13;   90;    1
  242;20181208;  260;  149;  154;  190;   12;   50;   20
  242;20181209;  308;  139;  143;  190;    1;  120;    4
  242;20181210;  321;  135;  135;  150;    1;  100;   22
  242;20181211;  345;   57;   63;  120;    1;   10;   24
  242;20181212;  113;   50;   51;   90;   24;   10;    1
  242;20181213;   94;   82;   83;  100;    1;   60;   21
  242;20181214;  106;   59;   62;   80;   22;   40;   18
  242;20181215;  141;  111;  112;  160;   19;   60;    2
  242;20181216;  164;   81;   83;  150;    1;   60;   13
  242;20181217;  197;   37;   70;  100;   15;   40;   12
  242;20181218;  161;   82;   88;  130;   19;   60;    1
  242;20181219;  177;   71;   72;  100;    1;   60;   13
  242;20181220;  190;   70;   74;  100;   12;   50;    1
  242;20181221;  234;   55;   93;  150;   15;   50;   11
  242;20181222;  274;   75;   77;  120;   11;   30;    2
  242;20181223;  291;   44;   55;   90;   24;   30;   13
  242;20181224;  342;   36;   46;   90;    1;   10;   12
  242;20181225;  265;   76;   80;   90;   10;   70;    3
  242;20181226;  242;   65;   69;  100;   21;   50;    9
  242;20181227;  238;   46;   49;   60;    1;   10;   22
  242;20181228;  271;   37;   40;   60;   15;   10;    4
  242;20181229;  281;   84;  110;  170;   18;   40;    4
  242;20181230;  295;   56;   60;  110;    1;   40;    8
  242;20181231;  273;   66;   70;  110;   24;   50;    6
  242;20190101;  320;  121;  135;  170;   18;   90;    8
  242;20190102;  357;  104;  106;  150;    1;   60;   21
  242;20190103;  348;   70;   72;   90;    1;   40;   18
  242;20190104;  317;   95;   96;  110;   11;   70;    2
  242;20190105;  324;  110;  110;  130;    9;   90;   19
  242;20190106;  314;   61;   62;   90;    1;   30;   24
  242;20190107;  259;   91;   98;  160;   22;   50;    1
  242;20190108;  323;  168;  173;  200;    7;  130;   24
  242;20190109;   10;  118;  119;  130;    1;   90;   24
  242;20190110;  333;   31;   48;   90;    1;   20;    9
  242;20190111;  325;   85;   86;  110;   17;   50;    1
  242;20190112;  282;  103;  106;  130;   10;   80;    1
  242;20190113;  294;  126;  133;  170;   15;   80;    1
  242;20190114;  328;  101;  105;  140;   10;   60;    4
  242;20190115;  260;  110;  111;  120;    9;   90;    1
  242;20190116;  235;  118;  128;  160;   13;   80;   22
  242;20190117;  316;  100;  120;  140;   10;   80;   24
  242;20190118;  266;   19;   45;   70;    1;   10;   14
  242;20190119;  149;   63;   67;   80;   13;   50;    1
  242;20190120;  117;   24;   26;   50;    1;   10;   12
  242;20190121;  222;   33;   41;   80;   24;   10;   16
  242;20190122;  181;   92;   93;  120;    9;   70;   17
  242;20190123;  137;   31;   39;   80;    1;   20;   18
  242;20190124;  130;   41;   43;   70;   10;   10;   24
  242;20190125;  214;   44;   71;  100;   14;   20;    1
  242;20190126;  238;   95;  109;  140;   24;   80;    1
  242;20190127;  259;   82;  103;  160;   19;   50;    9
  242;20190128;  341;  116;  120;  160;    6;   70;   23
  242;20190129;  214;   65;   83;  100;   11;   70;    2
  242;20190130;  147;   45;   48;   80;    2;   20;   19
  242;20190131;  190;   32;   66;  100;    5;   20;    1
  242;20190201;   83;   64;   66;  100;    5;   30;   21
  242;20190202;   45;   31;   38;   70;   22;   10;   17
  242;20190203;  293;   40;   65;   80;    4;   50;    6
  242;20190204;  206;  103;  108;  160;   16;   50;   24
  242;20190205;  214;   49;   57;   80;   23;   30;    9
  242;20190206;  207;   79;   82;  120;    9;   40;   22
  242;20190207;  226;  126;  141;  200;   14;   60;    1
  242;20190208;  203;  151;  152;  200;   18;   80;    2
  242;20190209;  227;  154;  156;  210;   11;  120;   22
  242;20190210;  308;   33;   79;  120;    1;   40;   10
  242;20190211;  319;   91;   95;  120;    1;   70;   18
  242;20190212;  246;   71;   77;   90;   13;   50;    5
  242;20190213;  225;   83;   84;  100;   11;   70;    1
  242;20190214;  209;   54;   58;   90;    1;   20;   17
  242;20190215;  171;   46;   47;   60;    5;   20;   20
  242;20190216;  211;   69;   71;  100;   10;   40;   23
  242;20190217;  177;   57;   63;  100;   23;   40;    1
  242;20190218;  217;   66;   70;   90;    1;   50;    4
  242;20190219;  247;   83;   84;  100;   11;   70;   18
  242;20190220;  223;   92;   92;  110;   12;   70;    3
  242;20190221;  243;   65;   68;   90;    4;   20;   24
  242;20190222;  114;   16;   23;   60;   22;   10;    3
  242;20190223;  140;   61;   61;   80;    8;   40;   22
  242;20190224;  140;   28;   33;   40;    1;   10;   16
  242;20190225;  128;   13;   25;   40;    1;   10;    2
  242;20190226;  141;   18;   25;   50;    5;   10;   10
  242;20190227;  214;   32;   45;   60;   13;   20;    7
  242;20190228;  245;   31;   38;   90;   16;   10;   11
  242;20190301;  344;   53;   60;  100;    5;   10;    1
  242;20190302;  207;   79;   82;  150;   24;   20;    1
  242;20190303;  219;  131;  133;  190;   22;   80;    9
  242;20190304;  249;  141;  149;  190;   14;  120;    7
  242;20190305;  241;   99;  108;  150;    2;   60;   24
  242;20190306;  173;   82;   85;  120;    9;   60;    1
  242;20190307;  232;  121;  133;  180;   16;   40;    5
  242;20190308;  265;   87;  111;  160;    2;   60;   12
  242;20190309;  265;  138;  145;  170;    6;  120;   20
  242;20190310;  277;   73;   91;  180;   21;   20;    6
  242;20190311;  291;  138;  147;  200;   12;   60;   23
  242;20190312;  213;  122;  140;  180;   11;   50;    1
  242;20190313;  265;  157;  170;  200;    5;  110;   22
  242;20190314;  269;  127;  140;  190;   13;  120;    1
  242;20190315;  261;  120;  126;  160;   10;   90;    4
  242;20190316;  228;  138;  146;  200;   23;   30;    7
  242;20190317;  267;  130;  135;  190;    1;  110;    3
  242;20190318;  301;  101;  102;  140;    3;   50;   23
  242;20190319;  224;   41;   50;   70;   16;   30;    6
  242;20190320;  229;   72;   73;   80;    3;   60;   11
  242;20190321;  223;   68;   69;  100;   11;   20;   24
  242;20190322;  216;   44;   52;   70;   19;   30;    1
  242;20190323;  329;   38;   54;   70;   10;   20;   24
  242;20190324;  273;   58;   63;  140;   24;   10;    4
  242;20190325;  329;  122;  126;  170;    6;   80;   24
  242;20190326;  304;   75;   77;  100;    5;   50;   16
  242;20190327;  278;   50;   51;   60;    1;   40;    2
  242;20190328;  335;   13;   27;   50;    1;   10;   13
  242;20190329;  219;   31;   37;   60;   10;   10;   20
  242;20190330;  300;   13;   35;   70;   24;   10;    7
  242;20190331;   38;   77;   79;  100;   13;   50;   23
  242;20190401;  105;   65;   68;   90;    6;   50;   16
  242;20190402;  174;   55;   68;   90;    9;   40;   17
  242;20190403;  170;   36;   49;   80;   13;   10;   17
  242;20190404;  144;   41;   45;   70;   20;   20;    6
  242;20190405;   50;   30;   40;   60;   16;   30;    2
  242;20190406;   59;   55;   57;   90;   14;   30;    3
  242;20190407;   62;   64;   65;   80;   12;   50;    2
  242;20190408;   64;   75;   75;  110;   14;   40;    6
  242;20190409;   66;  106;  107;  120;    8;   80;   22
  242;20190410;   60;   86;   88;  110;   12;   60;   21
  242;20190411;   50;   61;   63;   90;   16;   50;    4
  242;20190412;   68;   53;   56;   80;   18;   40;    2
  242;20190413;   64;   66;   70;  110;   13;   40;    2
  242;20190414;   78;   66;   68;   90;   15;   40;   24
  242;20190415;   80;   85;   87;  110;   15;   60;    1
  242;20190416;   73;   99;  100;  120;   11;   80;    2
  242;20190417;   92;   55;   57;   80;   17;   40;    4
  242;20190418;   74;   88;   88;  110;   14;   60;    1
  242;20190419;   67;   74;   77;  100;   13;   70;    2
  242;20190420;   67;   55;   57;   80;   16;   40;    5
  242;20190421;   66;   49;   52;   60;    8;   40;    2
  242;20190422;   93;   69;   70;  100;   22;   50;    1
  242;20190423;   85;   92;   95;  130;   14;   60;   18
  242;20190424;  155;   46;   65;   80;   10;   40;   17
  242;20190425;  168;   70;   76;  110;    7;   30;   23
  242;20190426;  216;   64;   66;   90;   13;   40;    1
  242;20190427;  217;   97;  102;  130;   13;   80;    1
  242;20190428;  124;   17;   40;   60;    1;   20;   11
  242;20190429;    3;   45;   48;   80;   22;   10;    4
  242;20190430;  353;   46;   47;   70;    1;   30;   21
  242;20190501;  284;   39;   45;   70;   22;   20;    8
  242;20190502;  308;   70;   80;  110;   14;   60;    4
  242;20190503;  323;   81;   85;  100;   15;   60;    8
  242;20190504;  347;   97;  102;  130;    6;   70;   15
  242;20190505;  334;   85;   92;  110;    1;   50;   22
  242;20190506;  302;   68;   73;  100;    3;   40;   23
  242;20190507;  213;   15;   35;   80;   17;   10;   20
  242;20190508;  147;   62;   79;  120;   15;   40;    1
  242;20190509;  236;   65;   81;  100;   10;   60;    4
  242;20190510;  334;   39;   48;   90;    4;   20;   18
  242;20190511;   16;   57;   62;   70;    9;   40;    4
  242;20190512;  354;   58;   60;   80;    3;   40;   23
  242;20190513;   18;   34;   36;   60;   20;   20;    3
  242;20190514;   44;   50;   53;   80;   15;   30;    1
  242;20190515;   60;   52;   59;  100;   16;   30;    1
  242;20190516;   46;   80;   84;  110;   12;   40;    3
  242;20190517;   84;   65;   68;  100;    1;   30;   24
  242;20190518;   18;   19;   38;   50;    8;   10;    1
  242;20190519;    7;   79;   80;   90;   12;   60;    1
  242;20190520;  344;   72;   75;  100;    1;   50;    6
  242;20190521;  321;   94;   95;  110;    4;   80;   22
  242;20190522;  267;   49;   61;   80;    1;   40;    9
  242;20190523;  225;   53;   59;  110;    9;   30;   17
  242;20190524;  298;   43;   54;   70;   11;   40;    1
  242;20190525;  305;   29;   40;   70;    2;   10;   18
  242;20190526;  239;   97;  101;  130;   17;   60;    1
  242;20190527;  265;   78;   85;  110;   10;   40;   24
  242;20190528;   19;   50;   53;   70;   18;   30;    4
  242;20190529;  205;   37;   49;  110;   23;   10;    4
  242;20190530;  227;  111;  112;  130;   13;   80;   23
  242;20190531;  233;   79;   81;  100;   16;   60;    7
  242;20190601;  232;   22;   56;   80;    2;   30;   13
  242;20190602;  189;   59;   70;  100;   15;   50;    2
  242;20190603;  232;   63;   66;   90;    3;   40;   21
  242;20190604;  137;   23;   51;   90;   19;   20;   11
  242;20190605;  241;   38;   68;  120;   24;   30;   16
  242;20190606;  250;   52;   79;  140;    6;   20;   24
  242;20190607;  131;   66;   76;  120;   24;   20;    1
  242;20190608;  216;  139;  150;  180;   13;  110;    1
  242;20190609;  245;   36;   59;  110;    1;   20;   17
  242;20190610;   52;   83;   84;  120;   12;   30;    1
  242;20190611;  235;   12;   63;   90;    2;   20;   24
  242;20190612;    5;   15;   48;   90;   12;   10;    3
  242;20190613;  192;   89;   91;  130;   12;   60;    1
  242;20190614;  181;   35;   56;   80;    1;   10;   20
  242;20190615;  309;   33;   63;  110;    8;   40;    1
  242;20190616;  216;   76;   80;  110;   14;   40;    3
  242;20190617;  196;   35;   45;   70;   11;   10;   20
  242;20190618;  355;    3;   40;   70;   24;   30;    1
  242;20190619;  234;   13;   60;   80;    6;   20;   13
  242;20190620;  265;   44;   48;   70;   19;   20;    8
  242;20190621;  276;   35;   43;   60;   11;   20;    7
  242;20190622;   48;   52;   55;   90;   14;   20;    2
  242;20190623;   82;   68;   70;   90;   14;   40;    3
  242;20190624;  123;   50;   56;  100;    3;   20;   17
  242;20190625;   61;   25;   40;   70;   19;   20;    1
  242;20190626;    2;   78;   79;   90;    8;   70;   14
  242;20190627;    4;   66;   67;   80;    3;   60;    6
  242;20190628;   41;   47;   51;   70;   16;   40;    5
  242;20190629;  119;   45;   48;   60;    1;   40;    8
  242;20190630;  251;   60;   75;  100;    6;   40;    1
  242;20190701;  274;   91;   97;  120;   14;   60;    2
  242;20190702;  313;   62;   66;   80;    2;   50;    8
  242;20190703;  341;   62;   63;   70;    1;   50;   21
  242;20190704;  265;   64;   70;   90;   14;   30;    3
  242;20190705;  284;   60;   64;   80;    1;   40;   22
  242;20190706;  300;   69;   82;  100;    5;   60;    3
  242;20190707;  326;   80;   82;  100;    4;   60;    8
  242;20190708;  327;   86;   88;  110;    2;   70;   10
  242;20190709;  324;   44;   45;   70;    1;   10;   21
  242;20190710;  209;   52;   55;   90;   13;   10;    1
  242;20190711;  234;   33;   43;   80;   13;   10;   24
  242;20190712;  307;   23;   40;   70;   13;    0;    1
  242;20190713;  347;   70;   72;   90;   15;   40;    8
  242;20190714;  347;   72;   73;   90;    3;   60;   13
  242;20190715;  333;   61;   62;   70;    7;   50;    1
  242;20190716;  297;   38;   35;   60;    3;   10;   20
  242;20190717;  158;   14;   31;   60;   23;   10;    1
  242;20190718;  211;   44;   64;   90;   11;   30;   18
  242;20190719;  203;   39;   49;   80;   14;   20;    4
  242;20190720;  214;   70;   79;  120;   16;   40;    3
  242;20190721;  258;   69;   74;  110;    2;   40;   20
  242;20190722;  223;   87;   90;  130;   10;   50;   23
  242;20190723;  169;    9;   40;   70;   23;   20;   13
  242;20190724;  148;   24;   50;   70;    1;   10;   22
  242;20190725;   81;   50;   52;   90;   17;    0;    4
  242;20190726;   82;   52;   75;  100;   20;   30;   23
  242;20190727;   81;   96;   98;  130;   17;   70;   12
  242;20190728;   89;   17;   71;  100;    1;   40;   16
  242;20190729;  236;   45;   54;   80;    3;   10;   19
  242;20190730;  142;   25;   52;   90;   15;   20;   24
  242;20190731;  209;   82;   86;  120;   16;   30;    1
  242;20190801;  229;   86;   90;  110;   16;   70;    4
  242;20190802;   23;   50;   74;  100;   16;   30;    4
  242;20190803;  332;   52;   54;   70;    1;   20;   24
  242;20190804;  137;   12;   28;   70;   23;   10;    2
  242;20190805;  217;   51;   69;  100;   13;   30;    4
  242;20190806;  227;   77;   80;  110;   15;   50;    2
  242;20190807;  239;  101;  102;  120;   11;   80;    1
  242;20190808;  258;   74;   76;  100;    1;   10;   24
  242;20190809;  149;   66;   79;  120;   13;   10;    1
  242;20190810;  220;  163;  165;  200;   13;   80;    1
  242;20190811;  227;  133;  134;  150;    1;  110;   24
  242;20190812;  268;   76;   80;  100;    1;   60;   21
  242;20190813;  280;   60;   64;   80;   13;   50;    3
  242;20190814;  209;   73;   83;  110;   14;   40;    6
  242;20190815;  271;   91;  105;  120;    9;   70;    3
  242;20190816;  221;   65;   74;  110;   13;   40;    5
  242;20190817;  223;   89;   93;  120;    2;   60;   21
  242;20190818;  229;   80;   83;  110;   14;   50;    1
  242;20190819;  239;   97;  100;  120;    8;   60;   19
  242;20190820;  259;   70;   72;   90;    2;   50;    3
  242;20190821;  228;   48;   53;   70;   13;   30;   20
  242;20190822;  214;   65;   70;   90;   11;   50;    1
  242;20190823;  222;   10;   41;   60;    1;   20;   16
  242;20190824;   96;   47;   50;   70;    1;   40;    5
  242;20190825;   79;   29;   36;   50;    4;   20;    8
  242;20190826;   75;   37;   41;   50;    5;   20;   11
  242;20190827;   89;   32;   39;   60;   19;   20;   13
  242;20190828;  237;   36;   41;   90;   11;   20;    5
  242;20190829;  256;   44;   52;   70;    3;   40;    9
  242;20190830;  211;   65;   67;  100;   15;   30;    7
  242;20190831;  197;   28;   58;   90;   24;   20;   18
  242;20190901;  288;   70;   75;   90;    1;   50;   23
  242;20190902;  259;   80;   90;  120;   23;   70;    1
  242;20190903;  255;   84;   90;  120;    1;   60;   19
  242;20190904;  242;   83;   97;  140;   24;   40;   15
  242;20190905;  305;  112;  121;  160;    4;   80;   20
  242;20190906;  255;   96;  104;  150;   11;   60;    3
  242;20190907;  334;   75;   84;  110;   16;   60;    1
  242;20190908;  337;   43;   63;   90;    1;   40;   18
  242;20190909;  231;   29;   36;   60;    5;   10;   19
  242;20190910;  266;   40;   45;   70;    3;   30;    1
  242;20190911;  238;   87;   95;  150;   11;   50;    3
  242;20190912;  242;   83;   87;  110;   14;   50;    1
  242;20190913;  338;   45;   50;  100;    1;   10;   24
  242;20190914;  203;   31;   35;   60;   22;    0;    2
  242;20190915;  281;   69;   79;  110;    4;   30;   24
  242;20190916;  305;   49;   52;   80;   20;   20;   10
  242;20190917;  324;  107;  110;  130;   12;   80;    1
  242;20190918;  344;   70;   72;   90;    7;   60;   10
  242;20190919;  348;   19;   25;   60;    1;   10;   10
  242;20190920;  171;   28;   37;   60;   24;   20;   17
  242;20190921;  107;   68;   70;   80;   14;   50;    5
  242;20190922;  141;   48;   67;   90;   22;   50;   16
  242;20190923;  202;   50;   54;   90;   14;   30;    2
  242;20190924;  160;   91;   93;  120;   17;   70;    1
  242;20190925;  173;   68;   71;  100;   20;   50;    7
  242;20190926;  202;   78;   82;  120;   15;   40;    3
  242;20190927;  225;  101;  106;  140;   19;   90;    1
  242;20190928;  244;  127;  130;  160;   12;  110;    2
  242;20190929;  238;   84;  115;  190;   24;   60;    3
  242;20190930;  287;   84;  105;  160;    1;   40;   22
  242;20191001;   26;   40;   85;  110;    8;   30;    1
  242;20191002;  327;  112;  115;  140;   15;   90;    1
  242;20191003;  303;   51;   70;  100;    1;   30;   20
  242;20191004;  114;   66;   80;  130;    8;   30;   22
  242;20191005;  113;   46;   47;   80;   23;   20;   13
  242;20191006;  104;  106;  110;  120;    7;   90;    1
  242;20191007;  144;   63;   78;   90;    6;   60;    7
  242;20191008;  255;   98;  100;  150;   22;   80;    7
  242;20191009;  253;   91;   94;  120;    1;   70;   11
  242;20191010;  250;  120;  125;  150;   22;  100;    1
  242;20191011;  228;  139;  143;  170;   15;   80;   24
  242;20191012;  235;   64;   72;   90;    3;   30;   19
  242;20191013;  199;   54;   89;  150;   17;   50;    3
  242;20191014;  128;   21;   64;  120;    1;   10;    9
  242;20191015;  212;   57;   62;  100;   10;   20;   20
  242;20191016;  186;   63;   70;  100;   15;   20;    1
  242;20191017;  212;   49;   60;   80;    9;   40;    2
  242;20191018;  203;  102;  114;  160;   14;   70;    6
  242;20191019;  197;   85;   88;  100;    2;   50;   23
  242;20191020;  237;    6;   38;   60;    1;   10;   14
  242;20191021;   76;   27;   49;   90;    6;   10;   17
  242;20191022;  266;   34;   48;   60;   12;   30;    1
  242;20191023;  126;   34;   46;   70;   18;   30;    6
  242;20191024;  208;   66;   79;  140;   19;   40;    1
  242;20191025;  217;  102;  110;  170;   24;   80;    9
  242;20191026;  223;  132;  154;  180;    2;  120;   22
  242;20191027;  288;  114;  116;  130;    1;  100;   22
  242;20191028;  334;   65;   73;  100;    3;   40;   18
  242;20191029;   78;   38;   45;   70;   21;   10;    6
  242;20191030;  103;   59;   60;   80;   21;   50;    2
  242;20191031;  114;   63;   65;   90;   20;   50;    4
  242;20191101;  155;   76;   77;   90;   12;   60;   24
  242;20191102;  194;  106;  111;  150;   21;   60;    1
  242;20191103;  167;   55;   59;  110;    1;   10;   21
  242;20191104;  161;   52;   55;   70;   17;   30;    1
  242;20191105;   56;   19;   40;   90;   21;   10;    9
  242;20191106;  360;   30;   50;   80;    1;   10;   18
  242;20191107;  141;   63;   82;  100;   20;   60;    1
  242;20191108;  180;   70;   73;   90;    3;   50;   16
  242;20191109;  171;   27;   67;  100;    6;   30;   13
  242;20191110;  245;   41;   48;   80;    1;   10;   17
  242;20191111;  198;   87;  105;  140;   21;   70;    1
  242;20191112;  196;  103;  117;  140;   21;   90;    7
  242;20191113;  265;   74;   93;  140;    2;   30;   19
  242;20191114;  120;   73;   78;   90;    9;   60;    1
  242;20191115;   79;   80;   81;  110;    7;   30;   24
  242;20191116;  204;   60;   64;  110;   21;   20;    2
  242;20191117;  169;   33;   48;   90;    1;   20;   18
  242;20191118;  347;   82;   95;  150;   17;   20;    4
  242;20191119;  307;   55;   73;  130;    1;   20;   18
  242;20191120;  137;   38;   41;   70;   23;   20;    2
  242;20191121;  112;   69;   70;   80;   12;   60;    1
  242;20191122;  132;   70;   73;   90;   20;   60;    4
  242;20191123;   95;   78;   79;  100;    2;   50;   15
  242;20191124;  125;   55;   62;   80;    2;   40;   17
  242;20191125;  144;   61;   62;   80;   20;   40;    1
  242;20191126;  161;   66;   66;   80;    1;   60;    2
  242;20191127;  151;   72;   78;  100;   10;   60;   13
  242;20191128;  304;   76;  101;  130;    3;   70;   11
  242;20191129;  333;  101;  102;  130;    3;   70;   24
  242;20191130;  322;   21;   35;   60;    3;   10;   19
  242;20191201;   11;   25;   35;   80;   23;   10;    1
  242;20191202;  320;   90;   91;  100;    1;   70;   24
  242;20191203;  247;   67;   69;   90;   12;   50;    4
  242;20191204;  233;   52;   57;   70;    2;   30;   17
  242;20191205;  226;   99;  102;  170;   22;   40;    2
  242;20191206;  230;  122;  133;  160;    1;   90;   21
  242;20191207;  260;   99;  108;  150;   24;   80;   17
  242;20191208;  236;  150;  158;  190;    5;  150;    2
  242;20191209;  311;   96;  123;  160;   15;   80;    6
  242;20191210;  204;   91;  109;  170;   22;   50;    6
  242;20191211;  226;   59;   70;  140;    1;   40;   11
  242;20191212;  182;   86;  105;  170;   24;   50;    2
  242;20191213;  186;   70;   95;  180;    2;   30;   14
  242;20191214;  256;  140;  145;  180;   11;   70;   24
  242;20191215;  234;  128;  140;  210;    8;   90;    1
  242;20191216;  195;   73;   75;  100;    1;   30;   24
  242;20191217;  232;   19;   61;  100;   16;   30;    1
  242;20191218;  191;   49;   75;  120;   24;   30;   10
  242;20191219;  152;   92;   92;  110;    1;   80;   10
  242;20191220;  172;   96;  113;  140;   16;   80;    4
  242;20191221;  174;   79;   85;  100;    1;   60;    3
  242;20191222;  187;   28;   80;  110;   20;   40;   14
  242;20191223;  265;   98;   98;  120;   18;   90;    1
  242;20191224;  243;   43;   70;  110;   15;   20;   24
  242;20191225;  322;   55;   56;   90;    8;   20;    1
  242;20191226;  135;   46;   54;   90;   19;   10;    2
  242;20191227;   98;   66;   70;   90;   23;   40;   13
  242;20191228;  169;   56;   60;   80;    2;   40;   13
  242;20191229;  190;   67;   68;   90;   24;   50;    2
  242;20191230;  234;   87;   97;  130;   14;   70;   22
  242;20191231;  342;   24;   37;   70;    1;   10;   16
  242;20200101;  183;   54;   58;   80;   23;   40;    1
  242;20200102;  196;   88;   90;  130;   23;   70;    2
  242;20200103;  267;   71;  107;  140;    3;   60;   11
  242;20200104;  292;   88;   93;  140;    7;   10;   24
  242;20200105;  240;   63;   64;   90;   12;   30;    1
  242;20200106;  212;   75;   81;  100;   11;   60;    6
  242;20200107;  219;   93;  106;  170;   24;   50;    8
  242;20200108;  233;   73;   77;  160;    1;   20;   23
  242;20200109;  211;   91;  100;  160;   11;   20;    1
  242;20200110;  313;   52;   70;  100;    9;   30;    3
  242;20200111;  216;  130;  131;  160;   18;   70;    1
  242;20200112;  232;  112;  124;  150;    1;   70;   23
  242;20200113;  186;   84;   87;  130;   21;   50;    2
  242;20200114;  205;  145;  148;  210;   19;  100;    5
  242;20200115;  222;  129;  138;  200;    1;   80;   14
  242;20200116;  179;   77;   88;  110;   19;   70;    4
  242;20200117;  220;   77;   94;  160;   21;   60;    6
  242;20200118;  286;   98;  109;  130;    1;  100;    9
  242;20200119;  345;   78;   82;  120;    1;   40;   22
  242;20200120;  262;   51;   55;   70;    1;   40;   10
  242;20200121;  258;   62;   65;   80;    7;   40;   22
  242;20200122;  299;   28;   38;   80;    3;   10;   16
  242;20200123;  181;   30;   31;   50;   19;   10;    7
  242;20200124;  212;   53;   56;   80;   12;   40;   21
  242;20200125;  191;   76;   77;   90;    9;   50;    2
  242;20200126;  183;   73;   75;   90;    3;   60;    9
  242;20200127;  200;   86;   91;  120;    2;   60;   19
  242;20200128;  261;  119;  128;  180;   15;   60;   10
  242;20200129;  264;  135;  140;  150;    1;  110;   18
  242;20200130;  233;  119;  127;  140;    1;  100;   14
  242;20200131;  233;  120;  128;  150;   12;   70;    7
  242;20200201;  239;  123;  127;  150;    1;  100;    9
  242;20200202;  248;   52;   65;  130;    1;   20;   11
  242;20200203;  265;  111;  116;  140;   24;   80;   19
  242;20200204;  309;   88;  103;  150;    3;   40;   15
  242;20200205;  293;   39;   51;   80;   24;   20;   12
  242;20200206;  274;   41;   43;   90;    1;   20;   17
  242;20200207;  151;   68;   70;  110;   13;   20;    1
  242;20200208;  198;   79;   83;  110;   23;   50;   15
  242;20200209;  213;  186;  195;  250;   12;  120;    1
  242;20200210;  259;  171;  173;  210;    8;  110;   19
  242;20200211;  266;  202;  203;  210;    2;  190;   10
  242;20200212;  268;  162;  162;  200;    1;  100;   24
  242;20200213;  187;   60;   83;  160;   11;   30;   19
  242;20200214;  221;   45;   77;  120;   20;   10;    9
  242;20200215;  200;  147;  148;  220;   22;  110;    2
  242;20200216;  221;  166;  174;  220;    4;   90;   15
  242;20200217;  236;  149;  152;  200;    1;  110;   19
  242;20200218;  247;  137;  141;  160;    3;  110;   23
  242;20200219;  266;  104;  120;  140;    2;   80;   20
  242;20200220;  236;  123;  151;  180;   13;  120;    1
  242;20200221;  242;  141;  152;  170;    1;  110;   10
  242;20200222;  242;  152;  160;  200;    8;  110;   22
  242;20200223;  277;   88;  109;  160;   15;   30;    8
  242;20200224;  229;   96;  122;  170;   17;   40;    6
  242;20200225;  265;  129;  130;  170;    1;   50;   23
  242;20200226;  299;   89;   92;  110;   13;   60;    1
  242;20200227;  274;   55;   75;  130;   20;   10;   16
  242;20200228;  216;   83;  114;  160;   19;   80;    8
  242;20200229;  215;  134;  144;  190;   22;  100;   11
  242;20200301;  221;  133;  135;  180;    1;   70;   21
  242;20200302;  209;   33;   58;   80;    7;   10;   16
  242;20200303;  248;   64;   65;  100;   10;   20;   24
  242;20200304;  253;   37;   46;   80;   12;   10;   20
  242;20200305;   68;   71;   76;  110;   15;   30;    1
  242;20200306;   13;   72;   80;  100;    1;   60;   14
  242;20200307;  230;   73;   90;  140;   24;   40;    8
  242;20200308;  212;  131;  132;  170;   12;   60;   24
  242;20200309;  235;   76;   81;  130;   24;   50;    1
  242;20200310;  239;  126;  133;  170;    3;  100;   21
  242;20200311;  231;   90;   94;  150;   24;   50;    4
  242;20200312;  249;  155;  161;  200;    6;  130;   16
  242;20200313;  290;   72;   97;  180;    4;   20;   22
  242;20200314;  157;   78;   85;  100;   12;   60;    1
  242;20200315;  205;  112;  116;  140;   12;   60;   24
  242;20200316;  268;   37;   44;   70;    3;   20;   12
  242;20200317;  224;  105;  106;  130;   23;   60;    1
  242;20200318;  233;   74;   95;  120;    1;   50;   20
  242;20200319;   30;   37;   39;   60;   18;   20;    8
  242;20200320;   41;   80;   82;  110;   19;   50;    1
  242;20200321;   87;  104;  104;  120;   10;   80;    1
  242;20200322;  107;  102;  103;  120;   22;   90;    1
  242;20200323;  134;   95;   95;  110;    1;   70;   17
  242;20200324;  152;   79;   80;  100;    8;   40;   19
  242;20200325;  114;   49;   60;   80;   17;   40;   13
  242;20200326;   73;   67;   70;  100;   13;   40;    6
  242;20200327;   45;   90;   92;  120;   13;   60;    1
  242;20200328;   18;  115;  118;  150;   23;  100;    1
  242;20200329;   22;  135;  136;  170;   10;   80;   24
  242;20200330;  356;   67;   79;  100;   13;   60;   24
  242;20200331;   42;   22;   35;   60;    1;   20;    8
  242;20200401;  277;   58;   60;   70;   11;   30;    1
  242;20200402;  259;   73;   83;  120;   15;   50;   23
  242;20200403;  285;   47;   55;   70;    3;   40;   13
  242;20200404;  206;   48;   62;  110;   10;   10;   17
  242;20200405;  137;   73;   74;  100;   10;   40;   18
  242;20200406;  207;   57;   73;  120;   13;   40;   20
  242;20200407;   83;   31;   44;   80;   23;   10;    6
  242;20200408;   67;   21;   38;   70;    1;   20;   11
  242;20200409;   42;   33;   41;  100;   15;   10;    2
  242;20200410;   95;   53;   55;   80;   24;   40;   11
  242;20200411;  149;   45;   48;   80;    1;   10;   20
  242;20200412;  324;   22;   53;  120;   24;   10;   12
  242;20200413;    8;  106;  108;  140;    3;   80;   23
  242;20200414;  329;   51;   60;   90;    2;   30;   18
  242;20200415;  255;   47;   49;   70;    7;   10;   23
  242;20200416;   57;   57;   60;  110;   13;   10;    4
  242;20200417;   42;   63;   64;   90;   10;   40;    2
  242;20200418;   56;   77;   78;  110;   12;   30;    1
  242;20200419;   64;  105;  106;  120;   10;   70;    1
  242;20200420;   72;  114;  115;  140;   13;   80;    3
  242;20200421;   71;  119;  121;  160;   14;   90;   22
  242;20200422;   73;  107;  108;  140;   15;   70;   23
  242;20200423;   56;   49;   56;   80;    3;   40;   11
  242;20200424;  358;   62;   63;   80;   20;   40;    7
  242;20200425;  347;   41;   41;   70;    3;   20;   24
  242;20200426;  258;   18;   30;   50;   16;   10;    7
  242;20200427;  257;   28;   58;   80;   10;   40;    2
  242;20200428;   46;   50;   52;   60;    8;   40;    1
  242;20200429;   92;   15;   50;  110;   23;   10;   14
  242;20200430;  212;   85;   92;  130;   11;   50;   18
  242;20200501;  245;   90;   95;  110;    1;   60;   10
  242;20200502;  285;   80;   83;  110;    6;   60;    5
  242;20200503;  350;   32;   45;   90;    1;   20;   10
  242;20200504;   32;   65;   67;   80;   14;   40;    1
  242;20200505;   34;   60;   60;   80;    9;   30;   20
  242;20200506;   23;   34;   36;   50;    1;   20;    9
  242;20200507;  313;   10;   15;   30;   12;    0;   23
  242;20200508;  248;   29;   33;   60;   10;   10;    1
  242;20200509;   47;   39;   43;   70;   14;   10;    2
  242;20200510;   22;  104;  107;  160;   13;   30;    4
  242;20200511;   12;  117;  120;  140;    1;   80;   21
  242;20200512;  291;   74;   78;  100;   12;   60;   17
  242;20200513;    6;   77;   89;  110;   16;   70;    1
  242;20200514;   13;   51;   53;   80;    1;   20;   23
  242;20200515;  292;   51;   56;   80;   16;   30;    1
  242;20200516;  276;   59;   63;   80;   12;   40;    6
  242;20200517;  242;   63;   66;   80;   11;   50;    5
  242;20200518;  250;   63;   64;   90;   12;   40;   21
  242;20200519;  276;   31;   35;   50;    9;   10;   22
  242;20200520;    6;    6;   28;   60;   23;   10;    8
  242;20200521;  134;   43;   48;   70;   13;   30;   18
  242;20200522;  219;   71;   83;  130;   15;   30;    2
  242;20200523;  239;  115;  116;  150;   14;   80;    1
  242;20200524;  274;  105;  108;  130;    2;   90;   18
  242;20200525;  329;   42;   46;   90;    1;   10;   20
  242;20200526;  165;    2;   41;   60;    9;   10;    1
  242;20200527;   22;   55;   59;   90;   17;   40;    4
  242;20200528;   35;   50;   51;   70;   16;   40;    1
  242;20200529;   50;   61;   63;  100;   16;   30;    5
  242;20200530;   58;   66;   68;  100;   16;   50;    4
  242;20200531;   64;   69;   76;  110;   14;   50;    1
  242;20200601;   67;   77;   80;  100;   15;   60;    2
  242;20200602;   35;   42;   50;   70;   15;   20;    8
  242;20200603;    9;   89;   89;  120;   22;   70;    1
  242;20200604;  338;   80;   86;  120;   15;   50;   10
  242;20200605;  271;   68;   91;  120;   13;   50;    5
  242;20200606;  227;  112;  117;  150;   14;   70;   22
  242;20200607;  275;   63;   78;  120;    7;   30;   21
  242;20200608;   13;   57;   58;  100;   16;   20;    9
  242;20200609;  360;   29;   32;   50;    1;   20;    8
  242;20200610;   73;   52;   54;   90;   15;   20;    3
  242;20200611;   58;   73;   76;  110;    8;   50;   24
  242;20200612;   75;   69;   77;  100;   18;   50;    1
  242;20200613;   11;   25;   40;   70;   17;   10;    8
  242;20200614;  313;   34;   41;   60;    2;   30;    4
  242;20200615;  287;   26;   29;   50;    1;   10;   22
  242;20200616;   11;   19;   23;   40;   19;   10;    9
  242;20200617;   27;   49;   51;   80;   16;   30;    1
  242;20200618;  189;   16;   43;   80;   12;   10;   20
  242;20200619;  242;   48;   51;   90;   18;   20;    1
  242;20200620;  250;   45;   48;   80;    1;   30;   18
  242;20200621;  215;   69;   80;  110;   13;   40;    1
  242;20200622;  267;   41;   48;   60;    4;   30;   21
  242;20200623;  229;   25;   45;   90;    8;   20;   17
  242;20200624;   80;   64;   68;  100;   17;   40;   10
  242;20200625;   87;   73;   75;  100;   16;   60;    1
  242;20200626;  133;   57;   65;   80;    4;   40;   19
  242;20200627;  212;   72;   75;  120;   20;   40;    2
  242;20200628;  225;  129;  130;  140;   10;  110;    2
  242;20200629;  230;  131;  133;  160;   15;  110;    1
  242;20200630;  251;  104;  105;  140;    1;   60;   23
  242;20200701;  242;   70;   73;  110;   17;   30;   22
  242;20200702;  269;   39;   52;  100;   12;   10;    4
  242;20200703;  233;   97;  103;  150;   18;   30;    1
  242;20200704;  229;  136;  136;  150;    1;  120;   18
  242;20200705;  236;  123;  128;  180;    6;   70;   22
  242;20200706;  290;  117;  120;  170;    2;   60;   24
  242;20200707;  263;   67;   70;  100;   11;   20;   22
  242;20200708;   75;   28;   38;   70;   24;   10;    3
  242;20200709;   79;   80;   83;  110;   10;   60;   19
  242;20200710;  350;   61;   74;  110;    5;   50;   19
  242;20200711;  300;   49;   53;   70;   13;   40;    5
  242;20200712;  285;   34;   36;   50;    4;   20;   20
  242;20200713;  223;   55;   58;   80;   11;   20;    1
  242;20200714;  289;   52;   56;   80;   23;   30;    3
  242;20200715;  288;   36;   41;   70;    1;   20;   10
  242;20200716;  317;   30;   41;   60;   13;   20;    4
  242;20200717;  247;   33;   38;   70;   14;   20;    7
  242;20200718;  216;   43;   51;   90;   11;   20;   20
  242;20200719;  306;   37;   60;  100;   15;   20;    1
  242;20200720;  316;   59;   61;   80;   17;   40;   12
  242;20200721;  304;   61;   64;   70;    1;   50;    7
  242;20200722;  302;   24;   35;   60;    1;   10;   20
  242;20200723;  218;   80;   85;  120;   14;   40;    1
  242;20200724;  271;   55;   58;   80;   18;   40;    1
  242;20200725;  213;   93;   95;  120;   13;   40;    1
  242;20200726;  241;   82;   88;  110;   14;   60;   21
  242;20200727;  193;   78;   88;  130;   22;   60;    1
  242;20200728;  269;  116;  117;  130;   12;  100;    1
  242;20200729;  274;   90;   91;  120;    1;   40;   22
  242;20200730;  201;   23;   43;   80;   11;   20;   16
  242;20200731;  113;   56;   58;   90;   22;   40;    3
  242;20200801;  234;   47;   63;   80;    7;   40;    4
  242;20200802;  271;   56;   64;   90;   11;   40;    1
  242;20200803;  315;   32;   44;   60;   21;   30;    1
  242;20200804;  245;   31;   58;   80;   20;   20;   11
  242;20200805;  216;   93;   97;  130;    8;   40;   20
  242;20200806;  217;   17;   40;   60;    8;   20;   16
  242;20200807;   93;   40;   43;   60;   17;   30;   12
  242;20200808;   53;   30;   38;   60;   24;   10;   10
  242;20200809;   40;   73;   74;   90;   13;   60;    1
  242;20200810;   71;   64;   65;   90;   15;   40;    3
  242;20200811;   76;   69;   70;   90;   10;   50;    1
  242;20200812;   84;   35;   46;   60;    1;   30;   12
  242;20200813;   78;   57;   61;   80;   17;   30;    3
  242;20200814;   58;   26;   48;   80;    1;   10;    7
  242;20200815;   55;   52;   53;   70;   12;   30;   23
  242;20200816;   56;   32;   47;   90;   20;   30;    5
  242;20200817;  225;   20;   30;   60;   21;   20;    1
  242;20200818;  228;   54;   58;   90;   14;   30;    1
  242;20200819;  163;   57;   65;   90;   24;   50;    1
  242;20200820;  183;   57;   75;  110;    8;   40;   22
  242;20200821;  216;  112;  130;  170;   14;   70;    1
  242;20200822;  233;  130;  130;  140;    1;  120;    5
  242;20200823;  265;   90;   95;  120;    3;   50;   21
  242;20200824;  272;   71;   75;  120;   13;   20;   22
  242;20200825;  197;  103;  114;  200;   24;   30;    1
  242;20200826;  279;  149;  164;  210;    1;   80;   24
  242;20200827;  114;   22;   62;  120;   23;   10;    9
  242;20200828;  213;   55;   83;  150;   10;   30;   20
  242;20200829;  292;   65;   88;  120;   10;   50;    1
  242;20200830;    5;  117;  118;  160;    8;   80;   24
  242;20200831;  347;   55;   57;   70;    5;   40;   14
  242;20200901;  329;   17;   37;   80;    9;   10;   15
  242;20200902;  146;   16;   24;   50;   24;   10;    5
  242;20200903;  221;   73;   85;  120;   10;   40;   21
  242;20200904;  266;   68;   71;   90;   15;   50;    4
  242;20200905;  280;   92;   94;  110;   13;   80;    1
  242;20200906;  291;   61;   65;   90;    2;   20;   24
  242;20200907;  240;   62;   65;  110;   19;   20;    2
  242;20200908;  246;   77;   82;  110;    1;   70;   13
  242;20200909;  278;   69;   91;  100;    8;   80;    1
  242;20200910;  320;   23;   40;   90;    1;   10;   10
  242;20200911;  240;   70;   75;  100;   15;   40;    7
  242;20200912;  252;   75;   81;  110;    8;   40;   21
  242;20200913;  224;   89;   90;  130;   11;   40;   24
  242;20200914;  118;   21;   41;   60;   21;   20;   12
  242;20200915;   74;   26;   33;   70;   24;   20;    8
  242;20200916;   17;   91;   91;  110;   15;   70;    1
  242;20200917;   74;   71;   74;   90;    1;   50;    4
  242;20200918;   76;   84;   85;  110;   15;   50;    5
  242;20200919;   70;   87;   88;  110;   13;   60;   24
  242;20200920;   58;   64;   65;  100;   14;   40;   24
  242;20200921;   60;   21;   28;   50;    1;   10;   21
  242;20200922;  217;   31;   37;   60;   16;   20;    1
  242;20200923;  202;   81;   84;  140;   14;   50;    3
  242;20200924;  206;   88;  109;  140;    2;   50;   20
  242;20200925;  151;   89;  109;  160;   14;   50;   24
  242;20200926;    8;   75;   78;  160;   23;   30;    7
  242;20200927;   30;   57;   66;  170;    2;    0;   16
  242;20200928;   12;   30;   36;   70;    4;   10;   15
  242;20200929;  310;   27;   48;   80;    4;   10;   17
  242;20200930;  169;   68;   71;   90;   21;   50;    6
  242;20201001;  160;   80;   93;  130;   15;   50;   20
  242;20201002;   88;   83;   88;  120;   21;   40;    1
  242;20201003;  121;   64;   86;  120;    3;   50;   15
  242;20201004;  164;  112;  116;  140;   13;   80;    1
  242;20201005;  170;  105;  108;  140;    4;   60;   20
  242;20201006;  247;   71;   85;  130;    3;   50;   12
  242;20201007;  278;  103;  105;  130;   12;   60;    1
  242;20201008;  259;   69;  108;  160;   13;   60;    4
  242;20201009;  260;   72;   80;  110;   15;   40;    4
  242;20201010;  283;   84;   90;  130;    5;   20;   19
  242;20201011;  326;  105;  108;  120;    6;   90;    2
  242;20201012;  281;   33;   60;  100;    1;   30;   21
  242;20201013;  135;   59;   73;   90;    2;   50;   16
  242;20201014;   53;   73;   75;  110;   11;   30;    7
  242;20201015;   52;   60;   62;   90;    2;   40;   17
  242;20201016;   84;   13;   25;   40;    1;   10;   19
  242;20201017;  147;   12;   30;   50;    5;   10;   18
  242;20201018;  316;   53;   55;   80;    4;   30;   13
  242;20201019;  183;   56;   62;   80;   13;   20;    1
  242;20201020;  179;   81;   86;  110;    4;   70;   14
  242;20201021;  200;   81;  103;  190;   17;   40;    3
  242;20201022;  233;  106;  113;  130;    7;   90;    1
  242;20201023;  217;   65;   75;  110;   15;   40;    5
  242;20201024;  204;   92;  102;  160;   24;   70;    2
  242;20201025;  202;   96;  100;  160;    1;   70;   13
  242;20201026;  203;   87;   91;  120;   13;   70;    2
  242;20201027;  211;   96;  109;  140;   20;   90;    1
  242;20201028;  226;   99;  111;  140;   11;   70;   20
  242;20201029;  248;  102;  115;  140;    4;   70;   16
  242;20201030;  235;  103;  103;  130;    3;   40;   24
  242;20201031;  198;   71;   85;  120;   20;   40;    1
  242;20201101;  206;  119;  123;  200;   24;   60;    4
  242;20201102;  230;  153;  164;  190;    1;  100;   15
  242;20201103;  246;  105;  123;  170;    1;   70;   10
  242;20201104;  290;   75;   76;  120;    1;   50;   20
  242;20201105;  270;   62;   64;   80;   10;   40;   22
  242;20201106;  148;   33;   43;   70;   21;   30;    3
  242;20201107;  128;   29;   37;   70;    1;   20;    8
  242;20201108;  113;   45;   49;   60;    5;   40;    1
  242;20201109;  125;   39;   39;   50;   10;   30;    4
  242;20201110;  132;   48;   50;   60;    7;   40;   15
  242;20201111;  160;   55;   57;  100;   24;   30;    2
  242;20201112;  217;   63;   85;  100;    1;   50;   23
  242;20201113;  205;   57;   70;   90;   10;   40;   22
  242;20201114;  177;   65;   66;  100;   24;   30;    1
  242;20201115;  193;  106;  114;  140;   14;   90;    4
  242;20201116;  251;  122;  127;  170;    2;   90;   20
  242;20201117;  227;  105;  106;  120;    3;   90;   17
  242;20201118;  212;  104;  117;  160;   20;   90;    2
  242;20201119;  298;  113;  134;  160;    1;  100;   20
  242;20201120;  257;   62;   88;  120;   22;   60;   11
  242;20201121;  240;  122;  127;  150;   10;  110;    4
  242;20201122;  279;   96;   98;  120;    1;   80;   15
  242;20201123;  258;   82;   91;  110;    2;   70;    9
  242;20201124;  198;   78;   81;  100;    4;   60;   19
  242;20201125;  193;   67;   71;   80;    1;   50;   13
  242;20201126;  304;   31;   35;   70;    2;   10;   17
  242;20201127;  141;   24;   30;   60;   22;   10;    1
  242;20201128;  106;   56;   58;   70;   11;   40;    5
  242;20201129;  124;   42;   48;   60;    1;   30;   16
  242;20201130;  251;   59;   93;  120;   17;   50;    1
  242;20201201;    5;   89;  100;  140;    5;   30;   22
  242;20201202;  163;   41;   50;   80;   20;   30;    1
  242;20201203;  173;   80;   91;  150;   23;   50;    3
  242;20201204;  151;  112;  116;  150;    7;   70;   24
  242;20201205;  158;   46;   49;   70;    1;   30;    5
  242;20201206;   42;   30;   44;   80;   23;   20;   14
  242;20201207;  274;   58;   93;  120;   13;   60;   24
  242;20201208;  143;   37;   38;   60;    7;   30;   11
  242;20201209;  157;   63;   64;  100;   19;   30;    1
  242;20201210;  141;   78;   79;  100;   21;   60;   12
  242;20201211;  129;   98;  100;  120;    7;   70;   24
  242;20201212;  113;   39;   42;   80;    3;   10;   17
  242;20201213;  168;   58;   63;  120;   21;   20;    4
  242;20201214;  182;   84;   87;  120;   11;   60;   18
  242;20201215;  193;   54;   56;   70;    6;   40;   11
  242;20201216;  158;   78;   79;  100;    8;   50;    2
  242;20201217;  210;   75;   77;  100;   22;   50;    6
  242;20201218;  185;   84;   86;  120;   11;   60;   20
  242;20201219;  179;   92;   95;  110;    8;   70;   24
  242;20201220;  201;   83;   86;  100;    5;   70;    1
  242;20201221;  181;   82;   92;  130;   22;   50;    3
  242;20201222;  264;   51;   66;  120;    3;   10;   20
  242;20201223;   72;   74;   77;  100;   12;   20;    1
  242;20201224;    5;   84;   93;  120;    6;   30;    4
  242;20201225;  342;   75;   83;  110;    2;   50;   23
  242;20201226;  225;  118;  127;  180;   23;   80;    2
  242;20201227;  197;  118;  121;  210;    3;   20;   23
  242;20201228;  141;   48;   57;   80;   10;   30;   23
  242;20201229;  300;   27;   44;   70;   19;   10;    4
  242;20201230;  274;   64;   67;   90;   17;   50;    2
  242;20201231;  301;   31;   46;   80;    2;   20;    7
  242;20210101;  295;   34;   41;   70;    1;   10;   23
  242;20210102;    7;   19;   33;   70;    4;   10;   10
  242;20210103;   68;   55;   59;  100;   24;   20;    1
  242;20210104;   62;   98;   98;  110;    1;   70;   18
  242;20210105;   69;   92;   93;  110;   14;   80;   22
  242;20210106;   32;   45;   51;   80;    1;   20;    7
  242;20210107;  356;   69;   73;  120;    9;   50;   20
  242;20210108;   13;   21;   30;   60;    2;   10;   10
  242;20210109;  322;   74;   76;  100;   14;   60;    1
  242;20210110;  258;   78;   79;   90;    3;   60;    7
  242;20210111;  248;  124;  124;  150;   18;   90;    1
  242;20210112;  319;   99;  107;  120;    1;   60;    5
  242;20210113;  313;  102;  116;  140;    2;   80;   22
  242;20210114;   87;   54;   59;   80;   19;   30;    5
  242;20210115;  109;    7;   22;   50;    9;   10;    2
  242;20210116;  184;   71;   73;  100;   11;   20;    1
  242;20210117;  298;   54;   68;   80;    1;   40;    4
  242;20210118;  258;   95;   98;  120;   11;   70;    2
  242;20210119;  221;  119;  123;  160;   21;   80;    9
  242;20210120;  200;  136;  140;  170;    2;  100;   17
  242;20210121;  213;  139;  148;  200;    6;   70;   22
  242;20210122;  256;  101;  106;  150;   11;   40;   22
  242;20210123;  227;   38;   55;  110;   11;   20;   18
  242;20210124;  245;   20;   36;   60;    4;   20;    1
  242;20210125;  282;   69;   79;  160;   21;   20;    1
  242;20210126;  288;   42;   66;  130;    1;   40;    8
  242;20210127;  254;   49;   73;  100;    1;   30;   23
  242;20210128;  115;   63;   67;  120;   23;   10;    1
  242;20210129;   63;    8;   94;  140;   11;   60;   23
  242;20210130;   84;   66;   68;   90;   10;   40;   22
  242;20210131;  104;   51;   53;  100;   20;   20;    5
  242;20210201;   64;   47;   53;   80;    1;   20;   23
  242;20210202;  106;   62;   68;  100;   23;   10;    1
  242;20210203;  224;   41;   58;  100;    4;   20;   13
  242;20210204;   84;   56;   57;  100;   23;   20;    7
  242;20210205;   95;   77;   78;  100;    2;   60;   15
  242;20210206;   82;  131;  133;  170;   19;   90;    1
  242;20210207;   71;  186;  186;  200;    8;  170;    1
  242;20210208;   78;  139;  140;  190;    1;   80;   24
  242;20210209;   75;   60;   60;   90;    5;   30;   23
  242;20210210;   76;   22;   25;   50;    1;   10;    9
  242;20210211;  150;   16;   24;   70;   23;   10;    1
  242;20210212;   97;   83;   84;  100;   21;   60;    1
  242;20210213;  126;   85;   86;  110;   23;   70;    9
  242;20210214;  151;  101;  102;  120;   19;   90;    1
  242;20210215;  190;   57;   64;  110;    1;   40;    8
  242;20210216;  196;   74;   79;  110;   13;   50;    1
  242;20210217;  212;   96;  100;  140;   13;   70;    5
  242;20210218;  177;   72;   87;  120;   10;   50;    3
  242;20210219;  194;   65;   70;   90;    1;   50;   18
  242;20210220;  158;   81;   82;  110;   15;   60;    2
  242;20210221;  160;   50;   53;   70;    1;   40;   14
  242;20210222;  195;   59;   64;  100;   15;   40;   24
  242;20210223;  199;   75;   78;  130;   24;   30;    3
  242;20210224;  198;   94;   95;  130;    1;   60;   19
  242;20210225;  238;   58;   66;  110;    6;   30;   21
  242;20210226;  298;   49;   50;   60;    6;   40;    1
  242;20210227;  281;   22;   26;   40;    1;   10;   23
  242;20210228;   47;   18;   21;   40;   20;    0;    5
  242;20210301;   95;   61;   63;   80;   18;   40;    1
  242;20210302;   89;   50;   51;   70;    1;   40;   13
  242;20210303;  309;   34;   40;   50;    5;   20;    3
  242;20210304;   14;   58;   64;  100;   19;   30;    1
  242;20210305;   22;   45;   49;  100;    1;   30;    7
  242;20210306;  307;   37;   39;   50;    8;   10;    3
  242;20210307;  294;   66;   68;   80;   12;   50;    1
  242;20210308;  212;   37;   53;   70;   16;   20;    5
  242;20210309;  343;   30;   45;   70;    4;   10;   20
  242;20210310;  190;  107;  110;  180;   23;   40;    1
  242;20210311;  230;  148;  157;  210;   11;   90;   18
  242;20210312;  237;  119;  123;  160;   15;   70;   22
  242;20210313;  251;  139;  157;  200;   13;  110;    1
  242;20210314;  280;   90;   91;  110;    1;   70;   23
  242;20210315;  319;  107;  109;  130;    8;   80;    1
  242;20210316;  323;   58;   60;  100;    1;   20;   19
  242;20210317;  356;   72;   74;   90;    1;   50;   22
  242;20210318;    4;   52;   58;  100;   20;   20;    5
  242;20210319;   35;   56;   59;   80;   16;   30;   24
  242;20210320;  282;   54;   56;   90;   23;   10;    2
  242;20210321;  338;   91;   93;  110;    6;   80;    1
  242;20210322;  301;   37;   54;   90;    4;   30;   16
  242;20210323;  222;   54;   57;   80;   11;   30;    7
  242;20210324;  222;   70;   71;  110;   14;   40;   22
  242;20210325;  214;   69;   71;  100;   13;   40;    3
  242;20210326;  207;   96;  102;  140;   13;   60;   20
  242;20210327;  255;  103;  111;  140;    6;   70;   21
  242;20210328;  221;  139;  140;  160;    9;  100;    1
  242;20210329;  225;  119;  120;  150;    4;   80;   21
  242;20210330;  219;   42;   50;   80;    1;   20;   19
  242;20210331;  190;   14;   33;   50;    3;   20;    7
  242;20210401;   17;   81;   83;  110;    5;   30;    1
  242;20210402;  354;   89;   91;  110;   15;   70;    6
  242;20210403;  360;   78;   78;  100;    1;   60;   24
  242;20210404;  260;   68;   88;  140;   20;   50;    4
  242;20210405;  321;  149;  156;  190;   20;  130;    1
  242;20210406;  320;  126;  129;  140;    1;  110;   24
  242;20210407;  314;  126;  133;  170;    7;  100;   23
  242;20210408;  237;  103;  116;  150;   14;   60;    3
  242;20210409;  261;   56;   74;  120;    1;   30;   24
  242;20210410;   55;   66;   70;  120;   24;   30;    6
  242;20210411;  352;   79;   87;  130;    3;   60;   18
  242;20210412;  293;   86;   88;  100;   10;   60;    1
  242;20210413;  307;   65;   67;  100;    7;   30;   24
  242;20210414;  358;   53;   55;   80;   19;   40;    1
  242;20210415;   35;   49;   51;   70;    1;   30;    5
  242;20210416;   23;   74;   74;   90;   15;   60;    1
  242;20210417;   10;   63;   63;   70;    1;   40;   24
  242;20210418;   17;   38;   40;   60;   20;   20;    7
  242;20210419;   46;   49;   55;   80;   17;   40;    4
  242;20210420;   26;   24;   31;   40;    1;   10;    7
  242;20210421;    2;   79;   80;  100;    8;   40;    1
  242;20210422;  339;   71;   72;   80;    4;   50;   23
  242;20210423;  347;   35;   38;   60;    1;   20;   23
  242;20210424;   22;   60;   60;   90;   23;   20;    1
  242;20210425;   16;   68;   69;   90;    1;   50;   15
  242;20210426;   33;   46;   50;   70;   12;   30;    2
  242;20210427;   84;   55;   60;  110;   18;   30;   15
  242;20210428;   41;   84;   87;  110;   12;   50;    1
  242;20210429;    2;   89;   92;  120;    3;   50;   23
  242;20210430;  339;   29;   31;   60;    2;   10;   22
  242;20210501;  341;   47;   50;  100;   23;   10;    5
  242;20210502;  311;   71;   77;   90;    1;   50;   19
  242;20210503;  217;   85;   90;  130;   24;   50;    1
  242;20210504;  250;  151;  167;  190;   16;  140;   10
  242;20210505;  288;  135;  136;  160;    2;  100;   20
  242;20210506;  294;   48;   52;   90;    1;   20;   10
  242;20210507;  279;   58;   63;   80;   11;   30;   24
  242;20210508;  177;   85;   93;  150;   15;   30;    1
  242;20210509;  173;   46;   56;   90;   11;   30;   19
  242;20210510;  206;   72;   87;  150;   13;   20;    1
  242;20210511;   64;   27;   45;   70;   14;   10;    3
  242;20210512;  247;   36;   48;   90;    8;   10;    2
  242;20210513;   44;   49;   54;   90;   18;   30;    1
  242;20210514;  344;   29;   33;   50;    2;   10;   24
  242;20210515;   20;   18;   31;   60;   15;   10;    6
  242;20210516;  248;   35;   38;   70;    9;   10;    1
  242;20210517;  303;   29;   42;   70;   21;   10;    5
  242;20210518;  268;   44;   47;   60;    1;   30;    8
  242;20210519;  290;   30;   38;   70;   24;   20;    6
  242;20210520;  219;   54;   70;  110;   22;   30;    8
  242;20210521;  212;  156;  157;  180;   12;  100;    1
  242;20210522;  257;  118;  128;  170;    3;   80;   22
  242;20210523;  221;   62;   76;  120;   15;   40;    6
  242;20210524;  196;   57;   63;  100;    6;   10;   19
  242;20210525;  284;   56;   64;   90;   12;   20;    8
  242;20210526;  282;   92;   96;  130;   13;   60;    1
  242;20210527;  326;   88;   93;  120;    1;   40;   23
  242;20210528;  327;   21;   31;   50;   20;   20;    2
  242;20210529;   16;   39;   42;   70;   23;   10;    5
  242;20210530;   42;   49;   51;   80;   15;   30;    9
  242;20210531;   59;   48;   53;   80;   16;   30;    4
  242;20210601;   77;   67;   70;  110;   17;   40;   12
  242;20210602;   69;   69;   70;  100;   15;   40;    4
  242;20210603;  235;   34;   47;   70;   12;   20;    5
  242;20210604;  337;   28;   43;   70;    3;   20;    7
  242;20210605;  334;   64;   66;   80;   14;   30;    2
  242;20210606;  337;   50;   51;   70;    1;   30;   19
  242;20210607;    4;   30;   35;   50;   18;   20;    4
  242;20210608;   82;   21;   31;   40;    2;   20;   10
  242;20210609;  247;   27;   33;   60;   15;    0;    5
  242;20210610;  238;   35;   40;   70;   15;   20;   19
  242;20210611;  229;   76;   77;  100;   10;   40;    1
  242;20210612;  305;   65;   68;  100;   13;   50;    3
  242;20210613;  260;   39;   44;   60;    2;   30;    6
  242;20210614;  256;   31;   56;  100;   10;   30;    1
  242;20210615;    7;   24;   35;   50;   23;   20;   12
  242;20210616;  114;   47;   53;   80;   18;   40;   12
  242;20210617;  235;   17;   57;   90;   15;   30;   11
  242;20210618;   73;   50;   70;  120;   15;   30;    4
  242;20210619;  278;   12;   73;  120;    8;   40;   15
  242;20210620;   13;   67;   71;  130;    6;   40;   11
  242;20210621;   27;   94;   96;  120;    8;   70;   21
  242;20210622;    7;   71;   71;   90;    8;   60;    6
  242;20210623;   11;   44;   45;   60;    2;   40;   10
  242;20210624;  347;   14;   25;   40;   14;   10;    6
  242;20210625;  210;   56;   58;   80;   13;   30;   23
  242;20210626;   32;   31;   41;   80;   16;   10;    6
  242;20210627;   54;   78;   80;  110;   11;   40;    2
  242;20210628;   47;   68;   70;   90;   13;   60;    3
  242;20210629;   18;   89;   91;  150;   14;   70;   11
  242;20210630;  343;   66;   70;   90;    1;   50;   11
  242;20210701;  293;   50;   54;   70;    9;   30;   20
  242;20210702;  307;   22;   26;   40;    1;   10;    3
  242;20210703;  108;   35;   49;   80;   17;   20;    1
  242;20210704;  240;   26;   33;   60;   10;   10;   18
  242;20210705;  216;   60;   68;   90;    4;   30;    1
  242;20210706;  201;  116;  125;  170;   14;   90;    1
  242;20210707;  216;   88;   90;  130;    1;   50;   21
  242;20210708;  230;   47;   50;   80;    9;   20;   21
  242;20210709;  266;   22;   29;   50;   16;   10;   22
  242;20210710;   49;   24;   33;   60;   14;   10;    1
  242;20210711;   77;   30;   49;   80;   13;   10;   22
  242;20210712;   24;   37;   44;   70;   14;    0;    6
  242;20210713;  354;   70;   71;   90;   18;   60;    6
  242;20210714;  346;   87;   88;  110;   19;   70;    4
  242;20210715;    1;  104;  105;  120;    5;   80;   24
  242;20210716;  357;   79;   80;   90;    3;   70;   10
  242;20210717;  336;   49;   55;   70;    1;   40;    8
  242;20210718;  329;   37;   49;   70;   10;   20;   24
  242;20210719;   10;   41;   42;   60;   10;   20;    2
  242;20210720;   10;   21;   28;   40;   13;   10;    6
  242;20210721;  334;   19;   34;   50;   20;   10;    1
  242;20210722;    2;   43;   43;   60;   24;   30;    2
  242;20210723;   18;   34;   38;   50;    1;   10;    7
  242;20210724;   75;   64;   67;  100;    7;   30;   22
  242;20210725;  283;   22;   35;   80;    4;   10;    2
  242;20210726;  267;    4;   34;   90;   24;   20;    1
  242;20210727;  220;   61;   66;  100;   15;   50;    4
  242;20210728;  223;  109;  112;  140;   18;   60;    1
  242;20210729;  240;  128;  129;  150;    7;  100;   23
  242;20210730;  208;   62;   69;  120;   24;   40;    6
  242;20210731;  274;  102;  104;  130;    1;   50;   24
  242;20210801;  317;   57;   58;   80;   19;   20;    4
  242;20210802;  316;   57;   57;   80;    2;   10;   23
  242;20210803;   44;   29;   34;   50;    4;   10;    2
  242;20210804;   84;   47;   50;   70;   17;   30;    4
  242;20210805;  124;   46;   48;   80;   23;   30;    8
  242;20210806;  200;   88;   97;  140;   16;   70;    2
  242;20210807;  192;   56;   63;  100;    1;   30;   14
  242;20210808;  229;  116;  120;  160;   15;   50;    3
  242;20210809;  225;   83;   87;  130;   16;   60;    2
  242;20210810;  248;   62;   63;   80;    1;   30;   23
  242;20210811;  217;   51;   54;   80;   11;   40;    1
  242;20210812;  218;   55;   58;   80;    9;   40;    1
  242;20210813;  233;   85;   88;  120;   12;   50;    1
  242;20210814;  249;   78;   79;  100;   10;   50;   23
  242;20210815;  239;   52;   63;  110;   13;   20;    3
  242;20210816;  300;  130;  133;  170;   17;   80;    1
  242;20210817;  289;   84;   87;  140;    1;   50;   20
  242;20210818;  271;   89;   91;  100;    9;   60;    1
  242;20210819;  273;   44;   47;   80;    4;   10;   14
  242;20210820;  265;   13;   25;   70;    1;   10;   17
  242;20210821;  112;   27;   32;   60;   22;   10;    2
  242;20210822;   28;   66;   76;  110;   18;   10;    4
  242;20210823;   27;   90;   90;  100;    1;   80;   20
  242;20210824;   30;   56;   58;   90;    1;   30;   24
  242;20210825;  336;   67;   72;  120;   20;   30;    1
  242;20210826;  359;   83;   88;  110;    2;   70;   12
  242;20210827;    3;   96;   98;  110;    5;   80;    1
  242;20210828;   17;  104;  105;  120;    8;   90;   23
  242;20210829;    7;   91;   94;  110;    7;   80;   19
  242;20210830;   13;   82;   83;   90;    7;   70;    1
  242;20210831;    3;   75;   76;   90;    4;   60;   15
  242;20210901;  359;   50;   50;   70;    1;   30;   18
  242;20210902;    8;   14;   25;   50;    1;   10;   10
  242;20210903;   44;   40;   43;   60;   16;   10;    4
  242;20210904;   65;   51;   53;   70;   13;   40;    2
  242;20210905;   82;   45;   46;   60;   16;   30;    7
  242;20210906;  142;   24;   25;   40;    1;   20;    5
  242;20210907;  157;   25;   29;   40;   15;   10;   19
  242;20210908;  107;   43;   44;   60;    9;   20;    4
  242;20210909;  165;   32;   50;   80;   15;   40;    3
  242;20210910;  212;   48;   51;   80;   15;   30;    4
  242;20210911;  239;   69;   72;   80;    3;   50;   24
  242;20210912;  302;   55;   61;   80;   16;   30;    3
  242;20210913;   30;   28;   35;   50;    1;   20;   11
  242;20210914;   87;   59;   61;   70;    6;   40;   22
  242;20210915;  280;   58;   74;  100;   14;   40;    2
  242;20210916;  298;   69;   71;  100;    1;   20;   24
  242;20210917;  193;   12;   25;   40;    9;   10;    3
  242;20210918;  121;   41;   44;   70;   22;   20;    1
  242;20210919;  113;   73;   74;  100;   22;   60;    2
  242;20210920;   96;   31;   40;   70;    1;   20;   11
  242;20210921;  260;   50;   57;   80;   10;   30;    1
  242;20210922;  244;   82;   84;  100;   15;   60;    1
  242;20210923;  273;   99;  108;  140;    9;   60;   21
  242;20210924;  244;   95;   96;  120;   11;   70;    1
  242;20210925;  225;   17;   33;   60;    1;   10;   10
  242;20210926;  181;   37;   48;   70;   15;   30;   20
  242;20210927;  217;   62;   87;  140;   14;   40;    1
  242;20210928;  196;   61;   73;  110;   23;   40;   18
  242;20210929;  277;   70;  109;  160;   19;   50;    7
  242;20210930;  234;  104;  124;  140;   20;  110;    7
  242;20211001;  198;   97;  102;  130;    1;   30;   24
  242;20211002;  172;   84;   93;  160;   20;   40;    1
  242;20211003;  217;   88;   90;  160;    1;   40;    9
  242;20211004;  201;   97;  102;  140;   14;   80;    6
  242;20211005;  178;   88;  104;  140;   10;   70;   17
  242;20211006;  222;   22;   45;  130;    2;   10;   11
  242;20211007;  163;   44;   45;   70;   20;   20;    3
  242;20211008;  118;   31;   38;   60;    1;   20;   14
  242;20211009;  107;   39;   40;   70;    6;   10;   23
  242;20211010;  315;   39;   47;  110;   19;   10;    4
  242;20211011;  317;   92;   94;  120;   19;   80;    1
  242;20211012;  340;   88;   95;  120;    1;   80;    7
  242;20211013;  304;   68;   78;   90;    2;   60;    3
  242;20211014;  264;  104;  105;  130;   22;   60;    1
  242;20211015;  321;   82;   94;  140;    3;   50;   21
  242;20211016;  270;   58;   65;  120;   17;   40;    4
  242;20211017;  216;   76;   80;  110;   14;   50;   22
  242;20211018;  185;   64;   66;   80;   11;   50;    3
  242;20211019;  213;  107;  109;  150;   14;   50;    2
  242;20211020;  228;  123;  128;  160;   13;   40;   24
  242;20211021;  309;  119;  128;  160;   14;   20;    1
  242;20211022;  301;  130;  140;  180;    8;   90;   24
  242;20211023;  220;   37;   64;   90;    1;   30;   10
  242;20211024;  177;   69;   71;   90;   14;   50;   19
  242;20211025;  201;   67;   72;   90;   15;   40;   22
  242;20211026;  233;   87;   89;  120;   20;   40;    4
  242;20211027;  221;  113;  115;  130;   15;   90;   24
  242;20211028;  176;   76;   78;  100;    8;   70;    2
  242;20211029;  178;   92;   95;  120;   19;   70;   24
  242;20211030;  183;   66;   82;  110;    9;   50;    3
  242;20211031;  179;   80;   94;  130;   16;   50;    2
  242;20211101;  195;  111;  113;  140;   11;   70;   22
  242;20211102;  198;   37;   48;   70;    1;   10;   17
  242;20211103;  236;   16;   30;   50;    1;   10;   16
  242;20211104;  357;   48;   58;  100;   21;   20;    9
  242;20211105;  299;   75;   86;  100;   17;   80;    1
  242;20211106;  248;  124;  126;  170;   19;   90;    1
  242;20211107;  299;  128;  133;  160;    2;   80;   24
  242;20211108;  289;   55;   69;  110;    1;   30;   17
  242;20211109;  199;   81;   82;  100;   11;   60;    1
  242;20211110;  214;   58;   61;   80;    8;   40;   15
  242;20211111;  221;   34;   41;   70;   23;   30;    3
  242;20211112;  182;   82;   83;  100;   18;   60;    1
  242;20211113;  330;   20;   30;   60;    1;   10;    7
  242;20211114;   81;   63;   64;   80;   13;   40;   22
  242;20211115;   92;   40;   41;   60;   20;   30;    5
  242;20211116;  178;   31;   37;   80;   23;   10;    4
  242;20211117;  282;   89;   99;  120;    9;   80;    1
  242;20211118;  259;  102;  103;  120;   10;   90;   18
  242;20211119;  270;   90;   91;  100;    2;   80;   18
  242;20211120;  263;   97;   99;  110;   10;   80;    1
  242;20211121;  354;   97;  106;  120;   10;   80;    2
  242;20211122;    1;   59;   70;   90;    2;   40;    5
  242;20211123;  333;   63;   66;   90;    8;   30;   23
  242;20211124;  218;   44;   51;   60;    9;   30;    1
  242;20211125;  317;   77;   83;  110;    7;   50;    3
  242;20211126;  258;   51;   87;  140;    9;   30;   24
  242;20211127;   33;   39;   47;   90;    7;   20;    1
  242;20211128;    2;   85;   92;  130;   24;   40;    1
  242;20211129;  318;   53;   82;  160;   24;   10;   12
  242;20211130;  284;   90;  106;  160;    1;   30;   19
  242;20211201;  284;  130;  165;  210;   11;  110;   24
  242;20211202;  341;   77;   88;  130;    2;   40;   19
  242;20211203;  242;   96;  101;  160;   10;   40;    1
  242;20211204;  207;   43;   61;   80;   11;   30;   17
  242;20211205;  112;   40;   51;   80;   23;   20;    8
  242;20211206;  168;   65;   80;  130;   21;   30;    5
  242;20211207;  179;   52;  108;  170;   22;   50;   10
  242;20211208;  175;  100;  101;  140;    1;   90;    4
  242;20211209;  180;   75;   76;  100;   24;   50;   19
  242;20211210;  134;   53;   59;  110;    4;   10;   23
  242;20211211;  224;   37;   48;   80;   24;   10;    5
  242;20211212;  221;   74;   78;  110;    3;   50;   16
  242;20211213;  217;   91;   91;  100;    4;   70;    1
  242;20211214;  235;   63;   65;   90;    1;   50;    7
  242;20211215;  249;   72;   73;   90;   14;   60;   18
  242;20211216;  274;   26;   31;   60;    1;   10;   20
  242;20211217;  356;   20;   22;   30;    3;   10;    6
  242;20211218;  328;   38;   42;   70;   24;   20;    1
  242;20211219;  346;   81;   85;  100;    6;   60;   24
  242;20211220;   27;   18;   28;   70;    1;    0;   17
  242;20211221;  191;   46;   46;   60;   21;   20;    1
  242;20211222;  172;   50;   51;   70;   19;   30;    3
  242;20211223;  224;   70;   86;  110;   13;   60;    2
  242;20211224;  343;   29;   91;  120;    4;   40;   13
  242;20211225;   92;  100;  101;  120;    6;   90;   12
  242;20211226;  110;   94;   94;  110;    1;   80;   14
  242;20211227;  133;   67;   68;   90;    1;   50;   11
  242;20211228;  173;   34;   73;   90;   10;   50;   18
  242;20211229;  239;   45;   67;  100;   24;   40;    8
  242;20211230;  228;  110;  110;  130;   19;   80;    3
  242;20211231;  232;  120;  122;  160;    4;   80;   22
  242;20220101;  214;  104;  105;  130;   16;   70;    1
  269;20161231;  207;   52;   53;   60;    8;   30;    3
  269;20170101;  212;   58;   58;   70;    1;   20;   22
  269;20170102;  298;   26;   30;   50;   12;   20;    1
  269;20170103;  256;   60;   61;   80;   16;   40;    1
  269;20170104;  314;   60;   63;   90;   13;   20;   22
  269;20170105;   48;   19;   25;   40;    1;   10;    7
  269;20170106;  176;   28;   31;   50;   19;   10;    1
  269;20170107;  209;   36;   42;   60;    3;   20;   20
  269;20170108;  300;   14;   17;   30;    1;   10;   12
  269;20170109;  185;   47;   47;   70;   18;   10;    2
  269;20170110;  211;   39;   40;   70;    1;   30;    4
  269;20170111;  255;   78;   90;  110;    8;   60;    1
  269;20170112;  248;   38;   56;   90;    1;   20;   17
  269;20170113;  297;   53;   68;  100;   21;   50;    5
  269;20170114;  303;   46;   50;   70;    1;   20;   10
  269;20170115;  276;   15;   19;   40;    1;   10;   15
  269;20170116;   75;   14;   18;   30;   11;   10;    1
  269;20170117;  119;   13;   16;   20;    1;   10;    4
  269;20170118;  140;   12;   14;   20;    1;   10;    6
  269;20170119;   66;   13;   14;   20;    5;   10;    1
  269;20170120;   59;   22;   23;   30;   13;   10;    9
  269;20170121;   73;   27;   28;   50;   12;   20;    2
  269;20170122;  100;    1;    9;   20;    1;    0;   17
  269;20170123;  187;   21;   21;   40;   15;    0;    2
  269;20170124;  180;   23;   24;   30;    1;   20;    3
  269;20170125;  132;   19;   23;   30;    1;   10;    5
  269;20170126;  113;   30;   31;   50;   14;   20;   17
  269;20170127;  137;   25;   28;   60;   12;   20;    1
  269;20170128;  165;   29;   32;   50;   12;   10;    4
  269;20170129;  197;   48;   49;   70;   10;   30;    5
  269;20170130;  356;    4;   40;   60;    3;   20;   23
  269;20170131;   84;   13;   24;   40;   22;   10;    6
  269;20170201;  140;   37;   39;   50;    5;   20;    3
  269;20170202;  161;   42;   43;   50;    1;   30;   23
  269;20170203;  165;   29;   33;   50;   12;   20;   16
  269;20170204;  125;   14;   31;   50;    2;   20;   10
  269;20170205;  306;    5;   23;   30;    3;   10;    1
  269;20170206;   79;   12;   18;   30;   19;   10;    1
  269;20170207;   81;   50;   50;   60;   11;   40;    1
  269;20170208;   64;   63;   63;   70;    7;   60;    1
  269;20170209;   70;   61;   61;   70;    1;   40;   24
  269;20170210;   68;   48;   48;   60;    3;   40;    1
  269;20170211;   60;   54;   54;   90;   23;   40;    1
  269;20170212;   74;   62;   62;   80;    1;   40;   21
  269;20170213;   79;   52;   53;   70;   15;   40;    3
  269;20170214;   98;   31;   32;   50;    1;    0;   24
  269;20170215;  180;   21;   25;   40;   19;   10;    1
  269;20170216;  231;   47;   48;   60;   10;   40;    2
  269;20170217;  284;   34;   38;   60;    6;   10;   22
  269;20170218;  211;   19;   25;   50;   24;   10;    2
  269;20170219;  231;   43;   46;   70;    9;   30;   17
  269;20170220;  238;   62;   66;   80;    9;   50;    1
  269;20170221;  258;   49;   56;  100;   24;   30;   17
  269;20170222;  252;   80;   82;  110;    2;   50;   21
  269;20170223;  243;   88;  105;  170;   16;   30;    3
  269;20170224;  291;   41;   47;   80;    1;   10;   19
  269;20170225;  209;   69;   70;   90;   15;   40;    1
  269;20170226;  212;   79;   79;   90;    1;   70;   15
  269;20170227;  200;   82;   83;  110;   23;   60;    5
  269;20170228;  219;   77;   78;  100;    3;   50;   18
  269;20170301;  225;   36;   42;   70;   15;   20;    6
  269;20170302;  252;   65;   70;  130;    6;   30;   21
  269;20170303;  157;   33;   38;   50;    1;   20;   22
  269;20170304;  186;   24;   31;   40;    1;   10;   20
  269;20170305;  187;   57;   60;   80;    8;   20;    1
  269;20170306;  346;    5;   23;   40;   16;   10;    6
  269;20170307;  301;   15;   21;   40;   13;    0;   19
  269;20170308;  204;   37;   49;   90;   11;   20;    1
  269;20170309;  272;   34;   50;   90;   15;   20;    1
  269;20170310;  211;    4;   18;   30;    5;   10;    8
  269;20170311;  101;   20;   22;   30;   15;   10;    6
  269;20170312;   97;   29;   31;   50;   11;   20;    1
  269;20170313;  301;   16;   24;   50;   13;   10;    5
  269;20170314;  234;   45;   49;   70;   11;   20;    2
  269;20170315;  287;   17;   23;   40;    1;   10;   19
  269;20170316;  217;   30;   35;   60;   11;   10;    1
  269;20170317;  256;   65;   70;  100;   22;   40;    1
  269;20170318;  267;   54;   59;  110;    1;   10;   21
  269;20170319;  241;   78;   79;  110;   11;   30;    1
  269;20170320;  230;   77;   79;  130;   17;   40;   23
  269;20170321;  244;   50;   56;   90;    9;   30;   23
  269;20170322;  152;   28;   34;   60;   11;   20;    7
  269;20170323;   61;   51;   51;   70;   12;   20;    3
  269;20170324;   59;   56;   57;   80;   15;   40;    1
  269;20170325;   44;   48;   49;   70;   13;   30;    5
  269;20170326;   54;   38;   39;   60;   14;   20;    7
  269;20170327;   85;   24;   27;   50;   13;   10;   19
  269;20170328;  243;   25;   30;   60;   15;    0;    3
  269;20170329;  236;   50;   51;   70;    9;   30;    5
  269;20170330;  205;   37;   43;   70;    9;   20;   18
  269;20170331;  204;   34;   42;   70;   14;   20;   19
  269;20170401;  213;   10;   20;   40;   13;    0;   19
  269;20170402;  303;   14;   31;   50;   13;   10;    3
  269;20170403;   47;    7;   16;   20;    1;   10;    6
  269;20170404;  354;   11;   16;   50;   19;    0;    1
  269;20170405;  324;   46;   48;   60;   11;   20;    1
  269;20170406;  331;   33;   40;   60;    1;   20;   20
  269;20170407;  284;   40;   42;   60;   12;   20;   21
  269;20170408;  282;    9;   18;   30;    9;   10;   15
  269;20170409;  188;   19;   23;   50;   16;   10;    1
  269;20170410;  310;   51;   53;   70;   14;   30;   23
  269;20170411;  261;   43;   48;   70;   11;   20;    1
  269;20170412;  256;   57;   59;   80;   10;   30;   23
  269;20170413;  285;   46;   49;   70;   14;   30;    1
  269;20170414;  242;   41;   44;   70;   15;   30;    1
  269;20170415;  279;   61;   65;   80;    9;   30;   22
  269;20170416;  283;   39;   41;   80;   12;   20;    6
  269;20170417;  341;   45;   48;   80;   13;    0;    4
  269;20170418;   23;   33;   38;   80;   18;   10;    4
  269;20170419;   40;   22;   24;   40;   10;   10;    6
  269;20170420;  261;   24;   28;   50;   14;    0;    1
  269;20170421;  266;   42;   50;   80;   13;   30;    2
  269;20170422;  325;   49;   51;   70;   13;   20;    1
  269;20170423;  309;   27;   35;   60;    8;   10;   18
  269;20170424;  242;   51;   55;   90;    8;   30;   20
  269;20170425;  283;   46;   52;   80;    8;   20;   22
  269;20170426;  334;   23;   28;   60;   16;    0;   23
  269;20170427;  256;   35;   39;   70;   15;   10;    5
  269;20170428;  290;   26;   33;   50;   14;   20;    4
  269;20170429;    4;    9;   28;   40;   16;   20;    1
  269;20170430;  102;   56;   58;   80;   12;   20;    2
  269;20170501;  113;   27;   30;   70;    1;   10;   19
  269;20170502;   41;   29;   32;   70;   14;    0;    1
  269;20170503;   59;   39;   43;   60;    8;   20;   19
  269;20170504;   50;   71;   71;   90;   12;   40;    1
  269;20170505;   56;   49;   51;   80;    6;   30;   20
  269;20170506;   63;   49;   50;   70;   10;   30;    1
  269;20170507;  344;   37;   41;   60;   17;   20;    4
  269;20170508;  355;   42;   48;   80;   14;   20;   24
  269;20170509;  354;   22;   24;   40;    8;    0;    5
  269;20170510;   34;   10;   22;   40;   17;   10;    1
  269;20170511;   93;   31;   35;   50;    9;   20;    4
  269;20170512;  186;   23;   30;   50;   11;   10;   16
  269;20170513;  221;   27;   33;   50;   13;   20;    1
  269;20170514;  220;   28;   34;   70;   11;   10;   16
  269;20170515;  207;   31;   34;   60;   12;   10;    1
  269;20170516;  216;   29;   33;   60;   13;    0;   24
  269;20170517;  147;   25;   33;   60;   13;   10;    1
  269;20170518;  339;    8;   40;   60;   20;   20;   12
  269;20170519;  216;   40;   55;   90;    6;   20;   21
  269;20170520;  204;   31;   35;   60;    9;   20;    1
  269;20170521;   42;    1;   28;   40;    9;   10;    2
  269;20170522;  129;   13;   24;   40;   13;   10;   20
  269;20170523;  285;   35;   40;   70;   11;   10;    1
  269;20170524;  311;   24;   31;   60;   13;    0;    3
  269;20170525;   16;   23;   26;   50;   18;    0;    2
  269;20170526;   77;   36;   36;   60;   17;   10;    5
  269;20170527;  159;   26;   41;   70;   14;   10;   21
  269;20170528;  296;   17;   33;   50;   16;   20;    1
  269;20170529;   57;    7;   34;   60;    7;   10;   19
  269;20170530;  245;   51;   53;   70;    9;   30;    1
  269;20170531;  333;   20;   34;   50;   15;   20;    5
  269;20170601;   40;   16;   20;   30;    7;   10;    1
  269;20170602;   18;   24;   26;   50;   15;   10;    1
  269;20170603;  286;   26;   28;   70;   15;    0;    6
  269;20170604;  263;   40;   44;   80;   12;   20;    1
  269;20170605;  198;   43;   46;   80;   12;   20;    1
  269;20170606;  195;   72;   79;  120;   13;   40;    1
  269;20170607;  237;   85;   88;  100;    7;   70;    1
  269;20170608;  214;   45;   50;   80;    9;   10;   20
  269;20170609;  241;   36;   47;   80;   13;   10;    1
  269;20170610;  209;   33;   36;   60;   11;   10;   23
  269;20170611;  224;   39;   45;   80;   14;   20;    1
  269;20170612;  256;   65;   65;   80;    8;   30;   24
  269;20170613;  291;   32;   37;   60;   11;   10;   21
  269;20170614;   73;   20;   22;   40;   16;    0;    3
  269;20170615;  251;   26;   43;   80;   13;   20;    1
  269;20170616;  283;   48;   50;   70;   12;   30;    1
  269;20170617;  278;   26;   30;   60;   16;    0;   22
  269;20170618;   34;   14;   19;   30;   14;    0;    1
  269;20170619;   22;   15;   22;   40;   17;   10;    1
  269;20170620;   41;   46;   46;   70;   17;   20;    1
  269;20170621;   70;   35;   37;   50;    6;   20;   22
  269;20170622;  256;   43;   54;   90;   21;   20;    1
  269;20170623;  256;   58;   60;   80;   14;   40;    2
  269;20170624;  229;   55;   57;   70;    7;   50;    1
  269;20170625;  252;   45;   47;   70;   12;   30;   18
  269;20170626;  333;   27;   35;   50;    9;   20;   23
  269;20170627;   72;   41;   42;   60;    9;   20;    1
  269;20170628;  138;   15;   32;   60;    1;   10;   23
  269;20170629;  220;   12;   23;   50;   13;   10;    1
  269;20170630;  250;   27;   32;   50;   12;   10;    3
  269;20170701;  324;   33;   41;   60;   12;   20;   22
  269;20170702;  280;   36;   43;   70;   14;   20;   21
  269;20170703;  232;   48;   55;   90;    9;   20;    2
  269;20170704;   45;   18;   21;   30;    6;   10;    3
  269;20170705;  354;   15;   23;   40;   15;    0;   22
  269;20170706;   89;   15;   27;   50;   23;   20;    2
  269;20170707;  259;   20;   29;   60;   14;   10;    4
  269;20170708;  344;   17;   25;   50;   15;   10;    1
  269;20170709;   35;   15;   18;   40;   18;    0;    2
  269;20170710;  298;    7;   29;   50;   16;   10;    5
  269;20170711;  235;   37;   42;   60;    8;   20;    1
  269;20170712;  348;   25;   44;   80;   14;   10;   24
  269;20170713;   33;    6;   16;   20;    9;   10;    1
  269;20170714;  277;   31;   43;   70;   15;    0;    3
  269;20170715;  264;   29;   34;   50;    1;   20;   12
  269;20170716;  249;   32;   40;   60;   13;   10;   24
  269;20170717;   11;   14;   19;   40;   17;    0;    6
  269;20170718;   68;   39;   39;   60;   16;   10;    2
  269;20170719;  127;   22;   38;   60;   11;   10;   23
  269;20170720;  229;   33;   41;   80;   18;   20;    1
  269;20170721;  151;   18;   30;   40;    7;   10;   18
  269;20170722;  172;   18;   31;   60;   11;   10;   19
  269;20170723;  200;   41;   43;   70;   11;   20;    1
  269;20170724;   11;    9;   26;   50;   17;   10;    4
  269;20170725;  339;   46;   48;   80;   12;   20;    2
  269;20170726;  251;   18;   35;   60;   21;   20;    5
  269;20170727;  244;   43;   45;   70;   16;   30;   20
  269;20170728;  222;   66;   70;   90;    9;   40;   24
  269;20170729;  209;   40;   52;   80;    7;   10;   18
  269;20170730;  228;   44;   53;   90;   11;   20;    1
  269;20170731;  215;   24;   31;   60;   10;    0;   23
  269;20170801;  253;   12;   15;   40;   11;    0;    1
  269;20170802;  200;   34;   38;   80;   18;   20;    1
  269;20170803;  226;   79;   83;  140;   18;   30;    6
  269;20170804;  227;   64;   66;  100;   11;   30;   22
  269;20170805;  264;   28;   35;   60;   14;   10;    6
  269;20170806;  251;   24;   31;   50;    9;   10;   20
  269;20170807;  219;   16;   29;   70;   11;   10;    1
  269;20170808;  184;    4;   35;   60;   20;   10;   13
  269;20170809;  218;   34;   43;   70;    7;   10;   20
  269;20170810;    8;   24;   24;   50;   14;    0;    1
  269;20170811;  280;   17;   24;   40;   13;    0;    6
  269;20170812;  250;   34;   41;   60;   12;   20;   21
  269;20170813;   42;   12;   21;   30;    9;   10;    1
  269;20170814;   99;   25;   27;   40;    8;   10;    6
  269;20170815;  249;    9;   20;   30;    8;   10;    2
  269;20170816;  174;   17;   20;   40;   13;   10;    1
  269;20170817;  194;   38;   42;   70;   12;   10;    2
  269;20170818;  218;   45;   48;   70;   11;   30;   21
  269;20170819;  234;   52;   57;   80;   14;   30;   21
  269;20170820;  249;   43;   48;   80;   14;   20;   20
  269;20170821;   62;    4;   17;   30;   14;    0;    3
  269;20170822;   71;   28;   28;   60;   17;   20;    1
  269;20170823;  113;   17;   30;   40;    9;   20;    1
  269;20170824;  258;   31;   34;   60;   12;   10;   23
  269;20170825;  107;    6;   20;   30;   10;   10;    1
  269;20170826;  357;   12;   19;   30;    1;   10;    6
  269;20170827;  313;    8;   14;   30;   15;    0;    7
  269;20170828;   13;    4;   13;   30;   14;    0;    4
  269;20170829;  263;    7;   26;   60;   13;   10;    1
  269;20170830;   21;   28;   40;   80;   20;   10;   13
  269;20170831;  295;   29;   33;   50;    5;    0;   24
  269;20170901;   26;   15;   18;   40;   16;    0;    1
  269;20170902;  351;   15;   16;   40;   14;    0;    5
  269;20170903;  166;   10;   15;   30;   11;    0;    1
  269;20170904;  179;   24;   28;   50;   12;   10;    1
  269;20170905;  203;   36;   39;   80;   11;   20;   18
  269;20170906;  270;   47;   54;   80;    6;   30;    1
  269;20170907;  227;   40;   44;   60;   12;   30;    1
  269;20170908;  212;   61;   64;   90;    5;   30;   22
  269;20170909;  223;   33;   37;   60;   12;   20;    6
  269;20170910;  192;   62;   63;   90;   13;   20;    1
  269;20170911;  205;   86;   86;  110;   10;   70;    6
  269;20170912;  226;   58;   63;   90;   12;   40;   19
  269;20170913;  230;   85;   94;  130;    6;   50;   20
  269;20170914;  244;   48;   55;   90;   10;   30;   20
  269;20170915;  234;   43;   45;   70;   16;   30;    1
  269;20170916;  215;   32;   34;   50;    9;   10;   23
  269;20170917;  214;    6;   18;   40;   13;    0;    4
  269;20170918;  210;   19;   25;   40;   10;   10;    1
  269;20170919;  290;   12;   20;   40;   23;   10;    1
  269;20170920;  212;   29;   33;   50;   11;   20;   18
  269;20170921;  169;   25;   28;   50;   12;   10;   21
  269;20170922;  276;   10;   15;   30;   13;    0;    3
  269;20170923;   38;    8;   13;   30;   24;    0;    6
  269;20170924;   70;   23;   24;   40;   16;   10;    3
  269;20170925;   66;   28;   30;   50;   10;   10;    3
  269;20170926;   66;   26;   26;   40;    9;   10;    6
  269;20170927;   87;   29;   30;   40;    8;   20;    1
  269;20170928;  124;   21;   23;   40;   13;   10;   21
  269;20170929;  173;   26;   31;   50;   19;   20;    1
  269;20170930;  229;   12;   20;   40;   12;   10;    5
  269;20171001;  183;   54;   55;   90;   24;   20;    1
  269;20171002;  237;   64;   69;   90;    2;   40;   23
  269;20171003;  266;   47;   50;   70;   11;   30;   21
  269;20171004;  241;   57;   59;   80;   11;   30;    2
  269;20171005;  278;   67;   78;  130;    9;   50;   20
  269;20171006;  305;   50;   53;   70;   11;   30;   24
  269;20171007;  238;   55;   60;  100;   10;   30;   23
  269;20171008;  315;   20;   26;   40;    1;   10;    7
  269;20171009;  213;   32;   34;   60;   12;   10;    1
  269;20171010;  227;   54;   55;   70;   11;   30;    5
  269;20171011;  214;   81;   82;   90;   11;   70;    1
  269;20171012;  246;   50;   51;   80;    1;   20;   19
  269;20171013;  218;   55;   56;   80;   13;   40;    1
  269;20171014;  223;   38;   40;   70;   11;   10;   19
  269;20171015;  176;   33;   34;   50;   15;   10;    1
  269;20171016;  190;   38;   40;   60;   20;   20;    5
  269;20171017;  216;   36;   37;   50;    1;   10;   22
  269;20171018;   81;   19;   20;   40;    9;    0;    2
  269;20171019;  151;   27;   28;   50;   13;   10;    1
  269;20171020;  201;   66;   70;  100;   18;   30;    1
  269;20171021;  194;   59;   62;   90;   12;   30;    1
  269;20171022;  227;   62;   67;   90;    2;   50;    9
  269;20171023;  250;   37;   43;   70;   11;   10;   17
  269;20171024;  217;   58;   60;   80;   17;   40;    1
  269;20171025;  239;   47;   50;   80;    6;   10;   22
  269;20171026;  250;   30;   35;   40;    3;   20;   17
  269;20171027;  310;   43;   46;   70;   11;   30;   17
  269;20171028;  272;   75;   76;  110;   22;   40;    1
  269;20171029;  323;   76;   78;  120;    1;   40;   17
  269;20171030;  324;   30;   35;   50;    1;   10;   17
  269;20171031;  216;   47;   48;   70;   11;   30;    1
  269;20171101;  216;   50;   50;   70;   12;   40;    1
  269;20171102;  250;   23;   29;   40;    1;   10;   20
  269;20171103;  188;   24;   26;   40;   12;   10;    1
  269;20171104;  189;   34;   41;   70;   18;   20;    3
  269;20171105;  257;   30;   35;   70;   13;   20;    2
  269;20171106;  311;   12;   18;   30;    1;    0;   17
  269;20171107;   79;   12;   14;   30;   14;    0;    1
  269;20171108;   33;   21;   21;   40;   12;    0;   24
  269;20171109;  219;   41;   42;   70;   17;   10;    1
  269;20171110;  264;   48;   55;   80;   18;   30;    3
  269;20171111;  259;   31;   38;   70;    1;   20;   16
  269;20171112;  291;   17;   33;   60;   18;   20;    6
  269;20171113;  328;   36;   40;   60;   10;   20;   18
  269;20171114;  217;   50;   50;   90;   12;   30;    1
  269;20171115;  197;   34;   35;   50;    1;   20;   13
  269;20171116;  213;   31;   39;   50;    7;   10;   22
  269;20171117;  235;   21;   23;   40;   20;   10;    1
  269;20171118;  261;   48;   53;   90;   13;   30;   21
  269;20171119;  290;   50;   52;   70;   10;   20;   24
  269;20171120;  226;   47;   53;   70;   13;   30;    1
  269;20171121;  232;   57;   59;   90;   23;   30;    5
  269;20171122;  204;   82;   84;  100;    8;   60;   15
  269;20171123;  207;   78;   84;  120;   10;   50;   24
  269;20171124;  222;   25;   29;   60;    1;   10;   20
  269;20171125;  228;   25;   28;   50;   21;    0;    1
  269;20171126;  248;   43;   50;   70;    8;   30;   10
  269;20171127;  222;   65;   69;  100;    8;   50;    1
  269;20171128;  240;   54;   55;   70;    2;   30;   23
  269;20171129;  201;   22;   24;   30;    1;   20;    4
  269;20171130;  244;   19;   24;   40;   12;   10;   19
  269;20171201;   27;   10;   16;   50;    7;    0;   19
  269;20171202;  204;   33;   34;   60;   22;   10;    1
  269;20171203;  235;   33;   40;   60;    2;   20;   16
  269;20171204;  269;   35;   37;   50;   13;   30;    1
  269;20171205;  246;   41;   42;   50;   13;   30;    1
  269;20171206;  228;   58;   61;   80;   20;   50;    1
  269;20171207;  214;   84;   90;  120;   13;   40;   20
  269;20171208;  262;   53;   56;   90;   17;   30;   14
  269;20171209;  239;   51;   56;  100;    4;   30;    8
  269;20171210;  132;   18;   57;   80;    1;   30;   24
  269;20171211;   37;   44;   56;   90;   14;   20;    2
  269;20171212;  242;   33;   45;   60;   14;   30;    2
  269;20171213;  200;   67;   75;   90;    7;   60;    1
  269;20171214;  217;   52;   53;   80;    4;   40;   10
  269;20171215;  192;   21;   27;   50;    3;    0;   19
  269;20171216;  287;   27;   29;   50;   14;   20;    1
  269;20171217;  214;   36;   40;   80;   22;   20;    2
  269;20171218;  334;   23;   36;   70;   10;    0;   19
  269;20171219;  234;   22;   23;   40;   11;   10;    1
  269;20171220;  254;   21;   23;   40;   19;   10;    2
  269;20171221;  258;   24;   26;   40;    5;   10;   20
  269;20171222;  268;    4;   15;   30;   24;   10;    1
  269;20171223;  246;   67;   67;   80;   21;   50;    1
  269;20171224;  235;   81;   82;  100;   18;   70;    1
  269;20171225;  205;   80;   83;  100;   11;   70;    1
  269;20171226;  209;   74;   81;  130;    6;   50;   21
  269;20171227;  188;   28;   54;   70;   20;   40;   15
  269;20171228;  257;   53;   56;   80;   11;   40;    3
  269;20171229;  199;   54;   64;   90;   20;   40;    4
  269;20171230;  231;   68;   78;  120;   13;   40;   24
  269;20171231;  222;   77;   79;  130;   12;   30;    4
  269;20180101;  227;   65;   70;  130;    2;   20;   17
  269;20180102;  214;   51;   58;  100;   21;   30;    2
  269;20180103;  252;  109;  116;  160;   11;   90;    5
  269;20180104;  237;   70;   75;  120;   20;   40;   14
  269;20180105;  219;   55;   58;  100;    1;   20;   17
  269;20180106;   40;    6;   38;   70;    1;   10;   11
  269;20180107;   57;   80;   80;   90;   13;   70;    6
  269;20180108;   76;   71;   71;   90;    7;   60;   15
  269;20180109;   98;   30;   33;   50;    1;   20;   14
  269;20180110;  161;   24;   25;   30;    7;   20;    1
  269;20180111;   15;    9;   15;   20;    1;   10;    2
  269;20180112;   47;   13;   19;   30;   11;   10;    4
  269;20180113;   98;   26;   28;   40;   15;   20;    1
  269;20180114;  102;   34;   40;   50;    3;   20;   21
  269;20180115;  201;   74;   81;  120;   17;   40;    3
  269;20180116;  251;   63;   67;   90;   11;   30;    8
  269;20180117;  263;   67;   70;  100;   14;   40;    1
  269;20180118;  251;   65;   84;  190;   10;   10;   23
  269;20180119;  231;   44;   45;   70;   14;   20;    3
  269;20180120;  201;   27;   31;   50;    1;   10;   17
  269;20180121;  226;   14;   32;   50;   23;   10;   10
  269;20180122;  248;   33;   44;   50;    1;   40;    5
  269;20180123;  212;   66;   68;  100;   19;   30;    5
  269;20180124;  212;   92;   95;  120;   12;   50;   21
  269;20180125;  207;   51;   52;   70;    1;   20;   19
  269;20180126;  208;   21;   25;   30;    1;   10;   18
  269;20180127;  212;   63;   65;  110;   19;   10;    1
  269;20180128;  239;   74;   75;  100;    1;   50;    6
  269;20180129;  252;   81;   86;  110;    6;   50;   18
  269;20180130;  222;   34;   38;   60;   13;   20;   21
  269;20180131;  229;   68;   71;  110;    7;   40;   20
  269;20180201;  219;   59;   61;   80;   24;   50;    1
  269;20180202;  320;   33;   41;   60;    1;   10;   23
  269;20180203;   32;    2;   42;   70;   23;   20;    1
  269;20180204;   33;   56;   58;   90;   10;   20;    2
  269;20180205;   64;   54;   56;   70;   14;   40;   23
  269;20180206;   57;   43;   44;   70;   12;   20;   23
  269;20180207;   44;   13;   17;   30;   10;    0;   20
  269;20180208;  178;   28;   28;   40;   14;   10;    2
  269;20180209;  174;   47;   48;   70;   11;   20;   23
  269;20180210;  197;   37;   40;   90;   23;    0;    3
  269;20180211;  235;   62;   74;  100;    2;   30;   23
  269;20180212;  249;   46;   52;   70;   11;   40;    1
  269;20180213;  170;   44;   46;   80;   13;   30;    3
  269;20180214;  151;   48;   49;   70;   21;   30;    1
  269;20180215;  194;   46;   56;   80;    1;   40;   17
  269;20180216;  244;   30;   34;   60;   12;   10;   20
  269;20180217;   82;   15;   17;   30;   15;   10;    1
  269;20180218;  161;   24;   25;   40;   14;   10;    4
  269;20180219;  158;   20;   24;   40;    9;   10;   16
  269;20180220;   44;   25;   26;   50;   16;   10;    2
  269;20180221;   47;   29;   30;   50;   15;   20;    5
  269;20180222;   59;   44;   44;   70;   13;   30;    1
  269;20180223;   68;   51;   53;   80;   14;   30;    2
  269;20180224;   79;   70;   70;   90;   11;   50;    2
  269;20180225;   70;   63;   64;   90;   15;   50;    1
  269;20180226;   54;   57;   59;   80;    9;   40;    4
  269;20180227;   50;   35;   37;   60;    2;   20;    7
  269;20180228;   80;   78;   79;  100;   16;   50;    1
  269;20180301;   83;  107;  107;  120;    8;   80;    1
  269;20180302;   79;   98;   98;  120;    9;   70;   18
  269;20180303;   92;   55;   56;   70;    1;   40;   18
  269;20180304;  114;   34;   42;   90;   24;   30;    2
  269;20180305;  194;   46;   52;   80;    1;   20;   17
  269;20180306;  147;    5;   21;   40;   14;   10;   18
  269;20180307;  113;    5;   23;   50;   23;    0;   18
  269;20180308;  218;   63;   70;  100;   14;   30;    7
  269;20180309;  206;   28;   38;   50;    1;   10;   18
  269;20180310;  183;   38;   41;   70;   11;   20;   24
  269;20180311;  171;   16;   32;   80;   13;   10;   18
  269;20180312;  177;   35;   36;   60;   13;   20;    9
  269;20180313;  293;   27;   41;   60;    8;   30;    1
  269;20180314;  107;   28;   37;   70;   23;   10;    5
  269;20180315;   97;   60;   61;   70;    4;   40;   24
  269;20180316;   83;   71;   71;  100;   24;   50;    1
  269;20180317;   74;  117;  118;  140;   10;  100;   19
  269;20180318;   73;   96;   97;  120;    9;   60;   19
  269;20180319;   58;   63;   68;  100;    9;   10;   22
  269;20180320;  360;   47;   50;   90;   14;   10;   23
  269;20180321;  267;   29;   34;   60;   24;   10;    1
  269;20180322;  273;   36;   45;   70;    4;   10;   21
  269;20180323;  200;   47;   49;   80;   10;   20;   24
  269;20180324;   75;   12;   27;   40;   10;   10;    3
  269;20180325;  352;   19;   23;   40;   14;    0;    5
  269;20180326;  261;   12;   18;   30;   22;   10;    2
  269;20180327;  151;   29;   33;   60;   11;   10;   24
  269;20180328;  272;   23;   37;   60;   19;   10;   13
  269;20180329;  226;   23;   36;   60;   10;   10;   17
  269;20180330;  109;   40;   42;   60;   16;   20;   24
  269;20180331;  187;   17;   23;   60;   21;   10;   10
  269;20180401;  345;   13;   25;   50;    8;   10;    1
  269;20180402;  155;   33;   38;   60;   20;   10;    1
  269;20180403;  207;   59;   62;   80;   10;   40;   19
  269;20180404;  185;   40;   41;   60;   10;   20;   18
  269;20180405;  271;   53;   65;  100;    7;   20;   20
  269;20180406;  127;   43;   44;   80;   15;   20;    1
  269;20180407;  162;   26;   32;   70;   13;   10;   20
  269;20180408;  353;   18;   20;   40;   15;    0;    6
  269;20180409;   32;   43;   46;   60;   10;   20;    1
  269;20180410;   66;   22;   35;   60;   22;   20;    3
  269;20180411;   67;   58;   59;   90;   17;   40;    1
  269;20180412;   63;   58;   55;   90;    7;   10;   20
  269;20180413;  260;   20;   27;   50;   14;   10;    1
  269;20180414;  264;   10;   23;   40;   10;   20;    1
  269;20180415;  133;    5;   17;   30;    2;   10;    6
  269;20180416;  239;   34;   38;   70;   13;   20;    3
  269;20180417;  195;   34;   37;   70;   11;   10;   20
  269;20180418;  135;   13;   25;   40;   10;   10;    3
  269;20180419;  129;   26;   31;   60;   11;   10;   20
  269;20180420;  283;   19;   28;   50;   13;    0;    1
  269;20180421;   49;   33;   35;   50;   11;   20;    3
  269;20180422;  215;   13;   37;   60;   16;   20;    1
  269;20180423;  251;   56;   59;   80;   12;   40;    5
  269;20180424;  234;   58;   62;   80;   22;   20;   20
  269;20180425;  256;   69;   71;  100;    2;   50;   19
  269;20180426;  254;   64;   67;   90;   11;   30;   21
  269;20180427;  154;   16;   35;   50;   11;   20;   15
  269;20180428;  219;   37;   43;   70;   10;   10;   24
  269;20180429;   30;   48;   48;  100;   24;   10;    1
  269;20180430;  197;   36;   58;  100;    1;   20;    6
  269;20180501;  249;   67;   72;  140;    4;   10;   20
  269;20180502;  195;   49;   55;   80;   11;   20;    1
  269;20180503;  317;   22;   30;   50;   10;   10;   22
  269;20180504;   31;   23;   28;   50;   15;   10;    1
  269;20180505;   61;   40;   40;   60;   11;   20;    5
  269;20180506;   84;   31;   34;   40;    1;   20;   24
  269;20180507;   97;   26;   29;   40;   11;   20;    1
  269;20180508;  120;   20;   27;   50;   13;   10;   22
  269;20180509;  322;   15;   29;   50;   12;   10;    1
  269;20180510;  287;   34;   38;   70;   14;   20;    4
  269;20180511;  107;   20;   25;   40;    8;   10;    1
  269;20180512;   94;   27;   30;   50;   23;   20;    1
  269;20180513;  300;   24;   37;   50;    9;   10;    5
  269;20180514;   32;   41;   46;   70;   14;   20;    3
  269;20180515;   32;   38;   45;   60;   17;   30;   21
  269;20180516;  359;   53;   53;   90;   15;   30;    1
  269;20180517;  351;   58;   59;   80;   12;   30;   22
  269;20180518;  326;   39;   40;   50;    7;   30;    1
  269;20180519;  278;   16;   23;   40;    9;   10;   17
  269;20180520;   59;   20;   25;   50;   16;    0;    2
  269;20180521;   77;   47;   49;   70;   11;   30;   20
  269;20180522;   29;   33;   36;   60;   19;   20;    3
  269;20180523;   56;   42;   44;   80;   16;   20;    1
  269;20180524;   72;   56;   58;   80;   12;   30;   22
  269;20180525;   73;   31;   33;   50;   18;   20;    5
  269;20180526;   61;   47;   48;   70;   13;   30;    1
  269;20180527;   72;   34;   46;   80;   10;   10;   20
  269;20180528;   38;   30;   34;   50;   17;   10;    3
  269;20180529;   50;   34;   44;   70;    9;   10;   22
  269;20180530;  146;    7;   24;   40;   20;   10;    4
  269;20180531;   14;   18;   30;   70;   14;   10;   21
  269;20180601;  274;   32;   34;   60;   15;   10;    1
  269;20180602;  234;   41;   42;   60;   16;   10;   24
  269;20180603;  283;   10;   28;   40;    2;   10;    4
  269;20180604;   28;   30;   33;   40;   11;   20;    4
  269;20180605;   24;   35;   38;   50;   17;   30;    1
  269;20180606;   36;   33;   35;   50;    6;   20;   20
  269;20180607;    6;   21;   27;   50;   18;   10;    3
  269;20180608;  355;   22;   24;   40;   14;   10;   11
  269;20180609;    9;   32;   35;   50;   15;   20;    5
  269;20180610;   13;   35;   38;   60;   15;   20;    1
  269;20180611;   30;   40;   42;   60;   15;   10;    3
  269;20180612;   16;   32;   37;   50;    1;   10;   23
  269;20180613;  323;   22;   33;   60;   11;   10;   22
  269;20180614;  211;   47;   52;   90;   15;   20;    1
  269;20180615;  351;    6;   18;   40;   16;    0;    3
  269;20180616;  239;   33;   37;   70;   12;    0;    2
  269;20180617;  225;   49;   53;   80;    8;   30;   21
  269;20180618;  223;   49;   53;   70;    9;   30;    1
  269;20180619;  234;   33;   34;   60;    1;   10;   18
  269;20180620;  227;   43;   48;   70;   10;   20;    2
  269;20180621;  301;   71;   72;  100;   10;   30;    2
  269;20180622;  314;   65;   66;  100;    5;   40;   22
  269;20180623;  304;   36;   38;   50;    3;   10;   21
  269;20180624;  330;   29;   32;   50;   13;    0;    3
  269;20180625;  348;   37;   38;   50;   15;   10;   24
  269;20180626;    6;   32;   35;   50;   13;   10;    1
  269;20180627;   38;   38;   39;   60;   17;   20;    2
  269;20180628;   22;   39;   42;   60;   14;   20;    8
  269;20180629;    4;   36;   38;   70;   15;   20;    3
  269;20180630;   66;   53;   54;   80;   14;   30;    2
  269;20180701;   93;   52;   54;   80;   11;   40;    1
  269;20180702;   56;   53;   55;   80;   17;   30;    4
  269;20180703;   26;   40;   43;   60;   14;   30;    1
  269;20180704;   19;   28;   31;   40;    6;   20;   21
  269;20180705;  347;   21;   26;   50;   18;   10;    3
  269;20180706;  349;   28;   31;   40;    7;   10;   24
  269;20180707;    8;   24;   26;   50;   15;   10;    1
  269;20180708;  354;   27;   30;   50;   13;   10;    2
  269;20180709;  332;   31;   34;   60;   14;    0;    1
  269;20180710;  339;   48;   54;   80;   14;   20;    1
  269;20180711;  344;   37;   38;   70;   14;   10;    3
  269;20180712;  339;   40;   41;   50;    6;   10;   24
  269;20180713;    5;   23;   26;   50;   17;    0;    1
  269;20180714;   18;   25;   27;   50;   16;   10;    1
  269;20180715;   50;   25;   28;   50;   16;   10;    3
  269;20180716;   50;   18;   23;   30;    1;   10;   20
  269;20180717;  267;   36;   41;   80;   15;   10;    1
  269;20180718;  286;   15;   28;   50;    9;   10;    1
  269;20180719;  355;   20;   28;   50;   19;   10;    5
  269;20180720;    9;   26;   31;   60;   16;   20;    1
  269;20180721;  331;   26;   32;   60;   18;   10;    5
  269;20180722;  289;   29;   30;   60;   16;   10;    5
  269;20180723;  326;   11;   20;   30;   12;    0;    2
  269;20180724;  344;   10;   20;   50;   16;    0;    4
  269;20180725;   13;   26;   31;   60;   16;   10;    1
  269;20180726;   67;   28;   31;   40;    6;   10;   21
  269;20180727;   95;   40;   42;   60;   12;   30;    4
  269;20180728;  248;   39;   51;   80;   14;   20;    5
  269;20180729;  186;   37;   42;   80;   10;   20;    2
  269;20180730;  198;   20;   41;  100;   23;   10;   24
  269;20180731;  264;   26;   36;  100;   12;    0;    1
  269;20180801;  346;   15;   16;   40;   18;    0;    3
  269;20180802;  356;   17;   22;   40;   15;   10;    1
  269;20180803;   10;   23;   25;   50;   17;    0;    1
  269;20180804;  347;   30;   33;   60;   15;   10;    3
  269;20180805;   19;   28;   31;   40;    1;   20;    4
  269;20180806;   40;   12;   24;   40;   14;   10;   24
  269;20180807;   38;    8;   24;   60;   24;   10;    1
  269;20180808;  228;   31;   48;   80;   11;   10;   21
  269;20180809;  126;    3;   43;  100;   20;   10;    1
  269;20180810;  221;   59;   63;   80;   10;   40;    4
  269;20180811;  250;   41;   46;   70;    9;   10;   21
  269;20180812;  188;   24;   35;   70;   11;   10;    1
  269;20180813;  225;   22;   30;   70;   10;   10;    1
  269;20180814;  276;   43;   47;   70;   13;   20;   19
  269;20180815;  219;   41;   43;   70;   16;   20;   21
  269;20180816;  218;   33;   44;   80;   13;   10;   21
  269;20180817;  279;   18;   25;   50;   16;   10;    5
  269;20180818;  218;   37;   41;   70;   11;   20;    1
  269;20180819;  218;   49;   51;   80;   14;   30;    1
  269;20180820;  293;   18;   26;   40;    1;   10;   22
  269;20180821;  101;   12;   16;   30;   10;    0;   23
  269;20180822;  273;   20;   22;   50;   15;    0;    3
  269;20180823;  225;   40;   45;   70;   12;   20;    1
  269;20180824;  252;   44;   50;   80;   10;   10;   23
  269;20180825;  255;   35;   42;   70;   18;   20;    2
  269;20180826;  198;   49;   50;  100;   23;   20;    5
  269;20180827;  236;   48;   55;   80;    1;   10;   19
  269;20180828;  182;   13;   21;   30;    1;   10;    7
  269;20180829;  353;   22;   28;   60;   16;   10;    7
  269;20180830;  327;   35;   36;   60;   11;    0;   22
  269;20180831;  350;   13;   18;   30;    9;    0;    5
  269;20180901;   17;   12;   15;   30;   12;    0;    4
  269;20180902;   56;   33;   35;   50;   14;   20;    1
  269;20180903;    3;   26;   27;   40;   14;   10;    7
  269;20180904;   14;   11;   17;   30;    1;    0;    8
  269;20180905;    6;   24;   28;   40;    1;   10;    8
  269;20180906;  307;   16;   21;   30;    1;   10;    5
  269;20180907;  239;   48;   53;   80;   13;   30;    1
  269;20180908;  216;   46;   48;   70;   11;   30;   19
  269;20180909;  204;   41;   43;   70;   12;   20;   22
  269;20180910;  235;   38;   41;   60;   14;   30;    1
  269;20180911;  226;   65;   67;  110;   11;   50;    1
  269;20180912;  347;   17;   19;   40;    1;    0;   20
  269;20180913;  315;    8;   12;   30;   13;    0;    1
  269;20180914;  226;   33;   37;   60;   10;   10;    1
  269;20180915;  249;   30;   36;   60;   11;   10;   19
  269;20180916;  199;   31;   34;   70;   13;   10;   18
  269;20180917;  188;   25;   29;   50;   13;   20;    1
  269;20180918;  218;   52;   56;  100;   14;   20;    1
  269;20180919;  213;   59;   60;  110;   14;   20;    4
  269;20180920;  206;   53;   55;   90;   11;   20;   19
  269;20180921;  237;   79;   88;  110;    7;   60;   19
  269;20180922;  224;   46;   48;   80;   14;   10;   23
  269;20180923;  351;   16;   25;   50;   13;   10;    3
  269;20180924;  312;   34;   40;   70;   11;   10;   22
  269;20180925;  193;   16;   17;   30;   10;   10;    4
  269;20180926;  220;   43;   46;   80;   11;   10;    2
  269;20180927;  214;   27;   30;   60;   12;   10;   19
  269;20180928;    8;   38;   38;   70;   15;    0;   22
  269;20180929;  195;    9;   12;   30;   10;    0;    1
  269;20180930;  268;   20;   26;   50;   14;    0;    2
  269;20181001;  312;   35;   40;   70;   12;   20;    3
  269;20181002;  249;   45;   54;   80;    6;   30;   21
  269;20181003;  275;   30;   36;   50;   10;   20;   21
  269;20181004;  210;   41;   43;   70;   12;   30;    6
  269;20181005;  168;   20;   21;   40;   13;    0;   18
  269;20181006;  334;   12;   32;   80;   23;    0;    4
  269;20181007;   16;   24;   28;   70;    1;    0;   20
  269;20181008;  208;   28;   31;   60;   11;   10;    1
  269;20181009;  187;   25;   28;   50;   11;   10;   23
  269;20181010;   80;   32;   33;   50;   14;   20;    1
  269;20181011;  153;   28;   30;   50;   24;   10;    5
  269;20181012;  186;   50;   52;   70;    3;   30;   17
  269;20181013;  162;   37;   38;   50;    9;   20;   17
  269;20181014;  168;   30;   33;   60;   11;   10;    5
  269;20181015;  189;   23;   26;   60;   13;    0;   20
  269;20181016;  171;   16;   20;   30;    8;   10;    1
  269;20181017;  263;    7;   16;   30;   13;    0;   23
  269;20181018;   25;   28;   30;   60;   10;    0;    1
  269;20181019;   46;   20;   22;   40;   10;    0;   19
  269;20181020;  239;   17;   20;   50;   12;    0;    1
  269;20181021;  205;   28;   30;   50;   11;   10;    5
  269;20181022;  333;   27;   40;   60;    3;   20;    1
  269;20181023;  273;   68;   71;   90;   10;   50;    1
  269;20181024;  295;   45;   50;   80;    1;   20;   18
  269;20181025;  266;   35;   37;   50;    3;   30;    6
  269;20181026;  237;   50;   57;   70;    5;   30;   24
  269;20181027;  347;    6;   30;   40;    1;   10;   10
  269;20181028;   52;   46;   47;   80;   11;   20;    6
  269;20181029;   53;   59;   59;   90;   24;   40;    1
  269;20181030;  177;   18;   60;   90;    3;   30;    9
  269;20181031;  176;   32;   40;   80;    2;   20;   17
  269;20181101;  159;   32;   36;   50;   21;   20;    1
  269;20181102;  243;   33;   38;   70;    3;   10;   22
  269;20181103;  161;   22;   24;   40;   13;   10;    1
  269;20181104;  105;   18;   21;   30;    9;   10;    3
  269;20181105;   88;   28;   28;   50;   13;   10;   21
  269;20181106;  130;   19;   21;   30;   11;   10;    1
  269;20181107;  176;   52;   53;   70;   11;   30;    2
  269;20181108;  177;   26;   35;   50;    1;   20;   16
  269;20181109;  140;   28;   33;   50;   22;   20;    7
  269;20181110;  179;   54;   55;   80;    7;   30;   16
  269;20181111;  189;   55;   56;   80;   11;   30;   21
  269;20181112;  187;   26;   28;   40;   16;   20;    2
  269;20181113;  216;   61;   63;  100;   11;   40;   18
  269;20181114;  170;   28;   30;   40;    1;   10;   24
  269;20181115;  125;   19;   20;   30;   13;   10;    4
  269;20181116;   93;   25;   28;   40;    9;   20;    1
  269;20181117;   69;   44;   45;   60;   18;   30;    1
  269;20181118;   55;   50;   50;   60;   11;   30;    8
  269;20181119;   53;   75;   76;   90;   13;   40;    1
  269;20181120;   77;   82;   83;  100;    2;   50;   23
  269;20181121;   87;   45;   45;   60;    3;   30;   17
  269;20181122;   80;   34;   35;   50;    4;   20;   20
  269;20181123;   75;   29;   30;   50;   22;   20;    1
  269;20181124;   67;   39;   40;   70;    3;   10;   17
  269;20181125;   55;   38;   39;   60;   21;   20;    5
  269;20181126;   62;   45;   45;   60;    1;   30;   18
  269;20181127;   99;   25;   28;   40;   10;   20;    1
  269;20181128;  158;   52;   55;   70;   18;   30;    1
  269;20181129;  178;   66;   66;   80;   10;   50;    4
  269;20181130;  204;   64;   64;   80;    8;   50;   17
  269;20181201;  191;   58;   60;   70;    3;   40;    8
  269;20181202;  219;   61;   66;   80;   12;   50;    3
  269;20181203;  238;   55;   63;   80;    3;   30;   22
  269;20181204;  252;   14;   23;   40;    6;   10;   10
  269;20181205;  158;   35;   36;   60;   23;   20;    1
  269;20181206;  224;   62;   63;   90;   19;   40;    1
  269;20181207;  225;   73;   81;  100;    8;   50;   18
  269;20181208;  240;   89;   93;  110;   11;   60;    1
  269;20181209;  278;   69;   73;  120;    3;   50;   17
  269;20181210;  303;   50;   51;   70;   14;   30;   24
  269;20181211;  293;   22;   23;   50;    2;   10;   18
  269;20181212;   71;   21;   20;   30;    7;    0;    2
  269;20181213;   67;   41;   42;   60;   15;   30;    1
  269;20181214;   64;   34;   35;   50;   11;   20;   17
  269;20181215;  133;   46;   48;   70;   17;   20;    2
  269;20181216;  163;   36;   37;   70;    2;   20;   16
  269;20181217;  199;   36;   43;   50;    9;   30;    3
  269;20181218;  167;   50;   53;   70;   19;   40;    1
  269;20181219;  185;   50;   51;   70;   10;   30;   24
  269;20181220;  198;   58;   59;   90;   23;   40;    1
  269;20181221;  226;   64;   75;  120;   15;   40;   23
  269;20181222;  259;   47;   49;   80;   11;   20;    4
  269;20181223;  242;   17;   32;   50;    3;   10;   14
  269;20181224;  291;   14;   21;   30;    1;   10;    9
  269;20181225;  232;   40;   41;   60;   19;   20;    2
  269;20181226;  215;   42;   43;   50;    1;   30;    3
  269;20181227;  200;   23;   24;   40;    2;   10;   21
  269;20181228;  205;   25;   25;   40;   19;   10;    1
  269;20181229;  250;   51;   63;   90;   13;   40;    1
  269;20181230;  263;   28;   33;   60;    1;   20;    7
  269;20181231;  260;   33;   36;   50;   19;   20;    7
  269;20190101;  297;   54;   64;   80;    5;   50;    1
  269;20190102;  337;   42;   43;   70;    4;   20;   21
  269;20190103;  318;   22;   23;   40;   14;   10;    4
  269;20190104;  294;   36;   37;   50;   11;   20;    1
  269;20190105;  307;   52;   53;   60;    3;   40;   19
  269;20190106;  293;   23;   25;   40;    1;   10;   19
  269;20190107;  244;   54;   58;  100;   21;   20;    1
  269;20190108;  308;   82;   86;  100;    8;   60;   24
  269;20190109;  356;   56;   57;   80;   13;   40;   22
  269;20190110;  246;   14;   25;   50;   21;   10;    5
  269;20190111;  303;   34;   37;   50;   13;   20;    3
  269;20190112;  268;   57;   60;   80;   11;   30;    2
  269;20190113;  279;   74;   78;  100;   14;   50;    2
  269;20190114;  312;   38;   43;   70;    1;   20;    5
  269;20190115;  238;   63;   65;   80;   11;   40;    1
  269;20190116;  218;   78;   80;  100;   10;   50;   23
  269;20190117;  265;   40;   50;   60;    1;   20;   24
  269;20190118;  197;   23;   27;   50;   11;   10;    2
  269;20190119;  124;   26;   29;   40;   19;   10;    6
  269;20190120;   58;   21;   22;   30;    3;   10;   20
  269;20190121;  199;   22;   23;   40;   14;   10;    1
  269;20190122;  177;   51;   52;   70;   12;   30;    1
  269;20190123;   72;   19;   30;   40;    2;   20;    5
  269;20190124;   96;   15;   17;   20;    1;   10;    2
  269;20190125;  212;   33;   41;   80;   17;   10;    1
  269;20190126;  226;   63;   68;   90;   23;   50;    1
  269;20190127;  230;   61;   71;  100;   22;   50;   11
  269;20190128;  314;   51;   55;   80;    7;   20;   24
  269;20190129;  194;   33;   40;   70;   12;   30;    1
  269;20190130;  125;   11;   21;   40;   22;   10;   12
  269;20190131;  164;   24;   35;   50;    5;   20;    1
  269;20190201;   68;   38;   40;   60;    3;   20;   14
  269;20190202;   16;   27;   30;   40;    3;   20;   17
  269;20190203;  278;   19;   28;   50;   24;   10;    8
  269;20190204;  199;   74;   75;  100;   13;   50;    1
  269;20190205;  207;   41;   44;   60;    1;   20;   18
  269;20190206;  195;   48;   49;   70;    5;   30;   18
  269;20190207;  219;   92;   97;  140;   14;   50;    1
  269;20190208;  198;   95;   95;  120;   21;   70;    1
  269;20190209;  228;  109;  111;  150;   12;   70;   24
  269;20190210;  262;   23;   47;   70;    1;   20;    8
  269;20190211;  300;   40;   45;   60;    5;   20;   18
  269;20190212;  234;   44;   45;   60;   12;   20;    5
  269;20190213;  212;   46;   47;   60;    3;   30;   18
  269;20190214;  192;   22;   25;   40;    4;   10;   22
  269;20190215;  166;   28;   28;   40;   13;   10;    1
  269;20190216;  202;   29;   32;   50;   10;   10;   22
  269;20190217;  170;   31;   31;   50;   11;   10;    5
  269;20190218;  203;   28;   33;   50;   13;   20;    1
  269;20190219;  237;   52;   53;   70;   10;   40;    1
  269;20190220;  217;   49;   50;   80;   13;   30;   18
  269;20190221;  239;   42;   45;   70;   12;   20;   22
  269;20190222;   85;    6;   18;   30;   12;   10;    3
  269;20190223;  110;   24;   26;   40;   10;   10;   21
  269;20190224;   90;   10;   15;   30;   10;   10;    1
  269;20190225;   49;   10;   15;   30;   16;   10;    3
  269;20190226;   58;   12;   15;   30;   16;    0;    7
  269;20190227;  220;   15;   21;   40;   12;    0;    4
  269;20190228;  228;   37;   37;   80;   15;   10;    7
  269;20190301;  311;   26;   34;   60;    7;   10;   23
  269;20190302;  207;   48;   52;  110;   21;   20;    1
  269;20190303;  213;   94;   95;  110;    2;   70;   18
  269;20190304;  236;   99;  105;  130;    5;   80;   19
  269;20190305;  234;   57;   61;   90;    3;   30;   20
  269;20190306;  177;   60;   62;   90;   11;   40;    1
  269;20190307;  225;   91;   98;  140;   14;   40;    4
  269;20190308;  252;   65;   73;  120;    1;   50;   16
  269;20190309;  254;   85;   89;  120;   13;   50;   24
  269;20190310;  257;   21;   50;   90;   21;   10;    7
  269;20190311;  276;   76;   80;  120;   14;   30;   21
  269;20190312;  207;   84;   91;  130;   11;   30;    2
  269;20190313;  250;   92;  100;  120;    8;   70;   20
  269;20190314;  262;   77;   84;  140;   13;   60;    2
  269;20190315;  258;   69;   74;  110;   11;   50;    3
  269;20190316;  229;   97;  101;  150;   13;   30;    5
  269;20190317;  246;   76;   80;  130;    1;   50;    6
  269;20190318;  283;   47;   49;   70;   10;   10;   23
  269;20190319;  204;   18;   20;   30;   10;   10;    4
  269;20190320;  219;   36;   38;   60;   12;   20;   23
  269;20190321;  245;   19;   27;   50;    9;   10;    1
  269;20190322;  236;   11;   30;   50;   20;   10;    1
  269;20190323;  329;   17;   29;   50;   14;   10;   24
  269;20190324;  271;   24;   31;   70;   24;    0;    4
  269;20190325;  324;   66;   73;  100;   13;   30;   23
  269;20190326;  295;   37;   38;   60;   11;   20;    3
  269;20190327;  279;   27;   28;   50;   15;   10;    1
  269;20190328;  274;    8;   15;   30;    3;    0;   22
  269;20190329;   53;    3;   18;   30;    9;    0;    3
  269;20190330;  330;    7;   20;   40;   15;   10;    1
  269;20190331;   42;   56;   57;   80;   17;   30;    1
  269;20190401;   79;   39;   42;   60;    8;   20;   22
  269;20190402;  182;   31;   40;   80;   13;   20;    1
  269;20190403;  164;   21;   31;   50;    1;   10;   17
  269;20190404;  124;   19;   23;   40;   14;   10;    7
  269;20190405;   45;   24;   26;   40;   11;   10;    1
  269;20190406;   66;   35;   36;   50;   16;   30;    2
  269;20190407;   58;   45;   46;   70;   16;   20;   20
  269;20190408;   51;   48;   49;   70;   17;   30;    6
  269;20190409;   56;   73;   74;  100;    9;   60;    2
  269;20190410;   40;   68;   69;  100;   17;   50;    4
  269;20190411;   43;   49;   50;   70;   19;   40;    4
  269;20190412;   54;   45;   47;   60;    9;   30;    4
  269;20190413;   36;   42;   43;   70;   16;   30;    1
  269;20190414;   62;   42;   43;   70;   15;   20;   22
  269;20190415;   90;   51;   53;   70;   12;   20;    1
  269;20190416;   69;   51;   52;   80;   10;   20;   23
  269;20190417;   93;   26;   30;   50;   11;   20;    1
  269;20190418;   77;   51;   53;   80;   16;   40;    3
  269;20190419;   66;   41;   43;   70;   12;   20;   20
  269;20190420;   55;   47;   48;   70;   11;   20;    5
  269;20190421;   47;   35;   37;   50;   16;   30;    3
  269;20190422;   84;   47;   49;   70;   16;   20;    2
  269;20190423;   90;   54;   56;   80;    9;   30;   19
  269;20190424;  177;   51;   58;  100;   12;   20;    4
  269;20190425;  167;   43;   48;   80;   15;   20;    4
  269;20190426;  225;   27;   34;   50;    9;   20;   18
  269;20190427;  215;   53;   57;   80;   11;   40;    1
  269;20190428;  174;   13;   34;   50;    6;   10;   15
  269;20190429;    6;   30;   33;   60;   16;   10;    2
  269;20190430;   13;   28;   29;   40;    1;   20;    5
  269;20190501;  288;   18;   22;   40;   15;   10;    1
  269;20190502;  281;   32;   42;   70;   16;   20;    1
  269;20190503;  304;   39;   42;   60;   12;   20;    4
  269;20190504;  337;   51;   54;   80;   14;   30;    1
  269;20190505;  332;   41;   43;   70;   13;   20;    1
  269;20190506;  246;   18;   28;   50;    9;   10;   21
  269;20190507;  179;   19;   22;   40;   10;   10;    1
  269;20190508;  148;   33;   38;   60;   12;   20;    1
  269;20190509;  227;   27;   38;   60;   14;   10;   21
  269;20190510;  323;   22;   30;   40;    6;   20;   17
  269;20190511;   13;   43;   47;   60;    7;   20;   24
  269;20190512;  354;   35;   38;   70;   16;   10;    1
  269;20190513;    9;   30;   32;   60;   16;    0;    2
  269;20190514;   39;   38;   40;   60;    9;   10;    5
  269;20190515;   58;   39;   43;   70;   20;   20;    5
  269;20190516;   51;   55;   56;   90;   17;   20;    3
  269;20190517;   82;   38;   38;   60;   10;   10;   21
  269;20190518;  355;   15;   25;   40;   13;   10;    1
  269;20190519;  344;   32;   36;   50;   13;   20;    1
  269;20190520;  313;   36;   37;   50;   17;   20;    1
  269;20190521;  308;   49;   50;   60;    4;   30;   23
  269;20190522;  299;   28;   32;   50;   13;   10;   19
  269;20190523;  241;   22;   33;   70;   12;    0;   21
  269;20190524;  307;   25;   35;   60;   13;    0;    1
  269;20190525;  324;   19;   25;   40;   15;   10;   20
  269;20190526;  236;   67;   68;  100;   13;   20;    2
  269;20190527;  263;   48;   49;   70;    9;   20;   22
  269;20190528;   22;   37;   40;   70;   15;   10;    1
  269;20190529;  186;   28;   30;   50;   13;   10;    1
  269;20190530;  224;   64;   66;   80;   11;   40;    1
  269;20190531;  236;   44;   46;   70;   12;   10;   21
  269;20190601;  261;    9;   28;   40;    6;   20;    3
  269;20190602;  193;   31;   41;   70;   13;   10;    4
  269;20190603;  261;   30;   33;   50;   13;    0;   22
  269;20190604;  134;   21;   33;   70;   21;    0;    4
  269;20190605;  253;   17;   42;   80;   24;   20;    7
  269;20190606;  255;   33;   42;   70;    5;   10;   19
  269;20190607;  132;   37;   50;   80;   17;   20;    1
  269;20190608;  210;  100;  104;  130;   13;   60;   22
  269;20190609;  200;   12;   39;   50;    1;   20;   15
  269;20190610;   41;   40;   44;   70;    8;   10;   22
  269;20190611;  262;   24;   32;   60;    7;   10;    1
  269;20190612;  101;    4;   39;   80;   16;   10;    1
  269;20190613;  190;   56;   58;   80;    8;   30;    1
  269;20190614;  185;   10;   32;   50;   13;   20;    3
  269;20190615;  285;   19;   30;   70;    9;    0;   20
  269;20190616;  228;   30;   36;   60;    9;   10;    1
  269;20190617;  187;   13;   28;   50;   10;   10;   22
  269;20190618;    6;   24;   24;   40;   15;    0;    3
  269;20190619;  214;   13;   33;   70;    8;   20;    4
  269;20190620;  248;   36;   43;   90;   11;   20;    5
  269;20190621;  258;   21;   34;   50;    8;    0;   23
  269;20190622;   46;   41;   42;   60;   17;   20;    1
  269;20190623;   83;   37;   39;   50;   13;   30;    3
  269;20190624;  122;   21;   30;   50;   10;   10;   23
  269;20190625;  175;    6;   29;   50;   14;   20;    1
  269;20190626;  348;   38;   45;   60;   15;   30;    1
  269;20190627;   17;   44;   46;   60;   16;   30;    4
  269;20190628;   46;   36;   37;   50;   18;   30;    5
  269;20190629;   97;   22;   24;   30;    1;   10;   21
  269;20190630;  259;   31;   40;   70;    8;   10;   22
  269;20190701;  266;   49;   53;   80;   11;   30;    5
  269;20190702;  334;   32;   35;   50;   17;   20;   22
  269;20190703;    3;   33;   37;   60;   15;   10;    1
  269;20190704;  276;   17;   25;   40;   15;   10;    1
  269;20190705;  284;   33;   35;   50;    8;   10;   22
  269;20190706;  282;   29;   36;   60;    8;   20;    1
  269;20190707;  327;   36;   38;   60;   15;   20;    1
  269;20190708;  319;   38;   43;   60;    7;   10;   23
  269;20190709;  343;   25;   28;   50;   12;   10;    2
  269;20190710;  188;   22;   24;   40;   10;    0;    1
  269;20190711;  244;   14;   24;   40;   16;   10;    7
  269;20190712;  265;   22;   29;   60;   14;   10;    1
  269;20190713;  338;   33;   35;   60;   15;   20;    1
  269;20190714;  357;   34;   35;   60;   14;   20;    6
  269;20190715;  332;   24;   28;   50;   15;   10;    2
  269;20190716;  305;   20;   24;   30;    1;   10;   19
  269;20190717;   29;    9;   14;   30;   16;   10;    1
  269;20190718;  214;   28;   36;   60;   10;   10;    1
  269;20190719;  236;   11;   20;   40;   13;   10;    4
  269;20190720;  206;   44;   49;   80;   18;   20;    1
  269;20190721;  266;   36;   40;   70;   12;   10;   20
  269;20190722;  236;   34;   38;   70;    9;    0;   23
  269;20190723;   49;   10;   27;   50;   17;   10;    1
  269;20190724;  153;    7;   28;   50;   14;   10;   22
  269;20190725;   74;   25;   26;   50;   14;    0;    4
  269;20190726;   69;   31;   48;   70;   17;   10;   21
  269;20190727;   97;   19;   41;   70;   18;   10;   22
  269;20190728;  259;   23;   35;   70;   15;   10;    3
  269;20190729;  256;   13;   31;   50;   10;   20;    5
  269;20190730;  194;   16;   33;   70;   15;   10;   19
  269;20190731;  207;   47;   49;   90;   10;   20;   22
  269;20190801;  222;   36;   44;   60;   13;   30;    1
  269;20190802;   67;    7;   43;   50;    6;   30;   11
  269;20190803;  357;   20;   22;   40;   14;    0;   23
  269;20190804;   81;    8;   14;   30;   24;    0;    1
  269;20190805;  249;   25;   37;   70;   12;   20;    2
  269;20190806;  227;   40;   43;   70;   12;   10;   20
  269;20190807;  238;   52;   56;   80;   14;   30;   21
  269;20190808;  248;   39;   45;   70;   11;   10;   20
  269;20190809;  153;   30;   39;   60;   21;   20;    1
  269;20190810;  222;  101;  103;  130;   10;   60;    1
  269;20190811;  216;   65;   65;   90;    9;   30;   20
  269;20190812;  224;   34;   38;   60;    8;   10;   18
  269;20190813;  239;   37;   40;   70;   13;   20;    2
  269;20190814;  203;   42;   45;   70;   13;   20;    3
  269;20190815;  241;   49;   58;   80;   12;   30;   21
  269;20190816;  196;   39;   40;   70;   14;   10;    6
  269;20190817;  204;   56;   56;   80;    9;   30;   20
  269;20190818;  213;   42;   44;   60;   17;   30;    1
  269;20190819;  223;   64;   66;   90;   10;   30;   23
  269;20190820;  243;   35;   41;   70;   10;   10;   22
  269;20190821;  213;   15;   23;   50;   11;    0;   21
  269;20190822;  252;   19;   25;   50;   11;    0;    5
  269;20190823;   74;    8;   20;   30;   16;   10;    1
  269;20190824;   74;   24;   27;   40;   12;   20;    5
  269;20190825;   39;   18;   19;   40;   16;   10;    9
  269;20190826;   41;   28;   30;   50;   12;   10;    3
  269;20190827;   85;   11;   18;   30;    1;   10;    8
  269;20190828;  244;   25;   31;   70;    9;   10;    1
  269;20190829;  247;   30;   34;   60;   11;   10;    1
  269;20190830;  214;   24;   28;   50;    9;    0;   20
  269;20190831;  213;   10;   24;   50;   13;   10;    3
  269;20190901;  282;   36;   41;   60;   15;   30;    1
  269;20190902;  241;   37;   43;   60;   15;   30;   19
  269;20190903;  235;   41;   47;   60;    1;   20;   24
  269;20190904;  209;   52;   55;   90;   11;   20;   20
  269;20190905;  287;   45;   54;   70;    8;   30;   20
  269;20190906;  214;   58;   58;   90;   12;   30;    1
  269;20190907;  324;   18;   31;   50;   18;   10;    2
  269;20190908;  344;   20;   23;   40;   13;   10;    7
  269;20190909;  236;    8;   14;   30;    9;    0;   19
  269;20190910;  244;   13;   18;   30;   12;    0;    5
  269;20190911;  209;   49;   50;   80;   11;   20;    1
  269;20190912;  231;   41;   42;   70;   14;   10;    6
  269;20190913;  335;   21;   33;   50;    1;   10;   24
  269;20190914;   79;    6;   13;   20;    3;    0;   22
  269;20190915;  265;   26;   35;   70;   10;   10;    1
  269;20190916;  338;    8;   17;   30;    9;   10;    2
  269;20190917;  305;   37;   41;   60;    9;   20;    1
  269;20190918;  344;   23;   28;   50;   12;    0;   21
  269;20190919;  339;    8;   16;   30;   16;    0;   24
  269;20190920;   72;   17;   20;   40;   15;    0;    1
  269;20190921;   90;   32;   34;   60;   14;   20;    1
  269;20190922;  153;   17;   32;   50;   14;   10;   19
  269;20190923;  201;   30;   33;   60;   13;   10;   19
  269;20190924;  164;   42;   43;   60;   11;   30;    1
  269;20190925;  190;   45;   46;   60;    8;   30;    2
  269;20190926;  196;   55;   56;   90;   20;   40;    7
  269;20190927;  209;   73;   74;  100;   15;   60;    1
  269;20190928;  221;   79;   80;  100;   10;   60;    3
  269;20190929;  213;   66;   75;  100;   12;   50;    4
  269;20190930;  266;   41;   50;   90;    1;   20;   19
  269;20191001;  251;   19;   57;   80;    4;   20;   16
  269;20191002;  301;   36;   39;   70;   14;   20;    2
  269;20191003;  252;   22;   29;   40;    9;   20;    2
  269;20191004;   91;   20;   38;   50;    7;   20;    1
  269;20191005;   85;   25;   26;   50;   12;   10;    4
  269;20191006;   90;   55;   57;   80;   23;   40;    1
  269;20191007;  144;   23;   38;   50;    1;   20;    7
  269;20191008;  222;   58;   59;   80;    3;   40;   18
  269;20191009;  214;   52;   54;   70;    8;   20;   15
  269;20191010;  224;   65;   68;   90;   24;   50;    1
  269;20191011;  211;   94;   95;  110;   10;   80;    4
  269;20191012;  235;   19;   30;   90;    1;    0;   18
  269;20191013;  205;   37;   48;   70;   16;   20;    3
  269;20191014;   95;   19;   31;   70;   14;   10;    6
  269;20191015;  207;   39;   40;   50;    2;   20;   18
  269;20191016;  188;   49;   50;   60;   10;   30;    3
  269;20191017;  196;   30;   35;   60;    1;   20;    6
  269;20191018;  199;   69;   73;  110;   13;   40;    1
  269;20191019;  188;   49;   49;   70;    8;   30;   17
  269;20191020;   90;    9;   21;   40;   23;   10;    3
  269;20191021;  126;   12;   41;   70;    5;   20;   11
  269;20191022;  218;   17;   24;   40;    4;    0;   24
  269;20191023;   70;   24;   26;   60;   15;   10;    1
  269;20191024;  199;   39;   41;   70;   16;   10;    1
  269;20191025;  203;   72;   73;  100;   24;   50;    3
  269;20191026;  216;   82;   88;  100;    3;   60;   24
  269;20191027;  265;   41;   43;   60;    1;   20;   22
  269;20191028;  286;   13;   20;   30;    4;    0;   19
  269;20191029;   55;   21;   22;   40;   12;    0;    5
  269;20191030;   65;   32;   33;   50;   13;   20;    9
  269;20191031;   73;   27;   28;   40;    2;   20;    4
  269;20191101;  158;   31;   35;   50;   19;   20;    1
  269;20191102;  196;   68;   70;  100;   20;   50;    1
  269;20191103;  173;   19;   34;   60;    1;   20;   15
  269;20191104;  175;   25;   28;   50;   10;   10;   21
  269;20191105;  220;   14;   23;   40;    2;   10;   15
  269;20191106;    4;   10;   17;   30;    4;    0;   16
  269;20191107;  157;   32;   45;   70;   16;   20;    2
  269;20191108;  174;   29;   30;   40;    1;   20;    9
  269;20191109;  203;   52;   56;   90;   11;   20;    1
  269;20191110;  190;   22;   23;   40;   12;   10;    3
  269;20191111;  183;   56;   59;   80;   15;   20;    1
  269;20191112;  197;   70;   71;   90;    4;   50;   16
  269;20191113;  198;   47;   50;   80;    2;   20;   19
  269;20191114;  100;   29;   33;   40;    9;   20;    2
  269;20191115;   58;   47;   46;   70;    6;   10;   22
  269;20191116;  205;   27;   27;   40;   10;    0;    1
  269;20191117;   69;   10;   28;   50;   22;   10;   10
  269;20191118;  321;   38;   42;   60;   18;   30;    1
  269;20191119;  253;   24;   29;   50;    1;   10;   17
  269;20191120;  102;   21;   23;   40;   15;   10;    2
  269;20191121;   89;   35;   35;   50;    4;   20;   17
  269;20191122;  129;   30;   33;   50;   12;   20;    1
  269;20191123;   78;   41;   42;   70;   16;   30;    1
  269;20191124;   95;   13;   18;   30;    1;   10;   15
  269;20191125;  138;   19;   21;   40;   11;   10;    1
  269;20191126;  173;   42;   42;   50;   11;   30;    2
  269;20191127;  177;   51;   58;  110;   23;   30;    3
  269;20191128;  247;   53;   64;  100;    4;   30;   19
  269;20191129;  291;   28;   29;   40;    4;   20;    6
  269;20191130;  260;    7;   15;   30;   24;    0;   20
  269;20191201;   17;    8;   14;   30;    7;   10;    1
  269;20191202;  281;   23;   24;   30;    7;   10;    6
  269;20191203;  220;   37;   39;   60;   12;   20;    4
  269;20191204;  183;   19;   22;   50;    1;   10;   17
  269;20191205;  205;   53;   53;  100;   22;   10;    3
  269;20191206;  213;   98;  101;  120;    4;   70;   22
  269;20191207;  239;   58;   63;  100;   24;   50;    8
  269;20191208;  223;   96;   99;  130;    5;   70;   21
  269;20191209;  261;   32;   55;   90;    1;   30;    8
  269;20191210;  197;   64;   70;  110;   19;   20;    6
  269;20191211;  199;   47;   48;   90;    1;   30;   14
  269;20191212;  178;   58;   63;   90;   20;   40;    9
  269;20191213;  173;   31;   43;   90;    1;   10;   12
  269;20191214;  230;   62;   68;  100;   11;   40;   16
  269;20191215;  218;   82;   88;  110;    5;   50;   24
  269;20191216;  184;   33;   40;   60;    4;   10;   20
  269;20191217;  208;   32;   46;   80;   14;   20;    2
  269;20191218;  182;   31;   38;   60;   12;   20;    6
  269;20191219;  164;   47;   48;   60;    5;   20;    2
  269;20191220;  179;   61;   68;   80;   12;   50;    1
  269;20191221;  175;   55;   58;   80;    1;   40;    4
  269;20191222;  207;   27;   45;   80;   18;   30;    8
  269;20191223;  234;   45;   47;   60;   11;   30;    1
  269;20191224;  233;   44;   55;   90;   14;   30;   23
  269;20191225;  287;   25;   28;   50;    1;   10;   16
  269;20191226;  131;   21;   24;   50;   23;   10;    1
  269;20191227;   65;   35;   36;   50;    3;   20;   23
  269;20191228;  136;   15;   19;   30;   11;   10;    2
  269;20191229;  181;   31;   31;   50;   18;   20;    3
  269;20191230;  210;   50;   52;   60;    7;   30;   24
  269;20191231;  286;    4;   15;   30;    6;    0;   18
  269;20200101;  178;   25;   29;   40;   11;   10;    1
  269;20200102;  193;   50;   52;   80;   24;   40;    1
  269;20200103;  234;   47;   62;   80;    1;   30;   20
  269;20200104;  265;   44;   46;   80;   10;   10;   20
  269;20200105;  216;   41;   42;   60;   18;   20;    1
  269;20200106;  202;   50;   52;   70;   12;   40;    2
  269;20200107;  208;   63;   64;  100;   24;   30;    7
  269;20200108;  225;   50;   53;  100;    2;   30;   16
  269;20200109;  202;   67;   69;  100;   11;   20;    2
  269;20200110;  265;   29;   40;   70;    1;   20;   17
  269;20200111;  204;   71;   72;  100;   19;   30;    1
  269;20200112;  218;   70;   74;  100;   12;   20;   23
  269;20200113;  190;   62;   65;  100;   21;   40;    1
  269;20200114;  202;  100;  101;  130;   20;   70;   11
  269;20200115;  209;   81;   85;  110;    1;   40;   17
  269;20200116;  174;   49;   51;   70;   21;   30;    8
  269;20200117;  205;   56;   62;   90;   19;   40;   12
  269;20200118;  244;   39;   46;   60;    2;   20;   23
  269;20200119;  330;   24;   26;   40;   11;   10;   21
  269;20200120;  207;   20;   22;   40;   12;   10;    1
  269;20200121;  211;   36;   38;   50;    4;   20;    8
  269;20200122;  228;   16;   19;   40;    1;    0;   22
  269;20200123;  129;   11;   13;   30;   20;    0;    4
  269;20200124;  196;   33;   33;   50;   14;   10;    1
  269;20200125;  188;   35;   36;   50;   11;   20;   23
  269;20200126;  177;   38;   40;   60;   22;   30;    3
  269;20200127;  196;   53;   57;   80;    2;   30;   19
  269;20200128;  237;   69;   75;  110;   13;   40;    7
  269;20200129;  248;   65;   69;   90;   11;   50;   16
  269;20200130;  221;   76;   80;  100;    2;   60;   15
  269;20200131;  230;   87;   89;  110;   23;   60;    6
  269;20200201;  238;   85;   88;  100;    1;   70;    7
  269;20200202;  241;   50;   58;  100;   17;   20;   11
  269;20200203;  256;   70;   72;  100;   12;   30;   19
  269;20200204;  290;   43;   47;   70;    3;   10;   16
  269;20200205;  259;   19;   23;   30;    2;   10;    5
  269;20200206;  245;   18;   23;   40;    4;   10;   17
  269;20200207;  141;   31;   33;   60;   12;    0;    1
  269;20200208;  197;   46;   48;   70;   24;   30;    9
  269;20200209;  210;  134;  139;  190;   18;   80;    1
  269;20200210;  252;  113;  115;  140;    1;   70;   22
  269;20200211;  259;  119;  120;  140;   11;  110;   15
  269;20200212;  251;   81;   84;  110;    3;   40;   20
  269;20200213;  188;   46;   54;   80;    9;   30;   18
  269;20200214;  225;   35;   44;   80;   23;   20;    5
  269;20200215;  196;   87;   88;  140;   24;   60;    2
  269;20200216;  214;  119;  125;  160;   16;   80;   19
  269;20200217;  226;   97;   99;  130;    2;   70;   20
  269;20200218;  234;   85;   88;  110;   15;   70;    6
  269;20200219;  250;   57;   65;   90;   10;   50;    2
  269;20200220;  223;   82;   93;  120;   12;   70;    1
  269;20200221;  231;   83;   85;  110;   14;   50;    6
  269;20200222;  234;  103;  108;  140;   10;   70;   21
  269;20200223;  262;   75;   83;  160;   11;   30;    6
  269;20200224;  225;   68;   78;  130;   15;   30;    2
  269;20200225;  249;   67;   70;  110;   12;   30;   23
  269;20200226;  278;   35;   40;   70;   16;   10;    6
  269;20200227;  213;   19;   34;   50;    2;   10;   16
  269;20200228;  199;   60;   65;  100;   17;   30;    5
  269;20200229;  208;   95;   99;  120;   15;   80;    4
  269;20200301;  218;   89;   90;  130;   11;   40;   19
  269;20200302;  197;   26;   40;   50;    1;   20;   16
  269;20200303;  224;   42;   45;   80;   12;   30;    1
  269;20200304;  242;   22;   32;   60;   10;   10;   18
  269;20200305;   72;   45;   48;   70;   14;   10;    1
  269;20200306;  348;   46;   50;   60;    1;   30;   24
  269;20200307;  220;   49;   51;   80;   14;   20;    1
  269;20200308;  204;   75;   76;  100;    8;   50;   18
  269;20200309;  225;   54;   57;  100;   24;   40;    3
  269;20200310;  233;   91;   96;  120;    3;   70;    9
  269;20200311;  236;   64;   65;  120;   24;   10;    6
  269;20200312;  244;  102;  105;  130;    4;   70;   19
  269;20200313;  265;   48;   55;  100;    2;   10;   19
  269;20200314;  164;   36;   43;   70;   23;   20;    1
  269;20200315;  198;   62;   63;  100;   12;   30;   21
  269;20200316;  276;   19;   23;   40;    1;   10;    6
  269;20200317;  221;   54;   55;   80;   11;   30;    1
  269;20200318;  225;   54;   55;   80;   12;   20;   24
  269;20200319;   35;   35;   40;   60;   15;   20;    1
  269;20200320;   35;   57;   58;   80;   12;   40;    1
  269;20200321;   69;   70;   71;   90;   10;   50;    1
  269;20200322;   84;   60;   61;   80;   13;   40;    4
  269;20200323;  112;   45;   46;   60;   13;   30;   19
  269;20200324;  135;   33;   35;   50;   10;   20;    4
  269;20200325;   82;   35;   36;   60;   14;   20;    2
  269;20200326;   64;   49;   50;   90;   15;   30;    1
  269;20200327;   45;   62;   63;   90;   12;   40;    1
  269;20200328;   17;   67;   70;   90;   14;   50;    1
  269;20200329;   20;   82;   83;  120;    9;   30;   24
  269;20200330;  335;   27;   38;   60;   13;   10;    1
  269;20200331;   28;   30;   34;   60;    9;   10;   23
  269;20200401;  274;   20;   25;   40;   12;    0;    1
  269;20200402;  246;   50;   53;   90;   13;   20;    2
  269;20200403;  285;   20;   26;   60;   16;   10;    3
  269;20200404;  172;   28;   33;   50;   10;   20;    1
  269;20200405;  137;   44;   47;   80;   11;   20;    1
  269;20200406;  219;   28;   43;   70;   15;   20;    4
  269;20200407;   75;   22;   26;   50;   15;    0;    4
  269;20200408;   27;   24;   26;   40;   15;   10;    8
  269;20200409;   32;   23;   29;   50;   20;   10;    1
  269;20200410;   61;   38;   38;   50;    1;   20;   21
  269;20200411;   90;   19;   23;   40;   15;    0;   22
  269;20200412;  287;   11;   28;   60;   23;   10;    1
  269;20200413;    8;   70;   71;   90;    4;   40;   24
  269;20200414;  348;   28;   30;   50;   12;   10;   20
  269;20200415;  294;    7;   18;   30;    8;    0;    1
  269;20200416;   55;   41;   42;   70;   19;   20;    1
  269;20200417;   46;   53;   54;   70;    8;   40;    2
  269;20200418;   44;   40;   44;   60;   10;   20;   14
  269;20200419;   63;   72;   72;   90;   10;   40;   20
  269;20200420;   73;   78;   79;  120;   16;   40;   24
  269;20200421;   75;   80;   81;  120;   15;   50;    4
  269;20200422;   74;   63;   64;   90;    9;   30;   20
  269;20200423;   53;   24;   30;   40;    1;   20;   16
  269;20200424;  349;   35;   36;   50;   11;   20;    1
  269;20200425;    9;   30;   31;   40;    1;   10;   24
  269;20200426;  327;    8;   13;   30;   13;    0;    3
  269;20200427;  282;   16;   32;   50;   11;   10;    1
  269;20200428;   37;   51;   52;   70;    7;   30;    1
  269;20200429;  215;   23;   38;   80;   23;    0;    7
  269;20200430;  205;   58;   62;  100;   11;   30;    5
  269;20200501;  226;   55;   60;   90;   10;   30;   20
  269;20200502;  267;   43;   47;   80;   15;   20;   24
  269;20200503;  338;    8;   21;   40;   15;   10;    3
  269;20200504;   25;   45;   48;   60;    8;   30;    5
  269;20200505;   36;   42;   44;   60;    8;   10;    5
  269;20200506;   17;   21;   28;   40;   13;   20;    3
  269;20200507;  347;   11;   15;   30;   12;    0;    6
  269;20200508;   17;   12;   15;   30;   13;    0;    1
  269;20200509;   41;   33;   38;   60;   19;   20;    2
  269;20200510;   20;   61;   63;  110;   17;   20;    2
  269;20200511;   15;   78;   79;  110;   12;   30;   23
  269;20200512;  275;   35;   40;   60;   16;   10;    3
  269;20200513;    4;   35;   45;   70;   16;   10;    4
  269;20200514;    6;   40;   42;   70;   16;   20;    3
  269;20200515;  295;   22;   25;   50;   13;    0;    6
  269;20200516;  265;   39;   44;   70;   10;   10;    2
  269;20200517;  259;   32;   37;   70;   12;   10;    4
  269;20200518;  254;   35;   40;   70;   12;   10;   21
  269;20200519;  292;   25;   30;   60;   15;   10;    4
  269;20200520;   14;   21;   23;   40;   15;   10;    4
  269;20200521;  111;   12;   20;   30;    8;   10;    1
  269;20200522;  228;   56;   64;  110;   17;   20;    1
  269;20200523;  247;   72;   73;  100;   13;   40;    5
  269;20200524;  265;   56;   57;   80;    7;   30;   23
  269;20200525;  340;   29;   33;   50;   15;   10;   22
  269;20200526;   13;   11;   18;   30;   16;   10;    1
  269;20200527;    5;   40;   45;   70;   18;   10;    2
  269;20200528;   32;   46;   48;   70;   16;   30;    3
  269;20200529;   39;   41;   44;   80;   19;   20;    5
  269;20200530;   54;   44;   45;   80;   19;   30;    4
  269;20200531;   63;   55;   58;   90;   10;   30;    1
  269;20200601;   58;   40;   41;   60;    7;   20;   20
  269;20200602;  353;    6;   34;   50;   17;   20;    8
  269;20200603;  294;   33;   46;   50;    7;   30;    1
  269;20200604;  328;   38;   41;   50;    8;   30;    1
  269;20200605;  236;   37;   53;   70;   12;   30;    3
  269;20200606;  217;   77;   80;  110;   13;   50;    2
  269;20200607;  236;   53;   58;   70;    1;   30;   21
  269;20200608;  344;   27;   37;   60;   20;   10;    5
  269;20200609;   17;   31;   33;   40;    3;   30;    1
  269;20200610;   61;   33;   35;   50;   11;   20;    4
  269;20200611;   54;   37;   39;   60;    6;   30;    9
  269;20200612;   78;   27;   41;   80;   23;   20;   19
  269;20200613;   29;   17;   25;   50;   19;   10;    6
  269;20200614;  294;   22;   25;   50;   13;   10;    2
  269;20200615;  286;   21;   27;   50;   13;   10;   21
  269;20200616;   44;   13;   15;   30;   14;   10;    1
  269;20200617;   35;   30;   33;   50;   14;   20;    1
  269;20200618;  176;    4;   29;   50;    7;   10;   16
  269;20200619;  262;   26;   27;   50;   13;   10;    1
  269;20200620;  273;   18;   27;   40;    7;    0;   23
  269;20200621;  210;   31;   40;   70;   12;   10;    1
  269;20200622;  288;   22;   28;   50;   12;    0;   24
  269;20200623;    6;   10;   23;   40;    9;    0;    1
  269;20200624;   72;   37;   39;   60;   14;   20;    3
  269;20200625;   94;   38;   40;   60;   12;   20;    4
  269;20200626;  134;   24;   30;   50;   10;   10;    2
  269;20200627;  214;   41;   45;   90;   17;   10;    1
  269;20200628;  225;   69;   72;  100;   10;   30;   22
  269;20200629;  220;   81;   83;  100;   10;   50;    1
  269;20200630;  228;   62;   64;  100;   11;   30;   24
  269;20200701;  238;   50;   53;   80;   11;   30;    1
  269;20200702;  243;   44;   49;   80;   13;   20;   23
  269;20200703;  232;   65;   65;  100;   14;   20;    1
  269;20200704;  218;   80;   81;   90;    5;   60;   17
  269;20200705;  234;   96;   97;  120;   11;   80;    1
  269;20200706;  274;   65;   67;   90;    4;   30;   21
  269;20200707;  257;   25;   36;   70;   11;   10;   21
  269;20200708;  110;    7;   22;   40;    9;   10;   10
  269;20200709;  232;   39;   45;   70;   10;   20;    1
  269;20200710;  339;   26;   37;   60;    9;   10;   21
  269;20200711;  287;   23;   29;   60;   14;   10;    1
  269;20200712;    5;   16;   20;   40;   16;    0;    5
  269;20200713;  294;    8;   16;   30;   13;    0;    5
  269;20200714;  233;   12;   24;   40;    7;    0;   17
  269;20200715;  305;   16;   25;   40;    7;   10;    1
  269;20200716;  300;   15;   25;   50;   17;   10;    1
  269;20200717;  261;   12;   18;   30;   14;   10;    4
  269;20200718;  227;   14;   25;   40;   10;   10;    1
  269;20200719;  287;   18;   33;   50;   15;   10;    2
  269;20200720;  333;   30;   31;   50;   12;   10;    1
  269;20200721;  295;   29;   30;   50;   13;   10;    2
  269;20200722;  358;   13;   18;   30;   11;    0;   24
  269;20200723;  225;   31;   37;   60;    9;   10;    1
  269;20200724;  262;   30;   36;   60;   13;   20;   20
  269;20200725;  204;   41;   43;   70;    9;   20;    1
  269;20200726;  245;   49;   54;   80;   13;   20;   20
  269;20200727;  181;   31;   38;   60;   23;   20;    5
  269;20200728;  258;   55;   57;   90;   14;   20;   22
  269;20200729;  267;   41;   43;   80;   12;    0;   21
  269;20200730;  133;    8;   23;   40;    8;   10;    1
  269;20200731;   93;   33;   34;   50;   11;   20;    1
  269;20200801;  267;   25;   35;   60;    9;   10;   21
  269;20200802;  274;   27;   33;   60;   11;    0;   23
  269;20200803;  281;    9;   23;   40;    9;   10;    1
  269;20200804;  258;   16;   26;   40;   14;   10;    1
  269;20200805;  206;   35;   41;   70;    8;   10;   19
  269;20200806;  331;    5;   23;   40;   23;   10;    2
  269;20200807;   50;   22;   22;   40;   16;   10;    9
  269;20200808;   32;   24;   26;   40;   14;   10;    9
  269;20200809;   43;   38;   42;   70;   13;   20;    2
  269;20200810;   64;   37;   38;   60;   15;   20;   19
  269;20200811;   81;   30;   39;   60;    9;   10;   21
  269;20200812;   69;   22;   24;   40;   14;   10;    5
  269;20200813;   83;   10;   24;   40;   21;   10;   14
  269;20200814;   50;   12;   25;   50;   18;   10;    5
  269;20200815;  236;    7;   20;   30;    3;   10;    2
  269;20200816;   86;   18;   30;   80;   19;   10;    1
  269;20200817;  142;    8;   23;   40;   16;   10;    2
  269;20200818;  229;   28;   33;   60;   11;   10;    2
  269;20200819;  169;   29;   31;   50;   10;   10;    2
  269;20200820;  167;   34;   41;   60;    9;   30;   14
  269;20200821;  221;   49;   59;  100;   13;   30;   21
  269;20200822;  221;   69;   70;  100;    9;   40;    1
  269;20200823;  237;   49;   57;   80;   10;   30;   19
  269;20200824;  249;   44;   49;   80;   13;   10;   22
  269;20200825;  191;   55;   60;  120;   24;   20;    1
  269;20200826;  255;   90;   94;  120;    1;   30;   23
  269;20200827;  135;   19;   27;   50;   22;   10;    5
  269;20200828;  203;   46;   50;   90;   10;   20;   15
  269;20200829;  214;   50;   51;   80;   10;   30;    1
  269;20200830;  353;   39;   48;   90;   16;   20;    5
  269;20200831;  347;   23;   25;   40;    1;    0;   23
  269;20200901;  315;   13;   15;   40;   15;    0;    4
  269;20200902;   26;    8;   13;   30;   16;   10;    1
  269;20200903;  212;   48;   52;   80;   13;   10;    1
  269;20200904;  242;   38;   41;   60;   14;   20;    1
  269;20200905;  252;   40;   43;   70;   13;   20;    1
  269;20200906;  252;   24;   30;   50;   11;   10;   20
  269;20200907;  219;   35;   37;   70;   11;   10;    1
  269;20200908;  215;   47;   48;   60;    1;   30;   21
  269;20200909;  246;   33;   41;   60;    7;   10;   22
  269;20200910;  236;   10;   17;   30;   13;   10;    5
  269;20200911;  218;   14;   18;   50;   13;    0;    4
  269;20200912;  232;   31;   38;   70;    9;   10;   19
  269;20200913;  215;   37;   40;   70;   10;   10;   20
  269;20200914;   66;   17;   19;   40;   21;   10;    1
  269;20200915;   74;   12;   17;   20;    1;   10;    6
  269;20200916;    6;   38;   38;   60;   16;   10;    1
  269;20200917;   58;   46;   47;   70;    9;   10;    2
  269;20200918;   64;   54;   55;   80;   11;   40;    1
  269;20200919;   57;   47;   48;   60;   11;   20;   20
  269;20200920;   47;   45;   46;   60;   11;   30;    6
  269;20200921;   34;   16;   19;   40;    1;    0;   21
  269;20200922;  218;    7;   10;   30;   14;    0;    1
  269;20200923;  195;   39;   41;   70;   12;   10;    1
  269;20200924;  198;   52;   57;  100;   12;   20;   17
  269;20200925;  181;   55;   66;   90;   11;   30;   21
  269;20200926;  351;   40;   42;  100;   24;   20;    6
  269;20200927;   45;   28;   45;   90;    1;   10;   18
  269;20200928;  185;   29;   30;   30;    1;   20;    7
  269;20200929;  233;   12;   23;   30;    1;   10;   17
  269;20200930;  171;   26;   30;   40;    3;   20;    1
  269;20201001;  160;   38;   41;   70;   16;   20;   24
  269;20201002;   74;   52;   54;   90;   22;   20;    1
  269;20201003;  122;   23;   42;   70;    1;   20;   11
  269;20201004;  170;   60;   64;  100;   11;   30;    1
  269;20201005;  174;   59;   60;   70;    2;   50;   15
  269;20201006;  215;   54;   58;   80;   13;   20;   21
  269;20201007;  239;   45;   48;   80;   13;   30;    2
  269;20201008;  219;   52;   63;  110;   12;   20;   22
  269;20201009;  231;   32;   35;   60;   15;   10;    5
  269;20201010;  236;   36;   40;   80;   12;   10;   18
  269;20201011;  267;   29;   35;   50;   10;   20;   19
  269;20201012;  243;   13;   23;   40;   11;    0;   18
  269;20201013;  113;   25;   34;   40;    3;   30;    1
  269;20201014;   33;   50;   51;   80;   12;   30;    1
  269;20201015;   30;   40;   41;   60;   10;   30;   17
  269;20201016;   27;   17;   18;   30;    9;    0;   21
  269;20201017;  179;    7;   11;   30;   10;    0;    1
  269;20201018;  249;   15;   19;   30;   10;   10;    1
  269;20201019;  170;   23;   26;   40;   10;   10;    1
  269;20201020;  177;   41;   45;   60;   12;   30;    1
  269;20201021;  202;   65;   74;  140;   20;   30;    1
  269;20201022;  215;   62;   62;   80;    2;   40;   18
  269;20201023;  201;   37;   39;   60;   14;   10;    4
  269;20201024;  198;   69;   71;  100;   24;   50;    5
  269;20201025;  195;   62;   64;  110;    2;   40;   15
  269;20201026;  200;   58;   58;   80;   10;   40;    2
  269;20201027;  197;   69;   71;   90;   11;   40;    1
  269;20201028;  207;   67;   68;  100;   12;   50;    2
  269;20201029;  219;   57;   59;   80;   20;   40;    8
  269;20201030;  231;   76;   76;   90;    2;   50;   24
  269;20201031;  195;   48;   52;   80;   20;   40;    4
  269;20201101;  204;   69;   72;  100;   16;   40;    1
  269;20201102;  222;   98;  101;  140;   12;   60;   20
  269;20201103;  210;   59;   63;  110;   15;   40;    5
  269;20201104;  233;   31;   34;   50;    1;   10;   24
  269;20201105;  218;   14;   18;   50;   12;   10;    1
  269;20201106;   92;   18;   21;   40;   19;   10;    1
  269;20201107;   92;   13;   18;   30;   10;   10;    4
  269;20201108;   98;   14;   18;   30;    3;    0;   21
  269;20201109;   84;   18;   20;   30;   13;   10;    3
  269;20201110;   71;   20;   21;   30;    3;    0;   24
  269;20201111;  167;   27;   29;   50;   23;   10;    1
  269;20201112;  198;   49;   54;   70;    5;   30;   21
  269;20201113;  191;   40;   42;   60;   14;   30;    1
  269;20201114;  181;   43;   44;   70;   15;   10;    4
  269;20201115;  192;   68;   73;   90;   16;   60;    1
  269;20201116;  221;   67;   70;  100;    2;   40;   19
  269;20201117;  221;   76;   77;   90;    3;   70;    1
  269;20201118;  204;   67;   70;  100;   20;   40;    6
  269;20201119;  272;   43;   54;   80;    7;   20;   24
  269;20201120;  216;   31;   35;   60;   23;   20;    2
  269;20201121;  211;   74;   75;   90;    9;   60;   17
  269;20201122;  238;   42;   44;   70;    1;   30;   16
  269;20201123;  214;   32;   35;   50;   12;   20;    3
  269;20201124;  186;   41;   42;   50;    2;   20;   17
  269;20201125;  185;   41;   42;   60;    3;   30;    6
  269;20201126;  271;    3;   16;   40;    1;    0;   11
  269;20201127;   84;   22;   25;   40;   12;   10;    3
  269;20201128;   81;   46;   46;   60;   12;   30;    1
  269;20201129;   89;   23;   26;   40;    1;   10;   16
  269;20201130;  203;   44;   47;   80;   18;   10;    1
  269;20201201;  357;   38;   44;   70;    7;   20;    4
  269;20201202;  144;   12;   23;   40;   22;   10;   10
  269;20201203;  170;   53;   56;   80;   22;   40;    1
  269;20201204;  156;   54;   58;   90;   12;   20;   21
  269;20201205;  142;   15;   21;   40;   13;   10;    3
  269;20201206;   23;   19;   25;   40;   12;   10;   14
  269;20201207;  221;   38;   46;   70;   13;   20;    1
  269;20201208;   59;   11;   15;   20;    1;    0;   24
  269;20201209;  166;   28;   29;   50;   17;   10;    1
  269;20201210;  117;   27;   28;   40;   18;   20;    1
  269;20201211;  123;   36;   36;   50;    5;   30;    1
  269;20201212;  139;    8;   22;   30;    1;   10;   18
  269;20201213;  176;   34;   38;   70;   21;   10;    2
  269;20201214;  182;   55;   56;   80;   13;   30;   17
  269;20201215;  188;   34;   36;   50;    1;   20;   20
  269;20201216;  161;   37;   38;   60;   24;   20;   10
  269;20201217;  208;   56;   57;   80;   11;   40;    2
  269;20201218;  184;   61;   62;   80;    9;   40;    1
  269;20201219;  184;   60;   61;   80;   11;   50;    2
  269;20201220;  196;   50;   51;   70;   23;   40;    2
  269;20201221;  185;   57;   60;   80;   15;   30;    7
  269;20201222;  238;   43;   49;  100;    3;   10;   16
  269;20201223;  189;   16;   28;   60;   15;   10;    1
  269;20201224;    3;   38;   44;   90;    4;   20;    8
  269;20201225;  319;   21;   27;   40;    1;   20;    3
  269;20201226;  207;   77;   78;  130;   23;   30;    1
  269;20201227;  192;  100;  100;  150;    9;   20;   24
  269;20201228;  139;   20;   30;   50;    5;   10;   22
  269;20201229;  237;   21;   29;   50;   20;   10;    4
  269;20201230;  220;   46;   47;   60;   14;   30;   16
  269;20201231;  210;   18;   20;   50;    1;    0;   14
  269;20210101;  211;   21;   22;   40;   24;   10;   11
  269;20210102;  200;   18;   23;   40;    1;   10;   17
  269;20210103;   43;   47;   48;   70;   14;   10;    1
  269;20210104;   43;   77;   77;   90;   10;   60;   22
  269;20210105;   48;   58;   58;   60;    1;   50;    7
  269;20210106;   11;   24;   32;   60;    2;   10;   20
  269;20210107;  295;   24;   26;   40;   10;   10;   22
  269;20210108;  316;   10;   13;   20;   10;   10;    1
  269;20210109;  291;   17;   18;   30;   13;   10;    1
  269;20210110;  217;   33;   34;   50;   17;   10;    2
  269;20210111;  220;   75;   76;   90;   21;   60;    1
  269;20210112;  283;   41;   47;   70;    1;   30;   17
  269;20210113;  282;   45;   52;   80;   12;   30;   21
  269;20210114;   58;   29;   32;   50;   13;   10;    5
  269;20210115;   14;    6;   18;   30;    1;   10;    7
  269;20210116;  186;   41;   42;   70;   16;   10;    4
  269;20210117;  245;   21;   30;   40;    1;   20;    7
  269;20210118;  220;   51;   52;   70;   11;   40;    1
  269;20210119;  219;   90;   95;  110;   15;   80;   11
  269;20210120;  194;   90;   90;  110;   21;   70;   15
  269;20210121;  205;   89;   95;  140;    5;   10;   22
  269;20210122;  224;   51;   54;   80;   13;   30;   23
  269;20210123;  207;   29;   35;   70;    8;   10;   17
  269;20210124;  247;   11;   20;   40;   12;    0;    2
  269;20210125;  246;   27;   36;   80;   23;   10;    5
  269;20210126;  260;   31;   40;   70;    1;   20;    9
  269;20210127;  227;   44;   51;   80;    3;   10;   24
  269;20210128;   98;   29;   34;   70;   14;   10;    2
  269;20210129;  271;   41;   63;  100;   10;   20;    4
  269;20210130;   66;   56;   58;   70;    7;   30;    4
  269;20210131;   73;   37;   39;   50;   13;   20;    8
  269;20210201;   46;   22;   31;   50;    1;   10;   19
  269;20210202;   96;   18;   25;   50;   11;   10;    2
  269;20210203;  224;   39;   44;   80;    4;   20;   12
  269;20210204;  225;   17;   39;   60;    2;   20;   13
  269;20210205;   80;   31;   31;   50;    4;   20;   14
  269;20210206;   70;   89;   89;  130;   23;   50;    1
  269;20210207;   62;  127;  128;  140;    3;  110;   18
  269;20210208;   64;   75;   76;  110;    1;   10;   22
  269;20210209;   52;   34;   35;   60;    7;   10;    1
  269;20210210;   40;   32;   34;   60;    4;   10;   22
  269;20210211;   58;   10;   13;   30;   16;    0;    5
  269;20210212;   67;   45;   45;   70;   15;   20;    1
  269;20210213;   90;   37;   39;   50;    3;   20;    6
  269;20210214;  145;   51;   52;   80;   17;   30;    1
  269;20210215;  189;   54;   57;   70;    8;   40;   20
  269;20210216;  195;   40;   44;   70;   23;   30;    2
  269;20210217;  212;   61;   63;   80;   11;   50;    4
  269;20210218;  182;   45;   53;   70;   13;   30;    2
  269;20210219;  189;   50;   52;   70;   13;   30;    8
  269;20210220;  168;   50;   50;   70;   22;   30;    4
  269;20210221;  168;   28;   31;   60;    1;   10;   17
  269;20210222;  184;   36;   36;   50;   11;   20;    1
  269;20210223;  201;   50;   52;   80;   12;   30;    2
  269;20210224;  190;   47;   48;   70;   10;   30;   18
  269;20210225;  247;   21;   37;   50;    9;   20;   21
  269;20210226;  309;   23;   25;   50;   13;   10;    1
  269;20210227;  346;    8;   13;   30;   18;    0;   23
  269;20210228;   46;   23;   24;   60;   23;    0;    1
  269;20210301;   75;   44;   45;   60;    1;   30;    3
  269;20210302;   65;   34;   34;   50;   14;   20;   19
  269;20210303;  296;   17;   20;   30;    9;   10;    1
  269;20210304;  354;   32;   34;   50;   15;   20;    1
  269;20210305;   17;   26;   28;   40;    1;    0;   24
  269;20210306;  324;    6;   13;   30;   14;    0;    1
  269;20210307;  284;   17;   20;   40;   15;    0;    1
  269;20210308;  257;   26;   34;   60;   22;   10;   11
  269;20210309;  285;   23;   36;   70;    1;   10;   23
  269;20210310;  190;   63;   65;  130;   24;   20;    1
  269;20210311;  232;  115;  120;  180;   10;   70;   19
  269;20210312;  227;   88;   91;  120;   14;   70;    5
  269;20210313;  241;  100;  108;  140;   11;   70;   23
  269;20210314;  270;   56;   57;   70;    1;   30;   22
  269;20210315;  312;   54;   56;   80;   12;   30;    2
  269;20210316;  312;   30;   32;   50;    1;   10;   20
  269;20210317;  351;   37;   39;   60;    9;   10;   23
  269;20210318;  349;   24;   32;   60;   22;   10;    1
  269;20210319;   23;   43;   45;   70;   11;   30;    4
  269;20210320;  271;   25;   32;   50;   12;    0;    5
  269;20210321;  331;   46;   51;   70;    9;   30;   21
  269;20210322;  314;   19;   24;   40;    4;   10;   18
  269;20210323;  230;   33;   35;   60;   13;   20;    1
  269;20210324;  229;   28;   35;   70;   13;   10;   20
  269;20210325;  219;   31;   36;   70;   14;   10;    3
  269;20210326;  200;   58;   64;  100;   11;   40;    1
  269;20210327;  248;   67;   73;  100;   10;   30;   20
  269;20210328;  222;   82;   84;  120;   14;   50;    1
  269;20210329;  225;   68;   69;  100;    9;   30;   20
  269;20210330;  182;   12;   24;   40;    1;   10;    6
  269;20210331;  332;    7;   16;   30;   13;    0;    6
  269;20210401;   10;   40;   43;   70;   14;   10;    1
  269;20210402;  358;   46;   48;   60;   13;   30;    5
  269;20210403;  356;   51;   52;   60;    1;   30;   24
  269;20210404;  259;   35;   45;   80;   23;   20;    4
  269;20210405;  304;   76;   83;  100;   19;   50;   24
  269;20210406;  310;   64;   66;   80;    1;   50;   20
  269;20210407;  301;   63;   68;   90;    5;   40;   22
  269;20210408;  223;   55;   58;   90;   12;   30;    5
  269;20210409;  257;   32;   50;   70;    8;   20;   20
  269;20210410;   46;   61;   64;   90;   19;   30;    3
  269;20210411;  345;   50;   52;   70;    1;   10;   24
  269;20210412;  257;   38;   40;   70;   11;   20;    1
  269;20210413;  301;   22;   27;   50;   11;   10;    5
  269;20210414;   12;   25;   28;   50;   13;    0;    3
  269;20210415;   39;   31;   33;   50;   19;   10;    1
  269;20210416;   15;   35;   38;   60;   14;   10;    3
  269;20210417;  352;   34;   36;   60;   11;   10;    4
  269;20210418;  337;   21;   23;   50;   19;    0;    3
  269;20210419;   56;   21;   25;   40;   11;   10;    2
  269;20210420;   10;   21;   25;   50;   17;    0;    6
  269;20210421;    2;   42;   43;   70;   16;   10;    2
  269;20210422;  352;   36;   38;   50;    8;   10;   23
  269;20210423;  351;   22;   28;   40;   16;   10;    1
  269;20210424;   30;   37;   38;   70;   14;    0;    3
  269;20210425;   19;   44;   46;   60;    4;   30;   24
  269;20210426;   23;   36;   39;   70;   18;   20;    1
  269;20210427;   75;   32;   37;   60;   16;   20;   21
  269;20210428;   41;   48;   52;   80;   18;   40;    1
  269;20210429;  318;   42;   53;   80;   15;   20;   23
  269;20210430;  319;   12;   17;   30;   11;    0;    3
  269;20210501;  288;   37;   44;   60;   11;   20;    1
  269;20210502;  297;   44;   48;   70;   14;   20;   23
  269;20210503;  210;   56;   60;   90;   24;   20;    2
  269;20210504;  239;  102;  109;  140;   12;   80;   21
  269;20210505;  269;   71;   74;  110;   14;   30;   21
  269;20210506;  249;   25;   31;   60;   13;   20;   11
  269;20210507;  272;   38;   42;   70;   13;   10;    4
  269;20210508;  173;   44;   47;   80;   15;   10;    6
  269;20210509;  179;   33;   40;   70;   16;   10;   20
  269;20210510;  208;   31;   46;  110;    7;   10;   24
  269;20210511;   31;   11;   27;   50;    9;   10;    1
  269;20210512;  294;   18;   28;   50;    8;   10;    2
  269;20210513;   43;   32;   34;   50;   14;   10;    1
  269;20210514;   17;   19;   22;   40;    1;   10;    8
  269;20210515;  167;   12;   22;   40;   10;   10;    1
  269;20210516;  218;   25;   33;   60;    7;   10;   17
  269;20210517;  260;   19;   32;   50;   16;   10;    2
  269;20210518;  285;   23;   29;   60;   14;   10;    2
  269;20210519;  239;   19;   28;   60;   11;   10;   19
  269;20210520;  195;   39;   42;   70;   24;   20;    1
  269;20210521;  219;  106;  108;  150;   14;   60;    4
  269;20210522;  238;   66;   74;  100;    1;   20;   24
  269;20210523;  212;   38;   43;   90;   13;   10;    5
  269;20210524;  191;   41;   45;   70;    6;   10;   17
  269;20210525;  248;   45;   51;   90;   11;   30;    1
  269;20210526;  255;   57;   62;   90;   13;   30;    1
  269;20210527;  308;   44;   50;   60;    1;   20;   22
  269;20210528;   30;   20;   21;   30;   13;    0;    5
  269;20210529;   12;   28;   30;   50;   16;   10;    1
  269;20210530;   39;   36;   39;   60;   15;   20;    5
  269;20210531;   61;   36;   37;   50;   15;   30;    1
  269;20210601;   72;   40;   42;   70;   16;   20;    5
  269;20210602;   57;   24;   29;   40;    1;   10;   19
  269;20210603;  254;   23;   34;   60;   15;   10;   22
  269;20210604;  339;   19;   26;   50;   17;   10;    1
  269;20210605;  305;   31;   36;   50;   14;   30;    1
  269;20210606;  336;   34;   37;   50;   10;   10;   23
  269;20210607;    2;   28;   30;   50;   17;    0;    2
  269;20210608;   34;   21;   24;   40;   16;   10;    4
  269;20210609;  297;   17;   23;   50;   13;    0;   22
  269;20210610;  269;   16;   23;   40;   10;   10;    1
  269;20210611;  253;   32;   35;   50;   11;   10;    4
  269;20210612;  295;   38;   42;   70;   14;   20;   21
  269;20210613;  286;   12;   18;   30;   11;   10;    3
  269;20210614;  300;   15;   33;   60;   17;   10;    1
  269;20210615;   23;   27;   29;   40;   17;   20;    3
  269;20210616;   84;   13;   21;   40;    9;   10;   20
  269;20210617;  247;   13;   39;   80;   15;   20;    1
  269;20210618;   75;   27;   34;   60;    7;   20;    1
  269;20210619;  258;   15;   45;   70;   23;   10;    1
  269;20210620;  350;   17;   40;   60;    1;   20;    3
  269;20210621;   25;   51;   52;   80;    6;   20;   21
  269;20210622;   21;   42;   43;   60;    8;   10;    1
  269;20210623;   20;   29;   31;   40;    7;   20;    1
  269;20210624;  359;   15;   23;   30;    2;   10;   21
  269;20210625;  198;   29;   32;   60;   14;   10;   22
  269;20210626;   48;   19;   28;   50;   19;   10;    2
  269;20210627;   57;   43;   49;   70;   14;   20;   22
  269;20210628;   27;   17;   27;   50;    2;   10;   22
  269;20210629;  350;   27;   31;   40;   13;   10;    2
  269;20210630;  335;   27;   33;   40;    1;   20;   17
  269;20210701;  269;   41;   43;   60;   14;   20;    1
  269;20210702;  229;   13;   27;   40;    7;   10;   21
  269;20210703;  131;   10;   19;   30;    8;   10;    1
  269;20210704;  241;    9;   22;   40;   14;   10;    1
  269;20210705;  199;   30;   35;   60;    9;   10;   19
  269;20210706;  198;   65;   68;  120;   12;   20;    1
  269;20210707;  208;   27;   36;   70;   11;    0;   21
  269;20210708;  301;   17;   20;   40;   15;    0;    1
  269;20210709;  301;   17;   24;   40;   11;   10;    1
  269;20210710;  348;   13;   19;   30;   16;    0;    2
  269;20210711;   11;    6;   17;   40;   17;   10;    8
  269;20210712;   53;   22;   24;   40;   13;    0;    2
  269;20210713;  353;   33;   34;   50;   14;   20;    1
  269;20210714;  340;   52;   53;   70;   18;   40;    1
  269;20210715;  357;   57;   57;   70;    3;   40;   15
  269;20210716;  354;   37;   39;   50;   11;   20;   22
  269;20210717;  348;   35;   36;   50;    8;   10;   24
  269;20210718;  325;   24;   32;   60;   12;   10;    1
  269;20210719;    2;   20;   23;   40;   11;    0;    2
  269;20210720;   57;   17;   20;   30;    8;    0;    2
  269;20210721;  343;   10;   21;   30;   12;   10;    4
  269;20210722;    9;   28;   31;   50;   15;   10;   24
  269;20210723;   48;   26;   27;   40;    9;   10;    1
  269;20210724;   76;   20;   34;   60;    9;   10;   20
  269;20210725;  221;    8;   21;   40;    7;   10;   13
  269;20210726;  193;   28;   34;   60;   15;   10;    1
  269;20210727;  201;   38;   39;   50;    8;   20;   18
  269;20210728;  213;   64;   66;  100;   12;   30;    1
  269;20210729;  235;   69;   73;  110;   11;   40;   21
  269;20210730;  203;   47;   49;   90;   24;   30;    5
  269;20210731;  248;   60;   64;   80;    1;   20;   24
  269;20210801;  264;   25;   35;   50;    7;   20;   11
  269;20210802;  305;   19;   26;   50;   14;   10;   20
  269;20210803;   40;   15;   17;   30;   13;    0;    2
  269;20210804;   52;   21;   25;   40;   15;   20;    1
  269;20210805;  107;   17;   22;   40;   16;   10;    1
  269;20210806;  208;   50;   53;   80;   10;   30;    1
  269;20210807;  189;   44;   45;   60;   14;   30;   18
  269;20210808;  213;   74;   75;  100;    9;   50;    1
  269;20210809;  205;   53;   54;   90;   15;   20;   20
  269;20210810;  241;   36;   41;   70;   11;   10;   21
  269;20210811;  204;   20;   25;   40;    9;   10;    1
  269;20210812;  240;   19;   26;   60;   11;    0;   21
  269;20210813;  241;   38;   42;   70;   10;   10;    1
  269;20210814;  233;   35;   41;   70;   13;   10;   21
  269;20210815;  233;   37;   41;   80;   13;   10;    6
  269;20210816;  280;   60;   65;   90;   17;   30;    2
  269;20210817;  256;   39;   41;   70;   10;   20;   15
  269;20210818;  250;   39;   40;   70;   15;   20;    1
  269;20210819;  238;   35;   37;   50;   11;   20;   24
  269;20210820;  236;   20;   27;   50;    8;   10;   19
  269;20210821;  113;   12;   17;   30;   12;    0;    5
  269;20210822;  306;   22;   38;   60;   12;    0;    3
  269;20210823;   25;   46;   47;   60;    1;   30;   23
  269;20210824;   25;   37;   39;   50;    8;   20;   23
  269;20210825;  336;   26;   31;   50;   16;   10;    3
  269;20210826;  345;   41;   45;   60;   15;   30;    8
  269;20210827;  350;   49;   50;   80;   15;   30;    4
  269;20210828;    1;   50;   50;   70;    9;   30;    1
  269;20210829;  355;   44;   45;   50;    1;   40;   12
  269;20210830;  357;   45;   45;   70;   14;   30;    2
  269;20210831;  356;   36;   36;   50;   13;   20;    1
  269;20210901;  354;   17;   19;   40;   14;    0;   24
  269;20210902;   17;   18;   20;   40;   14;    0;    4
  269;20210903;   36;   33;   35;   50;   21;   30;    1
  269;20210904;   61;   38;   38;   60;    8;   20;    1
  269;20210905;   56;   34;   35;   60;   11;   10;   24
  269;20210906;   43;   15;   16;   20;    1;    0;   23
  269;20210907;   90;   13;   16;   30;   16;   10;    1
  269;20210908;   86;   26;   28;   40;   11;   20;    1
  269;20210909;  162;    4;   25;   50;   15;    0;   23
  269;20210910;  200;   23;   28;   50;   12;   10;   17
  269;20210911;  232;   40;   43;   60;   10;   20;   24
  269;20210912;  255;   25;   33;   50;    9;   10;   21
  269;20210913;   51;   12;   20;   30;   13;    0;    2
  269;20210914;   77;   25;   30;   40;    2;   10;   21
  269;20210915;  263;   26;   32;   50;   12;    0;    1
  269;20210916;  272;   35;   38;   60;   13;   20;   18
  269;20210917;  266;    9;   15;   40;   16;    0;   21
  269;20210918;   68;   22;   22;   40;   16;    0;    1
  269;20210919;   86;   38;   40;   50;    5;   30;    2
  269;20210920;   61;   30;   33;   60;   11;   10;    2
  269;20210921;  245;   18;   22;   40;   10;    0;    1
  269;20210922;  227;   27;   29;   50;   11;   10;    1
  269;20210923;  249;   47;   54;   90;   10;   20;   21
  269;20210924;  233;   50;   51;   80;   12;   30;    1
  269;20210925;  189;   20;   28;   50;    1;   10;   21
  269;20210926;  181;   15;   25;   40;   14;   10;    7
  269;20210927;  194;   41;   46;   90;   16;   20;    1
  269;20210928;  185;   37;   40;   50;    3;   20;   18
  269;20210929;  228;   43;   53;   80;   15;   40;    1
  269;20210930;  207;   61;   63;   80;   12;   30;    7
  269;20211001;  195;   63;   63;   80;    1;   40;   24
  269;20211002;  176;   51;   53;  120;   21;   20;    2
  269;20211003;  212;   43;   48;   90;    1;   10;    9
  269;20211004;  188;   55;   56;   90;   12;   30;   18
  269;20211005;  179;   53;   57;   80;   11;   40;    1
  269;20211006;  230;   30;   45;   80;    2;    0;   22
  269;20211007;  124;   12;   16;   30;   17;    0;    7
  269;20211008;   66;   22;   23;   40;   12;   10;    1
  269;20211009;   73;   24;   26;   40;    1;   10;   20
  269;20211010;  293;   12;   16;   30;   13;    0;    5
  269;20211011;  292;   24;   26;   40;   11;   10;    3
  269;20211012;  314;   26;   35;   60;   14;   20;   20
  269;20211013;  270;   26;   32;   50;   22;   20;    1
  269;20211014;  240;   47;   50;   70;   13;   30;    3
  269;20211015;  295;   23;   38;   80;    6;   10;   17
  269;20211016;  199;   27;   28;   50;   14;   10;    1
  269;20211017;  192;   37;   38;   60;   11;   30;    1
  269;20211018;  178;   35;   36;   50;   10;   20;    8
  269;20211019;  207;   59;   61;   90;   14;   40;    1
  269;20211020;  214;   75;   79;  110;   11;   30;   23
  269;20211021;  272;   54;   64;  120;    3;   20;    1
  269;20211022;  268;   50;   56;  100;   10;   20;   20
  269;20211023;  185;   23;   24;   40;   13;   10;    2
  269;20211024;  172;   31;   32;   40;    6;   20;    2
  269;20211025;  197;   38;   39;   60;   22;   20;   17
  269;20211026;  211;   58;   59;   70;   15;   40;    2
  269;20211027;  212;   59;   60;   80;   12;   30;   18
  269;20211028;  177;   41;   41;   60;   13;   30;    1
  269;20211029;  180;   60;   62;   80;   13;   40;   16
  269;20211030;  179;   44;   48;   70;   10;   20;    4
  269;20211031;  178;   46;   51;   80;   18;   30;    2
  269;20211101;  195;   67;   67;  100;   10;   20;   24
  269;20211102;  195;   26;   30;   40;    2;   10;   16
  269;20211103;  168;    8;   12;   20;    1;    0;   20
  269;20211104;  278;    5;   15;   20;    2;   10;    1
  269;20211105;  253;   21;   26;   40;   21;   20;    1
  269;20211106;  214;   71;   71;  100;   18;   40;    1
  269;20211107;  267;   53;   55;   90;    1;   30;   19
  269;20211108;  235;   22;   27;   50;   13;   10;    6
  269;20211109;  192;   39;   40;   70;   12;   20;    1
  269;20211110;  192;   27;   28;   40;    1;   20;    3
  269;20211111;  196;   26;   27;   40;   15;   20;    2
  269;20211112;  182;   46;   47;   70;   21;   20;    1
  269;20211113;  183;   16;   24;   70;    1;    0;   17
  269;20211114;   63;   32;   33;   50;   10;   20;    1
  269;20211115;   67;   33;   34;   50;   11;   20;   23
  269;20211116;  184;   12;   20;   40;   23;    0;   11
  269;20211117;  232;   39;   44;   60;    4;   30;   14
  269;20211118;  226;   50;   50;   80;   12;   40;    1
  269;20211119;  246;   43;   45;   60;   12;   30;   18
  269;20211120;  229;   42;   43;   60;   13;   30;    2
  269;20211121;  340;   27;   37;   60;   14;   20;    5
  269;20211122;    7;   12;   18;   40;    1;    0;    9
  269;20211123;  290;   15;   18;   30;    4;   10;   17
  269;20211124;  186;   21;   21;   40;   12;   10;    1
  269;20211125;  238;   23;   29;   40;    2;   20;    1
  269;20211126;  204;   53;   56;  100;   12;   20;   20
  269;20211127;  216;   35;   40;   80;   15;   10;   21
  269;20211128;  330;   12;   19;   40;   10;    0;    5
  269;20211129;  279;   27;   34;   70;   24;   20;    9
  269;20211130;  251;   46;   55;   90;    2;   20;   18
  269;20211201;  250;   72;   88;  130;    3;   40;   21
  269;20211202;  292;   23;   30;   50;    2;   20;    4
  269;20211203;  209;   69;   69;  110;   13;   20;    1
  269;20211204;  199;   31;   34;   50;   22;   20;    7
  269;20211205;  142;   15;   30;   50;    2;   20;   13
  269;20211206;  168;   35;   41;   70;   20;   10;    4
  269;20211207;  168;   45;   53;   90;   22;   20;    4
  269;20211208;  187;   59;   60;   80;    9;   40;   21
  269;20211209;  179;   42;   42;   50;   10;   30;    2
  269;20211210;  116;   20;   29;   50;    1;    0;   23
  269;20211211;  185;   21;   23;   50;   21;    0;    8
  269;20211212;  216;   51;   53;   70;    4;   40;    1
  269;20211213;  206;   46;   46;   50;    1;   40;   14
  269;20211214;  222;   45;   46;   50;    2;   40;    1
  269;20211215;  229;   41;   42;   50;    3;   30;   15
  269;20211216;  203;    8;   12;   30;    1;    0;   20
  269;20211217;  336;    8;    9;   20;    3;    0;    5
  269;20211218;  328;   15;   19;   30;    5;   10;    1
  269;20211219;  318;   28;   30;   40;    3;   20;   20
  269;20211220;   25;   14;   17;   20;    1;   10;    8
  269;20211221;   76;    8;   10;   20;   15;    0;   12
  269;20211222;  153;   16;   19;   30;   10;    0;    1
  269;20211223;  211;   45;   47;   80;   17;   20;    1
  269;20211224;  278;   20;   49;   80;   23;   10;   17
  269;20211225;   70;   71;   72;   80;    3;   50;   22
  269;20211226;   87;   41;   42;   50;    1;   30;   23
  269;20211227;  126;   24;   26;   40;   20;   10;    9
  269;20211228;  209;   36;   49;   70;   13;   30;    1
  269;20211229;  236;   38;   46;   70;   20;   30;    6
  269;20211230;  232;   82;   83;  100;    9;   50;    4
  269;20211231;  229;   80;   81;  110;    9;   40;   24
  269;20220101;  203;   53;   54;   70;   14;   40;    7
  310;20161231;  198;   58;   58;   80;   22;   50;    1
  310;20170101;  201;   68;   69;   90;    6;   40;   22
  310;20170102;  319;   30;   36;   60;   13;   10;   11
  310;20170103;  266;   81;   84;  110;   14;   50;    1
  310;20170104;  317;   69;   74;  100;    3;   40;   23
  310;20170105;   43;   26;   41;   60;   23;   10;   10
  310;20170106;  176;   55;   58;   90;   22;   40;    5
  310;20170107;  215;   46;   57;   90;    1;   30;   19
  310;20170108;  259;    9;   23;   40;    2;   10;   11
  310;20170109;  196;   67;   73;  110;   21;   30;    1
  310;20170110;  255;   45;   48;   70;    6;   30;    8
  310;20170111;  261;   87;  102;  130;   10;   60;    1
  310;20170112;  235;   59;   85;  130;   24;   40;   21
  310;20170113;  304;   98;  104;  130;    1;   70;   16
  310;20170114;  312;   71;   73;  100;    1;   50;    8
  310;20170115;  294;   10;   28;   50;    1;    0;   22
  310;20170116;   53;   16;   27;   50;   20;   10;    1
  310;20170117;   88;   32;   35;   60;   10;   20;   16
  310;20170118;   62;   30;   31;   40;    6;   20;    1
  310;20170119;   51;   38;   39;   40;    1;   30;    5
  310;20170120;   53;   45;   46;   60;   14;   30;    7
  310;20170121;  105;   30;   40;   50;    1;   20;   17
  310;20170122;  238;    9;   19;   40;    3;   10;   10
  310;20170123;  231;   38;   40;   60;   12;   20;    1
  310;20170124;  213;   19;   28;   50;    1;   10;   13
  310;20170125;  119;   43;   46;   70;   22;   20;    2
  310;20170126;  142;   56;   59;   80;   19;   50;    3
  310;20170127;  133;   63;   64;   80;    6;   30;   13
  310;20170128;  178;   66;   72;   80;    4;   60;   15
  310;20170129;  182;   81;   84;  100;   18;   60;    2
  310;20170130;  244;   28;   57;  110;    3;   20;   19
  310;20170131;  112;   50;   54;   80;   19;   30;    2
  310;20170201;  142;   63;   69;   80;    7;   60;    9
  310;20170202;  163;   77;   79;  100;   14;   60;    7
  310;20170203;  166;   66;   74;   90;   13;   60;    2
  310;20170204;  166;   15;   47;   90;    1;   20;   17
  310;20170205;   45;   36;   49;   70;   15;   30;    2
  310;20170206;   59;    8;   25;   50;   22;   10;   10
  310;20170207;  111;   33;   40;   60;    9;   10;   19
  310;20170208;   34;   42;   43;   50;    1;   40;    3
  310;20170209;   59;   49;   50;   60;   22;   40;   14
  310;20170210;   49;   45;   45;   60;    6;   30;   20
  310;20170211;   43;   41;   41;   50;   11;   30;    1
  310;20170212;   72;   58;   59;   90;   24;   30;    3
  310;20170213;   77;   82;   82;   90;    8;   70;    2
  310;20170214;  102;   70;   71;   90;    2;   50;   21
  310;20170215;  180;   39;   50;   70;   12;   30;    4
  310;20170216;  242;   58;   62;   80;   12;   40;    1
  310;20170217;  273;   43;   44;   70;    1;   10;   20
  310;20170218;  196;   33;   35;   60;   21;   10;    1
  310;20170219;  237;   63;   67;   90;    7;   50;   21
  310;20170220;  247;   81;   84;  110;   12;   60;    1
  310;20170221;  250;   80;   85;  140;   23;   50;   17
  310;20170222;  247;  159;  160;  180;   15;  140;    2
  310;20170223;  247;  146;  162;  230;   16;  100;   23
  310;20170224;  287;   43;   50;   90;    1;   30;   19
  310;20170225;  205;   92;   94;  120;   17;   60;    1
  310;20170226;  212;   93;   93;  100;    1;   80;   19
  310;20170227;  199;  114;  118;  140;   15;   80;    1
  310;20170228;  220;  101;  104;  140;    6;   60;   22
  310;20170301;  249;   61;   70;  140;    3;   10;   20
  310;20170302;  249;  121;  126;  180;    3;   50;   24
  310;20170303;  150;   64;   67;   90;   19;   50;    1
  310;20170304;  193;   50;   62;   90;    6;   30;   18
  310;20170305;  193;   93;   96;  140;   13;   70;   18
  310;20170306;  289;   51;   53;   70;    4;   40;   19
  310;20170307;  267;   35;   44;   60;   13;   30;    5
  310;20170308;  225;   66;   80;  130;   14;   20;   22
  310;20170309;  271;   47;   61;  110;    9;   20;   23
  310;20170310;  131;   31;   38;   70;   17;    0;    3
  310;20170311;  107;   34;   37;   70;   20;   20;    3
  310;20170312;   57;   16;   31;   50;    5;   10;   14
  310;20170313;  321;   33;   42;   60;    6;   20;   20
  310;20170314;  244;   48;   51;   80;   13;   40;    2
  310;20170315;  268;   14;   27;   60;    3;   10;    6
  310;20170316;  233;   28;   34;   60;   22;   10;    9
  310;20170317;  256;   76;   83;  160;   24;   20;    5
  310;20170318;  257;  110;  111;  190;    1;   60;   23
  310;20170319;  243;  121;  122;  170;   14;   80;    2
  310;20170320;  231;  113;  115;  140;   14;   90;    7
  310;20170321;  245;   74;   82;  100;    7;   60;   19
  310;20170322;  147;   65;   70;  100;   11;   40;   18
  310;20170323;   64;   67;   70;   90;   16;   30;    6
  310;20170324;   61;   72;   73;   90;   13;   50;   20
  310;20170325;   48;   85;   85;  120;   13;   60;    2
  310;20170326;   54;   61;   61;   70;    1;   50;   18
  310;20170327;   87;   37;   39;   60;   11;   20;   19
  310;20170328;  235;   31;   44;   90;   17;   20;    2
  310;20170329;  233;   68;   75;  120;   12;   50;   20
  310;20170330;  177;   62;   65;   80;   15;   50;   11
  310;20170331;  208;   41;   65;  100;   12;   20;   22
  310;20170401;  222;   20;   31;   60;    3;   10;   20
  310;20170402;  299;   22;   33;   50;   11;   20;    1
  310;20170403;  109;   16;   23;   50;   21;   10;    3
  310;20170404;  289;   28;   38;   60;   14;   20;   11
  310;20170405;  343;   51;   51;   70;   13;   30;   20
  310;20170406;  339;   30;   37;   60;    9;    0;   20
  310;20170407;  287;   29;   40;   60;   12;   20;   20
  310;20170408;  303;    3;   21;   40;   21;   10;    1
  310;20170409;  156;   17;   31;   70;   24;   10;   18
  310;20170410;  323;   48;   49;   80;    1;   20;   21
  310;20170411;  256;   45;   49;   70;   24;   20;    1
  310;20170412;  248;   88;   91;  120;   13;   70;    1
  310;20170413;  279;   47;   52;   70;   14;   40;   18
  310;20170414;  255;   50;   53;   80;   22;   20;    5
  310;20170415;  278;   69;   73;  110;    3;   50;   18
  310;20170416;  284;   51;   58;   90;   12;   20;   20
  310;20170417;  349;   51;   62;   80;    1;   30;   24
  310;20170418;   15;   39;   45;   60;    8;   20;   17
  310;20170419;   39;   41;   42;   60;   10;   20;   22
  310;20170420;  241;   25;   37;   50;    8;   30;    1
  310;20170421;  260;   55;   57;   70;   11;   40;    1
  310;20170422;  350;   39;   44;   70;    4;   10;    7
  310;20170423;  287;   17;   35;   70;   14;   10;   19
  310;20170424;  250;   61;   72;  100;   11;   30;   22
  310;20170425;  308;   62;   64;   90;    1;   20;   20
  310;20170426;  351;   43;   45;   70;   13;   10;    3
  310;20170427;  275;   37;   50;   80;   18;   20;    4
  310;20170428;  308;   34;   43;   70;    1;   10;   22
  310;20170429;  120;   28;   44;   80;   19;   10;   11
  310;20170430;  111;   90;   95;  110;   11;   80;    1
  310;20170501;  172;   52;   65;  110;   11;   10;   19
  310;20170502;    4;   28;   33;   60;   11;   20;    3
  310;20170503;   47;   41;   42;   60;   10;   20;    2
  310;20170504;   45;   60;   61;   80;   17;   40;    2
  310;20170505;   63;   53;   55;   80;    2;   40;   15
  310;20170506;   42;   56;   61;   80;   11;   40;   21
  310;20170507;  340;   55;   57;   70;    6;   40;    2
  310;20170508;  354;   60;   65;  110;   16;   40;    8
  310;20170509;   15;   35;   37;   60;   16;   20;    3
  310;20170510;   53;   29;   37;   60;   15;   10;   13
  310;20170511;   98;   37;   44;   70;   18;   20;   12
  310;20170512;  194;   43;   50;   70;   12;   30;   22
  310;20170513;  217;   35;   46;   80;   14;   20;   21
  310;20170514;  232;   52;   64;  110;   12;   30;    1
  310;20170515;  195;   43;   49;   70;   11;   20;    8
  310;20170516;  223;   36;   48;   80;   13;   20;   21
  310;20170517;  153;   27;   52;  100;   22;   20;    1
  310;20170518;   24;   16;   48;  120;   23;   10;   14
  310;20170519;  244;   75;   81;  140;    4;   50;   21
  310;20170520;  228;   41;   46;   70;   10;   10;   20
  310;20170521;  107;   15;   31;   50;   16;   10;    9
  310;20170522;   93;   23;   30;   50;    8;   10;   18
  310;20170523;  276;   44;   48;   70;    6;   20;    1
  310;20170524;  287;   38;   46;   60;    3;   20;   21
  310;20170525;   37;   31;   38;   60;   17;   20;    1
  310;20170526;   94;   63;   65;   90;   23;   50;    1
  310;20170527;  223;   15;   65;   90;   15;   40;   13
  310;20170528;  357;   13;   33;   50;   15;   10;   12
  310;20170529;  319;   10;   50;   80;    5;   20;   11
  310;20170530;  253;   78;   80;  120;   15;   30;    1
  310;20170531;  303;   28;   43;   60;   13;   20;   21
  310;20170601;   45;   26;   33;   60;   16;   20;    6
  310;20170602;    9;    6;   29;   50;   18;    0;    7
  310;20170603;  267;   50;   54;   90;   10;   10;    1
  310;20170604;  267;   60;   64;   80;   11;   40;    1
  310;20170605;  207;   39;   57;   90;   11;   10;   18
  310;20170606;  217;  136;  146;  180;   11;   80;    1
  310;20170607;  245;  144;  147;  170;    5;  100;   24
  310;20170608;  210;   54;   65;  100;   12;   20;   21
  310;20170609;  244;   78;   88;  120;   10;   30;    4
  310;20170610;  229;   41;   46;   70;   15;   20;   20
  310;20170611;  245;   50;   61;  130;   19;   10;    2
  310;20170612;  251;  105;  107;  130;    1;   60;   24
  310;20170613;  300;   22;   39;   60;    1;   30;    5
  310;20170614;   80;   32;   37;   50;   10;   30;    1
  310;20170615;  254;   60;   80;  130;   19;   30;    3
  310;20170616;  281;   59;   63;  100;    2;   30;   21
  310;20170617;  283;   30;   39;   60;   12;   10;   24
  310;20170618;   64;   13;   30;   50;   18;   10;    1
  310;20170619;   44;   25;   36;   60;   17;   10;   12
  310;20170620;   36;   48;   49;   70;   17;   30;    2
  310;20170621;   89;   43;   46;   60;    2;   30;   10
  310;20170622;  253;   73;   78;  140;   17;   30;    1
  310;20170623;  250;   91;   95;  130;   15;   60;    2
  310;20170624;  230;   99;   99;  110;   18;   90;    6
  310;20170625;  251;  103;  105;  140;    2;   80;   17
  310;20170626;  352;   37;   44;   60;    1;   30;    4
  310;20170627;   76;   52;   55;   80;   15;   40;    2
  310;20170628;  241;   50;   67;   80;    9;   50;    1
  310;20170629;  229;   43;   52;  100;   15;   10;   22
  310;20170630;  258;   28;   43;   70;    6;   10;    2
  310;20170701;  319;   53;   61;   90;   13;   30;   20
  310;20170702;  291;   32;   49;   80;    1;   20;   20
  310;20170703;  232;   67;   76;  100;   19;   50;    1
  310;20170704;  238;   16;   28;   60;    1;   10;   15
  310;20170705;  328;   21;   38;   60;   17;   20;    1
  310;20170706;  101;   50;   54;   90;   23;   30;    1
  310;20170707;  258;   41;   48;   80;    7;   10;   20
  310;20170708;  343;   17;   42;   70;   12;   10;    8
  310;20170709;   77;   20;   30;   50;   17;   20;    1
  310;20170710;  223;   30;   54;  100;   12;   20;    8
  310;20170711;  237;   62;   67;  100;   10;   40;   18
  310;20170712;  357;   29;   70;  120;   10;   20;   22
  310;20170713;   49;   16;   25;   50;   17;   10;   13
  310;20170714;  287;   43;   53;  100;    9;   20;    1
  310;20170715;  237;   41;   47;  100;   17;   10;    2
  310;20170716;  258;   51;   56;   70;    5;   40;    3
  310;20170717;   41;   30;   39;   60;   18;   20;    2
  310;20170718;   67;   55;   55;   70;   10;   30;    3
  310;20170719;  205;   15;   59;   90;   13;   20;   23
  310;20170720;  232;   69;   75;  140;   16;   30;    1
  310;20170721;  135;   38;   59;   90;   20;   30;   24
  310;20170722;  193;   36;   49;   80;   14;   10;   22
  310;20170723;  232;   68;   80;  120;   18;   30;   23
  310;20170724;  305;   27;   50;   70;   14;   30;    4
  310;20170725;  329;   57;   58;   90;   15;   30;    1
  310;20170726;  227;   45;   53;  110;   24;   20;    3
  310;20170727;  247;   86;   90;  110;    1;   70;    8
  310;20170728;  226;   91;   97;  130;   10;   70;   19
  310;20170729;  229;   49;   63;  110;    5;   10;   20
  310;20170730;  230;   79;   89;  130;   10;   50;    1
  310;20170731;  247;   34;   44;   70;    8;   20;   21
  310;20170801;  251;   30;   33;   50;    4;   20;   14
  310;20170802;  196;   50;   56;  100;   14;   40;    9
  310;20170803;  231;  104;  110;  150;   12;   60;    2
  310;20170804;  242;   98;  101;  130;    9;   60;   22
  310;20170805;  267;   41;   52;   70;   17;   30;   10
  310;20170806;  249;   40;   47;   60;    2;   30;    5
  310;20170807;  251;   20;   44;   60;    2;   20;   21
  310;20170808;  281;    2;   38;   80;   20;   10;   14
  310;20170809;  235;   33;   51;   80;    1;   20;   19
  310;20170810;   37;   30;   35;   50;    3;   10;   22
  310;20170811;  253;   42;   49;  110;   19;   10;    2
  310;20170812;  256;   66;   70;   90;    7;   20;   22
  310;20170813;  302;   24;   34;   60;   12;   20;    6
  310;20170814;  119;   17;   25;   40;   14;   10;   10
  310;20170815;  244;   20;   41;   70;   19;   10;    2
  310;20170816;  202;   20;   34;   60;   23;   10;   19
  310;20170817;  207;   64;   73;  100;   16;   50;    7
  310;20170818;  233;   83;   89;  160;   18;   60;    4
  310;20170819;  247;   92;  100;  130;   17;   80;   23
  310;20170820;  269;   56;   59;   80;   13;   40;   22
  310;20170821;  180;   30;   37;   60;    5;   10;   23
  310;20170822;   96;   22;   25;   60;   21;    0;    5
  310;20170823;  183;   20;   63;  100;   18;   40;    9
  310;20170824;  255;   53;   55;   80;    4;   20;   22
  310;20170825;   55;   10;   32;   50;    1;   10;    7
  310;20170826;  324;   10;   26;   50;   14;   10;    8
  310;20170827;   35;   19;   32;   50;   17;   20;    1
  310;20170828;   54;   11;   28;   40;    1;   10;   10
  310;20170829;  354;    6;   26;   40;   16;   10;   13
  310;20170830;  351;   32;   53;  100;   17;   20;    5
  310;20170831;  276;   34;   47;   70;   11;   30;    6
  310;20170901;  259;   16;   38;   60;    6;   20;   21
  310;20170902;  357;   21;   28;   50;   11;   10;   23
  310;20170903;  153;   35;   38;   50;   13;   10;    1
  310;20170904;  175;   52;   54;   80;   11;   40;   20
  310;20170905;  226;   50;   55;   80;   16;   30;    9
  310;20170906;  285;   74;   75;  100;    5;   40;   22
  310;20170907;  228;   63;   67;  100;   22;   30;    1
  310;20170908;  221;  104;  106;  130;    4;   80;   22
  310;20170909;  234;   54;   61;   80;    6;   30;   11
  310;20170910;  206;   93;   94;  140;   23;   70;    1
  310;20170911;  219;  107;  114;  160;   13;   50;   22
  310;20170912;  247;   79;   96;  140;   24;   80;    3
  310;20170913;  245;  136;  148;  200;    7;   90;   20
  310;20170914;  271;   73;   84;  150;   14;   30;   20
  310;20170915;  252;   53;   60;   70;    3;   40;   21
  310;20170916;  208;   30;   39;   60;   14;   10;    2
  310;20170917;  231;   32;   38;   50;    1;   30;    8
  310;20170918;  283;   36;   40;   60;   10;   10;    7
  310;20170919;  316;   27;   32;   50;   15;   20;    3
  310;20170920;  222;   50;   55;   70;    1;   40;   13
  310;20170921;  179;   59;   60;   80;    5;   40;   18
  310;20170922;  287;   17;   30;   50;   12;    0;   22
  310;20170923;  118;   16;   27;   40;    2;   10;   15
  310;20170924;   94;   47;   48;   70;   19;   20;    1
  310;20170925;   70;   36;   39;   60;   16;   30;    6
  310;20170926;   43;   33;   33;   40;    1;   20;    4
  310;20170927;  108;   34;   39;   60;   20;   20;    5
  310;20170928;  182;   39;   43;   60;    1;   20;   19
  310;20170929;  211;   41;   60;   80;   12;   30;    5
  310;20170930;  250;   25;   39;   60;   22;   20;    5
  310;20171001;  183;   92;   94;  120;   11;   60;    1
  310;20171002;  246;  111;  117;  130;    8;  100;    6
  310;20171003;  288;   71;   74;  100;    1;   60;   15
  310;20171004;  245;   95;   99;  130;   12;   50;    1
  310;20171005;  279;   83;  103;  190;    6;   40;   21
  310;20171006;  314;   62;   67;  100;   14;   40;   19
  310;20171007;  244;   82;   93;  130;   14;   50;   24
  310;20171008;  297;   31;   35;   70;    9;   10;   18
  310;20171009;  230;   48;   50;   70;   14;   20;    1
  310;20171010;  239;   79;   83;  120;   16;   60;    1
  310;20171011;  212;  100;  101;  130;   24;   80;    2
  310;20171012;  256;   74;   80;  110;    1;   50;   18
  310;20171013;  218;   63;   63;   90;   12;   40;    5
  310;20171014;  218;   36;   45;   70;   14;   10;   19
  310;20171015;  171;   50;   53;   80;   14;   30;    2
  310;20171016;  192;   58;   68;   90;    3;   30;    7
  310;20171017;  216;   23;   38;   70;    1;   10;   16
  310;20171018;  113;   21;   33;   50;    3;   10;   20
  310;20171019;  157;   57;   62;   90;   15;   30;    4
  310;20171020;  208;  102;  108;  150;   10;   70;   22
  310;20171021;  203;  106;  110;  140;   24;   80;    1
  310;20171022;  263;   95;  109;  150;    1;   80;   24
  310;20171023;  243;   59;   75;  100;    2;   60;   14
  310;20171024;  224;   77;   80;  120;   15;   60;    3
  310;20171025;  236;   66;   69;  110;   11;   30;   21
  310;20171026;  254;   33;   41;   50;    2;   20;   19
  310;20171027;  330;   50;   54;   80;   24;   30;   20
  310;20171028;  272;  110;  111;  130;   14;   80;    1
  310;20171029;  330;   74;   82;  130;    2;   30;   22
  310;20171030;  340;   29;   35;   50;    1;   20;   17
  310;20171031;  226;   71;   71;   90;   10;   40;    3
  310;20171101;  210;   55;   58;   80;    8;   40;   14
  310;20171102;  249;   36;   45;   70;    3;   10;   24
  310;20171103;  188;   33;   37;   60;   22;   20;    1
  310;20171104;  201;   39;   64;   90;   10;   40;   23
  310;20171105;  302;   55;   57;   70;   11;   40;    1
  310;20171106;  329;   17;   36;   60;    1;   20;   15
  310;20171107;  177;   33;   34;   50;    5;   10;   24
  310;20171108;   36;   14;   18;   30;    6;   10;    1
  310;20171109;  222;   55;   57;   80;   12;   10;    1
  310;20171110;  275;   78;   90;  120;    8;   60;    1
  310;20171111;  270;   36;   54;  100;    1;   20;   23
  310;20171112;  318;   55;   71;  110;   15;   30;    8
  310;20171113;  341;   52;   54;   80;    1;   20;   20
  310;20171114;  219;   69;   72;  100;    9;   40;    1
  310;20171115;  205;   43;   45;   60;    1;   20;   16
  310;20171116;  220;   36;   54;   60;    4;   30;   22
  310;20171117;  296;   21;   29;   60;   24;   10;    6
  310;20171118;  281;   82;   85;  120;   11;   60;    1
  310;20171119;  302;   54;   58;   80;    1;   30;   20
  310;20171120;  231;   82;   91;  140;   16;   60;    1
  310;20171121;  230;  101;  106;  130;   10;   90;    1
  310;20171122;  195;  110;  112;  130;   18;   90;    9
  310;20171123;  209;  104;  114;  170;    8;   60;   23
  310;20171124;  263;   17;   30;   60;    1;   10;   17
  310;20171125;  273;   60;   66;  100;   23;   30;    1
  310;20171126;  277;   84;   87;  100;    1;   70;   12
  310;20171127;  243;   88;  103;  140;    9;   80;    1
  310;20171128;  288;   55;   58;  100;    1;   30;   16
  310;20171129;  277;   17;   38;   70;    5;   10;   11
  310;20171130;  315;   35;   43;   70;    5;   10;    2
  310;20171201;   36;   22;   30;   50;    9;   10;    1
  310;20171202;  187;   39;   40;   60;   20;   10;    1
  310;20171203;  235;   40;   52;   70;    4;   20;   23
  310;20171204;  267;   38;   42;   60;   21;   20;    2
  310;20171205;  249;   55;   58;   70;   13;   40;    5
  310;20171206;  217;   75;   82;  120;   24;   70;    1
  310;20171207;  213;   97;  121;  160;   14;   50;   19
  310;20171208;  289;  103;  103;  120;    1;   80;   23
  310;20171209;  261;   79;   93;  110;   15;   80;    1
  310;20171210;  201;   55;  103;  200;   16;   20;   23
  310;20171211;   35;   73;   89;  140;   12;   10;    2
  310;20171212;  213;   38;   53;   90;   24;   10;    2
  310;20171213;  212;   95;  109;  150;    7;   60;   24
  310;20171214;  242;   94;  106;  170;    3;   70;   14
  310;20171215;  210;   38;   51;   80;    1;   10;   17
  310;20171216;  307;   48;   51;   70;   10;   30;    2
  310;20171217;  234;   48;   64;  120;   22;   30;    2
  310;20171218;  343;   51;   53;   70;    1;   20;   24
  310;20171219;  248;   37;   42;   70;   16;   20;    4
  310;20171220;  263;   37;   38;   50;    1;   20;   13
  310;20171221;  262;   47;   47;   70;   22;   30;    7
  310;20171222;  273;   41;   43;   70;    1;   20;   14
  310;20171223;  249;   81;   81;  110;   14;   40;    1
  310;20171224;  238;   94;   98;  110;    2;   80;   14
  310;20171225;  195;  110;  113;  140;   20;   90;    1
  310;20171226;  199;   97;  109;  160;    4;   80;    8
  310;20171227;  217;   38;   93;  140;    1;   30;   16
  310;20171228;  284;   79;   82;  100;    4;   70;    7
  310;20171229;  210;   82;  103;  150;   13;   60;    2
  310;20171230;  235;  113;  125;  180;   11;   70;    1
  310;20171231;  218;  119;  121;  150;   10;   70;    1
  310;20180101;  235;   73;   90;  180;    2;   20;   15
  310;20180102;  226;   66;   91;  120;   18;   60;   11
  310;20180103;  254;  154;  158;  190;    9;  120;   19
  310;20180104;  242;  107;  114;  180;   15;   50;    7
  310;20180105;  219;   68;   74;   90;   13;   40;    4
  310;20180106;   31;   17;   43;   70;    1;   10;    8
  310;20180107;   53;   98;   98;  120;   14;   70;    2
  310;20180108;   65;   67;   68;   90;    1;   40;   23
  310;20180109;  136;   33;   47;   60;    4;   20;   22
  310;20180110;  180;   59;   60;   80;    8;   40;   22
  310;20180111;    4;   11;   24;   40;    1;   10;    7
  310;20180112;   43;   18;   28;   40;   12;   10;   19
  310;20180113;  117;   55;   58;   80;   12;   40;    3
  310;20180114;  120;   36;   53;   70;   10;   40;   16
  310;20180115;  207;  100;  115;  160;   12;   50;    1
  310;20180116;  261;  110;  112;  130;    8;   80;   18
  310;20180117;  277;  120;  126;  160;    7;  100;   17
  310;20180118;  258;   98;  114;  240;    7;   30;   18
  310;20180119;  266;   76;   81;  100;    1;   50;   11
  310;20180120;  195;   28;   48;   80;    8;   10;   18
  310;20180121;  185;   30;   54;  110;   21;   30;    1
  310;20180122;  270;   56;   59;   90;    4;   30;   10
  310;20180123;  207;   86;   88;  120;   18;   50;    1
  310;20180124;  210;  115;  120;  170;   13;   70;   21
  310;20180125;  205;   63;   64;   90;    2;   30;   16
  310;20180126;  225;   25;   40;   60;   10;   20;   16
  310;20180127;  206;   80;   83;  140;   20;   30;    1
  310;20180128;  242;  102;  104;  140;   24;   70;   17
  310;20180129;  256;  116;  123;  170;    4;   30;   24
  310;20180130;  230;   27;   37;   70;   24;   10;   16
  310;20180131;  246;  102;  110;  140;   12;   70;   15
  310;20180201;  256;   65;   79;  110;    1;   60;   10
  310;20180202;  316;   56;   63;  110;    4;   10;   23
  310;20180203;  243;   13;   34;   70;   24;   10;    3
  310;20180204;   35;   66;   67;  100;   13;   30;    6
  310;20180205;   60;   66;   67;   90;   10;   40;    5
  310;20180206;   41;   49;   50;   60;   10;   30;   18
  310;20180207;   35;   24;   31;   50;   10;    0;   19
  310;20180208;  207;   50;   53;   80;   20;   40;    4
  310;20180209;  192;   67;   80;  120;   10;   30;   24
  310;20180210;  222;   55;   85;  140;   22;   40;    1
  310;20180211;  259;   84;  104;  140;    1;   60;   18
  310;20180212;  262;   62;   74;   90;   24;   50;   19
  310;20180213;  164;   87;   92;  130;   12;   70;    1
  310;20180214;  159;   96;   98;  130;   22;   70;    3
  310;20180215;  219;   61;   78;  120;    2;   50;   17
  310;20180216;  259;   26;   40;   80;    3;   10;   18
  310;20180217;   84;   27;   32;   40;    3;   20;   13
  310;20180218;  169;   39;   40;   60;   16;   20;    2
  310;20180219;  162;   47;   50;   60;    2;   30;   24
  310;20180220;   60;   27;   30;   50;   22;   10;    7
  310;20180221;   31;   44;   45;   60;   13;   40;    1
  310;20180222;   57;   67;   68;  100;   15;   40;    1
  310;20180223;   65;   72;   72;   90;   11;   50;    2
  310;20180224;   71;   85;   85;  100;   12;   70;    1
  310;20180225;   65;   78;   80;   90;    1;   70;    2
  310;20180226;   50;   71;   72;   90;    1;   50;   23
  310;20180227;   57;   55;   55;   80;   15;   40;    8
  310;20180228;   75;   91;   92;  120;   23;   50;    1
  310;20180301;   80;  123;  124;  140;   11;  110;    2
  310;20180302;   84;  111;  113;  130;    2;   80;   24
  310;20180303;   86;   63;   63;   70;    1;   50;   12
  310;20180304;  144;   47;   60;   90;   22;   40;    9
  310;20180305;  157;   52;   65;   90;   21;   30;   15
  310;20180306;  154;   23;   35;   60;    1;    0;   16
  310;20180307;  230;   23;   39;   80;   24;   10;   11
  310;20180308;  219;   90;  100;  150;   15;   70;    1
  310;20180309;  165;   39;   52;   70;    1;   20;    9
  310;20180310;  182;   63;   65;  100;   11;   30;   24
  310;20180311;  123;   15;   43;   70;   20;   10;   12
  310;20180312;  197;   63;   78;  120;   23;   50;    1
  310;20180313;  286;   53;   61;  110;    1;   30;   17
  310;20180314;  120;   53;   60;  100;   23;   20;    1
  310;20180315;  107;   79;   80;  120;    2;   50;   17
  310;20180316;   85;   22;   50;   80;   23;   20;    8
  310;20180317;   66;  111;  112;  130;   13;   90;    1
  310;20180318;   68;   90;   91;  110;    1;   70;   20
  310;20180319;   51;   75;   77;  100;    9;   50;   23
  310;20180320;    2;   63;   65;  110;   13;   20;    3
  310;20180321;  258;   36;   44;   80;   22;   20;    3
  310;20180322;  260;   66;   70;   90;    4;   50;   14
  310;20180323;  187;   75;   79;  110;   10;   50;   23
  310;20180324;   84;   35;   47;   60;    2;   20;   15
  310;20180325;  357;   43;   44;   60;   13;   30;    5
  310;20180326;  259;   23;   28;   60;   11;   10;    2
  310;20180327;  187;   40;   55;   90;   12;   30;    4
  310;20180328;  267;   40;   51;   80;   17;   10;   13
  310;20180329;  200;   41;   52;   70;   17;   10;   14
  310;20180330;  135;   55;   67;  110;   18;   40;   24
  310;20180331;  195;   26;   37;   60;    2;   10;   18
  310;20180401;  308;   24;   40;   70;   11;   10;   19
  310;20180402;  163;   64;   71;   90;   15;   50;    1
  310;20180403;  195;   73;   77;  110;   10;   30;   20
  310;20180404;  191;   72;   79;  110;   14;   50;    3
  310;20180405;  277;   41;   65;  110;    2;   10;   18
  310;20180406;  119;   82;   83;  100;   12;   60;    1
  310;20180407;  151;   33;   55;   80;   11;   20;   19
  310;20180408;  353;   23;   31;   50;   16;   10;    2
  310;20180409;    5;   38;   40;   50;    7;   20;   24
  310;20180410;  114;   26;   44;   70;    7;   10;   24
  310;20180411;   34;   13;   25;   40;    1;   10;    9
  310;20180412;   58;   33;   38;   60;   11;   10;   19
  310;20180413;  229;   16;   38;   60;   13;   10;   19
  310;20180414;   39;    6;   25;   50;   18;   10;    4
  310;20180415;  170;   18;   33;   70;   21;   10;   15
  310;20180416;  249;   38;   44;   70;   12;   20;   21
  310;20180417;  180;   52;   57;   80;   10;   20;   20
  310;20180418;  108;   29;   38;   80;   24;   20;    7
  310;20180419;  111;   37;   41;   80;    1;   10;   18
  310;20180420;  299;   18;   31;   70;   12;    0;    6
  310;20180421;   66;   30;   36;   60;   24;   20;    1
  310;20180422;  226;   22;   58;   90;   19;   30;    5
  310;20180423;  250;   77;   80;  100;   20;   60;   13
  310;20180424;  239;   81;   84;  110;   24;   50;   15
  310;20180425;  254;  100;  105;  140;    3;   60;    6
  310;20180426;  253;   98;  101;  130;   18;   60;   24
  310;20180427;  149;   27;   43;   70;    2;   20;   21
  310;20180428;  231;   51;   61;  100;   10;   10;   23
  310;20180429;   17;   56;   58;  110;   23;   20;    1
  310;20180430;  297;   31;   62;  150;   24;   10;    9
  310;20180501;  260;   71;   80;  140;    1;   40;   16
  310;20180502;  196;   76;   89;  130;   12;   40;   23
  310;20180503;  293;   25;   33;   60;   15;   20;    1
  310;20180504;   16;   26;   35;   60;   16;   10;    9
  310;20180505;   38;   50;   52;   80;   14;   40;    4
  310;20180506;   57;   31;   35;   50;    1;   10;   13
  310;20180507;   80;   31;   36;   50;    3;   10;   15
  310;20180508;   24;    8;   32;   60;   24;   10;   11
  310;20180509;  290;   40;   46;   80;    1;   20;    3
  310;20180510;  278;   39;   54;  110;    6;   10;   21
  310;20180511;  111;   34;   38;   60;    7;   10;    1
  310;20180512;   78;   13;   47;   90;   22;   20;   12
  310;20180513;  290;   47;   55;   80;    3;   20;    1
  310;20180514;  349;   73;   73;   90;   18;   60;    1
  310;20180515;  351;   48;   55;   70;    2;   20;   10
  310;20180516;    3;   82;   83;  120;   17;   50;    1
  310;20180517;    4;   67;   68;   80;    2;   30;   23
  310;20180518;  356;   41;   41;   50;    9;   20;    1
  310;20180519;  350;   28;   29;   40;   14;   10;   11
  310;20180520;   19;   40;   43;   70;   17;   30;    1
  310;20180521;   33;   24;   37;   70;   12;   10;    2
  310;20180522;    4;   40;   45;   70;   14;   30;   11
  310;20180523;   20;   45;   48;   70;   11;   30;    6
  310;20180524;   56;   40;   50;   80;   12;   10;   23
  310;20180525;  293;    6;   30;   40;    2;   10;    9
  310;20180526;   57;   38;   40;   60;   13;   10;    5
  310;20180527;   89;   49;   55;   80;   12;   20;   24
  310;20180528;   31;   27;   35;   60;   18;   10;    9
  310;20180529;  306;   25;   44;   70;   15;   20;   10
  310;20180530;  360;   16;   24;   50;   18;   10;    6
  310;20180531;   11;   20;   28;   50;   17;   10;    1
  310;20180601;  267;   44;   47;   70;   12;   20;    1
  310;20180602;  243;   45;   48;   60;    1;   30;   21
  310;20180603;  318;   17;   36;   50;   15;   10;    9
  310;20180604;   10;   50;   50;   70;   18;   40;    1
  310;20180605;   11;   58;   58;   80;   18;   40;    2
  310;20180606;   13;   55;   55;   80;   19;   40;    5
  310;20180607;  335;   25;   30;   50;    8;   10;   12
  310;20180608;  351;   41;   42;   70;   18;   30;    3
  310;20180609;    2;   52;   53;   70;   16;   40;    1
  310;20180610;   11;   54;   55;   80;   15;   30;   10
  310;20180611;   35;   60;   62;   80;   11;   30;    2
  310;20180612;    9;   52;   56;   80;   16;   30;   23
  310;20180613;  327;   26;   42;   60;   10;   10;   20
  310;20180614;  215;   67;   70;  110;   11;   40;    1
  310;20180615;  242;   22;   28;   50;   17;   10;    7
  310;20180616;  240;   67;   72;  110;   17;   40;    1
  310;20180617;  236;   84;   87;  110;   17;   70;    7
  310;20180618;  230;   76;   80;  100;   10;   60;   20
  310;20180619;  251;   52;   54;  100;    4;   10;   22
  310;20180620;  252;   54;   59;   90;   24;   40;    2
  310;20180621;  322;   76;   79;  110;   16;   30;   21
  310;20180622;  326;   63;   65;   90;    7;   20;   23
  310;20180623;  298;   35;   40;   70;   13;   20;    1
  310;20180624;  354;   39;   40;   60;   15;   20;    1
  310;20180625;    3;   33;   36;   50;   16;   20;    5
  310;20180626;   17;   48;   49;   70;   15;   20;    3
  310;20180627;   21;   51;   53;   70;   16;   40;    3
  310;20180628;   25;   58;   60;   90;   15;   30;    9
  310;20180629;   14;   62;   63;   80;   17;   40;    4
  310;20180630;   43;   49;   50;   70;   18;   30;    5
  310;20180701;   84;   68;   70;   90;    9;   40;   22
  310;20180702;   54;   59;   63;   90;   15;   40;    3
  310;20180703;   33;   65;   68;   80;   11;   50;    6
  310;20180704;    6;   31;   38;   60;   17;   10;   24
  310;20180705;  346;   31;   32;   50;   16;   20;    1
  310;20180706;  321;   16;   27;   40;   15;   10;   11
  310;20180707;   42;   16;   27;   40;   14;   10;    2
  310;20180708;   33;   24;   39;   60;   15;   20;    9
  310;20180709;  357;   47;   49;   70;   19;   10;    9
  310;20180710;  337;   63;   64;   90;   14;   40;   23
  310;20180711;  353;   44;   45;   70;   15;   20;    6
  310;20180712;  351;   47;   48;   60;   14;   30;    4
  310;20180713;  360;   36;   37;   50;   14;   20;    1
  310;20180714;   32;   29;   35;   50;   14;   20;   11
  310;20180715;   67;   19;   30;   40;    1;   10;   11
  310;20180716;   72;    2;   28;   50;   16;   10;   21
  310;20180717;  254;   65;   68;  100;   10;   40;    1
  310;20180718;  270;   23;   43;   60;    1;   30;    8
  310;20180719;    8;   35;   36;   60;   15;   20;    5
  310;20180720;  358;   22;   30;   50;   15;   20;    6
  310;20180721;  339;   39;   40;   60;   14;   20;   21
  310;20180722;  258;   29;   32;   60;   12;   10;   22
  310;20180723;  275;   32;   36;   60;   12;   10;   24
  310;20180724;  308;   19;   29;   40;    9;   10;    1
  310;20180725;    2;   27;   33;   60;   16;   10;    3
  310;20180726;   58;   24;   34;   50;    3;   20;   10
  310;20180727;  107;   15;   49;   80;   15;   20;   14
  310;20180728;  231;   68;   77;  140;   11;   20;    2
  310;20180729;  188;   72;   78;  100;    5;   50;    2
  310;20180730;  194;   39;   51;  100;   17;    0;   19
  310;20180731;  249;   30;   53;  120;   10;   10;   21
  310;20180801;  298;   23;   35;   50;    4;   10;    1
  310;20180802;  293;   25;   30;   50;   12;   10;    1
  310;20180803;  351;   22;   33;   50;   11;   10;    6
  310;20180804;  354;   48;   49;   80;   15;   20;    2
  310;20180805;   38;   41;   45;   70;   18;   20;    5
  310;20180806;   65;   23;   35;   60;    4;   20;   10
  310;20180807;   69;    3;   33;   80;   23;    0;    6
  310;20180808;  233;   73;   84;  120;    8;   40;   20
  310;20180809;  336;   20;   57;  110;   20;   10;    4
  310;20180810;  217;   92;   94;  130;   19;   70;    2
  310;20180811;  273;   38;   48;   70;    7;   10;   20
  310;20180812;  189;   47;   59;   90;    8;   10;   24
  310;20180813;  252;   66;   71;  110;   21;   10;    1
  310;20180814;  267;   57;   65;   90;   17;   50;    2
  310;20180815;  232;   63;   66;   90;    9;   50;    1
  310;20180816;  241;   51;   63;   90;    2;   20;   18
  310;20180817;  268;   35;   42;   70;   21;   20;    1
  310;20180818;  230;   63;   65;   80;   17;   50;   11
  310;20180819;  228;   75;   80;  110;   16;   50;    4
  310;20180820;  278;   25;   32;   60;    1;   10;   20
  310;20180821;  260;   20;   28;   40;    5;   10;   22
  310;20180822;  255;   46;   50;   70;   10;   30;    1
  310;20180823;  247;   60;   66;  100;   16;   40;   22
  310;20180824;  270;   80;   90;  110;   18;   60;    5
  310;20180825;  291;   58;   72;  110;    4;   30;   20
  310;20180826;  194;   76;   79;  130;   22;   50;    1
  310;20180827;  253;   87;   92;  120;    7;   50;   24
  310;20180828;  176;   18;   33;   50;    1;   20;    7
  310;20180829;    7;   24;   30;   60;   14;   10;    6
  310;20180830;  359;   30;   35;   50;   10;   20;   19
  310;20180831;   63;   13;   26;   50;   17;   20;    1
  310;20180901;   58;   20;   26;   40;   17;   10;   10
  310;20180902;   54;   37;   39;   60;   17;   30;    3
  310;20180903;   16;   45;   47;   70;   10;   40;    1
  310;20180904;   10;   46;   47;   60;   22;   30;    3
  310;20180905;   10;   28;   34;   60;   16;   20;    7
  310;20180906;  325;   30;   41;   70;   24;   20;    4
  310;20180907;  263;   68;   77;  100;   15;   50;    3
  310;20180908;  231;   59;   62;   80;    5;   40;   16
  310;20180909;  234;   54;   60;   80;   20;   50;    7
  310;20180910;  249;   66;   70;  120;   17;   40;    4
  310;20180911;  244;   85;   90;  110;    9;   70;   21
  310;20180912;  359;   21;   48;   90;    5;   20;   21
  310;20180913;    8;   18;   27;   40;    9;   10;   20
  310;20180914;  240;   62;   68;  100;   15;   30;    1
  310;20180915;  266;   39;   47;   80;    1;   20;   18
  310;20180916;  214;   48;   52;   70;    9;   20;   19
  310;20180917;  186;   38;   44;   60;   16;   10;   11
  310;20180918;  227;   74;   84;  140;   15;   40;   23
  310;20180919;  227;   67;   69;  110;   13;   20;    3
  310;20180920;  212;   73;   75;  100;   10;   30;   17
  310;20180921;  257;  127;  143;  170;   17;  100;    1
  310;20180922;  227;   59;   74;  110;    1;   50;   20
  310;20180923;   21;   34;   43;   80;   15;   20;    6
  310;20180924;  339;   41;   43;   70;   10;   20;   20
  310;20180925;  183;   15;   23;   40;    5;    0;    2
  310;20180926;  236;   43;   48;   80;    9;   20;   19
  310;20180927;  243;   33;   38;   50;    2;   20;    9
  310;20180928;   34;   57;   59;   80;   13;   40;    1
  310;20180929;  103;   27;   33;   60;    8;   20;   15
  310;20180930;  286;   26;   37;   60;   15;   20;    2
  310;20181001;  334;   58;   67;  100;   11;   30;   22
  310;20181002;  268;   78;   87;  130;    8;   70;    1
  310;20181003;  285;   42;   52;   60;    1;   40;    5
  310;20181004;  225;   35;   40;   60;    6;    0;   21
  310;20181005;  179;   32;   33;   50;   10;   20;   21
  310;20181006;  359;   19;   47;  110;   23;   20;    2
  310;20181007;   45;   51;   52;  110;    1;   10;   23
  310;20181008;  241;   46;   50;   80;   13;   10;    1
  310;20181009;  185;   33;   40;   60;    3;   20;   14
  310;20181010;  112;   53;   54;   80;   16;   30;    1
  310;20181011;  173;   73;   77;  100;   21;   50;    1
  310;20181012;  187;   79;   80;   90;    1;   60;    3
  310;20181013;  174;   69;   70;   90;   13;   50;    7
  310;20181014;  164;   51;   55;  100;   12;   20;    3
  310;20181015;  191;   21;   45;   80;   11;   20;   18
  310;20181016;  171;   18;   31;   60;   22;   20;    1
  310;20181017;  291;   19;   30;   40;    3;   20;    8
  310;20181018;   41;   43;   44;   60;   10;   20;    1
  310;20181019;   36;   33;   35;   60;    9;   20;   11
  310;20181020;  170;    9;   18;   30;    9;   10;    2
  310;20181021;  222;   23;   28;   40;    1;   10;   14
  310;20181022;    3;   50;   54;   70;    2;   20;   21
  310;20181023;  292;   89;   90;  120;    6;   70;    1
  310;20181024;  306;   46;   58;   70;    1;   30;   17
  310;20181025;  281;   40;   45;   80;   24;   30;    8
  310;20181026;  278;   58;   75;  100;   10;   40;   17
  310;20181027;  359;   23;   35;   80;    1;   10;   18
  310;20181028;   57;   74;   75;  110;   12;   60;    1
  310;20181029;   48;   64;   65;   80;   19;   50;    4
  310;20181030;  273;   42;   87;  160;   15;   10;    8
  310;20181031;  161;   56;   69;   90;    1;   40;   11
  310;20181101;  187;   58;   72;   90;    1;   60;    2
  310;20181102;  289;   44;   48;   70;    3;   30;   17
  310;20181103;  187;   47;   52;   60;   11;   40;    2
  310;20181104;  137;   47;   55;   70;    5;   20;   12
  310;20181105;  116;   48;   49;   70;    5;   30;   11
  310;20181106;  151;   53;   58;   80;   20;   40;    3
  310;20181107;  179;   98;  100;  130;   16;   80;    1
  310;20181108;  178;   48;   60;   90;    3;   50;   11
  310;20181109;  159;   62;   67;  100;   23;   40;    9
  310;20181110;  186;   92;   93;  130;    3;   60;   15
  310;20181111;  198;   86;   88;  120;    9;   40;   19
  310;20181112;  196;   57;   58;   80;   20;   40;    6
  310;20181113;  221;   83;   85;  110;   10;   60;   17
  310;20181114;  173;   52;   56;   70;    4;   50;    1
  310;20181115;  151;   38;   41;   50;    5;   20;   19
  310;20181116;  126;   29;   36;   70;   17;   20;    8
  310;20181117;   84;   59;   60;   80;    9;   10;    1
  310;20181118;   65;   66;   66;   90;   22;   50;    6
  310;20181119;   60;   92;   93;  110;   20;   80;    1
  310;20181120;   81;   84;   88;  120;    6;   70;   10
  310;20181121;  124;   34;   46;  100;    1;   20;   12
  310;20181122;   96;   37;   40;   60;   10;   30;    5
  310;20181123;   97;   41;   44;   60;    6;   30;    2
  310;20181124;   73;   38;   38;   60;    9;   30;   12
  310;20181125;   65;   49;   50;   70;   14;   30;    1
  310;20181126;   66;   37;   38;   50;    1;   20;   18
  310;20181127;  138;   49;   55;  110;   24;   20;    1
  310;20181128;  181;   98;  100;  110;   12;   90;    5
  310;20181129;  192;  103;  105;  130;    9;   90;    5
  310;20181130;  216;   77;   79;   90;    3;   60;    6
  310;20181201;  197;   95;   97;  120;   14;   70;    1
  310;20181202;  244;  105;  110;  140;   15;   80;    2
  310;20181203;  257;   96;  107;  150;   16;   50;   23
  310;20181204;  264;    9;   25;   40;    1;   10;    8
  310;20181205;  176;   63;   67;   90;   20;   40;    1
  310;20181206;  235;   81;   83;  110;   20;   60;    2
  310;20181207;  242;  100;  116;  140;   15;   60;   17
  310;20181208;  259;  140;  144;  170;    7;  100;   17
  310;20181209;  293;   97;  104;  160;    3;   60;   24
  310;20181210;  318;   57;   58;   80;   12;   30;   22
  310;20181211;  330;   18;   20;   40;    4;    0;   22
  310;20181212;   97;   42;   43;   90;   21;   10;    3
  310;20181213;   87;   68;   70;   90;    1;   50;    5
  310;20181214;   77;   37;   43;   60;   11;   20;   15
  310;20181215;  153;   89;   90;  130;   18;   50;    1
  310;20181216;  191;   66;   70;   90;    1;   50;   10
  310;20181217;  229;   63;   74;   90;    4;   50;   17
  310;20181218;  177;   84;   88;  120;   18;   60;   14
  310;20181219;  197;   79;   80;  100;    1;   60;   17
  310;20181220;  213;   95;   95;  120;   12;   70;    2
  310;20181221;  241;  127;  139;  200;   12;   90;   24
  310;20181222;  262;   78;   81;  140;    3;   50;   16
  310;20181223;  240;   34;   63;   90;   17;   40;   13
  310;20181224;  339;   16;   22;   40;    1;   10;   12
  310;20181225;  224;   46;   47;   60;    7;   30;    4
  310;20181226;  209;   45;   45;   60;    1;   30;   11
  310;20181227;  217;   31;   33;   40;    1;   20;    7
  310;20181228;  230;   37;   37;   40;    1;   30;    3
  310;20181229;  254;   57;   70;  110;   15;   40;    1
  310;20181230;  275;   44;   52;   80;   15;   30;    3
  310;20181231;  284;   44;   48;   60;   15;   30;    7
  310;20190101;  318;   53;   63;   80;   23;   50;    1
  310;20190102;  359;   48;   49;   70;    1;   20;   20
  310;20190103;  354;   25;   26;   50;   14;   20;    1
  310;20190104;  319;   41;   42;   60;    7;   10;    2
  310;20190105;  323;   52;   53;   60;    1;   40;    2
  310;20190106;  294;   23;   28;   40;    1;   10;   11
  310;20190107;  260;   77;   80;  140;   21;   10;    2
  310;20190108;  327;   93;   96;  110;   11;   80;    1
  310;20190109;    9;   68;   71;  100;    4;   30;   24
  310;20190110;  286;   13;   28;   60;   20;   10;    8
  310;20190111;  324;   43;   52;   70;   16;   30;    5
  310;20190112;  272;   83;   85;  120;   11;   40;    2
  310;20190113;  284;   94;   97;  130;   14;   70;    1
  310;20190114;  322;   49;   53;   70;    1;   20;   20
  310;20190115;  243;   85;   87;  120;   14;   50;    1
  310;20190116;  222;   90;   97;  130;   20;   30;   23
  310;20190117;  300;   60;   75;  110;   14;   30;   24
  310;20190118;  175;   34;   38;   60;   17;   10;    1
  310;20190119;  135;   70;   73;   80;    3;   60;    1
  310;20190120;   70;   35;   38;   60;    1;   20;   23
  310;20190121;  219;   33;   40;   80;   24;    0;    4
  310;20190122;  193;   91;   94;  130;    8;   60;   24
  310;20190123;   75;   40;   48;   80;    2;   20;   24
  310;20190124;  248;   37;   41;   60;   11;   10;    3
  310;20190125;  225;   58;   63;  100;   16;   30;    1
  310;20190126;  234;   93;   99;  130;   23;   80;    1
  310;20190127;  273;   86;  109;  150;   20;   70;    9
  310;20190128;  322;   87;   90;  170;    1;   30;   22
  310;20190129;  186;   52;   68;   80;   16;   40;    1
  310;20190130;  271;   19;   39;   80;   15;   10;    7
  310;20190131;  139;   37;   58;   90;   19;   30;    6
  310;20190201;   83;   36;   43;   90;    1;   10;   16
  310;20190202;   13;   49;   50;   70;   14;   20;   21
  310;20190203;  277;   25;   46;   80;   24;   10;    8
  310;20190204;  206;  104;  105;  130;   14;   70;   23
  310;20190205;  198;   51;   53;   80;   19;   30;   10
  310;20190206;  198;   74;   75;   90;    9;   60;   17
  310;20190207;  234;  115;  120;  160;   12;   90;   19
  310;20190208;  208;  128;  129;  170;   19;   90;    1
  310;20190209;  235;  131;  134;  200;   13;   80;   22
  310;20190210;  267;   70;   95;  130;   15;   50;   12
  310;20190211;  312;   48;   50;   80;    1;   20;   18
  310;20190212;  236;   50;   53;   70;   14;   30;    1
  310;20190213;  204;   55;   56;   70;    2;   30;   24
  310;20190214;  153;   29;   36;   50;   16;   20;    6
  310;20190215;  167;   34;   39;   50;    5;   30;    1
  310;20190216;  204;   42;   43;   60;    7;   20;   15
  310;20190217;  177;   49;   52;   90;   14;   30;   23
  310;20190218;  225;   27;   36;   60;   21;   20;   13
  310;20190219;  246;   70;   72;  100;   11;   50;   22
  310;20190220;  222;   50;   53;   60;    2;   30;   17
  310;20190221;  256;   59;   66;   80;    9;   40;    1
  310;20190222;  327;    5;   31;   60;    1;   10;    9
  310;20190223;  111;   53;   54;   70;    2;   30;   14
  310;20190224;  109;   25;   28;   40;    1;   10;   10
  310;20190225;   84;   26;   33;   50;   12;   10;   15
  310;20190226;   99;   22;   27;   50;   24;   10;   11
  310;20190227;  235;   16;   35;   50;    4;   20;    9
  310;20190228;  251;   75;   76;  120;   12;   30;    8
  310;20190301;  315;   36;   48;   70;    4;   20;   22
  310;20190302;  212;   67;   73;  120;   19;   30;    1
  310;20190303;  216;  121;  122;  150;   22;  110;    1
  310;20190304;  250;  125;  133;  170;    6;   90;    9
  310;20190305;  229;   79;   87;  120;    1;   60;   17
  310;20190306;  186;   95;   96;  110;   10;   70;   24
  310;20190307;  243;  128;  134;  180;   15;   60;    4
  310;20190308;  258;   66;   79;  130;   24;   50;    9
  310;20190309;  259;  112;  115;  190;   13;   60;   24
  310;20190310;  271;  101;  124;  230;   13;   30;    4
  310;20190311;  290;   99;  108;  150;    5;   50;   19
  310;20190312;  220;  112;  130;  160;   11;   80;    1
  310;20190313;  263;  129;  135;  170;    8;   90;   20
  310;20190314;  263;  110;  115;  190;   11;   80;   16
  310;20190315;  261;  129;  130;  180;   12;   60;    4
  310;20190316;  242;  144;  146;  180;    5;   70;    2
  310;20190317;  265;   92;  100;  150;    1;   70;   21
  310;20190318;  294;   41;   46;   70;    1;   20;   19
  310;20190319;  244;   33;   38;   50;    1;   20;    9
  310;20190320;  251;   45;   47;   70;   12;   20;   18
  310;20190321;  257;   24;   31;   50;    7;   10;   21
  310;20190322;  285;   12;   34;   60;   20;   10;   12
  310;20190323;  360;   26;   41;   60;   13;   20;    6
  310;20190324;  318;   25;   43;   70;   24;   20;   10
  310;20190325;  339;   85;   90;  120;    9;   40;   23
  310;20190326;  312;   33;   37;   60;   15;   20;    4
  310;20190327;  311;   20;   24;   40;   13;   10;    1
  310;20190328;    4;   20;   24;   40;   15;    0;    5
  310;20190329;   65;   20;   28;   50;   17;   10;    4
  310;20190330;  352;    9;   28;   40;   23;   20;    3
  310;20190331;   56;   72;   73;  110;   10;   40;    1
  310;20190401;   84;   55;   56;   80;    1;   40;   14
  310;20190402;  227;   42;   60;   80;   16;   30;    6
  310;20190403;  193;   46;   53;   80;    9;   20;   19
  310;20190404;  169;   48;   51;   70;   19;   40;   10
  310;20190405;   93;   42;   49;   70;   16;   30;   13
  310;20190406;   61;   31;   35;   50;    1;   10;   14
  310;20190407;  347;   16;   35;   60;   18;   10;   10
  310;20190408;  267;   27;   34;   50;    1;   10;   10
  310;20190409;   56;   51;   52;   80;   13;   10;    2
  310;20190410;   49;   75;   76;  100;   10;   50;   24
  310;20190411;   38;   61;   63;   80;   10;   50;    2
  310;20190412;   52;   48;   49;   70;   11;   30;    4
  310;20190413;   40;   47;   49;   80;   16;   30;    4
  310;20190414;   63;   44;   45;   50;    8;   30;    4
  310;20190415;  102;   57;   60;   90;   23;   30;    3
  310;20190416;  117;   35;   48;   90;    1;   20;   17
  310;20190417;  113;   18;   27;   40;    1;   10;    9
  310;20190418;   75;   54;   56;   80;   13;   40;    1
  310;20190419;   56;   50;   54;   70;   11;   40;    3
  310;20190420;   45;   48;   47;   70;   16;   20;   13
  310;20190421;   55;   42;   45;   70;   11;   30;    9
  310;20190422;   90;   51;   53;   80;   13;   30;    7
  310;20190423;   97;   57;   60;   80;   11;   20;   24
  310;20190424;  174;   61;   73;  120;   12;   20;   19
  310;20190425;  170;   77;   80;  110;   13;   50;   21
  310;20190426;  217;   57;   60;   90;   16;   50;    8
  310;20190427;  246;  110;  118;  160;   13;   70;    1
  310;20190428;  299;   44;   52;  120;    1;   20;   20
  310;20190429;   12;   28;   38;   70;   17;   10;    7
  310;20190430;   24;   38;   39;   50;   13;   20;   24
  310;20190501;  314;   19;   23;   40;   13;   10;    3
  310;20190502;  314;   33;   40;   60;   13;   20;    2
  310;20190503;  348;   27;   31;   40;   12;   20;    1
  310;20190504;  356;   68;   69;  100;   11;   30;    1
  310;20190505;  354;   50;   52;   80;    9;   20;   21
  310;20190506;  268;   45;   53;   80;    5;   10;   21
  310;20190507;  186;   27;   36;   60;   24;   10;   15
  310;20190508;  189;   49;   80;  110;   14;   60;    5
  310;20190509;  242;   39;   57;   90;   19;   30;    9
  310;20190510;  321;   13;   26;   40;    1;   10;    5
  310;20190511;   12;   53;   55;   80;   12;   30;    1
  310;20190512;   13;   50;   52;   70;   11;   30;    1
  310;20190513;   41;   50;   52;   80;   16;   30;    6
  310;20190514;   46;   52;   56;   70;   11;   40;    4
  310;20190515;   51;   41;   45;   70;   15;   20;    6
  310;20190516;   54;   53;   55;   80;   14;   30;   20
  310;20190517;   78;   31;   35;   50;    1;   10;   21
  310;20190518;   27;   21;   33;   60;   18;   10;    2
  310;20190519;  360;   55;   56;   80;   13;   30;    1
  310;20190520;  337;   53;   54;   70;   10;   30;    5
  310;20190521;  332;   53;   53;   70;    7;   20;   22
  310;20190522;  254;   10;   29;   60;   11;   10;    3
  310;20190523;  250;   26;   33;   70;   11;   10;   20
  310;20190524;  307;   35;   43;   70;    6;   10;   24
  310;20190525;  247;    5;   27;   50;   15;   10;    1
  310;20190526;  256;   74;   78;  120;   14;   40;    1
  310;20190527;  269;   54;   58;  100;   19;   30;    1
  310;20190528;  347;   35;   44;   80;    2;   20;    5
  310;20190529;  214;   27;   46;   90;   23;   10;   14
  310;20190530;  247;   76;   80;   90;    1;   60;   21
  310;20190531;  255;   49;   55;   70;   10;   30;   22
  310;20190601;  244;    3;   28;   50;    1;   10;   11
  310;20190602;  223;   46;   62;  100;   14;   20;    4
  310;20190603;  264;   52;   57;   80;    6;   40;    2
  310;20190604;  156;   30;   59;  100;   22;   10;    4
  310;20190605;  272;   31;   52;   90;   21;   30;   15
  310;20190606;  263;   47;   65;  120;    2;   20;   18
  310;20190607;  153;   81;  100;  170;   24;   50;    1
  310;20190608;  228;  141;  145;  180;   14;   80;   23
  310;20190609;  305;    2;   43;   80;    1;   10;   10
  310;20190610;   34;    7;   41;   70;   12;   10;   17
  310;20190611;  265;   20;   40;   60;    1;   20;   17
  310;20190612;   97;    9;   30;   70;   24;   10;    6
  310;20190613;  199;   86;   88;  110;   10;   60;   17
  310;20190614;  191;    9;   47;   70;   11;   30;    9
  310;20190615;  301;   13;   30;   50;   14;   10;   16
  310;20190616;  244;   44;   51;   80;    7;   20;   22
  310;20190617;  197;    5;   30;   50;   11;   20;    1
  310;20190618;   38;   20;   32;   60;   17;   10;    2
  310;20190619;  298;   16;   40;   60;    6;   20;   10
  310;20190620;  256;   72;   78;  110;   18;   60;    1
  310;20190621;  271;   38;   53;   70;    1;   20;   22
  310;20190622;   41;   43;   45;   70;   17;   30;    1
  310;20190623;   96;   42;   45;   60;   17;   30;    5
  310;20190624;   96;   20;   49;   70;   10;   20;   20
  310;20190625;  328;   21;   47;   80;   16;   10;   12
  310;20190626;   15;   59;   62;   80;   16;   40;    7
  310;20190627;   41;   66;   67;   90;   17;   40;   23
  310;20190628;   55;   48;   50;   60;    6;   40;    1
  310;20190629;  119;   45;   48;   70;   19;   30;    9
  310;20190630;  269;   61;   67;  100;    5;   50;    1
  310;20190701;  284;   58;   60;   80;    9;   30;   24
  310;20190702;   11;   40;   43;   70;   17;   30;    1
  310;20190703;   30;   53;   54;   80;   15;   20;    1
  310;20190704;   25;   15;   31;   50;   14;   10;   21
  310;20190705;  290;   27;   38;   50;    2;   20;    7
  310;20190706;  297;   22;   45;   60;    6;   20;   23
  310;20190707;    8;   38;   38;   60;   18;   20;   22
  310;20190708;  354;   42;   44;   70;   14;   20;    3
  310;20190709;   31;   20;   29;   40;   15;   20;    1
  310;20190710;  205;   23;   35;   50;    2;   10;   20
  310;20190711;  260;   44;   46;   80;   10;   20;   21
  310;20190712;  305;   45;   53;   70;   12;   40;    4
  310;20190713;  346;   50;   52;   70;   15;   40;    3
  310;20190714;    6;   53;   54;   80;   17;   30;    4
  310;20190715;  357;   35;   36;   50;   14;   20;    2
  310;20190716;  301;   24;   30;   60;   15;   10;    4
  310;20190717;  119;   14;   23;   40;   21;   10;    1
  310;20190718;  249;   62;   64;  110;   17;   50;    1
  310;20190719;  268;   27;   38;   60;    1;   10;   20
  310;20190720;  235;   62;   76;  120;   16;   30;    1
  310;20190721;  260;   37;   41;   60;    1;   20;    7
  310;20190722;  259;   52;   59;   90;   10;   10;   22
  310;20190723;   89;   26;   33;   50;   19;   10;    5
  310;20190724;  276;   12;   50;   80;   14;   10;   23
  310;20190725;  112;   40;   56;   80;   12;   30;    1
  310;20190726;  316;   34;   55;   90;   21;   30;   23
  310;20190727;  311;   44;   46;   60;    5;   30;    1
  310;20190728;  271;   57;   65;  100;   15;   40;    1
  310;20190729;  227;   10;   42;   60;    1;   20;   11
  310;20190730;  194;   54;   73;   90;   12;   40;    7
  310;20190731;  226;   92;   94;  110;    7;   60;   23
  310;20190801;  262;   52;   59;   80;    3;   20;   23
  310;20190802;  330;   54;   56;   90;   15;   20;    1
  310;20190803;   21;   30;   33;   40;    1;   30;    2
  310;20190804;  112;   29;   33;   40;    2;   10;   18
  310;20190805;  259;   77;   82;  110;   16;   30;    1
  310;20190806;  254;   65;   70;   90;    3;   50;   12
  310;20190807;  251;   88;   92;  120;   15;   70;    6
  310;20190808;  260;   27;   56;   80;    1;   10;   18
  310;20190809;  175;   63;   81;  120;   23;   50;   10
  310;20190810;  233;  138;  141;  170;   13;  100;   24
  310;20190811;  227;   86;   88;  100;    4;   70;   20
  310;20190812;  248;   48;   58;   80;    6;   20;   23
  310;20190813;  258;   68;   72;  100;   10;   30;    1
  310;20190814;  205;   69;   74;  100;   23;   60;    1
  310;20190815;  266;   77;   85;  110;    8;   20;   23
  310;20190816;  218;   50;   53;   80;   12;   10;    2
  310;20190817;  230;   74;   80;  100;   16;   60;   11
  310;20190818;  240;   67;   73;  130;   17;   40;    9
  310;20190819;  243;   87;   91;  120;   16;   70;    7
  310;20190820;  256;   59;   64;   90;   11;   40;   24
  310;20190821;  202;    9;   30;   50;    6;   10;   12
  310;20190822;  265;   34;   44;   60;   11;   20;    1
  310;20190823;   90;   12;   29;   50;   18;   10;    9
  310;20190824;   85;   29;   34;   40;    7;   20;   24
  310;20190825;   45;   19;   24;   40;   16;    0;   12
  310;20190826;   63;   22;   29;   50;   17;   10;   10
  310;20190827;   73;   19;   28;   40;    1;   10;    8
  310;20190828;  271;   56;   60;   80;    4;   30;    1
  310;20190829;  253;   51;   57;   90;   13;   40;   19
  310;20190830;  244;   36;   45;   70;    4;   10;   22
  310;20190831;  254;   20;   54;  130;   19;   20;    9
  310;20190901;  297;   36;   43;   70;   20;   10;    2
  310;20190902;  268;   47;   55;   80;   19;   20;    1
  310;20190903;  246;   69;   74;  100;   10;   50;   19
  310;20190904;  241;   76;   87;  100;    9;   70;    4
  310;20190905;  320;   60;   65;  100;    1;   20;   20
  310;20190906;  238;   81;   87;  130;   16;   30;   24
  310;20190907;  341;   47;   51;   80;   16;   20;    6
  310;20190908;  347;   30;   35;   70;   14;   10;    8
  310;20190909;  207;   31;   37;   60;   11;   10;    1
  310;20190910;  249;   21;   35;   60;   24;   20;    1
  310;20190911;  234;   87;   90;  120;   19;   70;    1
  310;20190912;  254;   84;   85;  130;   23;   60;    3
  310;20190913;  335;   34;   53;  110;    1;   20;   20
  310;20190914;   89;   21;   26;   40;    3;   10;   14
  310;20190915;  269;   30;   39;   70;   11;   10;   24
  310;20190916;  328;   13;   33;   50;    3;   10;    1
  310;20190917;  349;   36;   40;   70;   15;   20;    2
  310;20190918;   31;   34;   36;   70;   16;   10;    7
  310;20190919;   43;   26;   30;   40;   13;   10;    7
  310;20190920;   93;   49;   50;   90;   22;   30;    1
  310;20190921;  110;   69;   70;   90;   19;   30;    3
  310;20190922;  185;   47;   66;  110;   17;   50;    2
  310;20190923;  216;   46;   57;   90;   11;   10;   17
  310;20190924;  186;   82;   85;  110;   11;   70;    1
  310;20190925;  209;   84;   86;  100;   12;   80;    1
  310;20190926;  216;   85;   87;  100;   10;   70;    3
  310;20190927;  222;  101;  103;  130;   19;   80;   15
  310;20190928;  236;  103;  106;  150;   13;   80;    3
  310;20190929;  233;   99;  119;  160;   21;   80;    1
  310;20190930;  263;   60;   80;  130;    1;   40;   18
  310;20191001;  237;   52;   77;  110;    2;   50;   13
  310;20191002;  334;   59;   64;   90;   13;   30;    3
  310;20191003;  260;   33;   57;   80;   23;   40;    3
  310;20191004;  261;   48;   82;  120;   12;   30;   21
  310;20191005;  106;   54;   59;   90;   22;   30;    2
  310;20191006;  153;   30;   82;  130;   15;   30;   20
  310;20191007;  165;   38;   57;   90;   23;   40;    7
  310;20191008;  240;   83;   85;  120;   22;   70;    4
  310;20191009;  226;   91;   93;  110;   12;   70;   21
  310;20191010;  241;   92;   98;  120;   12;   70;    3
  310;20191011;  216;  111;  112;  120;    8;  100;    4
  310;20191012;  353;    7;   33;  100;    1;   10;    6
  310;20191013;  216;   74;   82;  110;   12;   50;    1
  310;20191014;  136;   29;   48;  100;   24;   20;    3
  310;20191015;  213;   53;   56;   70;    1;   40;   17
  310;20191016;  198;   75;   81;  100;    9;   40;   24
  310;20191017;  204;   51;   59;   80;   21;   40;    2
  310;20191018;  212;   94;  100;  150;    9;   50;   20
  310;20191019;  207;   72;   73;   90;    4;   50;   17
  310;20191020;   31;   14;   37;   50;    1;   10;    8
  310;20191021;  139;   18;   52;   90;    3;   30;   16
  310;20191022;  278;   20;   32;   50;    4;   10;   18
  310;20191023;   75;   36;   41;   60;   10;   20;   20
  310;20191024;  207;   67;   75;  120;   13;   30;    3
  310;20191025;  204;   94;   95;  120;   24;   70;    1
  310;20191026;  218;   94;  109;  130;    1;   70;   23
  310;20191027;  322;   42;   43;   60;    1;   20;   18
  310;20191028;   34;   18;   24;   40;   13;   10;    7
  310;20191029;   68;   42;   43;   60;   11;   30;    1
  310;20191030;   81;   56;   58;   80;   13;   40;    1
  310;20191031;  102;   49;   52;   70;   19;   40;    3
  310;20191101;  183;   62;   65;   80;   10;   30;    1
  310;20191102;  215;  115;  118;  160;   17;   70;    1
  310;20191103;  193;   41;   49;  100;    1;   10;   14
  310;20191104;  200;   66;   68;   90;    4;   40;   17
  310;20191105;  216;   40;   43;   70;    1;   30;   12
  310;20191106;  263;    4;   30;   50;   20;   10;    7
  310;20191107;  185;   63;   83;  110;   14;   50;    1
  310;20191108;  212;   53;   59;   80;   20;   30;   11
  310;20191109;  248;   44;   65;   80;    5;   40;   17
  310;20191110;  131;   33;   39;   60;    2;   10;   15
  310;20191111;  215;   78;   93;  120;    9;   50;   22
  310;20191112;  213;  104;  105;  110;    1;   90;   24
  310;20191113;  244;   40;   68;   80;    1;   50;   17
  310;20191114;  141;   69;   78;  120;    5;   30;   21
  310;20191115;   78;   47;   64;   80;    8;   30;    1
  310;20191116;  175;   44;   49;   70;    1;   20;    7
  310;20191117;  145;    9;   31;   50;    1;   10;   10
  310;20191118;  335;   36;   50;   90;   15;   10;    6
  310;20191119;  273;   35;   48;   70;    9;   30;   18
  310;20191120;  119;   57;   62;  100;   20;   40;    2
  310;20191121;  117;   69;   73;   90;   11;   60;   14
  310;20191122;  131;   71;   80;  100;   19;   60;    3
  310;20191123;   97;   68;   70;  100;    1;   40;   11
  310;20191124;  182;   32;   36;   60;   10;   10;    4
  310;20191125;  169;   58;   59;   70;    8;   50;    1
  310;20191126;  185;   79;   80;  100;   17;   60;    7
  310;20191127;  203;   86;  102;  140;   19;   60;    2
  310;20191128;  264;   73;   85;  120;    4;   30;   23
  310;20191129;  344;   30;   32;   60;   14;   10;   21
  310;20191130;   87;   17;   30;   50;   19;   10;    6
  310;20191201;   50;   47;   50;   70;    6;   20;   22
  310;20191202;  325;   35;   36;   60;   12;   20;    4
  310;20191203;  222;   45;   47;   60;   18;   20;    2
  310;20191204;  172;   14;   24;   50;    1;   10;   11
  310;20191205;  218;   72;   74;  120;   23;   40;    1
  310;20191206;  222;  120;  130;  160;   20;  100;   24
  310;20191207;  244;   79;   84;  110;    1;   70;    6
  310;20191208;  232;  125;  130;  160;    6;  100;   24
  310;20191209;  305;   67;   99;  150;   13;   50;   20
  310;20191210;  204;   96;  103;  160;   20;   30;    2
  310;20191211;  215;   66;   67;  130;    1;   50;    8
  310;20191212;  186;   99;  105;  160;   21;   50;    3
  310;20191213;  241;   45;   85;  120;    1;   40;    8
  310;20191214;  251;   94;  110;  180;   15;   30;    3
  310;20191215;  225;   98;  108;  160;    7;   50;   24
  310;20191216;  182;   44;   56;   90;    5;   30;   19
  310;20191217;  219;   43;   63;  100;   10;   20;    5
  310;20191218;  173;   55;   65;   90;   20;   50;    1
  310;20191219;  163;   87;   88;  110;   19;   70;    3
  310;20191220;  195;   87;  105;  130;   11;   80;    1
  310;20191221;  179;   88;   93;  110;   10;   80;    1
  310;20191222;  241;   57;   75;  110;   17;   50;    6
  310;20191223;  256;   74;   79;  100;   15;   70;    1
  310;20191224;  245;   93;  108;  150;   13;   70;   23
  310;20191225;  295;   46;   51;   90;    3;   20;   20
  310;20191226;  167;   56;   60;  100;   18;   20;    1
  310;20191227;   88;   26;   37;   60;    9;   10;    4
  310;20191228;  161;   35;   37;   50;   18;   20;    7
  310;20191229;  193;   52;   52;   80;   24;   40;    1
  310;20191230;  222;   61;   62;  100;    1;   40;   23
  310;20191231;  106;   33;   42;   80;   19;   10;    4
  310;20200101;  178;   49;   56;   80;    1;   40;    8
  310;20200102;  197;   73;   73;  100;   22;   50;    1
  310;20200103;  258;   61;   87;  130;   11;   50;   19
  310;20200104;  281;   56;   59;   80;    8;   30;   23
  310;20200105;  231;   54;   57;   70;   15;   30;    1
  310;20200106;  211;   66;   69;   90;   22;   50;    3
  310;20200107;  211;   75;   80;  120;   19;   50;    2
  310;20200108;  242;   63;   70;  110;    1;   20;   20
  310;20200109;  209;   94;   97;  130;    9;   60;    1
  310;20200110;  285;   37;   54;   70;    5;   30;   16
  310;20200111;  210;   90;   90;  110;   19;   60;    1
  310;20200112;  229;  104;  108;  150;   15;   60;   23
  310;20200113;  197;   96;   97;  150;   22;   60;    4
  310;20200114;  207;  135;  137;  170;   21;   90;    6
  310;20200115;  212;  104;  110;  160;    2;   40;   16
  310;20200116;  180;   80;   83;  110;   19;   60;    4
  310;20200117;  226;   81;   93;  140;   16;   60;    1
  310;20200118;  288;   48;   60;   90;    1;   30;   17
  310;20200119;   13;   44;   46;   70;    9;   20;   24
  310;20200120;  248;   14;   21;   30;   12;   10;    6
  310;20200121;  213;   25;   27;   60;    2;   20;    6
  310;20200122;  220;   14;   20;   30;    1;    0;   20
  310;20200123;   89;   24;   27;   50;   14;    0;    2
  310;20200124;  206;   24;   29;   40;   13;   10;    3
  310;20200125;  168;   48;   50;   60;    3;   30;   13
  310;20200126;  191;   67;   70;  110;   23;   40;    3
  310;20200127;  213;   79;   85;  110;    1;   50;   10
  310;20200128;  255;  107;  115;  150;   15;   90;    3
  310;20200129;  264;   92;   99;  120;    3;   70;   19
  310;20200130;  227;   92;  101;  160;   24;   70;    7
  310;20200131;  233;  100;  103;  150;    1;   80;    8
  310;20200201;  253;  119;  122;  150;   15;   90;    6
  310;20200202;  247;   96;  106;  160;   13;   40;    6
  310;20200203;  264;  103;  107;  140;    2;   50;   22
  310;20200204;  307;   88;   93;  140;    7;   30;   22
  310;20200205;  279;   20;   28;   40;   16;   10;    9
  310;20200206;  218;   16;   28;   50;   24;   10;   16
  310;20200207;  134;   64;   71;   80;    3;   60;    1
  310;20200208;  191;   72;   74;   90;    3;   50;   14
  310;20200209;  208;  166;  176;  220;   21;  100;    1
  310;20200210;  247;  168;  174;  200;    2;  140;   19
  310;20200211;  261;  171;  171;  190;    1;  160;   12
  310;20200212;  250;  109;  115;  170;    1;   70;   19
  310;20200213;  208;   73;   99;  140;    8;   60;   22
  310;20200214;  228;   47;   66;   90;    1;   30;    9
  310;20200215;  190;  122;  123;  180;   22;   90;    1
  310;20200216;  212;  152;  164;  190;   14;  110;   17
  310;20200217;  228;  125;  128;  170;    2;  110;    4
  310;20200218;  232;  114;  119;  140;    1;   90;    6
  310;20200219;  251;   82;   98;  120;    1;   80;    8
  310;20200220;  230;   90;  113;  130;   14;   90;   19
  310;20200221;  231;  102;  108;  130;   21;   80;    7
  310;20200222;  231;  136;  140;  160;   11;  120;    1
  310;20200223;  251;  118;  132;  240;    9;   40;   23
  310;20200224;  222;  104;  116;  170;   13;   20;    2
  310;20200225;  253;   94;  100;  120;    6;   60;   19
  310;20200226;  290;   81;   83;  100;    2;   60;   21
  310;20200227;  256;   18;   71;  110;   18;   30;   13
  310;20200228;  195;   85;   98;  150;   17;   50;    4
  310;20200229;  208;  128;  140;  190;   16;  120;    1
  310;20200301;  213;  103;  105;  150;    1;   60;   17
  310;20200302;  211;   31;   58;   90;    2;   30;   13
  310;20200303;  232;   62;   68;   90;   14;   50;    1
  310;20200304;  203;   27;   50;   80;   23;   10;   15
  310;20200305;   69;   67;   80;  100;   19;   60;   24
  310;20200306;  325;   65;   67;  100;   14;   40;   21
  310;20200307;  219;   61;   67;  110;   21;   30;    1
  310;20200308;  204;  100;  103;  130;    7;   80;    1
  310;20200309;  234;   80;   87;  140;   24;   70;    2
  310;20200310;  238;  135;  139;  170;   21;  100;    9
  310;20200311;  241;   98;  102;  150;    1;   60;    7
  310;20200312;  244;  138;  143;  170;    1;  110;   22
  310;20200313;  254;   86;   90;  160;    1;   20;   20
  310;20200314;  177;   74;   75;  110;   14;   40;    1
  310;20200315;  192;   76;   79;  110;   10;   50;   20
  310;20200316;  273;   25;   30;   50;   24;   10;    4
  310;20200317;  227;   57;   59;   70;    8;   50;    1
  310;20200318;  238;   57;   63;   80;    3;   40;   12
  310;20200319;    7;   12;   37;   60;   18;   20;    7
  310;20200320;   36;   69;   70;   90;   18;   50;    1
  310;20200321;   60;   82;   84;  100;   16;   60;    2
  310;20200322;   77;   86;   87;  110;    2;   70;    7
  310;20200323;  100;   86;   88;  100;    3;   70;   24
  310;20200324;  111;   63;   64;   80;    8;   50;   14
  310;20200325;   71;   46;   52;   70;   16;   30;    6
  310;20200326;   53;   64;   66;   90;   12;   50;    3
  310;20200327;   22;   61;   62;   80;   14;   40;    2
  310;20200328;   17;   92;   93;  120;   16;   60;    3
  310;20200329;   16;  110;  112;  150;   13;   70;    7
  310;20200330;    2;   37;   42;   70;   15;   10;    7
  310;20200331;   36;   54;   56;   90;   10;   40;    1
  310;20200401;  344;   19;   28;   50;   16;   10;   22
  310;20200402;  249;   62;   64;   90;   14;   40;    1
  310;20200403;  279;   37;   45;   70;   11;   10;   20
  310;20200404;  121;   40;   45;   60;   20;   20;    9
  310;20200405;  128;   63;   68;   90;   13;   50;   19
  310;20200406;  210;   48;   63;   90;   14;   40;   21
  310;20200407;   87;   23;   33;   50;   13;   10;    3
  310;20200408;   42;   20;   29;   50;   21;   10;   11
  310;20200409;   41;   43;   47;   70;   13;   30;    9
  310;20200410;   62;   44;   47;   60;   16;   30;   10
  310;20200411;   64;   19;   31;   50;    1;   10;   24
  310;20200412;  275;   10;   31;   80;   24;   10;    9
  310;20200413;   21;   94;   95;  120;    4;   60;   23
  310;20200414;   15;   43;   44;   50;    1;   30;   20
  310;20200415;   68;   28;   36;   60;   18;   20;    7
  310;20200416;   60;   27;   34;   50;   17;   10;   15
  310;20200417;   49;   70;   71;   90;   17;   60;    1
  310;20200418;    5;   30;   40;   70;    1;   20;    8
  310;20200419;   39;   51;   56;   80;   16;   30;    5
  310;20200420;   62;   87;   88;  110;   14;   70;    1
  310;20200421;   65;   81;   81;  100;   11;   50;   24
  310;20200422;   60;   69;   70;  100;   16;   50;   22
  310;20200423;   26;   20;   36;   50;    1;   20;   10
  310;20200424;  346;   43;   46;   60;   20;   30;    1
  310;20200425;   18;   43;   46;   60;    2;   30;   24
  310;20200426;  360;   16;   29;   50;   13;   20;    5
  310;20200427;  321;   12;   34;   50;   17;   20;    1
  310;20200428;   38;   27;   41;   70;   23;   10;   19
  310;20200429;  216;   67;   76;  100;    8;   10;   13
  310;20200430;  204;   86;   93;  130;   21;   70;   17
  310;20200501;  239;   91;  101;  120;   12;   80;    1
  310;20200502;  263;   65;   68;   90;    1;   40;    7
  310;20200503;  187;    5;   32;   60;   23;   10;   14
  310;20200504;   37;   55;   57;   80;   17;   40;    5
  310;20200505;   50;   68;   73;   80;    4;   50;   24
  310;20200506;   43;   35;   44;   70;   15;   20;   10
  310;20200507;   52;   22;   32;   50;    6;   10;   11
  310;20200508;   41;   20;   30;   50;   17;   10;    6
  310;20200509;   45;   47;   50;   70;   11;   40;    3
  310;20200510;   19;   71;   73;  140;   17;   10;    6
  310;20200511;   20;  113;  115;  140;    9;   50;   23
  310;20200512;  296;   19;   29;   60;   14;   10;    4
  310;20200513;    4;   60;   66;  100;   14;   20;    3
  310;20200514;   24;   58;   62;   90;   15;   30;    4
  310;20200515;   15;   24;   31;   50;    9;   10;   23
  310;20200516;  263;   41;   44;   70;   12;   10;    1
  310;20200517;  257;   42;   46;   80;   17;   30;   11
  310;20200518;  255;   61;   63;   90;    9;   40;   21
  310;20200519;  277;   36;   45;   60;    1;   20;   21
  310;20200520;  101;   18;   27;   60;   24;   10;    1
  310;20200521;  106;   23;   30;   50;    1;   10;   22
  310;20200522;  228;   81;   92;  130;   18;   30;    1
  310;20200523;  244;  122;  124;  160;   16;   90;   24
  310;20200524;  262;   78;   80;  110;    3;   20;   22
  310;20200525;  344;   24;   30;   40;   13;   10;   23
  310;20200526;  338;   14;   30;   50;   16;   10;    4
  310;20200527;    4;   50;   50;   70;   13;   30;    1
  310;20200528;   41;   65;   68;   90;   17;   50;    5
  310;20200529;   38;   48;   51;   70;   15;   40;    2
  310;20200530;   60;   53;   60;   80;   10;   40;   24
  310;20200531;   54;   59;   60;  100;   11;   40;    1
  310;20200601;   36;   48;   52;   80;   16;   30;    6
  310;20200602;  313;   31;   34;   50;   12;   10;    8
  310;20200603;  328;   44;   50;   70;   16;   30;    1
  310;20200604;  327;   62;   65;   80;    9;   40;   22
  310;20200605;  251;   52;   72;  120;   11;   30;    3
  310;20200606;  229;  109;  113;  150;   13;   40;    4
  310;20200607;  276;   64;   66;   90;    2;   40;   19
  310;20200608;  340;   54;   56;   80;   13;   30;   22
  310;20200609;    9;   42;   45;   60;    1;   20;   24
  310;20200610;   15;   25;   33;   50;   16;   20;    1
  310;20200611;   42;   45;   46;   70;   11;   30;    4
  310;20200612;  103;   47;   58;   80;   20;   40;    3
  310;20200613;   94;   26;   38;   70;    1;   10;   13
  310;20200614;  266;   37;   41;   70;    8;   10;    1
  310;20200615;    2;    5;   20;   40;   15;   10;    7
  310;20200616;   35;   10;   23;   50;   17;   10;    1
  310;20200617;  310;   17;   31;   70;   14;   10;    1
  310;20200618;  250;   34;   43;  100;    3;    0;   21
  310;20200619;  243;   45;   52;   90;   18;   20;    2
  310;20200620;  238;   26;   45;   70;    1;   20;   18
  310;20200621;  210;   55;   70;  100;   11;   50;   24
  310;20200622;  280;   34;   38;   70;    1;   10;   22
  310;20200623;   33;   10;   30;   50;   17;   10;    7
  310;20200624;   72;   43;   46;   70;   18;   30;    6
  310;20200625;   89;   52;   53;   80;   23;   40;    2
  310;20200626;  163;   10;   50;   70;    7;   20;   16
  310;20200627;  214;   74;   79;  130;   14;   30;    3
  310;20200628;  237;  103;  107;  120;    8;   80;    4
  310;20200629;  229;  118;  120;  150;   15;   90;    2
  310;20200630;  220;   90;   92;  110;    1;   80;    9
  310;20200701;  243;   85;   88;  110;   11;   70;    2
  310;20200702;  244;   88;   91;  120;   16;   70;    2
  310;20200703;  235;   91;   94;  130;   18;   50;    2
  310;20200704;  219;  112;  113;  130;   15;  100;    1
  310;20200705;  236;  132;  133;  150;   12;  110;   23
  310;20200706;  275;   79;   83;  140;    1;   10;   22
  310;20200707;  259;   49;   55;  100;   20;   20;   24
  310;20200708;  234;   49;   55;   60;    3;   40;    1
  310;20200709;  236;   86;   88;  100;    7;   60;   22
  310;20200710;  304;   40;   50;   90;    3;   10;   21
  310;20200711;  294;   34;   41;   70;   12;   10;    1
  310;20200712;   20;   28;   30;   50;   16;   10;    3
  310;20200713;  256;   21;   35;   50;   16;   10;    6
  310;20200714;  291;   22;   37;   50;    1;   10;   24
  310;20200715;  253;   27;   31;   70;   23;    0;    1
  310;20200716;  306;   48;   52;   70;   10;   30;   21
  310;20200717;  238;   17;   26;   50;   13;   10;    4
  310;20200718;  251;   29;   35;   60;   15;   20;    1
  310;20200719;  289;   26;   51;   70;   12;   30;    3
  310;20200720;  351;   42;   43;   60;    8;   20;    2
  310;20200721;  316;   32;   37;   60;   10;   20;    1
  310;20200722;   20;   20;   28;   40;    8;   10;    2
  310;20200723;  238;   48;   58;   80;   21;   30;    1
  310;20200724;  246;   51;   56;   70;    1;   40;   21
  310;20200725;  223;   69;   74;  100;   13;   40;   20
  310;20200726;  244;   77;   83;  100;    3;   60;   24
  310;20200727;  206;   55;   73;  130;   20;   40;   13
  310;20200728;  262;   76;   79;  110;    1;   30;    4
  310;20200729;  283;   28;   39;   60;    9;   10;   20
  310;20200730;   82;   22;   30;   50;   18;   20;    1
  310;20200731;  103;   35;   59;   80;   13;   30;    1
  310;20200801;  255;   69;   73;   90;    7;   50;    1
  310;20200802;  261;   41;   50;   70;    4;   30;    6
  310;20200803;  279;   16;   44;   60;   16;   30;    9
  310;20200804;  218;   14;   27;   70;   24;    0;    6
  310;20200805;  218;   42;   52;   70;    1;   20;   20
  310;20200806;   34;   13;   32;   60;   19;   10;    9
  310;20200807;   69;   22;   29;   50;   18;   10;    8
  310;20200808;   52;   25;   34;   60;   17;   10;   11
  310;20200809;   43;   40;   43;   60;   11;   20;   16
  310;20200810;   59;   30;   34;   50;   17;   10;   10
  310;20200811;   64;   21;   30;   60;   20;   10;   10
  310;20200812;   44;   19;   30;   50;   13;   10;    4
  310;20200813;  272;   23;   38;   70;    4;    0;   24
  310;20200814;  269;   24;   28;   60;   13;   10;    5
  310;20200815;   71;    5;   25;   40;    4;   10;    1
  310;20200816;  109;    3;   25;   80;   15;   10;    7
  310;20200817;  214;   20;   30;   50;   15;   10;   12
  310;20200818;  235;   49;   58;   80;    5;   30;   21
  310;20200819;  167;   67;   69;  100;   23;   40;    2
  310;20200820;  162;   31;   45;   90;    1;   10;   18
  310;20200821;  223;   80;   90;  120;   10;   60;    7
  310;20200822;  223;  106;  108;  140;   15;   80;    2
  310;20200823;  240;   92;   98;  110;    1;   80;   14
  310;20200824;  246;   66;   75;   90;    1;   50;   18
  310;20200825;  204;  107;  118;  180;   23;   70;    2
  310;20200826;  256;  134;  133;  220;    3;   20;   21
  310;20200827;  173;   42;   56;  110;   24;   30;    4
  310;20200828;  223;   86;   90;  130;    1;   70;   20
  310;20200829;  240;   47;   57;   70;    1;   10;   13
  310;20200830;  360;   51;   56;  110;   12;   10;    5
  310;20200831;   12;   24;   30;   50;   14;   10;   11
  310;20200901;   21;   17;   22;   40;   16;   10;    4
  310;20200902;  255;   14;   29;   50;    9;    0;    4
  310;20200903;  218;   86;   90;  130;   24;   60;    1
  310;20200904;  257;   69;   70;  110;    1;   50;   17
  310;20200905;  280;   57;   58;   70;    9;   30;   23
  310;20200906;  272;   34;   36;   60;   13;   10;   22
  310;20200907;  231;   52;   57;   80;   18;   30;    1
  310;20200908;  226;   52;   56;   80;    1;   20;   18
  310;20200909;  259;   41;   55;  100;   11;   10;   24
  310;20200910;  118;    1;   23;   40;    9;   10;    2
  310;20200911;  249;   17;   27;   70;   24;   10;    2
  310;20200912;  239;   64;   69;  100;   10;   50;   17
  310;20200913;  234;   32;   44;   70;    1;   10;   20
  310;20200914;   84;   31;   35;   50;   17;   20;    1
  310;20200915;   88;   12;   31;   50;    6;   10;   20
  310;20200916;   10;   49;   54;   90;   16;   20;    2
  310;20200917;   48;   64;   65;   80;    9;   40;    6
  310;20200918;   58;   62;   63;   70;    1;   50;    3
  310;20200919;   54;   51;   53;   60;    2;   40;   13
  310;20200920;   33;   46;   47;   60;   12;   40;    3
  310;20200921;    2;   28;   30;   40;    1;   20;    6
  310;20200922;  258;   15;   24;   50;   22;   10;    6
  310;20200923;  203;   72;   76;  130;   23;   40;   17
  310;20200924;  198;   94;  104;  150;    1;   80;    5
  310;20200925;  265;  101;  130;  180;   15;   90;    7
  310;20200926;  327;   78;   83;  140;    1;   40;   14
  310;20200927;  360;   59;   72;  140;    4;   10;   19
  310;20200928;  311;   47;   53;   80;   16;   10;    1
  310;20200929;  229;   27;   33;   60;   22;   10;   13
  310;20200930;  176;   61;   63;   80;   21;   40;    9
  310;20201001;  182;   62;   80;  100;   13;   50;   18
  310;20201002;   80;   77;   83;  100;    4;   60;   18
  310;20201003;  160;   46;   57;   80;   11;   50;    2
  310;20201004;  182;  103;  108;  150;   11;   60;    1
  310;20201005;  199;   89;   94;  140;    1;   40;   17
  310;20201006;  235;  102;  113;  140;   11;   90;    3
  310;20201007;  259;   81;   89;  110;    9;   60;   22
  310;20201008;  227;   68;   90;  160;   16;   10;   24
  310;20201009;  253;   48;   55;  100;   16;    0;    1
  310;20201010;  278;   70;   75;  130;   13;   20;   22
  310;20201011;  333;   38;   44;   80;   14;   30;    1
  310;20201012;  239;   26;   43;   70;   23;   20;    1
  310;20201013;  134;   56;   69;   90;   13;   50;   17
  310;20201014;   36;   53;   54;   70;   16;   40;    6
  310;20201015;   35;   48;   49;   70;    9;   40;    1
  310;20201016;   34;   35;   36;   60;   11;   20;   18
  310;20201017;  218;   13;   20;   40;   21;   10;    2
  310;20201018;  262;   19;   26;   40;    2;   10;   17
  310;20201019;  157;   53;   61;  100;   22;   10;    3
  310;20201020;  176;   82;   85;  110;   18;   60;    6
  310;20201021;  195;   94;  108;  170;   14;   50;    1
  310;20201022;  210;   64;   65;   90;    4;   40;   19
  310;20201023;  207;   54;   57;   90;   20;   20;    3
  310;20201024;  191;  106;  108;  150;   19;   60;    5
  310;20201025;  197;   84;   86;  150;    1;   40;   18
  310;20201026;  204;   96;   98;  120;   12;   70;    2
  310;20201027;  198;   99;  107;  140;   17;   80;    2
  310;20201028;  211;   90;   94;  120;   11;   70;    1
  310;20201029;  235;   90;  100;  140;    1;   70;   10
  310;20201030;  222;   94;   95;  120;    6;   70;   21
  310;20201031;  190;   81;   88;  130;   19;   60;    5
  310;20201101;  199;   99;  103;  130;   14;   70;    2
  310;20201102;  223;  125;  132;  160;   10;  110;   19
  310;20201103;  216;   89;   99;  180;   14;   60;    4
  310;20201104;  253;   25;   35;   70;    1;   10;   24
  310;20201105;  219;   15;   25;   40;    5;   10;   15
  310;20201106;   87;   50;   53;   80;   20;   20;    1
  310;20201107;  106;   37;   40;   70;    1;   30;   12
  310;20201108;  131;   35;   43;   60;   10;   30;    1
  310;20201109;  122;   37;   38;   50;    1;   20;    9
  310;20201110;  184;   20;   24;   40;   16;   10;   10
  310;20201111;  164;   59;   60;   90;   22;   30;    1
  310;20201112;  213;   74;   85;  120;   12;   50;   18
  310;20201113;  191;   65;   70;   90;    9;   40;   21
  310;20201114;  179;   82;   84;  120;   21;   40;    3
  310;20201115;  194;  111;  122;  150;   21;  100;    2
  310;20201116;  228;   87;   94;  120;   11;   60;   19
  310;20201117;  213;   91;   92;  110;    1;   60;   24
  310;20201118;  198;   78;   89;  120;   24;   60;    1
  310;20201119;  281;   75;   88;  160;    6;   30;   24
  310;20201120;  214;   35;   52;   90;   20;   20;   10
  310;20201121;  207;   97;   98;  110;    4;   80;   17
  310;20201122;  240;   39;   45;  100;    1;   10;   12
  310;20201123;  210;   26;   36;   60;   23;   20;    5
  310;20201124;  179;   72;   74;   80;    1;   60;   17
  310;20201125;  181;   66;   67;   80;    1;   50;    3
  310;20201126;   10;    5;   30;   60;    1;   10;    8
  310;20201127;   53;   31;   33;   40;    1;   30;    3
  310;20201128;   70;   43;   46;   60;    3;   30;    1
  310;20201129;   70;   30;   37;   50;    1;   20;   15
  310;20201130;  225;   57;   75;  110;   19;   30;    1
  310;20201201;  347;   76;   78;  110;    6;   30;   24
  310;20201202;  197;   18;   35;   70;   23;    0;   10
  310;20201203;  171;   82;   90;  120;   17;   60;    5
  310;20201204;  168;  111;  118;  180;    7;   70;   21
  310;20201205;  141;   67;   72;   80;    1;   60;    4
  310;20201206;   55;   23;   28;   70;    1;   10;   18
  310;20201207;  201;   47;   51;   70;   12;   10;    1
  310;20201208;  112;    1;   20;   40;   21;    0;   17
  310;20201209;  173;   78;   80;   90;   10;   50;    1
  310;20201210;  145;   68;   69;   90;   21;   50;    8
  310;20201211;  143;   66;   67;  100;    3;   20;   24
  310;20201212;  248;   41;   43;   60;   24;   30;    2
  310;20201213;  184;   74;   84;  120;   18;   50;    3
  310;20201214;  180;   92;   93;  110;    1;   70;   15
  310;20201215;  189;   53;   55;   80;    3;   40;    9
  310;20201216;  161;   67;   70;   90;    9;   40;    1
  310;20201217;  202;   72;   74;  100;   12;   50;    1
  310;20201218;  178;   93;   93;  110;   10;   70;    1
  310;20201219;  177;   92;   95;  120;   11;   80;    3
  310;20201220;  196;   79;   80;   90;    1;   70;    4
  310;20201221;  188;   90;  100;  130;   24;   70;    1
  310;20201222;  240;   72;   75;  170;    4;    0;   17
  310;20201223;  205;   60;   65;   90;   15;   40;    1
  310;20201224;  349;   51;   70;  110;    6;   50;   11
  310;20201225;  338;   34;   38;   60;   11;   20;    1
  310;20201226;  207;  104;  110;  170;   21;   60;    3
  310;20201227;  195;  126;  128;  210;    7;   60;   17
  310;20201228;  158;   45;   56;   80;    4;   10;   24
  310;20201229;  233;   58;   62;  100;   13;   30;    1
  310;20201230;  244;   61;   69;   90;   15;   50;    8
  310;20201231;  269;   17;   33;   70;    1;   20;    7
  310;20210101;  249;   50;   55;  100;   18;   20;    5
  310;20210102;  239;   14;   27;   60;    1;   10;   12
  310;20210103;   43;   47;   48;   70;   15;   10;    1
  310;20210104;   44;   73;   74;   90;   11;   50;    3
  310;20210105;   45;   57;   57;   70;    2;   50;    8
  310;20210106;   21;   27;   33;   60;    4;   10;   17
  310;20210107;  315;   33;   36;   50;   13;   10;    5
  310;20210108;  325;   22;   33;   60;    3;   20;   12
  310;20210109;  322;   15;   19;   30;    7;   10;    1
  310;20210110;  242;   42;   45;   70;   23;   10;    2
  310;20210111;  228;   94;   95;  140;   23;   70;    1
  310;20210112;  282;   64;   80;  150;    1;   40;   20
  310;20210113;  273;   42;   46;   70;    8;   30;   16
  310;20210114;   85;   51;   66;  100;   14;   20;    1
  310;20210115;    6;   15;   35;   60;    2;   10;   16
  310;20210116;  191;   66;   70;  100;   12;   40;    1
  310;20210117;  296;   46;   48;   60;    8;   30;   20
  310;20210118;  220;   75;   78;  110;   23;   50;    1
  310;20210119;  216;  132;  137;  170;   11;  110;   19
  310;20210120;  187;  127;  128;  170;   24;  110;    7
  310;20210121;  211;   94;  112;  190;    2;   20;   20
  310;20210122;  214;   57;   59;   90;    3;   40;   17
  310;20210123;  222;   35;   52;   90;    3;   10;   15
  310;20210124;  167;   27;   66;  110;   20;   40;    8
  310;20210125;  298;   43;   58;  100;   22;   20;   10
  310;20210126;  241;   54;   73;  100;    1;   50;    9
  310;20210127;  216;   52;   60;  100;    1;   20;   23
  310;20210128;  233;   45;   73;  130;   12;   30;    1
  310;20210129;  254;   86;   93;  140;    8;   20;   22
  310;20210130;   67;   80;   83;  110;    9;   50;    1
  310;20210131;   78;   67;   71;  100;   19;   50;   11
  310;20210201;    6;   16;   28;   50;    3;   10;   22
  310;20210202;  198;   46;   72;  110;   13;   30;    1
  310;20210203;  225;   51;   63;  100;    1;   20;   15
  310;20210204;  168;   39;   57;   90;    1;   30;    6
  310;20210205;  163;   26;   35;   60;    1;   10;   20
  310;20210206;   60;   65;   67;  110;   20;   20;    2
  310;20210207;   46;   91;   92;  110;    1;   70;   19
  310;20210208;   53;   83;   83;  100;    6;   70;    2
  310;20210209;   57;   62;   63;   80;    1;   50;    5
  310;20210210;   51;   44;   45;   80;    3;   20;   17
  310;20210211;   78;   51;   52;   90;   23;   30;    1
  310;20210212;   70;   78;   80;  110;   24;   50;    2
  310;20210213;   99;   97;  100;  120;   22;   90;    4
  310;20210214;  143;   83;   85;  100;   12;   60;   15
  310;20210215;  185;   79;   82;  110;    7;   50;   19
  310;20210216;  197;   76;   82;  100;   22;   60;    1
  310;20210217;  199;   89;   92;  110;    2;   80;    4
  310;20210218;  185;   72;   89;  110;   13;   70;   17
  310;20210219;  174;   80;   81;  110;   11;   50;    5
  310;20210220;  159;   88;   89;  110;   10;   50;    5
  310;20210221;  159;   59;   62;   80;    1;   40;   15
  310;20210222;  175;   63;   67;   90;    6;   40;   16
  310;20210223;  192;   76;   78;  110;   13;   30;    2
  310;20210224;  187;   80;   80;   90;    1;   60;   19
  310;20210225;  249;   19;   44;   70;   12;   20;   22
  310;20210226;  325;   31;   32;   50;   13;   10;    1
  310;20210227;   45;   14;   26;   40;   23;   10;    1
  310;20210228;   42;   49;   50;   70;   14;   30;    3
  310;20210301;   64;   48;   51;   60;    9;   40;    3
  310;20210302;   68;   21;   23;   40;    4;    0;   17
  310;20210303;  351;   19;   25;   40;   16;   10;    1
  310;20210304;  360;   35;   37;   50;   14;   20;    1
  310;20210305;   28;   50;   52;   70;    9;   30;   21
  310;20210306;   41;   37;   39;   50;   11;   30;    4
  310;20210307;   20;   24;   28;   40;    1;   10;   22
  310;20210308;  261;   32;   37;   70;   24;   10;    1
  310;20210309;  255;   31;   41;   70;    2;   10;   21
  310;20210310;  193;   99;  100;  150;   19;   30;    3
  310;20210311;  237;  158;  167;  230;   10;  130;   16
  310;20210312;  227;  119;  123;  160;   17;   90;    5
  310;20210313;  238;  128;  138;  200;   11;   70;   22
  310;20210314;  266;   82;   85;  110;    4;   50;    6
  310;20210315;  317;   70;   72;  110;    1;   50;    4
  310;20210316;  323;   25;   40;  100;   22;   10;   12
  310;20210317;  346;   58;   60;   80;    6;   30;    3
  310;20210318;  348;   43;   45;   70;   24;   10;    6
  310;20210319;   16;   56;   59;   70;    3;   50;    2
  310;20210320;  300;   23;   39;   50;    1;   20;    9
  310;20210321;  342;   51;   56;   80;   11;   20;   24
  310;20210322;  282;   18;   30;   50;   13;   10;   17
  310;20210323;  233;   42;   46;   70;    7;   30;   20
  310;20210324;  239;   33;   39;   60;   17;   20;    6
  310;20210325;  234;   48;   55;   70;   11;   30;    3
  310;20210326;  200;   86;   94;  120;   15;   60;    1
  310;20210327;  246;   94;  100;  130;    4;   60;   20
  310;20210328;  217;   95;   98;  150;   12;   70;    3
  310;20210329;  236;   53;   58;   90;   10;   40;   20
  310;20210330;  112;   24;   28;   50;   12;   10;    5
  310;20210331;  126;    8;   19;   30;    5;   10;   10
  310;20210401;   11;   57;   59;   90;   15;   20;    2
  310;20210402;   10;   62;   64;   80;   12;   50;    1
  310;20210403;    7;   69;   70;   80;    4;   50;   23
  310;20210404;  272;   31;   48;   90;   23;   20;   10
  310;20210405;  313;   88;   98;  120;   12;   70;    4
  310;20210406;  316;   77;   79;  100;   12;   60;   10
  310;20210407;  291;   75;   76;  130;    6;   30;   22
  310;20210408;  230;   55;   60;   80;   10;   30;    1
  310;20210409;  251;   35;   50;   80;    9;   10;   19
  310;20210410;   35;   65;   68;   90;   19;   40;    1
  310;20210411;  353;   58;   64;   90;    1;   30;   20
  310;20210412;  305;   33;   36;   60;    8;   20;    3
  310;20210413;  277;   19;   28;   50;   11;   10;   21
  310;20210414;    8;   39;   48;   80;   15;   10;    5
  310;20210415;   21;   35;   38;   70;   17;   10;    5
  310;20210416;   13;   54;   55;   70;   13;   40;    1
  310;20210417;    6;   55;   56;   90;   17;   40;    1
  310;20210418;  319;   28;   32;   60;   11;   10;    6
  310;20210419;  342;   31;   36;   50;   11;   20;   20
  310;20210420;    8;   16;   25;   40;   16;   10;    6
  310;20210421;   12;   64;   65;  100;   18;   30;    3
  310;20210422;   28;   48;   49;   70;   16;   30;    5
  310;20210423;   40;   34;   40;   50;   14;   30;    2
  310;20210424;   40;   53;   56;   90;   18;   30;    6
  310;20210425;   31;   62;   64;   90;   19;   30;    4
  310;20210426;   25;   59;   61;   80;   14;   50;    4
  310;20210427;   39;   32;   40;   60;   16;   20;   10
  310;20210428;   20;   48;   53;   70;   10;   40;    5
  310;20210429;  325;   59;   63;   90;   11;   30;   22
  310;20210430;  321;   34;   35;   50;    8;   20;    5
  310;20210501;  301;   32;   38;   60;   12;   10;    3
  310;20210502;  283;   36;   45;   70;   13;   30;    1
  310;20210503;  229;   59;   65;  140;   24;   20;   19
  310;20210504;  244;  128;  139;  190;    9;   70;   21
  310;20210505;  273;   77;   78;  110;   10;   20;   22
  310;20210506;  251;   33;   43;   60;    4;   20;   15
  310;20210507;  271;   39;   48;  100;    3;   10;   20
  310;20210508;  171;   64;   70;  120;   14;   10;   21
  310;20210509;  172;   50;   63;  120;   12;   20;   22
  310;20210510;  218;   44;   61;  110;    6;   20;   19
  310;20210511;  234;   14;   30;   60;   16;   10;    7
  310;20210512;  199;    5;   35;   60;    1;   10;   11
  310;20210513;  187;    8;   39;  100;   15;   10;   21
  310;20210514;  356;   27;   29;   50;   13;   10;    1
  310;20210515;  183;   37;   45;   90;   22;   10;    2
  310;20210516;  211;   46;   53;   80;    2;   20;   18
  310;20210517;  244;   50;   65;   90;    5;   30;   19
  310;20210518;  258;   56;   59;   70;    5;   40;    3
  310;20210519;  252;   37;   47;   70;    5;   20;   23
  310;20210520;  191;   65;   73;  140;   24;   20;    1
  310;20210521;  219;  145;  147;  200;   14;   80;    3
  310;20210522;  238;   71;   80;  140;    3;   20;   19
  310;20210523;  217;   69;   77;  120;    9;   40;   18
  310;20210524;  195;   61;   68;  110;    4;   10;   14
  310;20210525;  250;   88;   95;  120;   13;   60;    3
  310;20210526;  259;   67;   73;  100;   14;   40;   22
  310;20210527;  319;   46;   51;   80;   12;   10;   24
  310;20210528;   60;   24;   33;   50;   17;   10;    1
  310;20210529;   19;   41;   45;   70;   15;   30;    5
  310;20210530;   27;   40;   44;   60;    7;   20;   12
  310;20210531;   52;   39;   45;   60;   15;   30;    9
  310;20210601;   83;   45;   48;   70;   12;   30;    3
  310;20210602;  102;   29;   40;   60;   12;   20;    3
  310;20210603;  258;   46;   52;   70;    9;   30;   23
  310;20210604;  314;   27;   38;   70;   19;   10;    5
  310;20210605;  319;   45;   45;   60;    5;   20;   21
  310;20210606;  357;   31;   33;   50;   16;   10;    6
  310;20210607;   28;   38;   40;   70;   17;   20;    6
  310;20210608;  343;   17;   27;   40;   10;   10;    7
  310;20210609;  264;   39;   41;   60;   23;   20;    2
  310;20210610;  261;   45;   49;   60;    9;   30;    3
  310;20210611;  257;   52;   55;   70;   23;   30;    1
  310;20210612;  303;   33;   46;   80;    2;   10;   23
  310;20210613;   70;    5;   18;   40;   21;    0;    6
  310;20210614;  334;   13;   35;   50;   13;   20;    4
  310;20210615;   31;   38;   40;   50;   14;   30;    1
  310;20210616;   90;   35;   37;   60;   23;   10;   18
  310;20210617;  325;    4;   51;  100;    6;   20;    8
  310;20210618;  146;   11;   52;   80;   10;   20;    2
  310;20210619;  296;   21;   51;   90;    2;   20;   11
  310;20210620;  319;   24;   49;   70;   11;   20;    4
  310;20210621;   26;   65;   65;   80;    4;   50;    6
  310;20210622;   21;   64;   66;   80;   10;   40;   24
  310;20210623;    8;   43;   44;   60;   12;   30;    2
  310;20210624;  311;   18;   33;   50;   15;   30;    1
  310;20210625;  209;   52;   55;   80;   10;   30;   22
  310;20210626;   39;   10;   28;   50;   17;   10;    7
  310;20210627;   53;   36;   40;   80;   15;   30;    1
  310;20210628;    4;   10;   23;   40;    3;   10;    7
  310;20210629;  338;   35;   40;   60;   15;   10;    3
  310;20210630;  323;   50;   51;   70;   11;   40;    4
  310;20210701;  273;   44;   48;   70;   13;   40;    1
  310;20210702;  267;   17;   38;   60;    5;   20;   16
  310;20210703;  135;    8;   40;   60;    6;   10;   19
  310;20210704;  213;   26;   36;   90;   22;   10;   16
  310;20210705;  186;   37;   43;   80;   24;   10;   13
  310;20210706;  205;  101;  109;  150;    9;   50;   24
  310;20210707;  224;   37;   50;   70;    1;   20;   21
  310;20210708;  259;   35;   41;   60;   13;   30;    1
  310;20210709;  266;   30;   40;   60;    7;   10;   22
  310;20210710;  167;   11;   18;   30;    1;    0;   19
  310;20210711;  199;    6;   28;   50;    1;   10;   10
  310;20210712;   33;   19;   30;   40;   16;   10;   13
  310;20210713;  345;   62;   63;   90;   13;   30;    1
  310;20210714;  329;   77;   77;   90;   13;   50;    4
  310;20210715;  341;   81;   81;   90;    6;   60;   24
  310;20210716;  342;   55;   55;   70;   13;   30;   24
  310;20210717;  359;   43;   44;   70;   15;   20;    4
  310;20210718;  322;   23;   33;   50;   12;   10;   23
  310;20210719;   64;   24;   35;   50;   19;   10;   16
  310;20210720;   81;   31;   39;   60;    5;   10;   18
  310;20210721;   83;   11;   28;   40;    3;   10;   24
  310;20210722;  360;   40;   41;   60;   16;   10;    1
  310;20210723;   40;   53;   54;   70;   10;   30;    1
  310;20210724;   71;   28;   43;   60;    2;   20;   24
  310;20210725;  136;   14;   25;   40;    3;   10;    1
  310;20210726;  238;   23;   34;   50;   11;   10;    3
  310;20210727;  197;   55;   58;   90;   15;   40;   13
  310;20210728;  212;   98;  101;  130;   18;   60;    1
  310;20210729;  230;   97;  101;  130;   11;   50;   22
  310;20210730;  200;   90;   95;  140;   17;   60;    1
  310;20210731;  246;   98;  101;  150;    2;   60;   22
  310;20210801;  265;   30;   48;   70;    1;   20;   21
  310;20210802;  331;   23;   27;   50;   10;   10;    3
  310;20210803;   13;   19;   26;   40;   14;   10;   23
  310;20210804;   36;    7;   17;   50;   15;    0;    5
  310;20210805;  166;   29;   36;   90;   24;   10;    1
  310;20210806;  205;   94;   97;  130;   17;   70;    3
  310;20210807;  187;   78;   82;  130;   23;   60;    2
  310;20210808;  214;  107;  108;  130;   15;   80;   22
  310;20210809;  210;   77;   84;  120;   12;   60;    6
  310;20210810;  229;   53;   57;   70;    1;   40;   17
  310;20210811;  239;   31;   37;   60;    2;   10;   22
  310;20210812;  243;   28;   32;   50;    4;   20;   15
  310;20210813;  241;   67;   70;   90;   12;   50;    3
  310;20210814;  236;   41;   46;   70;   10;   10;   21
  310;20210815;  238;   73;   75;  140;   18;   40;    1
  310;20210816;  273;   71;   75;  120;    1;   30;   19
  310;20210817;  259;   69;   73;  110;   13;   40;   22
  310;20210818;  247;   69;   72;  100;   18;   40;    1
  310;20210819;  236;   73;   77;   90;    5;   50;   21
  310;20210820;  231;   37;   43;   60;    1;   10;   20
  310;20210821;  129;   13;   27;   60;   19;   10;    3
  310;20210822;  267;   45;   64;   80;   14;   60;    1
  310;20210823;    1;   65;   67;   90;   13;   40;   23
  310;20210824;   15;   57;   59;   80;   16;   40;    2
  310;20210825;  350;   41;   45;   60;   14;   30;    4
  310;20210826;  337;   56;   58;   80;   13;   30;   24
  310;20210827;  341;   51;   52;   90;   16;   10;    2
  310;20210828;  355;   58;   59;  100;   16;   20;    4
  310;20210829;  346;   53;   55;   70;    9;   30;    3
  310;20210830;  355;   55;   55;   80;   14;   30;    4
  310;20210831;    4;   50;   51;   80;   17;   30;    1
  310;20210901;   13;   34;   35;   50;    1;   10;    7
  310;20210902;   25;   42;   43;   60;   15;   30;    1
  310;20210903;   26;   49;   51;   70;   11;   30;    7
  310;20210904;   41;   49;   50;   70;    8;   30;   20
  310;20210905;   53;   32;   35;   50;    1;   30;    5
  310;20210906;   76;   17;   21;   30;    1;   10;    3
  310;20210907;   85;   36;   37;   70;   21;   20;    1
  310;20210908;   86;   49;   49;   70;   20;   30;    1
  310;20210909;  193;   17;   38;   60;   12;   10;   18
  310;20210910;  216;   45;   50;   70;   19;   30;   10
  310;20210911;  223;   68;   74;  100;   15;   60;   10
  310;20210912;  251;   19;   40;   70;    1;   10;   21
  310;20210913;   61;   25;   27;   40;   12;   10;    1
  310;20210914;  105;   32;   42;   60;    7;   30;    5
  310;20210915;  303;   38;   40;   70;   16;   20;    4
  310;20210916;  256;   33;   39;   60;   12;   10;   19
  310;20210917;  178;   16;   31;   50;    3;   10;   12
  310;20210918;   91;   36;   40;   60;   16;   20;    6
  310;20210919;   66;   22;   25;   50;   24;    0;   17
  310;20210920;   49;   42;   46;   60;    3;   20;   23
  310;20210921;   42;    8;   21;   30;    2;   10;   19
  310;20210922;  212;   32;   33;   70;   24;   10;   19
  310;20210923;  235;   79;   82;  120;   10;   60;    3
  310;20210924;  233;   68;   71;  100;   16;   50;    6
  310;20210925;  175;   20;   33;   60;    1;   10;   12
  310;20210926;  181;   41;   43;   70;   16;   10;    3
  310;20210927;  199;   82;   95;  150;   15;   50;    1
  310;20210928;  173;   72;   75;   90;   14;   60;    9
  310;20210929;  256;   76;   95;  110;   10;   80;    4
  310;20210930;  198;   77;   86;  100;   13;   70;    3
  310;20211001;  186;   94;   96;  110;    9;   70;   23
  310;20211002;  173;   90;   98;  170;   21;   60;    6
  310;20211003;  205;   68;   75;  110;   20;   20;    9
  310;20211004;  179;   86;   89;  110;   11;   70;    4
  310;20211005;  204;   81;  112;  170;   24;   80;   13
  310;20211006;  272;   99;  104;  170;    3;   30;   24
  310;20211007;  136;    1;   21;   40;    8;   10;   12
  310;20211008;   54;   26;   30;   40;   13;   10;    9
  310;20211009;   62;   23;   26;   40;    1;   10;   16
  310;20211010;  321;   21;   29;   50;   20;   10;    1
  310;20211011;  312;   38;   38;   60;   12;   20;    4
  310;20211012;  303;   42;   48;   80;   12;   20;   21
  310;20211013;  270;   32;   43;   60;   18;   20;    1
  310;20211014;  218;   68;   69;   80;   14;   50;    1
  310;20211015;  305;   22;   46;   90;    3;   10;   21
  310;20211016;  186;   38;   39;   50;   11;   20;    1
  310;20211017;  174;   59;   59;   80;   14;   50;   12
  310;20211018;  170;   64;   65;   80;   22;   60;    1
  310;20211019;  195;   80;   81;  100;   12;   60;   21
  310;20211020;  202;   94;  100;  130;    9;   50;   20
  310;20211021;  273;   87;  106;  170;    6;   60;   19
  310;20211022;  271;   78;   83;  130;   10;   20;   21
  310;20211023;  182;   41;   45;   60;   11;   30;    2
  310;20211024;  169;   63;   64;   80;    9;   50;   11
  310;20211025;  187;   71;   72;   80;    3;   60;    1
  310;20211026;  203;   79;   80;  100;   12;   70;    1
  310;20211027;  189;   74;   75;   90;    2;   40;   22
  310;20211028;  163;   73;   73;   90;   22;   60;    1
  310;20211029;  167;   94;   95;  120;   10;   60;   24
  310;20211030;  168;   67;   76;  120;    9;   50;   17
  310;20211031;  171;   78;   88;  110;   23;   60;    1
  310;20211101;  192;  100;  100;  130;    9;   70;   23
  310;20211102;  201;   50;   55;   70;    1;   30;   12
  310;20211103;  295;   12;   25;   50;   17;   10;    2
  310;20211104;  322;   35;   37;   60;   22;   20;    5
  310;20211105;  268;   36;   49;   80;   19;   20;    2
  310;20211106;  209;   91;   92;  120;   23;   70;    1
  310;20211107;  280;   68;   72;  100;    1;   30;   24
  310;20211108;  241;   26;   35;   60;   23;   20;    3
  310;20211109;  183;   60;   60;   80;    7;   30;   21
  310;20211110;  190;   38;   40;   60;    4;   20;   13
  310;20211111;  183;   34;   36;   50;   19;   30;    1
  310;20211112;  178;   76;   79;  100;   19;   50;    1
  310;20211113;  282;   41;   51;   90;    4;   20;   20
  310;20211114;   38;   35;   38;   50;   11;   20;    3
  310;20211115;   39;   36;   37;   50;   12;   20;   23
  310;20211116;  174;   24;   38;   70;   21;   10;    6
  310;20211117;  244;   38;   51;   70;    1;   30;   20
  310;20211118;  221;   70;   71;  100;   14;   50;    1
  310;20211119;  237;   54;   55;   80;   10;   30;   19
  310;20211120;  219;   46;   50;   70;   19;   40;    1
  310;20211121;  343;   37;   45;   70;   12;   20;    9
  310;20211122;   26;   40;   42;   60;    1;   20;   22
  310;20211123;  326;    7;   20;   30;    1;   10;    3
  310;20211124;  187;   22;   26;   50;   12;   10;    4
  310;20211125;  306;   33;   40;   60;   12;   20;    5
  310;20211126;  233;   54;   78;  120;   11;   20;   23
  310;20211127;  197;   33;   49;   80;   15;   10;   21
  310;20211128;  356;   16;   34;   70;   10;   20;    5
  310;20211129;  272;   51;   66;  120;   22;   20;    1
  310;20211130;  243;  104;  111;  140;   22;   90;    9
  310;20211201;  253;   73;   97;  160;    5;   40;   21
  310;20211202;  308;   50;   57;  100;    6;   10;   15
  310;20211203;  191;   91;   93;  130;   12;   40;    1
  310;20211204;  228;   56;   70;  120;   18;   30;    5
  310;20211205;  186;   30;   48;   90;    1;   20;   24
  310;20211206;  185;   41;   64;  110;   24;   20;    1
  310;20211207;  171;   64;   98;  140;   18;   60;    5
  310;20211208;  190;  101;  102;  120;    4;   80;   23
  310;20211209;  187;   76;   80;  100;   23;   60;   16
  310;20211210;  133;   12;   52;  100;    4;   20;   10
  310;20211211;  239;   41;   62;   80;   21;   40;    6
  310;20211212;  208;   75;   78;  100;    1;   60;   17
  310;20211213;  184;   58;   58;   70;    1;   40;   20
  310;20211214;  208;   56;   57;   70;   22;   40;    8
  310;20211215;  222;   54;   56;   70;    2;   40;   17
  310;20211216;  267;   22;   27;   60;    3;    0;   21
  310;20211217;   52;   36;   38;   60;   19;   20;    1
  310;20211218;   50;   34;   36;   50;    1;   20;   23
  310;20211219;  339;   22;   25;   40;   12;   10;    3
  310;20211220;   50;   22;   25;   30;    3;   10;   10
  310;20211221;   76;   24;   29;   60;   21;   20;    1
  310;20211222;  148;   49;   52;   80;   16;   30;    2
  310;20211223;  201;   75;   78;  100;   23;   50;    8
  310;20211224;  235;   46;   55;  120;    1;   10;   19
  310;20211225;   68;   74;   75;   90;    8;   40;    1
  310;20211226;   92;   59;   62;   80;    1;   30;   23
  310;20211227;  151;   57;   62;   90;   23;   30;    1
  310;20211228;  228;   80;  101;  170;   12;   80;    1
  310;20211229;  226;   70;   82;  150;   16;   40;    6
  310;20211230;  226;  111;  113;  140;   17;   70;   22
  310;20211231;  214;   92;   96;  120;   14;   80;    1
  310;20220101;  183;   82;   83;  100;   13;   60;    1
  330;20161231;  202;   66;   67;   80;   10;   50;    1
  330;20170101;  199;   70;   71;  100;   12;   10;   23
  330;20170102;  341;   89;   99;  120;    4;   10;    1
  330;20170103;  275;  104;  106;  140;   21;   70;    5
  330;20170104;  327;  142;  147;  180;   13;  110;    2
  330;20170105;   40;   50;   73;  140;    2;   40;   19
  330;20170106;  175;   66;   69;   90;   19;   40;    5
  330;20170107;  234;   42;   73;   90;    2;   50;   15
  330;20170108;  311;   16;   32;   60;    3;   10;   13
  330;20170109;  193;   72;   75;  120;   20;   30;    1
  330;20170110;  268;   50;   57;  100;    2;   20;   16
  330;20170111;  266;  113;  133;  180;   23;   70;    1
  330;20170112;  259;   63;  103;  200;   24;   30;   21
  330;20170113;  315;  148;  158;  200;    1;   80;   14
  330;20170114;  318;  131;  139;  170;    3;  100;   24
  330;20170115;  312;   36;   48;  110;    2;   10;   18
  330;20170116;   78;   31;   38;   50;    8;   20;    2
  330;20170117;  117;   32;   34;   50;    1;   10;   16
  330;20170118;  120;   28;   30;   50;    4;   10;   14
  330;20170119;   89;   29;   30;   40;    8;   20;    2
  330;20170120;   87;   54;   54;   90;   21;   20;    6
  330;20170121;  101;   58;   61;   90;    1;   20;   23
  330;20170122;  257;    7;   27;   50;   19;    0;   24
  330;20170123;  232;   26;   32;   60;   16;   10;    3
  330;20170124;  284;   10;   42;   70;    5;   10;    8
  330;20170125;  113;   43;   46;   60;   18;   20;    6
  330;20170126;  139;   58;   60;   70;    1;   50;    9
  330;20170127;  146;   80;   82;  110;   23;   60;    5
  330;20170128;  175;   79;   83;  110;    7;   60;   16
  330;20170129;  185;   78;   81;  110;   23;   60;    2
  330;20170130;  325;   14;   74;  110;    1;   30;   22
  330;20170131;  114;   44;   54;  100;   24;   30;    3
  330;20170201;  145;   82;   84;  100;   12;   60;    5
  330;20170202;  162;   89;   90;  110;   10;   70;    1
  330;20170203;  168;   72;   78;  110;   19;   60;    2
  330;20170204;  159;   24;   48;   80;    1;   10;   20
  330;20170205;   35;   28;   49;   90;   16;   20;    3
  330;20170206;   75;   11;   28;   60;   24;    0;   14
  330;20170207;   97;   65;   66;   80;    7;   50;    2
  330;20170208;   64;   65;   65;   80;   21;   50;    2
  330;20170209;   70;   64;   65;   80;   22;   50;   23
  330;20170210;   69;   53;   53;   70;    4;   40;   17
  330;20170211;   67;   61;   63;   80;   18;   50;    1
  330;20170212;   91;   87;   88;  110;   14;   50;    3
  330;20170213;   96;  114;  114;  130;   14;   90;    2
  330;20170214;  115;   77;   79;  120;    2;   50;   22
  330;20170215;  182;   46;   54;   80;   18;   30;    1
  330;20170216;  233;   67;   68;   80;    9;   50;    7
  330;20170217;  277;   54;   55;  100;    5;   10;   21
  330;20170218;  189;   37;   40;   70;   22;   10;    1
  330;20170219;  238;   67;   70;   90;    4;   40;   19
  330;20170220;  238;   86;   90;  120;   21;   60;    4
  330;20170221;  251;   80;   87;  130;   24;   40;   14
  330;20170222;  238;  104;  106;  140;    1;   60;   24
  330;20170223;  249;  128;  154;  240;   20;   40;    1
  330;20170224;  284;   63;   68;  130;    4;   30;   19
  330;20170225;  203;   95;   96;  130;   19;   60;    1
  330;20170226;  210;  100;  101;  120;   17;   90;   12
  330;20170227;  192;  110;  114;  140;   15;   90;    3
  330;20170228;  217;   89;   93;  130;    3;   60;   19
  330;20170301;  245;   60;   68;  120;    5;   40;   20
  330;20170302;  249;  107;  111;  190;    6;   60;    1
  330;20170303;  155;   73;   78;  100;   14;   50;    1
  330;20170304;  189;   58;   66;   90;    1;   30;   16
  330;20170305;  187;   93;   96;  130;   12;   60;   20
  330;20170306;  292;   35;   45;   70;   16;   20;    4
  330;20170307;  276;   43;   54;   70;    9;   30;   19
  330;20170308;  213;   62;   80;  130;    7;   30;   20
  330;20170309;  272;   58;   80;  130;   18;   50;    1
  330;20170310;  162;   31;   44;   70;   21;   10;    4
  330;20170311;  128;   38;   43;   60;   18;   20;   11
  330;20170312;   98;   27;   40;   60;    4;   20;   18
  330;20170313;  308;   39;   49;   80;    7;   30;    4
  330;20170314;  230;   64;   65;   80;    8;   50;    6
  330;20170315;  299;   24;   34;   70;    1;   10;   17
  330;20170316;  228;   45;   50;   70;   21;   30;   15
  330;20170317;  255;   78;   88;  140;   23;   50;    4
  330;20170318;  252;   88;   90;  140;    4;   40;   17
  330;20170319;  230;  111;  111;  130;   13;   60;    1
  330;20170320;  225;  111;  113;  150;   14;   70;   23
  330;20170321;  246;   75;   82;  120;   10;   50;   24
  330;20170322;  154;   60;   67;   80;    7;   40;   18
  330;20170323;   72;   75;   78;  110;   21;   50;    1
  330;20170324;   65;   85;   87;  100;   16;   80;    1
  330;20170325;   44;   84;   88;  120;   13;   60;    4
  330;20170326;   61;   67;   70;   90;    2;   30;   24
  330;20170327;  105;   32;   37;   60;   12;   10;   23
  330;20170328;  225;   51;   58;  100;   19;   30;    1
  330;20170329;  228;   84;   85;  110;    8;   50;   23
  330;20170330;  187;   60;   63;   80;    8;   40;   21
  330;20170331;  198;   63;   72;  100;   15;   40;   23
  330;20170401;  200;   31;   43;   80;    5;   20;   16
  330;20170402;  316;   24;   39;   50;    1;   20;    7
  330;20170403;  111;   12;   23;   40;   22;   10;    3
  330;20170404;  301;   25;   42;   70;   24;   20;    9
  330;20170405;  335;   83;   84;  100;   13;   70;    2
  330;20170406;  338;   55;   64;  120;    3;   20;   18
  330;20170407;  296;   36;   45;   60;    1;   20;   22
  330;20170408;  344;   15;   27;   40;   14;   10;    1
  330;20170409;  190;   33;   44;  110;   24;   30;    6
  330;20170410;  321;   74;   76;   90;    4;   50;   24
  330;20170411;  257;   52;   56;   80;   24;   40;    1
  330;20170412;  258;   81;   83;  110;   22;   60;    1
  330;20170413;  292;   65;   70;  120;    2;   40;   20
  330;20170414;  248;   54;   57;   90;   24;   40;    2
  330;20170415;  285;   80;   85;  110;    5;   30;   19
  330;20170416;  294;   65;   75;  110;    3;   10;   21
  330;20170417;  359;   82;   94;  130;   17;   50;    1
  330;20170418;   20;   56;   66;  110;   19;   30;    6
  330;20170419;   41;   37;   48;   70;   13;   30;    9
  330;20170420;  223;   43;   48;   70;   13;   20;    2
  330;20170421;  264;   57;   60;   80;   22;   50;    3
  330;20170422;  344;   81;   85;  110;    1;   60;    3
  330;20170423;  304;   33;   56;   90;    3;   30;   17
  330;20170424;  249;   64;   75;  110;   24;   40;   22
  330;20170425;  303;  105;  109;  150;    1;   80;   21
  330;20170426;  352;   72;   77;  100;   16;   20;    6
  330;20170427;  290;   53;   62;   90;    2;   40;   10
  330;20170428;  317;   58;   60;   70;    2;   40;   22
  330;20170429;  100;   15;   34;   60;   18;   10;    5
  330;20170430;  107;  106;  107;  140;   13;   70;    1
  330;20170501;  164;   50;   60;  100;    1;   10;   20
  330;20170502;   19;   36;   45;   70;    9;   20;    2
  330;20170503;   62;   58;   61;   90;    4;   30;    1
  330;20170504;   49;   87;   90;  120;   18;   20;    1
  330;20170505;   57;   67;   69;  110;    1;   40;   15
  330;20170506;   43;   72;   83;  110;   14;   50;    1
  330;20170507;  341;   82;   86;  100;    6;   60;    2
  330;20170508;  359;   88;   98;  150;   18;   50;   24
  330;20170509;   12;   40;   46;   70;   17;   20;    7
  330;20170510;   40;   32;   45;   90;   19;   10;    4
  330;20170511;  109;   48;   56;   80;    1;   30;   15
  330;20170512;  189;   48;   54;   70;    2;   20;   17
  330;20170513;  206;   51;   54;   70;    1;   40;    5
  330;20170514;  216;   60;   66;  110;   13;   50;    1
  330;20170515;  194;   52;   56;   70;   13;   30;   17
  330;20170516;  213;   43;   47;   80;    2;   20;   13
  330;20170517;  166;   23;   42;   80;   23;   10;    2
  330;20170518;    6;   30;   65;  110;   24;   30;    2
  330;20170519;  220;   66;   78;  140;    5;   40;   18
  330;20170520;  219;   50;   53;   80;   13;   40;    1
  330;20170521;   30;   11;   51;   90;   19;   30;    4
  330;20170522;   92;   34;   53;   80;   18;   20;   21
  330;20170523;  286;   43;   50;   90;    9;   10;   19
  330;20170524;  308;   41;   48;   70;    4;   30;   23
  330;20170525;   18;   44;   49;   80;   17;   10;   23
  330;20170526;  102;   74;   75;   90;   16;   60;    9
  330;20170527;  192;   40;   80;  120;   16;   60;   22
  330;20170528;  344;   22;   47;   80;   22;   30;    4
  330;20170529;   34;    5;   48;  130;    4;   10;   17
  330;20170530;  237;   76;   77;  100;    9;   60;    1
  330;20170531;  341;   35;   49;   70;   16;   30;    8
  330;20170601;   42;   32;   42;   70;   18;   10;    8
  330;20170602;   36;   28;   42;   70;   20;   20;    5
  330;20170603;  271;   25;   41;   80;   13;   10;    1
  330;20170604;  256;   61;   64;   90;    8;   20;    1
  330;20170605;  211;   52;   65;  110;   24;   20;   18
  330;20170606;  214;  121;  136;  170;   11;   80;    1
  330;20170607;  246;  129;  131;  160;    8;  100;   23
  330;20170608;  208;   61;   68;  100;    1;   40;   18
  330;20170609;  233;   63;   77;  100;    2;   20;    5
  330;20170610;  216;   53;   55;   70;    7;   30;   24
  330;20170611;  229;   61;   70;  110;   17;   40;    6
  330;20170612;  254;   90;   91;  110;   11;   70;   17
  330;20170613;  314;   35;   42;   70;    1;   20;   19
  330;20170614;   58;   42;   55;  100;   18;   30;    8
  330;20170615;  227;   48;   72;  110;   19;   40;    7
  330;20170616;  291;   65;   70;  100;    2;   30;   20
  330;20170617;  294;   35;   38;   60;    4;    0;   22
  330;20170618;   12;   15;   35;   70;   21;   10;    1
  330;20170619;   33;   41;   51;   80;   18;   10;    6
  330;20170620;   34;   69;   75;  110;   14;   40;    2
  330;20170621;  102;   51;   52;   80;   24;   10;   17
  330;20170622;  234;   66;   77;  110;   16;   30;   24
  330;20170623;  243;   77;   80;  110;   15;   20;    1
  330;20170624;  236;   95;   96;  120;   20;   80;    9
  330;20170625;  252;   86;   89;  110;   19;   80;    7
  330;20170626;  340;   50;   61;  100;    2;   40;    9
  330;20170627;   88;   70;   71;   80;    6;   50;    1
  330;20170628;  206;   44;   70;   90;    1;   50;    6
  330;20170629;  223;   50;   54;   90;   17;   30;   23
  330;20170630;  270;   36;   46;   90;   24;   10;    4
  330;20170701;  329;   88;   98;  140;    5;   30;   20
  330;20170702;  298;   53;   65;  100;    9;   20;   20
  330;20170703;  229;   73;   79;  110;   13;   50;    1
  330;20170704;  354;   22;   28;   50;    1;   10;   22
  330;20170705;  353;   33;   46;   70;   15;   20;    3
  330;20170706;   84;   51;   60;  120;   16;   20;   14
  330;20170707;  255;   19;   49;   90;   11;   20;   20
  330;20170708;  358;   40;   52;   90;   12;   10;    5
  330;20170709;   21;   31;   37;   70;   17;   10;    1
  330;20170710;  210;   37;   53;   80;   12;   20;    6
  330;20170711;  246;   54;   57;   80;   17;   30;   10
  330;20170712;    7;   73;   98;  180;   11;   40;    5
  330;20170713;    4;   28;   32;   50;   16;   10;   10
  330;20170714;  299;   71;   80;  130;   13;   10;    1
  330;20170715;  245;   49;   58;   70;    1;   40;    5
  330;20170716;  261;   40;   55;   80;    9;   30;   18
  330;20170717;   25;   46;   49;   70;    1;   30;    6
  330;20170718;   90;   68;   69;   90;   15;   30;    2
  330;20170719;  161;   39;   78;  110;    3;   40;   22
  330;20170720;  233;   59;   66;  130;   16;   40;    7
  330;20170721;  139;   42;   60;   90;   19;   30;   12
  330;20170722;  194;   33;   49;   80;   10;   20;   23
  330;20170723;  220;   62;   72;  100;   11;   30;   24
  330;20170724;  329;   47;   68;  110;   17;   20;    5
  330;20170725;  329;  106;  107;  120;   13;   90;    2
  330;20170726;  242;   40;   60;  100;   22;   30;    9
  330;20170727;  249;   75;   78;  100;    1;   60;    4
  330;20170728;  229;   90;   96;  120;   16;   80;    2
  330;20170729;  222;   66;   73;  120;    4;   20;   22
  330;20170730;  222;   72;   81;  100;    9;   50;    1
  330;20170731;  227;   47;   52;   80;    9;   20;   19
  330;20170801;  230;   34;   38;   50;    7;   20;    9
  330;20170802;  198;   56;   63;  110;   16;   40;    4
  330;20170803;  222;  115;  120;  160;   13;   70;    4
  330;20170804;  241;   94;   95;  110;    1;   70;   20
  330;20170805;  284;   41;   53;   70;    9;   20;    6
  330;20170806;  248;   46;   52;   80;    2;   40;    6
  330;20170807;  213;   21;   48;   70;    9;   20;   18
  330;20170808;   20;   15;   55;   80;    5;   20;    9
  330;20170809;  224;   40;   61;  100;   11;   30;   18
  330;20170810;   34;   58;   62;  100;   14;   30;    8
  330;20170811;  259;   31;   47;   80;   20;   10;    4
  330;20170812;  270;   57;   63;   90;   11;   20;   22
  330;20170813;  337;   22;   34;   80;    5;   10;   24
  330;20170814;  129;   28;   38;   60;   13;   10;   19
  330;20170815;  216;   16;   35;   60;   10;   10;   13
  330;20170816;  189;   32;   40;   60;   24;   10;   19
  330;20170817;  198;   76;   85;  100;    4;   60;    7
  330;20170818;  233;   76;   83;  120;   18;   60;    5
  330;20170819;  258;   94;   98;  130;    4;   80;    1
  330;20170820;  271;   72;   74;  110;    1;   30;   24
  330;20170821;  265;    4;   40;   60;   19;   20;   14
  330;20170822;   78;   36;   48;   70;   16;   10;   10
  330;20170823;  152;   35;   68;   80;    2;   50;   10
  330;20170824;  258;   56;   58;   80;    8;   30;   23
  330;20170825;    8;   10;   38;   70;   18;   10;   11
  330;20170826;  336;   11;   37;   70;   16;   10;   10
  330;20170827;   18;   27;   36;   60;   17;   10;    3
  330;20170828;   31;   20;   30;   50;    2;   10;   21
  330;20170829;   10;   10;   41;   90;   20;   20;    1
  330;20170830;    5;   64;   93;  170;   18;   30;    3
  330;20170831;  291;   48;   63;  110;    1;   20;   20
  330;20170901;   58;   22;   40;   80;   20;   10;   13
  330;20170902;   14;   32;   40;   60;    5;   20;    9
  330;20170903;  165;   33;   36;   50;   13;   20;    4
  330;20170904;  177;   53;   55;   70;   11;   40;    2
  330;20170905;  215;   66;   68;   80;    7;   50;   11
  330;20170906;  285;  100;  104;  140;    4;   60;    1
  330;20170907;  244;   74;   84;  100;    4;   50;   12
  330;20170908;  220;   89;   92;  130;    6;   20;   23
  330;20170909;  238;   44;   56;   80;   11;   30;    4
  330;20170910;  202;   95;   97;  150;   22;   60;    2
  330;20170911;  227;  105;  116;  150;   11;   80;   19
  330;20170912;  245;   85;  101;  130;   24;   80;   17
  330;20170913;  247;  128;  140;  200;    6;   80;   19
  330;20170914;  287;  114;  122;  170;   11;   40;   24
  330;20170915;  257;   38;   60;   80;   11;   30;    1
  330;20170916;  198;   41;   46;   60;   12;   20;    1
  330;20170917;  204;   31;   38;   50;    1;   20;   21
  330;20170918;  308;   48;   57;   90;   12;   20;    1
  330;20170919;  342;   31;   41;   70;    1;   10;    6
  330;20170920;  230;   54;   60;   80;   17;   20;    1
  330;20170921;  173;   59;   60;   80;   13;   40;   18
  330;20170922;  286;   20;   36;   70;   12;   10;    7
  330;20170923;  125;   14;   34;   60;   20;   10;   13
  330;20170924;  106;   53;   54;   70;   18;   40;    2
  330;20170925;   91;   56;   58;   80;   10;   40;   17
  330;20170926;   78;   37;   39;   60;   21;   10;    5
  330;20170927;  116;   46;   48;   80;   23;   30;    1
  330;20170928;  177;   45;   50;   70;    1;   20;   21
  330;20170929;  192;   49;   63;   90;   13;   50;    1
  330;20170930;  261;   36;   52;   70;   22;   40;    5
  330;20171001;  180;  103;  103;  130;   20;   60;    2
  330;20171002;  254;   97;  107;  130;   21;   90;    6
  330;20171003;  287;  100;  101;  120;    1;   70;   16
  330;20171004;  260;   99;   99;  120;   13;   70;   22
  330;20171005;  294;  130;  148;  210;    9;  110;    1
  330;20171006;  314;  119;  125;  160;    9;   60;   24
  330;20171007;  268;   94;  106;  130;   18;   60;    1
  330;20171008;  321;   45;   54;  120;    4;    0;   17
  330;20171009;  232;   46;   49;   80;   12;   30;    2
  330;20171010;  238;   75;   78;  100;   21;   50;    1
  330;20171011;  212;  103;  105;  140;   23;   90;   17
  330;20171012;  257;   82;   87;  150;    4;   40;   23
  330;20171013;  222;   78;   80;  100;   11;   50;    4
  330;20171014;  216;   58;   61;   90;    2;   20;   23
  330;20171015;  175;   67;   68;   90;   12;   30;    1
  330;20171016;  193;   72;   77;  100;   16;   50;    6
  330;20171017;  226;   45;   49;   80;    1;   10;   22
  330;20171018;  115;   28;   36;   50;    3;   20;    1
  330;20171019;  157;   64;   66;  100;   22;   30;    3
  330;20171020;  208;   99;  108;  150;   11;   60;   23
  330;20171021;  194;  107;  111;  140;   23;   70;    1
  330;20171022;  269;  120;  130;  160;   16;   90;    3
  330;20171023;  256;   70;   88;  140;    5;   50;   14
  330;20171024;  219;   86;   87;  120;   16;   60;    2
  330;20171025;  237;   66;   68;  100;    4;   40;   18
  330;20171026;  271;   45;   55;   90;   24;   40;    5
  330;20171027;  324;  103;  109;  140;    6;   70;   20
  330;20171028;  277;  140;  140;  190;   23;  100;   12
  330;20171029;  335;  147;  154;  200;    4;  100;   23
  330;20171030;  343;   74;   78;  130;    2;   40;   24
  330;20171031;  251;   70;   71;   90;   11;   50;    5
  330;20171101;  220;   62;   66;   80;   19;   50;   15
  330;20171102;  300;   44;   53;   90;    4;   10;   22
  330;20171103;  178;   36;   39;   70;   20;   10;    1
  330;20171104;  206;   47;   77;  110;   19;   50;    3
  330;20171105;  305;   91;   99;  140;   23;   80;   10
  330;20171106;  337;   41;   63;  150;    1;   10;   17
  330;20171107;  163;   39;   41;   50;    6;   30;   17
  330;20171108;   66;   25;   34;   60;   16;   10;   24
  330;20171109;  239;   47;   58;   80;   11;   20;    1
  330;20171110;  286;  114;  120;  170;   12;   40;    1
  330;20171111;  296;   83;   91;  140;    1;   50;   10
  330;20171112;  331;  104;  122;  180;   17;   30;    2
  330;20171113;  343;  113;  116;  180;    1;   40;   24
  330;20171114;  236;   60;   65;   90;   10;   40;   17
  330;20171115;  203;   47;   48;   60;    1;   40;   11
  330;20171116;  245;   32;   66;  110;   20;   50;    1
  330;20171117;  302;   46;   53;   90;   23;   20;   11
  330;20171118;  288;  110;  117;  150;   12;   80;    1
  330;20171119;  305;  111;  115;  150;    7;   70;   23
  330;20171120;  242;   78;   88;  120;   18;   50;    6
  330;20171121;  232;   84;   87;  120;   23;   60;    1
  330;20171122;  191;  116;  120;  150;   20;  110;    1
  330;20171123;  210;  100;  112;  160;    9;   60;   23
  330;20171124;  266;   24;   34;   60;    1;   10;   22
  330;20171125;  275;   78;   85;  130;   23;   40;    1
  330;20171126;  280;  120;  120;  130;    3;  100;   24
  330;20171127;  254;  101;  115;  160;   22;   90;    1
  330;20171128;  279;   89;   90;  140;    1;   60;   22
  330;20171129;  328;    5;   32;   60;    1;   20;    7
  330;20171130;  347;   58;   66;  100;    5;   20;   17
  330;20171201;   57;   37;   43;   70;   12;   10;   24
  330;20171202;  193;   52;   53;   80;   22;   20;    1
  330;20171203;  289;   39;   72;   90;   15;   40;   10
  330;20171204;  297;   69;   71;  100;    5;   50;   16
  330;20171205;  272;   79;   81;  100;   12;   60;    1
  330;20171206;  230;   75;   85;  110;   23;   70;   10
  330;20171207;  221;  100;  133;  170;   22;   90;   17
  330;20171208;  284;  153;  154;  170;    7;  140;    9
  330;20171209;  275;  107;  114;  160;    6;   80;   19
  330;20171210;  153;   23;   98;  150;   19;   50;   23
  330;20171211;   42;  102;  122;  200;   18;   30;    1
  330;20171212;  252;   36;   72;  110;    3;   30;   16
  330;20171213;  214;   87;  111;  160;   21;   80;   12
  330;20171214;  249;   85;   97;  170;    5;   60;    1
  330;20171215;  197;   34;   46;   80;    5;   10;   17
  330;20171216;  317;   89;   94;  120;    9;   60;    1
  330;20171217;  244;   38;   66;  120;   21;   10;    7
  330;20171218;  344;   99;  101;  150;    5;   40;   22
  330;20171219;  252;   41;   45;   60;    9;   30;    6
  330;20171220;  270;   39;   40;   60;    2;   20;   14
  330;20171221;  253;   35;   38;   50;    5;   20;   18
  330;20171222;  279;   42;   48;   80;    6;   10;   14
  330;20171223;  246;   75;   76;   80;    6;   60;    1
  330;20171224;  233;   91;   92;  110;   14;   70;    6
  330;20171225;  193;  108;  112;  150;   24;   80;    6
  330;20171226;  201;   89;  107;  150;    1;   90;    8
  330;20171227;  233;   27;  113;  200;   18;   60;   16
  330;20171228;  285;  113;  117;  150;    2;   90;   24
  330;20171229;  216;   75;  104;  140;   12;   60;    3
  330;20171230;  223;   91;  101;  140;   11;   70;    2
  330;20171231;  215;  108;  111;  150;    6;   60;    2
  330;20180101;  228;   77;   85;  140;    1;   30;   18
  330;20180102;  229;   67;   95;  130;   18;   60;   10
  330;20180103;  253;  145;  151;  210;   12;  110;   21
  330;20180104;  239;   88;   97;  180;   20;   60;    8
  330;20180105;  224;   63;   68;   90;    1;   30;   15
  330;20180106;   22;   35;   55;  100;   17;   10;    9
  330;20180107;   60;  107;  108;  120;   11;   90;    1
  330;20180108;   83;   78;   79;  110;    1;   50;   19
  330;20180109;  136;   46;   58;   80;    1;   30;   13
  330;20180110;  177;   63;   64;   80;    6;   40;   23
  330;20180111;   38;   20;   36;   60;   14;   10;    8
  330;20180112;   39;   25;   39;   60;    2;   10;   19
  330;20180113;  120;   61;   64;   90;   18;   40;    2
  330;20180114;  122;   53;   68;   80;   10;   50;   20
  330;20180115;  204;   98;  116;  150;   13;   80;    3
  330;20180116;  268;  118;  122;  160;   11;  100;    1
  330;20180117;  275;  157;  160;  190;    6;   90;   23
  330;20180118;  262;  107;  128;  300;    9;   40;   20
  330;20180119;  271;   82;   85;  120;    6;   60;   11
  330;20180120;  237;   28;   56;  100;   24;   10;   17
  330;20180121;  230;   18;   76;  110;    1;   20;   10
  330;20180122;  274;   70;   81;  100;    6;   60;    3
  330;20180123;  208;   87;   90;  120;   24;   50;    3
  330;20180124;  211;  103;  113;  150;   14;   60;   20
  330;20180125;  210;   72;   73;  110;    3;   50;   18
  330;20180126;  220;   32;   40;   60;    1;   20;   15
  330;20180127;  206;   84;   88;  130;   18;   30;    5
  330;20180128;  235;   98;  100;  120;   21;   80;   10
  330;20180129;  249;   88;  101;  130;   16;   70;   18
  330;20180130;  234;   41;   51;   70;   21;   30;    7
  330;20180131;  246;   91;  103;  130;    5;   70;    1
  330;20180201;  271;   81;   87;  130;   24;   50;    9
  330;20180202;  337;   81;   98;  160;    4;   10;   24
  330;20180203;  139;    8;   39;   90;   24;   10;   18
  330;20180204;   43;  104;  106;  150;   11;   60;    4
  330;20180205;   68;   75;   77;   90;    2;   60;   18
  330;20180206;   60;   57;   58;   70;    6;   40;    3
  330;20180207;   59;   23;   39;   60;    1;   20;   18
  330;20180208;  199;   56;   58;   90;   24;   30;    8
  330;20180209;  177;   85;   86;  120;    9;   10;   23
  330;20180210;  212;   53;   81;  140;   24;   10;    4
  330;20180211;  263;  110;  132;  160;   11;   90;    6
  330;20180212;  270;   75;   87;  120;    1;   60;   15
  330;20180213;  166;   92;   96;  130;   12;   70;    1
  330;20180214;  159;  106;  108;  130;   21;   70;    3
  330;20180215;  212;   64;   86;  130;    1;   60;   20
  330;20180216;  261;   47;   54;  100;    5;   20;   20
  330;20180217;  115;   36;   38;   50;    3;   20;   12
  330;20180218;  172;   48;   48;   70;   20;   30;    4
  330;20180219;  165;   53;   58;   70;    7;   30;   24
  330;20180220;   72;   37;   42;   70;   21;   20;    2
  330;20180221;   47;   56;   59;   90;   17;   30;    9
  330;20180222;   70;   73;   74;   90;   16;   60;    2
  330;20180223;   77;   77;   78;  100;   12;   50;    3
  330;20180224;   85;  106;  107;  120;   11;   90;    8
  330;20180225;   76;   91;   93;  100;    1;   80;    7
  330;20180226;   60;   85;   87;  110;   14;   70;    4
  330;20180227;   65;   60;   63;   70;    1;   50;    5
  330;20180228;   86;  103;  104;  140;   21;   60;    3
  330;20180301;   89;  150;  150;  170;   10;  130;    1
  330;20180302;   92;  129;  130;  160;   10;   90;   22
  330;20180303;  104;   89;   90;  110;    5;   70;   12
  330;20180304;  140;   55;   70;  110;   23;   50;   10
  330;20180305;  170;   55;   69;   90;    2;   50;   11
  330;20180306;  156;   21;   40;   70;    1;   10;   16
  330;20180307;  208;   25;   45;   70;   19;   20;    8
  330;20180308;  215;   83;   93;  120;   12;   70;    1
  330;20180309;  182;   36;   55;   80;    1;   20;   12
  330;20180310;  182;   66;   67;   80;    3;   50;   23
  330;20180311;  113;   11;   45;   80;    7;   10;    3
  330;20180312;  183;   59;   65;  100;   12;   40;    6
  330;20180313;  305;   58;   75;  140;    6;   20;   22
  330;20180314;  130;   60;   67;  120;   21;   20;    3
  330;20180315;  116;  103;  104;  130;    5;   70;   24
  330;20180316;   98;   79;   80;  110;   18;   60;    6
  330;20180317;   78;  135;  137;  160;   21;  100;    2
  330;20180318;   82;  118;  118;  150;    1;   90;   23
  330;20180319;   57;   98;  101;  130;   20;   50;   24
  330;20180320;    3;   98;  101;  140;    7;   40;    1
  330;20180321;  275;   36;   49;   80;   22;   10;    7
  330;20180322;  274;   61;   70;  110;    8;   30;   19
  330;20180323;  192;   75;   78;  110;   10;   50;    3
  330;20180324;   76;   29;   53;   80;   19;   30;   14
  330;20180325;  360;   55;   58;   90;   14;   20;   23
  330;20180326;  257;   30;   34;   60;   11;   20;    1
  330;20180327;  167;   45;   55;   90;   12;   20;    1
  330;20180328;  289;   45;   57;  110;   17;   10;   11
  330;20180329;  206;   29;   53;   90;   21;   30;    7
  330;20180330;  139;   61;   70;  100;   16;   50;    7
  330;20180331;  181;   27;   37;   60;    1;   10;   21
  330;20180401;  326;   33;   45;   90;    8;   10;   20
  330;20180402;  156;   71;   77;  100;   14;   50;    1
  330;20180403;  201;   74;   77;  100;   11;   40;   19
  330;20180404;  187;   75;   78;   90;    9;   60;   16
  330;20180405;  285;   65;   83;  140;    6;   20;   18
  330;20180406;  135;   96;   97;  120;   16;   50;    1
  330;20180407;  160;   48;   63;  100;   13;   10;   24
  330;20180408;    3;   32;   43;   70;   14;   20;    3
  330;20180409;   19;   75;   77;  100;   16;   50;    1
  330;20180410;  115;   29;   55;   80;    4;   30;    2
  330;20180411;   49;   29;   45;   80;   12;   20;    7
  330;20180412;   76;   39;   43;   60;    4;   10;   21
  330;20180413;  219;   31;   43;   60;    1;   20;   16
  330;20180414;  318;    7;   34;   60;   19;   20;    2
  330;20180415;  178;   23;   36;   60;   21;   10;   17
  330;20180416;  235;   56;   60;   80;   11;   40;    1
  330;20180417;  188;   56;   59;   90;   11;   30;   18
  330;20180418;  124;   23;   43;   80;   24;   20;   10
  330;20180419;  109;   34;   53;   80;    1;   30;   14
  330;20180420;  270;   23;   42;   60;    6;   20;    8
  330;20180421;   43;   44;   50;   70;   14;   20;    7
  330;20180422;  205;   41;   72;  110;   19;   40;    6
  330;20180423;  243;   78;   81;  110;   21;   60;    6
  330;20180424;  228;   88;   89;  130;   23;   60;   16
  330;20180425;  253;   85;   90;  120;    1;   70;    9
  330;20180426;  249;   84;   87;  100;    6;   70;   19
  330;20180427;  143;   28;   54;   90;   16;   30;   11
  330;20180428;  226;   56;   59;   90;   10;   30;   21
  330;20180429;   22;   79;   88;  170;   23;   10;    6
  330;20180430;  345;   46;  103;  190;   23;   50;   14
  330;20180501;  256;   87;   99;  200;    2;   50;   17
  330;20180502;  198;   76;   88;  130;   12;   50;    1
  330;20180503;  323;   32;   38;   70;    3;   10;   24
  330;20180504;   20;   35;   38;   70;   16;   10;    1
  330;20180505;   29;   46;   51;   80;   13;   20;    1
  330;20180506;   74;   32;   41;   70;   14;   10;    1
  330;20180507;   92;   28;   41;   60;    2;   20;   24
  330;20180508;   73;   12;   32;   50;    2;   10;   23
  330;20180509;  309;   29;   35;   50;    1;   10;    3
  330;20180510;  293;   43;   59;  110;    9;   10;   23
  330;20180511;   76;   26;   40;   70;   16;   10;    2
  330;20180512;   92;   33;   46;  100;   19;   10;   13
  330;20180513;  308;   56;   63;   90;   20;   10;    2
  330;20180514;  355;   85;   87;  100;    6;   60;   23
  330;20180515;    4;   64;   65;   90;   20;   30;    7
  330;20180516;    9;  113;  114;  150;   16;   70;    1
  330;20180517;    3;   99;  100;  110;    1;   80;   23
  330;20180518;  351;   66;   66;   80;    1;   60;    7
  330;20180519;  347;   35;   37;   50;    1;   20;    9
  330;20180520;   20;   45;   48;   80;   13;   20;    1
  330;20180521;   56;   40;   48;   70;   14;   20;    1
  330;20180522;   17;   44;   50;   70;   15;   20;    2
  330;20180523;   26;   54;   56;   80;   12;   30;    4
  330;20180524;   61;   44;   49;   60;    1;   30;   24
  330;20180525;  324;   16;   36;   60;   16;   20;    7
  330;20180526;   50;   41;   46;   70;   13;   10;    2
  330;20180527;   93;   57;   60;   90;    6;   20;   19
  330;20180528;   33;   34;   44;   80;   21;   20;    1
  330;20180529;   26;   40;   53;   70;    1;   20;   22
  330;20180530;  352;   13;   40;   60;   17;   10;   10
  330;20180531;    2;   30;   35;   60;   10;   20;    1
  330;20180601;  277;   32;   39;   60;   15;   20;    1
  330;20180602;  223;   50;   51;   80;    8;   20;   20
  330;20180603;  337;   18;   45;   60;   16;   30;    1
  330;20180604;   12;   68;   68;  100;   20;   50;    5
  330;20180605;   12;   81;   83;   90;    5;   60;    1
  330;20180606;   19;   70;   71;   90;   11;   50;    4
  330;20180607;  357;   39;   43;   70;   18;   10;    9
  330;20180608;    7;   60;   62;   90;   16;   40;    2
  330;20180609;   10;   70;   70;   80;    5;   60;    1
  330;20180610;   17;   81;   83;  100;   14;   50;    9
  330;20180611;   28;   75;   78;  110;   15;   40;    5
  330;20180612;    7;   76;   82;  100;   17;   60;    6
  330;20180613;  320;   45;   63;  100;    1;   30;   19
  330;20180614;  213;   73;   78;  110;   11;   30;   23
  330;20180615;  299;   12;   31;   50;   13;   10;    2
  330;20180616;  228;   67;   70;  100;   18;   30;    2
  330;20180617;  240;   83;   84;  100;    1;   70;   11
  330;20180618;  225;   85;   86;  110;   18;   70;    1
  330;20180619;  240;   58;   62;   80;    1;   50;   15
  330;20180620;  225;   68;   70;   80;   12;   60;    1
  330;20180621;  318;  112;  113;  140;    7;   40;    1
  330;20180622;  326;  106;  107;  140;    4;   60;   22
  330;20180623;  313;   50;   54;   70;    2;   30;   10
  330;20180624;  352;   56;   58;   80;   19;   40;    2
  330;20180625;    2;   49;   50;   70;   20;   30;   10
  330;20180626;   24;   66;   69;  100;   18;   20;    3
  330;20180627;   23;   71;   73;  100;   15;   40;    7
  330;20180628;   21;   68;   71;  110;   16;   30;    3
  330;20180629;   17;   84;   86;  120;   17;   70;    2
  330;20180630;   40;   55;   63;   90;   13;   30;    6
  330;20180701;   99;   80;   82;  110;   11;   50;   21
  330;20180702;   63;   65;   76;   90;   10;   60;    3
  330;20180703;   25;   83;   85;  110;   12;   50;    3
  330;20180704;   18;   60;   62;   70;    1;   50;    4
  330;20180705;  351;   37;   40;   60;    3;   20;    7
  330;20180706;   10;   47;   50;   80;   19;   30;    8
  330;20180707;   31;   36;   40;   70;   17;   10;    7
  330;20180708;  359;   35;   41;   70;   16;   10;    8
  330;20180709;  353;   68;   69;  100;   17;   40;    8
  330;20180710;  340;  107;  110;  130;   11;   80;   24
  330;20180711;  354;   65;   68;  100;   20;   30;    6
  330;20180712;  353;   68;   69;   80;    7;   50;   24
  330;20180713;    8;   57;   60;   90;   21;   40;    2
  330;20180714;   28;   43;   49;   70;   13;   20;   23
  330;20180715;   45;   24;   38;   60;   13;   20;    1
  330;20180716;   93;   16;   43;   60;    7;   10;   11
  330;20180717;  246;   60;   63;   80;    8;   30;   21
  330;20180718;  276;   19;   43;   60;   14;   30;    1
  330;20180719;    8;   50;   52;   80;   19;   30;    1
  330;20180720;    3;   40;   45;   70;   20;   20;    4
  330;20180721;  346;   55;   58;   70;    2;   20;   22
  330;20180722;  304;   19;   32;   60;   11;   10;    5
  330;20180723;  348;   11;   22;   40;   15;   10;    1
  330;20180724;  334;   15;   28;   40;   10;   10;    2
  330;20180725;   16;   29;   32;   50;   15;   10;    2
  330;20180726;   46;   20;   32;   60;   13;   20;    2
  330;20180727;  115;   31;   51;   80;   22;   30;    2
  330;20180728;  233;   70;   78;  130;   14;   10;    3
  330;20180729;  186;   69;   75;  110;   11;   60;    1
  330;20180730;  207;   43;   52;  100;   18;   20;   16
  330;20180731;  231;   23;   48;  110;   10;   10;   20
  330;20180801;  321;    9;   29;   40;   10;   20;    1
  330;20180802;  331;   16;   27;   40;   11;   20;    2
  330;20180803;   19;   34;   37;   80;   22;   10;    3
  330;20180804;  358;   62;   62;  100;   15;   20;    2
  330;20180805;   24;   55;   60;   90;    1;   30;    5
  330;20180806;   60;   23;   41;   60;    3;   10;   10
  330;20180807;  317;    4;   32;  120;   22;   10;    2
  330;20180808;  222;   59;   72;  110;    9;   40;   21
  330;20180809;  330;   29;   75;  170;   21;   20;    5
  330;20180810;  220;   81;   89;  130;   18;   50;    4
  330;20180811;  264;   55;   66;  100;    2;   20;   18
  330;20180812;  185;   36;   58;   90;    9;   10;   18
  330;20180813;  264;   48;   54;   80;   15;   10;    2
  330;20180814;  282;   62;   70;  100;    3;   50;   12
  330;20180815;  221;   65;   68;   80;   11;   50;    4
  330;20180816;  225;   44;   67;   90;    9;   30;   19
  330;20180817;  275;   31;   43;   60;    1;   30;    6
  330;20180818;  224;   64;   68;   80;   11;   50;    3
  330;20180819;  222;   77;   80;  110;   17;   60;    2
  330;20180820;  328;   27;   38;   70;    5;   20;   16
  330;20180821;  217;   11;   30;   50;   13;    0;   20
  330;20180822;  235;   46;   48;   70;   12;   30;    1
  330;20180823;  234;   55;   67;  110;   16;   30;   22
  330;20180824;  269;   81;   94;  120;   21;   40;   23
  330;20180825;  304;   73;   78;  120;    8;   20;    1
  330;20180826;  186;   80;   85;  140;   20;   30;    3
  330;20180827;  255;   87;   90;  120;    9;   60;   23
  330;20180828;  202;   26;   42;   70;    2;   20;   19
  330;20180829;    2;   43;   54;  110;   23;   10;    6
  330;20180830;  347;   55;   63;  100;    1;   30;   22
  330;20180831;   25;   15;   27;   50;   15;   10;    7
  330;20180901;   56;   17;   32;   50;   16;   10;    9
  330;20180902;   62;   37;   48;   70;   15;   30;    9
  330;20180903;   14;   70;   73;   90;   15;   40;    2
  330;20180904;    3;   71;   71;   80;    1;   60;   16
  330;20180905;   21;   55;   58;   70;    8;   20;    6
  330;20180906;  336;   48;   61;   80;    3;   30;   21
  330;20180907;  271;   89;   97;  130;   21;   50;    1
  330;20180908;  231;   62;   68;   90;    1;   50;    7
  330;20180909;  215;   59;   62;   80;   11;   40;    5
  330;20180910;  247;   73;   76;   90;   17;   60;    1
  330;20180911;  228;  101;  102;  130;   16;   70;   24
  330;20180912;  350;   33;   58;  100;    6;   20;   22
  330;20180913;   14;    6;   23;   40;   14;   10;    9
  330;20180914;  234;   62;   70;   90;   15;   40;    1
  330;20180915;  262;   52;   64;  100;    3;   30;   20
  330;20180916;  200;   56;   57;   80;   11;   40;   19
  330;20180917;  180;   47;   52;   80;   24;   40;    5
  330;20180918;  214;   88;   97;  130;   16;   60;   24
  330;20180919;  208;   79;   81;  100;   11;   50;    4
  330;20180920;  206;   75;   78;  100;   10;   40;   18
  330;20180921;  253;  131;  148;  180;   20;  100;    1
  330;20180922;  244;   67;   80;  140;    1;   50;   24
  330;20180923;    6;   62;   79;  130;   14;   20;    3
  330;20180924;  331;   91;   93;  120;    1;   50;   24
  330;20180925;  211;    4;   28;   50;   23;   10;   11
  330;20180926;  216;   59;   60;   90;   15;   40;    1
  330;20180927;  224;   39;   45;   60;   11;   30;    1
  330;20180928;   32;   83;   87;  110;    1;   30;   24
  330;20180929;  135;   15;   25;   40;    1;   10;   20
  330;20180930;  299;   39;   58;   90;   19;   20;    5
  330;20181001;  326;  108;  114;  150;    9;   60;    2
  330;20181002;  287;   90;  101;  130;    8;   60;    1
  330;20181003;  294;   63;   72;  110;    1;   40;   19
  330;20181004;  214;   48;   53;   80;   10;   30;    3
  330;20181005;  178;   40;   40;   50;    1;   20;   18
  330;20181006;   11;   24;   62;  170;   23;   30;    5
  330;20181007;   40;   56;   66;  150;    1;   20;   20
  330;20181008;  215;   52;   55;   70;   10;   30;    1
  330;20181009;  188;   45;   47;   60;   11;   30;   15
  330;20181010;  112;   54;   56;   80;   12;   20;    4
  330;20181011;  159;   75;   78;  100;   22;   60;    2
  330;20181012;  179;   85;   86;  100;    9;   70;    3
  330;20181013;  169;   73;   75;   90;   11;   60;    1
  330;20181014;  164;   52;   56;  100;   13;   20;   21
  330;20181015;  192;   30;   41;   70;    9;   10;   19
  330;20181016;  180;   26;   34;   60;    8;   10;    1
  330;20181017;  292;   22;   36;   50;   15;   20;    1
  330;20181018;   40;   63;   68;   90;    5;   40;    2
  330;20181019;   45;   33;   39;   50;    1;   10;   24
  330;20181020;  207;   25;   30;   40;    8;   10;    4
  330;20181021;  213;   35;   53;   80;   24;   30;   18
  330;20181022;  348;   77;   88;  120;    2;   50;   19
  330;20181023;  288;  120;  123;  130;    2;  110;    1
  330;20181024;  307;   88;   94;  130;    2;   40;   20
  330;20181025;  286;   59;   63;   90;    1;   40;   23
  330;20181026;  287;   87;  108;  140;   21;   60;    1
  330;20181027;  357;   29;   60;  120;    1;   10;   15
  330;20181028;   61;   80;   81;  100;   11;   60;    7
  330;20181029;   52;   81;   82;  110;   23;   40;    9
  330;20181030;  263;   26;   99;  180;   18;   30;    8
  330;20181031;  161;   55;   73;  110;    1;   50;   12
  330;20181101;  166;   66;   83;  130;   24;   60;   23
  330;20181102;  288;   71;   73;  120;    1;   30;   23
  330;20181103;  175;   55;   58;   70;   11;   30;    1
  330;20181104;  136;   45;   49;   60;    9;   30;   17
  330;20181105;  113;   45;   47;   60;   15;   30;   11
  330;20181106;  153;   61;   63;   80;   18;   40;    1
  330;20181107;  166;   98;  100;  120;   14;   80;    1
  330;20181108;  179;   45;   60;   90;    3;   40;   19
  330;20181109;  143;   65;   69;  100;   19;   40;    1
  330;20181110;  174;   91;   93;  120;    1;   60;   17
  330;20181111;  192;   81;   84;  110;   10;   50;   18
  330;20181112;  189;   61;   62;   80;   21;   50;    2
  330;20181113;  211;   80;   83;  110;    8;   60;   17
  330;20181114;  172;   61;   64;   80;   19;   40;   24
  330;20181115;  140;   49;   50;   70;    6;   30;   19
  330;20181116;  122;   34;   38;   60;   24;   20;    5
  330;20181117;   92;   59;   60;   80;   19;   40;    5
  330;20181118;   71;   68;   70;  100;   20;   30;    1
  330;20181119;   60;  104;  105;  120;   12;   80;    1
  330;20181120;   77;   96;   98;  120;    1;   70;   24
  330;20181121;   98;   50;   51;   90;    2;   30;   12
  330;20181122;   92;   43;   43;   50;    4;   30;   20
  330;20181123;  105;   50;   51;   70;   21;   30;   14
  330;20181124;   87;   46;   47;   60;    1;   30;   24
  330;20181125;   71;   54;   55;   80;   20;   30;    1
  330;20181126;   75;   53;   54;   70;    1;   40;   13
  330;20181127;  132;   53;   58;  100;   23;   20;    7
  330;20181128;  163;  101;  103;  120;   20;   90;    7
  330;20181129;  179;  107;  108;  130;   10;   90;   20
  330;20181130;  205;   84;   85;  100;    5;   70;   18
  330;20181201;  186;   92;   94;  120;   15;   60;    3
  330;20181202;  217;   95;   99;  110;    7;   80;    3
  330;20181203;  244;   78;   98;  110;    1;   70;   23
  330;20181204;  288;   27;   45;   90;    1;   10;   14
  330;20181205;  161;   67;   70;   90;   14;   40;    2
  330;20181206;  225;   84;   86;  120;   22;   50;    8
  330;20181207;  235;  100;  123;  150;   21;   90;   17
  330;20181208;  249;  135;  139;  160;    8;  100;   17
  330;20181209;  294;  130;  139;  160;    1;  120;   12
  330;20181210;  316;  106;  109;  120;   10;   90;   23
  330;20181211;  324;   41;   50;   90;    1;   10;   24
  330;20181212;   94;   39;   40;   70;   23;    0;    1
  330;20181213;   87;   62;   63;   90;   13;   40;    5
  330;20181214;   85;   45;   46;   60;    5;   30;   16
  330;20181215;  144;   94;   94;  140;   20;   40;    1
  330;20181216;  177;   72;   76;  100;    2;   50;   12
  330;20181217;  219;   54;   70;   90;    9;   50;   17
  330;20181218;  164;   92;   96;  120;   18;   70;    6
  330;20181219;  186;   79;   80;   90;    1;   60;   17
  330;20181220;  198;   88;   90;  110;   22;   70;    1
  330;20181221;  225;   95;  110;  150;   15;   60;    2
  330;20181222;  263;   89;   91;  110;    3;   60;   23
  330;20181223;  260;   10;   56;  100;   19;   20;   16
  330;20181224;  339;   28;   35;   90;    2;   10;   11
  330;20181225;  216;   55;   57;   70;    9;   40;    1
  330;20181226;  200;   52;   53;   60;    1;   40;   23
  330;20181227;  190;   33;   34;   50;    3;   20;   13
  330;20181228;  211;   31;   35;   50;   10;   20;    1
  330;20181229;  261;   66;   88;  110;   11;   50;    1
  330;20181230;  273;   51;   59;   90;    1;   30;    8
  330;20181231;  276;   53;   56;   80;   23;   40;   11
  330;20190101;  316;   85;  100;  140;   22;   70;    1
  330;20190102;  357;   93;   95;  130;    2;   60;   21
  330;20190103;    3;   55;   56;   80;   22;   40;    7
  330;20190104;  318;   72;   79;   90;   16;   40;    3
  330;20190105;  326;   91;   92;  110;    6;   80;    1
  330;20190106;  316;   37;   43;   80;    1;   10;   13
  330;20190107;  252;   70;   73;  140;   24;   10;    1
  330;20190108;  319;  145;  151;  170;   12;  130;    1
  330;20190109;    6;  121;  126;  150;    1;  100;   24
  330;20190110;  296;   12;   37;  100;    1;    0;    8
  330;20190111;  324;   67;   71;  100;   17;   40;    3
  330;20190112;  270;   91;   94;  110;   10;   60;    4
  330;20190113;  282;  107;  113;  130;   17;   80;    1
  330;20190114;  320;   91;   95;  130;    1;   40;   24
  330;20190115;  244;   83;   85;  100;    9;   50;    1
  330;20190116;  215;   89;   96;  110;   11;   40;   23
  330;20190117;  314;   89;  106;  150;   13;   50;   24
  330;20190118;  161;   28;   46;   70;    2;   20;    5
  330;20190119;  132;   58;   62;   80;    8;   40;   20
  330;20190120;   88;   31;   33;   50;    1;   20;   18
  330;20190121;  205;   34;   38;   80;   24;   10;    2
  330;20190122;  180;   92;   93;  120;    7;   70;   20
  330;20190123;   83;   42;   50;   70;    1;   30;   24
  330;20190124;  152;   30;   35;   50;   11;   10;    2
  330;20190125;  213;   52;   73;  100;   15;   30;    2
  330;20190126;  224;   89;   96;  120;   24;   80;    1
  330;20190127;  271;   98;  126;  190;   23;   70;    9
  330;20190128;  327;  129;  133;  190;    3;   70;   21
  330;20190129;  187;   51;   72;   90;   20;   50;    1
  330;20190130;  281;   16;   40;   90;   20;   10;    8
  330;20190131;  140;   42;   61;   90;   23;   30;    2
  330;20190201;   78;   46;   50;   90;    1;   20;   21
  330;20190202;   15;   77;   78;  100;    5;   60;   14
  330;20190203;  310;   28;   56;   80;    7;   30;   16
  330;20190204;  194;   98;  100;  130;   14;   70;    3
  330;20190205;  196;   61;   64;   90;   24;   50;   11
  330;20190206;  190;   78;   78;  100;    2;   60;   17
  330;20190207;  217;  107;  112;  140;   12;   90;   22
  330;20190208;  194;  120;  121;  160;   20;   80;    2
  330;20190209;  219;  121;  122;  150;   10;   90;   23
  330;20190210;  276;   51;   90;  170;   18;   50;    7
  330;20190211;  308;   68;   71;  110;    1;   40;   23
  330;20190212;  229;   62;   64;   90;   19;   30;    1
  330;20190213;  206;   66;   68;   80;    4;   40;   24
  330;20190214;  160;   32;   36;   50;    5;   20;   12
  330;20190215;  170;   42;   44;   70;   14;   30;    1
  330;20190216;  200;   51;   52;   70;   12;   30;   18
  330;20190217;  181;   57;   58;   80;   13;   40;    2
  330;20190218;  212;   42;   49;   70;   22;   30;   20
  330;20190219;  234;   80;   81;   90;   11;   70;   17
  330;20190220;  211;   64;   65;   90;   15;   50;    7
  330;20190221;  229;   68;   70;   90;    2;   40;   23
  330;20190222;  187;    5;   25;   40;   23;   10;   11
  330;20190223;  115;   43;   45;   60;    7;   20;   15
  330;20190224;  101;   21;   28;   50;    9;   10;   11
  330;20190225;   95;   25;   34;   60;   14;   20;    1
  330;20190226;   97;   18;   25;   40;    8;   10;    4
  330;20190227;  209;   32;   39;   50;    9;   20;   17
  330;20190228;  230;   68;   70;  110;   15;   30;    6
  330;20190301;  326;   49;   62;  110;    7;   20;   23
  330;20190302;  200;   72;   75;  120;   19;   40;    2
  330;20190303;  207;  112;  114;  130;   19;  100;    7
  330;20190304;  240;  115;  123;  150;   12;  100;    3
  330;20190305;  230;   75;   82;  110;    1;   60;   19
  330;20190306;  173;   94;   95;  120;   10;   70;    1
  330;20190307;  231;  113;  122;  160;   19;   60;    3
  330;20190308;  253;   78;   97;  140;    1;   60;   11
  330;20190309;  253;  102;  106;  150;   14;   80;   17
  330;20190310;  267;   81;  110;  190;   13;   40;    2
  330;20190311;  289;  119;  126;  170;    4;   30;   21
  330;20190312;  211;  114;  130;  160;   13;   70;    1
  330;20190313;  258;  123;  130;  150;   11;   90;   20
  330;20190314;  261;  107;  113;  160;   11;   90;   21
  330;20190315;  250;   93;   98;  150;   11;   50;    5
  330;20190316;  223;  120;  122;  160;   15;   40;    5
  330;20190317;  265;  104;  112;  140;    1;   80;    4
  330;20190318;  297;   67;   71;  110;    5;   10;   23
  330;20190319;  216;   36;   38;   60;   12;   20;    1
  330;20190320;  227;   52;   53;   70;    4;   30;   21
  330;20190321;  224;   35;   38;   60;    8;   10;   20
  330;20190322;  231;   22;   39;   60;   15;   10;    5
  330;20190323;    4;   38;   58;   90;   16;   30;    1
  330;20190324;  300;   23;   44;  100;   24;   10;    9
  330;20190325;  331;  120;  126;  150;    8;   80;   24
  330;20190326;  313;   55;   58;   80;    2;   30;   23
  330;20190327;  285;   33;   34;   50;   13;   20;   19
  330;20190328;  329;   25;   28;   40;    1;   10;   20
  330;20190329;   47;   15;   24;   40;   14;   10;    1
  330;20190330;   19;   16;   29;   60;   24;   10;    3
  330;20190331;   44;   81;   83;  100;    5;   30;    1
  330;20190401;   84;   56;   59;   90;    1;   40;   19
  330;20190402;  204;   46;   61;   80;   18;   30;   16
  330;20190403;  177;   40;   54;   80;   10;   30;   17
  330;20190404;  144;   45;   49;   70;   18;   40;    4
  330;20190405;   77;   40;   53;   70;   15;   30;   13
  330;20190406;   49;   38;   45;   60;   15;   20;   23
  330;20190407;   41;   43;   50;   80;   13;   30;    6
  330;20190408;  293;   15;   35;   60;   16;   20;    5
  330;20190409;   55;   72;   73;  100;   22;   10;    1
  330;20190410;   42;   94;   97;  120;   19;   70;    3
  330;20190411;   31;   87;   92;  120;   17;   70;    1
  330;20190412;   44;   60;   66;  110;   15;   30;    8
  330;20190413;   35;   62;   67;  120;   16;   40;    3
  330;20190414;   66;   53;   54;   70;   20;   40;    3
  330;20190415;   99;   62;   64;   80;   14;   30;    3
  330;20190416;   97;   62;   67;   90;    8;   40;   19
  330;20190417;  103;   26;   36;   50;   20;   20;   15
  330;20190418;   89;   64;   65;   90;   13;   40;    4
  330;20190419;   49;   42;   51;   70;    8;   20;    6
  330;20190420;   39;   44;   51;   90;   22;   20;    4
  330;20190421;   50;   38;   46;   70;   12;   20;    3
  330;20190422;  101;   64;   64;   90;   22;   30;    6
  330;20190423;   99;   77;   78;  100;    5;   40;   21
  330;20190424;  170;   70;   74;  120;   13;   20;   20
  330;20190425;  157;   77;   80;  110;   14;   50;   22
  330;20190426;  215;   56;   58;   70;   13;   40;   19
  330;20190427;  232;   95;  103;  130;   10;   70;   23
  330;20190428;  302;   27;   44;   90;    1;   20;   10
  330;20190429;   15;   55;   58;   90;   15;   10;    1
  330;20190430;   15;   50;   51;   70;    1;   20;   24
  330;20190501;  317;   21;   23;   50;   24;   10;    1
  330;20190502;  312;   51;   61;   90;   21;   30;    4
  330;20190503;  336;   63;   66;   90;   21;   50;    8
  330;20190504;  351;  111;  114;  130;    7;   50;    1
  330;20190505;  347;   90;   94;  130;    5;   60;   24
  330;20190506;  281;   43;   56;   90;   13;   10;   23
  330;20190507;  181;   32;   40;   70;   23;   20;    1
  330;20190508;  168;   64;   82;  110;   11;   60;    1
  330;20190509;  234;   39;   62;   80;    1;   40;   10
  330;20190510;  354;   35;   44;   80;    1;   20;   10
  330;20190511;   10;   77;   81;  110;   15;   40;    1
  330;20190512;    4;   72;   77;  100;   17;   50;   23
  330;20190513;   27;   60;   65;  100;   17;   30;    3
  330;20190514;   27;   66;   74;  110;   15;   30;    5
  330;20190515;   38;   52;   65;  100;   15;   20;    4
  330;20190516;   44;   66;   72;  100;   16;   50;    5
  330;20190517;   75;   36;   46;   70;    7;   20;   20
  330;20190518;    4;   31;   38;   70;   21;   10;    1
  330;20190519;  357;   77;   78;  100;   15;   40;    3
  330;20190520;  336;   75;   76;   90;    9;   60;    1
  330;20190521;  324;   81;   82;  100;    5;   50;   21
  330;20190522;  285;   21;   35;   60;    1;   10;   19
  330;20190523;  219;   33;   40;   60;    2;   10;   18
  330;20190524;  304;   33;   45;   70;    6;   20;   22
  330;20190525;  343;   13;   26;   40;    5;   10;    8
  330;20190526;  227;   87;   90;  140;   15;   40;   24
  330;20190527;  259;   63;   66;   80;    9;   20;   24
  330;20190528;   21;   48;   52;  100;   16;   20;    1
  330;20190529;  195;   37;   50;   90;   23;   20;    4
  330;20190530;  221;   96;   97;  110;   12;   80;    3
  330;20190531;  231;   62;   63;   80;    1;   40;   20
  330;20190601;  274;   10;   36;   50;    1;   20;    8
  330;20190602;  196;   50;   60;   90;   12;   30;    5
  330;20190603;  238;   50;   53;   70;    5;   40;   20
  330;20190604;  156;   32;   55;  100;   23;   10;    9
  330;20190605;  258;   32;   58;   90;   21;   30;   16
  330;20190606;  260;   47;   63;  120;    4;   10;   20
  330;20190607;  141;   68;   81;  140;   23;   30;    1
  330;20190608;  215;  146;  150;  170;    2;   90;   24
  330;20190609;  296;   13;   53;   80;    1;   30;   10
  330;20190610;   50;   42;   50;   90;   11;   20;   21
  330;20190611;  257;   32;   44;   80;    2;   10;   19
  330;20190612;   23;    9;   41;   80;   10;   10;    8
  330;20190613;  184;   86;   87;  110;    7;   70;    1
  330;20190614;  168;   16;   52;   80;    9;   30;   16
  330;20190615;  327;   19;   38;   80;    4;   10;   13
  330;20190616;  214;   55;   59;   80;   10;   40;   22
  330;20190617;  220;   11;   37;   70;   11;   10;   24
  330;20190618;   20;   30;   41;   80;   18;   10;    1
  330;20190619;  221;   19;   46;   80;   10;   10;   20
  330;20190620;  245;   60;   63;   90;   10;   40;   14
  330;20190621;  269;   35;   53;   80;   11;   30;   17
  330;20190622;   29;   61;   67;  110;   14;   30;    1
  330;20190623;   74;   34;   43;   70;   12;   20;    3
  330;20190624;  118;   25;   49;   60;    1;   30;   16
  330;20190625;  342;   12;   45;   70;    3;   30;    6
  330;20190626;   10;   87;   91;  120;   17;   60;    1
  330;20190627;   26;   93;   96;  120;   18;   70;    3
  330;20190628;   34;   56;   59;  100;   15;   30;   22
  330;20190629;  118;   31;   39;   70;   22;   20;   14
  330;20190630;  249;   56;   66;  110;    5;   50;    1
  330;20190701;  272;   64;   66;   90;    5;   30;   24
  330;20190702;  354;   62;   65;   80;   18;   50;    8
  330;20190703;   11;   70;   72;   90;   14;   50;    1
  330;20190704;  331;   16;   35;   50;   14;   20;    7
  330;20190705;  296;   34;   38;   70;    3;   10;   20
  330;20190706;  313;   37;   57;   70;    6;   40;    1
  330;20190707;  344;   58;   59;   70;    2;   40;   22
  330;20190708;  333;   73;   78;   90;    5;   50;   23
  330;20190709;  354;   33;   41;   60;    5;   30;   12
  330;20190710;  172;   42;   45;   70;    8;   30;   14
  330;20190711;  243;   29;   39;   50;    1;   20;   21
  330;20190712;  305;   58;   66;  100;   10;   10;    6
  330;20190713;  341;   80;   82;  100;    6;   60;    2
  330;20190714;  360;   79;   80;  100;   16;   50;   24
  330;20190715;  350;   52;   56;   70;   16;   40;   22
  330;20190716;  320;   27;   28;   40;    2;   10;   24
  330;20190717;   64;    9;   28;   50;   24;   10;    1
  330;20190718;  226;   59;   65;   90;   18;   40;    5
  330;20190719;  232;   28;   36;   60;   12;   10;   21
  330;20190720;  215;   63;   73;  120;   18;   20;    1
  330;20190721;  277;   38;   45;   60;    1;   30;   17
  330;20190722;  227;   61;   65;   90;    8;   30;   22
  330;20190723;   63;   23;   43;   70;   16;   10;   10
  330;20190724;  193;   20;   46;   70;   12;   10;   23
  330;20190725;  115;   34;   48;  100;   24;   20;    4
  330;20190726;  349;   32;   69;  110;   21;   30;   16
  330;20190727;  299;   53;   59;   90;   16;   10;   11
  330;20190728;  265;   53;   57;   80;   18;   40;    1
  330;20190729;  198;   14;   45;   60;    5;   30;   16
  330;20190730;  182;   42;   61;   80;   13;   50;    2
  330;20190731;  211;   96;   99;  120;   14;   70;   24
  330;20190801;  257;   63;   70;   80;    9;   50;   21
  330;20190802;  325;   87;   98;  120;   11;   70;    1
  330;20190803;    7;   49;   53;   80;    1;   20;   23
  330;20190804;   83;   20;   37;   60;   16;   20;    1
  330;20190805;  234;   63;   73;  100;   18;   30;    1
  330;20190806;  236;   72;   73;   80;    2;   50;   19
  330;20190807;  238;   86;   87;  100;   10;   70;    6
  330;20190808;  250;   41;   58;   80;    6;   10;   19
  330;20190809;  162;   57;   74;  110;   24;   40;   18
  330;20190810;  221;  136;  140;  170;   14;  100;    5
  330;20190811;  223;   98;   99;  120;    1;   90;    4
  330;20190812;  245;   33;   51;   90;    1;   10;   16
  330;20190813;  279;   63;   75;  100;   19;   30;   24
  330;20190814;  183;   69;   73;  100;   22;   50;    1
  330;20190815;  260;   83;   93;  120;   14;   50;   24
  330;20190816;  210;   49;   57;   80;   11;   30;    5
  330;20190817;  213;   81;   83;  100;    4;   70;   11
  330;20190818;  225;   71;   75;  110;   20;   40;   10
  330;20190819;  236;   91;   93;  110;   16;   70;   23
  330;20190820;  253;   60;   63;   80;   14;   30;   24
  330;20190821;  214;   17;   37;   50;    5;   20;   19
  330;20190822;  226;   36;   45;   60;   12;   30;    2
  330;20190823;   81;    5;   33;   50;   19;   10;   10
  330;20190824;   55;   21;   30;   50;    2;   10;   22
  330;20190825;   38;   18;   23;   50;   17;   10;    1
  330;20190826;   25;   24;   33;   60;   15;   10;    1
  330;20190827;   35;   18;   29;   50;   19;   10;   10
  330;20190828;  239;   48;   51;   80;   11;   30;    1
  330;20190829;  250;   49;   53;   70;    5;   30;   19
  330;20190830;  211;   45;   49;   70;   10;   30;   17
  330;20190831;  227;   28;   55;  100;   22;   20;   16
  330;20190901;  295;   55;   61;   90;    4;   30;   21
  330;20190902;  258;   63;   71;   90;   22;   50;   11
  330;20190903;  250;   68;   73;   90;    3;   50;   19
  330;20190904;  236;   73;   88;  140;   24;   60;    1
  330;20190905;  311;  102;  108;  150;    6;   40;   22
  330;20190906;  224;   70;   82;  110;   11;   50;    1
  330;20190907;  342;   80;   88;  130;   16;   50;    7
  330;20190908;  354;   53;   59;  110;    2;   20;   24
  330;20190909;  210;   23;   38;   60;    8;   10;   19
  330;20190910;  232;   22;   36;   50;   13;   20;    4
  330;20190911;  225;   76;   81;  110;   12;   40;   24
  330;20190912;  238;   57;   61;  120;   20;   10;    2
  330;20190913;  348;   47;   64;   90;    1;   40;   21
  330;20190914;   90;   20;   33;   40;    1;   20;   17
  330;20190915;  262;   37;   46;   70;    8;   10;   20
  330;20190916;    6;   32;   43;   70;   22;   20;    1
  330;20190917;  333;   80;   86;  110;   14;   60;    1
  330;20190918;    3;   60;   64;   90;   16;   30;   24
  330;20190919;   68;   14;   25;   40;   16;   10;    8
  330;20190920;  102;   41;   43;   60;   17;   30;    5
  330;20190921;  113;   66;   66;   90;   13;   40;    2
  330;20190922;  170;   44;   65;  100;   18;   40;    3
  330;20190923;  199;   57;   61;   80;   12;   40;   17
  330;20190924;  170;   86;   89;  120;   14;   60;   23
  330;20190925;  193;   81;   84;  100;   14;   60;    2
  330;20190926;  202;   83;   85;  100;    9;   70;    2
  330;20190927;  209;   94;   97;  120;   19;   80;    1
  330;20190928;  234;  100;  103;  130;   19;   70;   24
  330;20190929;  223;   86;  117;  170;   23;   80;    1
  330;20190930;  264;   75;   97;  180;    2;   50;   18
  330;20191001;  232;   35;   88;  150;   22;   40;   15
  330;20191002;  327;  104;  112;  130;   14;   70;    1
  330;20191003;  284;   42;   71;   90;    1;   40;   18
  330;20191004;  281;   19;   94;  130;   11;   60;   24
  330;20191005;   98;   43;   46;   60;    1;   40;    3
  330;20191006;   98;   83;   87;  100;   12;   70;    1
  330;20191007;  150;   51;   68;  100;   24;   50;    4
  330;20191008;  241;   82;   86;  130;   22;   60;    4
  330;20191009;  234;   88;   95;  120;   19;   70;   24
  330;20191010;  243;   89;   98;  110;    8;   80;    1
  330;20191011;  207;  113;  116;  130;   13;  100;   21
  330;20191012;  249;   16;   37;   70;    1;   10;   17
  330;20191013;  206;   61;   75;  100;   15;   30;    1
  330;20191014;  121;   30;   53;   80;   24;   10;    5
  330;20191015;  201;   59;   60;   90;    1;   50;    9
  330;20191016;  188;   73;   80;  110;   10;   40;   23
  330;20191017;  192;   49;   61;   80;   10;   10;    5
  330;20191018;  197;   97;  102;  140;   11;   70;    4
  330;20191019;  196;   75;   76;   90;    4;   60;   18
  330;20191020;   36;   21;   50;   80;   19;   10;   10
  330;20191021;  104;   24;   63;  110;    4;   40;   11
  330;20191022;  246;   13;   32;   70;   12;   10;   15
  330;20191023;   88;   34;   37;   60;   13;   10;    1
  330;20191024;  198;   68;   74;  120;   18;   40;    2
  330;20191025;  196;   94;   96;  130;   19;   60;    3
  330;20191026;  211;   90;  110;  130;    1;   90;   16
  330;20191027;  302;   81;   83;  110;    4;   60;   12
  330;20191028;    4;   41;   48;   70;    1;   20;    8
  330;20191029;   69;   45;   45;   60;   16;   30;    1
  330;20191030;   95;   51;   51;   70;   14;   30;    2
  330;20191031;  102;   59;   60;   70;   13;   50;   17
  330;20191101;  170;   70;   73;   90;   13;   50;    2
  330;20191102;  199;  110;  113;  150;   18;   80;    1
  330;20191103;  178;   48;   52;  110;    1;   10;   15
  330;20191104;  186;   63;   65;   80;    6;   40;   17
  330;20191105;  198;   30;   43;   70;   23;   30;   13
  330;20191106;   51;   18;   33;   50;    1;   10;   10
  330;20191107;  169;   61;   75;  110;   18;   40;   14
  330;20191108;  191;   62;   63;   70;    1;   50;   11
  330;20191109;  248;   75;   87;  140;    7;   50;   17
  330;20191110;  168;   30;   33;   60;   23;   10;   14
  330;20191111;  214;   77;  103;  130;   12;   60;    1
  330;20191112;  201;   90;   98;  120;   18;   70;    9
  330;20191113;  249;   49;   84;  120;    2;   50;   17
  330;20191114;  125;   63;   71;  120;    8;   30;   20
  330;20191115;   64;   60;   66;  110;    7;   30;   22
  330;20191116;  183;   47;   48;   70;   20;   30;    8
  330;20191117;  112;   18;   43;   70;    1;   10;   12
  330;20191118;  336;   62;   74;  150;   15;   10;    5
  330;20191119;  282;   47;   63;  110;    3;   30;   14
  330;20191120;  116;   44;   48;   80;   21;   30;    1
  330;20191121;  108;   64;   65;   80;   11;   50;   21
  330;20191122;  131;   72;   77;   90;   11;   60;    2
  330;20191123;   99;   72;   73;   90;    5;   60;   16
  330;20191124;  165;   34;   42;   50;    5;   30;   14
  330;20191125;  154;   64;   65;   80;   17;   50;    1
  330;20191126;  173;   80;   80;   90;   15;   60;    1
  330;20191127;  181;   79;   95;  120;   20;   70;    3
  330;20191128;  282;   70;   99;  120;    7;   80;   16
  330;20191129;  335;   75;   78;  100;    8;   40;   21
  330;20191130;  112;   16;   27;   40;   17;   10;   12
  330;20191201;   61;   45;   47;   70;   13;   20;   19
  330;20191202;  321;   73;   75;   90;    5;   30;    1
  330;20191203;  214;   47;   50;   70;   20;   20;    4
  330;20191204;  190;   28;   35;   60;    2;    0;   16
  330;20191205;  200;   70;   71;  130;   24;   20;    2
  330;20191206;  215;  109;  120;  140;   12;  100;   17
  330;20191207;  245;   78;   88;  110;    1;   70;   11
  330;20191208;  224;  109;  115;  140;    5;   90;   17
  330;20191209;  313;   80;  123;  180;   14;   50;    6
  330;20191210;  193;   89;  106;  160;   20;   20;    5
  330;20191211;  210;   58;   63;  120;    1;   30;    8
  330;20191212;  177;   81;  101;  160;   23;   60;    5
  330;20191213;  225;   39;   84;  140;    1;   10;   11
  330;20191214;  248;  100;  115;  160;    9;   60;    3
  330;20191215;  215;  101;  111;  140;    5;   80;   19
  330;20191216;  179;   57;   65;   90;    4;   30;   21
  330;20191217;  209;   38;   60;   80;   11;   30;    1
  330;20191218;  170;   64;   73;  110;   24;   50;    1
  330;20191219;  151;   99;  100;  110;    1;   90;    3
  330;20191220;  176;   90;  104;  130;   10;   90;    2
  330;20191221;  166;   89;   93;  110;   12;   70;    2
  330;20191222;  233;   50;   79;  140;   15;   40;   10
  330;20191223;  256;   77;   80;  100;   12;   60;    7
  330;20191224;  233;   77;   93;  130;   16;   70;    1
  330;20191225;  299;   61;   67;  110;    3;   20;   19
  330;20191226;  145;   58;   60;  100;   19;   20;    1
  330;20191227;   91;   43;   45;   70;    3;   20;   21
  330;20191228;  160;   37;   40;   50;    2;   30;    7
  330;20191229;  181;   61;   61;   80;   12;   50;    1
  330;20191230;  212;   69;   76;   90;   17;   50;   24
  330;20191231;   77;   25;   43;   70;   23;   20;   16
  330;20200101;  173;   51;   55;   60;    2;   50;    1
  330;20200102;  188;   76;   77;  100;   20;   50;    4
  330;20200103;  261;   61;  101;  120;   12;   80;   19
  330;20200104;  285;   89;   91;  120;    8;   40;   24
  330;20200105;  228;   51;   52;   70;   13;   30;    2
  330;20200106;  199;   71;   74;   90;   13;   50;    1
  330;20200107;  205;   76;   85;  120;   17;   40;    8
  330;20200108;  221;   68;   70;  110;    1;   30;   20
  330;20200109;  193;   89;   90;  120;   11;   50;    1
  330;20200110;  301;   48;   68;  110;   10;   30;   19
  330;20200111;  200;   94;   95;  120;   21;   60;    1
  330;20200112;  217;   93;   99;  120;    4;   40;   23
  330;20200113;  185;   95;   98;  150;   23;   50;    1
  330;20200114;  196;  126;  127;  160;   21;   90;    8
  330;20200115;  205;  104;  113;  150;    3;   50;   16
  330;20200116;  170;   82;   85;  120;   19;   60;    1
  330;20200117;  216;   80;   95;  150;   18;   70;    7
  330;20200118;  291;   72;   86;  100;    7;   70;    1
  330;20200119;  360;   79;   81;  120;    3;   30;   24
  330;20200120;  220;   24;   28;   40;   12;   10;    1
  330;20200121;  194;   46;   47;   60;    8;   30;   11
  330;20200122;  213;   25;   28;   40;    1;   10;   18
  330;20200123;  131;   18;   23;   40;   21;   10;    3
  330;20200124;  187;   48;   49;   70;   23;   10;    1
  330;20200125;  169;   58;   60;   70;    1;   40;   16
  330;20200126;  176;   72;   75;  110;   23;   60;    3
  330;20200127;  198;   75;   79;  110;    1;   60;   16
  330;20200128;  255;  109;  118;  160;    9;   80;    1
  330;20200129;  261;  110;  115;  140;    8;   80;   19
  330;20200130;  212;   94;   99;  130;   21;   80;    6
  330;20200131;  218;  107;  108;  120;    2;   70;    7
  330;20200201;  232;  102;  105;  120;    2;   80;   18
  330;20200202;  230;   84;   93;  120;   13;   50;    8
  330;20200203;  251;   84;   93;  130;   24;   40;   20
  330;20200204;  305;  112;  124;  150;    6;   60;   23
  330;20200205;  307;   20;   35;   60;    2;   10;   12
  330;20200206;  259;   23;   31;   50;    1;   10;   20
  330;20200207;  139;   67;   69;   90;   15;   30;    1
  330;20200208;  192;   68;   71;  100;   24;   50;   14
  330;20200209;  204;  155;  163;  200;   15;  100;    1
  330;20200210;  254;  148;  155;  200;   24;  130;    3
  330;20200211;  267;  177;  178;  200;    2;  160;   14
  330;20200212;  260;  113;  118;  170;    1;   50;   22
  330;20200213;  201;   64;   88;  130;    8;   40;   19
  330;20200214;  241;   42;   76;  120;    2;   20;    9
  330;20200215;  191;  123;  124;  170;   22;   80;    1
  330;20200216;  210;  133;  143;  160;    1;  110;   18
  330;20200217;  228;  116;  119;  140;    1;  100;    6
  330;20200218;  239;  110;  115;  130;    3;  100;    8
  330;20200219;  261;   89;  107;  140;    3;   70;   18
  330;20200220;  233;   95;  123;  160;   21;  100;    1
  330;20200221;  239;  105;  115;  140;    1;   80;   10
  330;20200222;  224;  125;  126;  150;    6;   90;   22
  330;20200223;  262;  107;  130;  180;    9;   70;    6
  330;20200224;  221;   92;  108;  160;   15;   30;    4
  330;20200225;  251;   92;   95;  130;    8;   40;   24
  330;20200226;  296;  107;  109;  140;    3;   70;   19
  330;20200227;  291;   35;   87;  150;   19;   10;   14
  330;20200228;  201;   75;   98;  150;   16;   40;    8
  330;20200229;  206;  117;  129;  160;   13;  110;    1
  330;20200301;  210;  106;  107;  150;    1;   60;   19
  330;20200302;  221;   33;   68;   90;    1;   30;   24
  330;20200303;  229;   55;   63;   90;   17;   40;   23
  330;20200304;  250;   34;   49;   80;    2;   10;   18
  330;20200305;   71;   71;   78;  110;   24;   50;    1
  330;20200306;  354;   89;   93;  120;    3;   70;   20
  330;20200307;  225;   62;   78;  120;   24;   40;    7
  330;20200308;  201;  102;  105;  130;    7;   70;   18
  330;20200309;  237;   76;   84;  120;   23;   60;    3
  330;20200310;  226;  125;  128;  150;   21;  100;   24
  330;20200311;  230;   92;   95;  130;   23;   70;    7
  330;20200312;  245;  125;  130;  170;    5;  110;   10
  330;20200313;  268;   72;   82;  140;    4;   10;   23
  330;20200314;  174;   73;   76;  110;   15;   30;    1
  330;20200315;  195;   82;   85;  110;   11;   40;   22
  330;20200316;  284;   26;   30;   50;   21;   10;    7
  330;20200317;  217;   73;   73;  100;   14;   40;    1
  330;20200318;  226;   75;   77;   90;    4;   40;   24
  330;20200319;   39;   47;   56;   90;   16;   20;    3
  330;20200320;   40;   95;   97;  120;    7;   70;    1
  330;20200321;   77;   91;   92;  110;   15;   70;   20
  330;20200322;   92;   80;   81;  100;   11;   60;    5
  330;20200323;  120;   95;   96;  120;    8;   70;   19
  330;20200324;  130;   67;   69;   80;    1;   50;    5
  330;20200325;   93;   48;   54;   70;    1;   40;   10
  330;20200326;   71;   63;   65;   80;   11;   50;    5
  330;20200327;   30;   81;   84;  110;   16;   50;    1
  330;20200328;   21;  123;  126;  150;   14;   90;    1
  330;20200329;   25;  144;  148;  180;   10;   60;   24
  330;20200330;    7;   53;   62;  100;   21;   10;    4
  330;20200331;   38;   65;   71;  100;   14;   40;   24
  330;20200401;  310;   17;   29;   50;   16;   10;    8
  330;20200402;  247;   66;   68;   90;   13;   30;    2
  330;20200403;  285;   58;   66;   90;    7;   30;   22
  330;20200404;  147;   31;   45;   60;   10;   30;   15
  330;20200405;  132;   70;   73;  100;   13;   40;    4
  330;20200406;  205;   58;   69;   90;    1;   20;   23
  330;20200407;  111;   32;   36;   60;   16;   10;    3
  330;20200408;   41;   23;   31;   50;   16;   10;    8
  330;20200409;   36;   39;   42;   70;   12;   10;    6
  330;20200410;   61;   40;   48;   70;   12;   30;    4
  330;20200411;   79;   21;   37;   60;    2;   10;   22
  330;20200412;  274;    5;   40;  110;   24;   20;    1
  330;20200413;   18;  126;  128;  160;    3;   90;   24
  330;20200414;    6;   55;   57;   80;    1;   20;   23
  330;20200415;   45;   17;   37;   70;   17;   10;   10
  330;20200416;   46;   42;   48;   80;   23;   20;    5
  330;20200417;   44;   76;   80;   90;    1;   60;   22
  330;20200418;   12;   39;   49;   70;   14;   20;   17
  330;20200419;   50;   69;   73;   90;   11;   60;    3
  330;20200420;   78;   97;   98;  120;   15;   70;    4
  330;20200421;   79;   94;   95;  110;   10;   70;   23
  330;20200422;   85;   75;   75;  100;   13;   50;   20
  330;20200423;   37;   18;   40;   60;    1;   30;    4
  330;20200424;    6;   63;   65;  100;   20;   40;    1
  330;20200425;   18;   61;   63;   80;    1;   40;    8
  330;20200426;   11;   17;   26;   40;    1;   10;   20
  330;20200427;  346;   17;   43;   80;   21;   20;    1
  330;20200428;   43;   67;   68;  110;   13;   30;   24
  330;20200429;  222;   38;   50;   90;   20;   20;    1
  330;20200430;  205;   85;   91;  100;    8;   70;   20
  330;20200501;  239;   81;   88;  100;    8;   60;   22
  330;20200502;  271;   72;   75;  110;    7;   40;   18
  330;20200503;  306;   13;   39;   60;   18;   10;    8
  330;20200504;   33;   79;   83;  130;   18;   40;    4
  330;20200505;   38;   75;   81;  140;   18;   40;    3
  330;20200506;   43;   49;   63;   90;   15;   20;   24
  330;20200507;   57;   20;   31;   50;   12;   10;    8
  330;20200508;    5;   17;   27;   50;   22;   10;    1
  330;20200509;   30;   45;   48;   80;   12;   10;    7
  330;20200510;   22;  103;  105;  180;   18;   20;    1
  330;20200511;   17;  149;  150;  170;    1;  100;   24
  330;20200512;  299;   40;   49;   80;    1;   20;    6
  330;20200513;    9;   80;   97;  140;   17;   40;    1
  330;20200514;   31;   73;   79;  110;   15;   50;    2
  330;20200515;  343;   19;   38;   50;    1;   20;   18
  330;20200516;  264;   51;   56;   80;   10;   30;    1
  330;20200517;  248;   44;   47;   70;   23;   30;   16
  330;20200518;  237;   57;   59;   80;   12;   50;    5
  330;20200519;  293;   26;   30;   50;    1;   10;   21
  330;20200520;   43;   16;   31;   60;   19;   10;    1
  330;20200521;   87;   17;   31;   40;    1;   10;   21
  330;20200522;  218;   90;   95;  140;   15;   20;    2
  330;20200523;  239;  101;  102;  120;   14;   80;    5
  330;20200524;  262;   84;   85;  110;    6;   50;   21
  330;20200525;  329;   33;   38;   60;    3;   10;   21
  330;20200526;  343;   16;   39;   60;   23;   20;    1
  330;20200527;   12;   67;   70;   80;   12;   50;    1
  330;20200528;   32;   78;   84;  120;   16;   50;    5
  330;20200529;   32;   61;   70;  100;   13;   40;    1
  330;20200530;   54;   57;   70;  100;   15;   50;    5
  330;20200531;   65;   68;   70;  100;   11;   30;    4
  330;20200601;   33;   49;   57;  100;   13;   30;    9
  330;20200602;  320;   28;   32;   50;   11;   10;    3
  330;20200603;  339;   56;   64;  110;   23;   40;    1
  330;20200604;  331;   91;   99;  130;   16;   80;   22
  330;20200605;  264;   65;   82;  130;   13;   40;    2
  330;20200606;  240;  110;  116;  140;   12;   90;    7
  330;20200607;  275;   85;   87;  110;    1;   60;   14
  330;20200608;  356;   75;   80;  110;   18;   30;    9
  330;20200609;   15;   55;   59;   90;    1;   30;   24
  330;20200610;   13;   36;   41;   60;   24;   20;    1
  330;20200611;   51;   46;   52;   80;    9;   30;   20
  330;20200612;  103;   41;   51;   70;    9;   20;   19
  330;20200613;   59;   28;   45;   70;   16;   10;   24
  330;20200614;  281;   28;   36;   70;   11;   10;    3
  330;20200615;  305;   16;   33;   50;   15;   10;   23
  330;20200616;   47;   31;   36;   70;   13;   10;    7
  330;20200617;   20;   50;   58;   90;   14;   10;    2
  330;20200618;  232;   15;   45;   80;    7;   10;   20
  330;20200619;  233;   45;   53;   90;   19;   20;    2
  330;20200620;  262;   29;   43;   70;    1;   10;   20
  330;20200621;  209;   56;   72;   90;   13;   50;    1
  330;20200622;  292;   33;   39;   60;    3;   10;   20
  330;20200623;   26;   15;   42;   60;   19;   20;    8
  330;20200624;   83;   41;   48;   80;   19;   20;    2
  330;20200625;  109;   55;   57;   70;    7;   50;    1
  330;20200626;  133;   28;   43;   60;    2;   10;   21
  330;20200627;  215;   72;   75;  120;   15;   20;    1
  330;20200628;  231;  115;  116;  130;   11;   90;    1
  330;20200629;  233;  116;  117;  140;   17;   80;    7
  330;20200630;  238;   93;   95;  110;    1;   70;   22
  330;20200701;  234;   83;   84;  100;   11;   70;    1
  330;20200702;  251;   76;   79;  100;   17;   70;    2
  330;20200703;  237;   95;  100;  150;   18;   40;    4
  330;20200704;  222;  115;  116;  130;   15;  100;    3
  330;20200705;  234;  132;  135;  150;    3;  110;   21
  330;20200706;  285;   98;  101;  150;    1;   30;   23
  330;20200707;  260;   47;   55;   80;    8;   20;   21
  330;20200708;  244;   29;   37;   60;    2;   10;   12
  330;20200709;  233;   81;   82;  100;   11;   40;    1
  330;20200710;  336;   52;   63;  110;    8;   20;   24
  330;20200711;  314;   36;   41;   60;   12;   10;    8
  330;20200712;   11;   37;   41;   60;   14;   10;   24
  330;20200713;  229;   20;   37;   50;   11;   10;    9
  330;20200714;  326;   37;   43;   80;   19;   10;    2
  330;20200715;  281;   39;   42;   60;   20;   30;    1
  330;20200716;  314;   64;   66;   90;   15;   40;   23
  330;20200717;  258;   14;   30;   50;    3;   10;   20
  330;20200718;  235;   30;   38;   60;   15;   20;   22
  330;20200719;  318;   27;   58;  100;   19;   20;    1
  330;20200720;  343;   57;   59;   70;    2;   50;   12
  330;20200721;  325;   53;   55;   70;   13;   40;    8
  330;20200722;    3;   28;   37;   50;    1;   20;   20
  330;20200723;  220;   59;   65;   80;   23;   50;    1
  330;20200724;  260;   50;   56;   80;    1;   30;   20
  330;20200725;  215;   71;   75;   90;   11;   60;    3
  330;20200726;  240;   80;   84;  100;   19;   70;   16
  330;20200727;  203;   68;   80;  120;   21;   60;    1
  330;20200728;  269;   86;   91;  100;    1;   80;    4
  330;20200729;  277;   56;   63;  110;    1;   10;   20
  330;20200730;   91;   17;   40;   60;   18;   20;   12
  330;20200731;  122;   53;   61;   80;    9;   40;    2
  330;20200801;  240;   59;   62;   80;    4;   40;   22
  330;20200802;  282;   35;   45;   70;    7;   20;   21
  330;20200803;   25;   21;   54;   80;   21;   40;    1
  330;20200804;  274;   17;   43;   80;   24;   10;   10
  330;20200805;  213;   50;   57;   80;    1;   20;   20
  330;20200806;  347;    6;   39;   60;   19;   10;   23
  330;20200807;   85;   15;   30;   50;    1;   10;   10
  330;20200808;   36;   27;   33;   70;   13;    0;    4
  330;20200809;   32;   52;   55;   80;   12;   20;    2
  330;20200810;   78;   36;   40;   50;    3;   20;   24
  330;20200811;   74;   13;   34;   60;   20;   20;    4
  330;20200812;   35;   37;   44;   80;   14;   10;    3
  330;20200813;  306;    3;   28;   50;   22;   10;    1
  330;20200814;  264;   18;   33;   50;   13;   20;    7
  330;20200815;    2;   17;   34;   60;   17;   10;    7
  330;20200816;   89;   11;   40;   90;   16;   20;    1
  330;20200817;  220;   19;   33;   60;   12;   10;   19
  330;20200818;  238;   54;   58;   80;   11;   30;   21
  330;20200819;  170;   66;   68;  100;   21;   30;    6
  330;20200820;  167;   45;   54;   80;    1;   10;   21
  330;20200821;  229;   85;   93;  110;   11;   30;    1
  330;20200822;  233;  111;  113;  140;   17;  100;    1
  330;20200823;  255;   89;   91;  110;    7;   60;   24
  330;20200824;  256;   66;   74;  100;    6;   40;   20
  330;20200825;  202;  103;  115;  170;   20;   60;    3
  330;20200826;  272;  135;  146;  200;    3;   30;   24
  330;20200827;  161;   46;   53;  110;   23;   20;    1
  330;20200828;  228;   74;   78;  120;    3;   40;   20
  330;20200829;  270;   46;   53;   70;    2;   20;   22
  330;20200830;    1;  112;  114;  160;    9;   20;    1
  330;20200831;   15;   54;   57;   80;    1;   30;   23
  330;20200901;   30;   18;   25;   40;   14;    0;    7
  330;20200902;  275;   11;   26;   50;   16;   10;    4
  330;20200903;  217;   89;   96;  120;   14;   60;    1
  330;20200904;  256;   66;   68;   80;   13;   60;    7
  330;20200905;  287;   73;   76;   90;    2;   50;    1
  330;20200906;  275;   52;   55;   70;    1;   20;   21
  330;20200907;  219;   60;   63;   90;   20;   30;    2
  330;20200908;  229;   57;   61;   80;    1;   50;    7
  330;20200909;  276;   38;   70;   80;    7;   60;    3
  330;20200910;  324;   17;   28;   50;    1;   10;   11
  330;20200911;  246;   29;   34;   70;   24;   20;    1
  330;20200912;  249;   66;   68;   90;   10;   40;   20
  330;20200913;  212;   48;   49;   80;   12;   20;   19
  330;20200914;  111;   26;   31;   60;   18;   20;    1
  330;20200915;   42;    4;   30;   50;    9;   10;   20
  330;20200916;   19;   88;   93;  130;   17;   40;    1
  330;20200917;   60;   74;   75;  100;    1;   50;    4
  330;20200918;   77;   71;   72;   90;   14;   60;    5
  330;20200919;   68;   57;   59;   80;    1;   40;    7
  330;20200920;   43;   52;   55;   80;   15;   40;    2
  330;20200921;   15;   30;   34;   60;   13;   20;    2
  330;20200922;  231;   17;   28;   60;   23;   10;    6
  330;20200923;  198;   71;   73;  120;   24;   50;    1
  330;20200924;  203;   91;  104;  140;    1;   60;   18
  330;20200925;  259;   79;  131;  220;   19;  100;    1
  330;20200926;  353;  102;  102;  170;   24;   30;    9
  330;20200927;   11;   84;   91;  200;    2;   10;   19
  330;20200928;  331;   82;   86;  110;    6;   20;    1
  330;20200929;  258;   30;   45;   80;    1;   30;   10
  330;20200930;  171;   63;   65;   90;   24;   50;    1
  330;20201001;  167;   63;   76;  100;    9;   50;   16
  330;20201002;   84;   77;   80;  110;   20;   50;    2
  330;20201003;  141;   51;   67;   90;    1;   50;    6
  330;20201004;  177;  102;  107;  150;   11;   60;    4
  330;20201005;  190;   95;  103;  140;    1;   70;   16
  330;20201006;  242;   85;   99;  110;    1;   80;   19
  330;20201007;  275;   94;  101;  130;    2;   60;   23
  330;20201008;  241;   63;  102;  140;   11;   50;   24
  330;20201009;  264;   55;   66;  120;   19;   20;    3
  330;20201010;  291;   85;   97;  130;   16;   60;   23
  330;20201011;  325;   71;   83;  110;   13;   30;    8
  330;20201012;  269;   29;   63;   90;    1;   40;    7
  330;20201013;  131;   52;   66;   90;    5;   50;   19
  330;20201014;   50;   80;   82;  110;   14;   50;    5
  330;20201015;   47;   75;   76;   90;    2;   50;   22
  330;20201016;   54;   32;   36;   50;    1;   10;   23
  330;20201017;  218;   20;   24;   30;    9;   10;    1
  330;20201018;  314;   36;   43;   60;   18;   20;    2
  330;20201019;  166;   50;   60;   90;   24;   20;    3
  330;20201020;  171;   79;   83;  100;   12;   50;   23
  330;20201021;  190;   97;  109;  150;   15;   70;    1
  330;20201022;  213;   79;   81;   90;    1;   50;   24
  330;20201023;  208;   59;   62;   90;   20;   30;    4
  330;20201024;  191;   99;  103;  150;   23;   60;    2
  330;20201025;  197;   83;   85;  140;    1;   50;   15
  330;20201026;  201;   91;   92;  110;   10;   70;    2
  330;20201027;  195;   94;  100;  140;   17;   60;    1
  330;20201028;  213;   88;   96;  130;   24;   70;    3
  330;20201029;  242;   87;   99;  130;    1;   60;   14
  330;20201030;  221;  101;  102;  120;   11;   80;   22
  330;20201031;  192;   76;   86;  120;   15;   60;    4
  330;20201101;  196;   98;  102;  130;   15;   60;    1
  330;20201102;  221;  110;  119;  140;   11;   90;   18
  330;20201103;  238;   84;  101;  150;   15;   60;    6
  330;20201104;  290;   51;   52;  100;    2;   30;   19
  330;20201105;  233;   24;   30;   40;    8;   10;   20
  330;20201106;  103;   42;   43;   60;   12;   20;    1
  330;20201107;  127;   34;   36;   50;    4;   20;   14
  330;20201108;  129;   35;   37;   50;    5;   20;   18
  330;20201109;  137;   33;   35;   50;   11;   20;   20
  330;20201110;  182;   27;   31;   50;   24;   20;    1
  330;20201111;  164;   62;   64;  100;   24;   30;    2
  330;20201112;  213;   69;   80;  110;    2;   50;   19
  330;20201113;  191;   62;   66;   90;    8;   30;   22
  330;20201114;  179;   85;   86;  120;   18;   40;    1
  330;20201115;  188;  111;  119;  150;    9;   90;   17
  330;20201116;  239;   88;   93;  110;    1;   60;   20
  330;20201117;  214;   92;   93;  110;    2;   70;   22
  330;20201118;  198;   86;   97;  130;   24;   70;    1
  330;20201119;  296;   95;  115;  150;    7;   80;   20
  330;20201120;  238;   44;   69;  100;   22;   30;   13
  330;20201121;  217;   84;   87;  110;    1;   60;   23
  330;20201122;  276;   66;   70;   80;    1;   60;    7
  330;20201123;  242;   40;   57;   80;    1;   40;    9
  330;20201124;  180;   75;   76;   90;   19;   60;    6
  330;20201125;  183;   71;   73;   90;    1;   60;   16
  330;20201126;   39;   18;   29;   50;    1;   10;    5
  330;20201127;   80;   31;   32;   50;   23;   20;    1
  330;20201128;   93;   46;   46;   60;    3;   30;    7
  330;20201129;  106;   32;   39;   60;    1;   20;   14
  330;20201130;  237;   53;   84;  150;   24;   40;    1
  330;20201201;  358;  126;  132;  170;    5;   50;   24
  330;20201202;  173;   24;   40;   70;   24;   10;    7
  330;20201203;  171;   83;   90;  120;   17;   50;    7
  330;20201204;  164;  114;  120;  170;    8;   70;   22
  330;20201205;  150;   54;   60;   80;   11;   40;   22
  330;20201206;   69;   28;   37;   60;    1;   10;   22
  330;20201207;  202;   42;   53;   80;   17;   20;    9
  330;20201208;  136;   29;   35;   50;   22;   20;    8
  330;20201209;  168;   73;   75;   90;   13;   40;    1
  330;20201210;  146;   69;   70;   90;   24;   60;    3
  330;20201211;  139;   86;   87;  110;    5;   50;   24
  330;20201212;  237;   24;   41;   70;   14;   30;    4
  330;20201213;  184;   66;   80;  120;   18;   20;    4
  330;20201214;  181;   93;   93;  110;    1;   70;   17
  330;20201215;  193;   53;   55;   80;    3;   40;    9
  330;20201216;  160;   74;   75;   90;    8;   50;    1
  330;20201217;  204;   74;   74;   90;    9;   50;    2
  330;20201218;  178;  101;  102;  120;   12;   80;    1
  330;20201219;  177;   97;   99;  120;    9;   80;   20
  330;20201220;  196;   78;   79;   90;    2;   60;   15
  330;20201221;  185;   87;   95;  130;   15;   60;    4
  330;20201222;  231;   50;   63;  130;    1;   10;   16
  330;20201223;  205;   55;   59;   90;   18;   30;    1
  330;20201224;   10;   91;  115;  170;    5;   80;    1
  330;20201225;  353;   69;   76;  110;    8;   50;    1
  330;20201226;  213;   95;  104;  160;   23;   60;    4
  330;20201227;  195;  120;  122;  210;    6;   40;   24
  330;20201228;  145;   43;   49;   80;    7;   20;   22
  330;20201229;  236;   30;   43;   70;   13;   10;    6
  330;20201230;  258;   52;   62;   90;   10;   30;    3
  330;20201231;  161;    7;   29;   50;    3;   10;   11
  330;20210101;  255;   43;   48;   70;    9;   20;    1
  330;20210102;  196;    5;   21;   40;    9;   10;    2
  330;20210103;   56;   67;   70;  110;   21;   30;    1
  330;20210104;   49;   97;   98;  120;   13;   90;    1
  330;20210105;   56;   76;   77;   90;    1;   60;   17
  330;20210106;   30;   43;   50;   80;    4;   20;   21
  330;20210107;  338;   88;   90;  110;   17;   40;    1
  330;20210108;    2;   36;   43;  100;    1;    0;   21
  330;20210109;  339;   42;   46;   70;   16;   10;    7
  330;20210110;  256;   49;   53;   60;    2;   40;    1
  330;20210111;  242;   89;   90;  110;   15;   60;    1
  330;20210112;  310;   83;   99;  130;    5;   70;   21
  330;20210113;  301;   82;   90;  110;    3;   70;   23
  330;20210114;   82;   53;   58;   80;   12;   20;    4
  330;20210115;   80;    9;   40;   80;    1;   10;   12
  330;20210116;  186;   77;   79;  110;   13;   50;    1
  330;20210117;  307;   75;   80;  100;   11;   50;    1
  330;20210118;  240;   69;   74;  100;   24;   50;    2
  330;20210119;  213;  123;  129;  150;    7;  100;    1
  330;20210120;  185;  125;  126;  140;   20;  120;    3
  330;20210121;  210;  103;  111;  180;    3;   10;   21
  330;20210122;  235;   61;   68;   90;    4;   50;   18
  330;20210123;  250;   37;   55;   90;    6;   30;   14
  330;20210124;  261;   11;   66;  100;    2;   40;   11
  330;20210125;  290;   49;   75;  150;   24;   10;    9
  330;20210126;  261;   64;   86;  140;    1;   50;   11
  330;20210127;  227;   53;   68;  110;    2;   10;   24
  330;20210128;  135;   29;   44;   70;    9;   10;    1
  330;20210129;  264;   71;   95;  130;    8;   50;    1
  330;20210130;   76;   88;   89;  100;    8;   60;    2
  330;20210131;   88;   63;   64;   80;   14;   50;    7
  330;20210201;   40;   28;   44;   60;    1;   10;   23
  330;20210202;  178;   43;   65;  100;   19;   20;    2
  330;20210203;  228;   60;   69;  100;    1;   40;    9
  330;20210204;  183;   33;   55;   90;    1;   30;   13
  330;20210205;  152;   31;   38;   60;    1;   10;   21
  330;20210206;   75;   77;   80;  140;   24;   20;    1
  330;20210207;   58;  124;  125;  150;    5;  100;   18
  330;20210208;   66;   94;   95;  120;    2;   50;   18
  330;20210209;   62;   62;   63;   90;    6;   40;   13
  330;20210210;   58;   54;   55;   80;    1;   40;   12
  330;20210211;   93;   38;   39;   50;   11;   30;    1
  330;20210212;   83;   72;   73;  100;   14;   40;    7
  330;20210213;  108;   76;   78;  120;   23;   60;    6
  330;20210214;  146;   90;   91;  110;   12;   70;    6
  330;20210215;  190;   94;   98;  120;    1;   60;   20
  330;20210216;  196;   81;   85;  110;   23;   60;    2
  330;20210217;  201;   82;   84;  100;    1;   60;   17
  330;20210218;  180;   81;   93;  120;   13;   70;   18
  330;20210219;  183;   84;   86;  110;   15;   60;    7
  330;20210220;  162;   92;   93;  110;   13;   80;    1
  330;20210221;  170;   57;   60;   90;    3;   20;   19
  330;20210222;  183;   59;   61;   80;    3;   40;    1
  330;20210223;  192;   70;   71;  100;   23;   40;    2
  330;20210224;  189;   79;   80;  100;    4;   60;   19
  330;20210225;  227;   30;   46;   70;    4;   10;   21
  330;20210226;  306;   34;   36;   60;   14;   20;    1
  330;20210227;  360;   15;   25;   40;   19;   10;    1
  330;20210228;   43;   39;   42;   70;   16;   20;    1
  330;20210301;   88;   47;   48;   60;    5;   30;   21
  330;20210302;   80;   13;   25;   40;    1;   10;   19
  330;20210303;  337;   26;   28;   40;   16;   20;    1
  330;20210304;    9;   60;   62;   90;   17;   30;    1
  330;20210305;   30;   68;   72;  100;    1;   40;   21
  330;20210306;   38;   35;   40;   70;   20;   20;    5
  330;20210307;    4;   20;   29;   50;   12;   10;    8
  330;20210308;  247;   46;   50;   80;   24;   30;    1
  330;20210309;  290;   36;   47;   80;    1;   20;   21
  330;20210310;  191;  102;  103;  160;   21;   50;    5
  330;20210311;  226;  133;  139;  190;   10;  110;   20
  330;20210312;  224;  102;  105;  130;   12;   90;    4
  330;20210313;  242;  117;  129;  160;   13;  100;    1
  330;20210314;  272;   81;   83;  100;    1;   50;   18
  330;20210315;  321;   94;   95;  120;   16;   80;    1
  330;20210316;  316;   32;   48;  100;   22;   10;   20
  330;20210317;  356;   78;   80;  100;    8;   50;    3
  330;20210318;  359;   57;   63;  110;   23;   20;    7
  330;20210319;   22;   81;   85;  100;    1;   60;    8
  330;20210320;  299;   20;   42;   60;    1;   10;    9
  330;20210321;  348;   80;   86;  110;   10;   50;    1
  330;20210322;  321;   24;   40;   70;    1;   10;   13
  330;20210323;  216;   39;   41;   60;   11;   30;    2
  330;20210324;  227;   37;   42;   60;   11;   20;   22
  330;20210325;  220;   56;   59;   80;   16;   30;    1
  330;20210326;  199;   80;   87;  110;   12;   70;    1
  330;20210327;  249;   94;   99;  130;    8;   70;    1
  330;20210328;  217;  103;  105;  140;   15;   70;    2
  330;20210329;  219;   87;   87;  100;    2;   70;   21
  330;20210330;  147;   20;   33;   50;    1;   20;    6
  330;20210331;  187;    8;   23;   40;    5;   10;   11
  330;20210401;   14;   82;   87;  130;   12;   10;    3
  330;20210402;   10;   92;   95;  110;   17;   80;    2
  330;20210403;    8;   95;   96;  120;    4;   70;   24
  330;20210404;  257;   32;   59;  110;   22;   20;   11
  330;20210405;  321;  136;  144;  170;    8;   90;    2
  330;20210406;  321;  126;  128;  150;    1;  100;   10
  330;20210407;  306;  129;  132;  180;    6;   80;   24
  330;20210408;  238;   65;   73;   90;    1;   50;    6
  330;20210409;  247;   35;   65;   90;    2;   20;   18
  330;20210410;   44;   93;   96;  150;   22;   60;    2
  330;20210411;  355;   88;   93;  150;    1;   50;   21
  330;20210412;  313;   51;   58;   80;    2;   20;    6
  330;20210413;  300;   36;   38;   60;    1;   10;   21
  330;20210414;   18;   44;   55;  100;   20;   10;    1
  330;20210415;   20;   65;   68;  100;   18;   30;    8
  330;20210416;   18;   77;   80;  110;   17;   50;    3
  330;20210417;   14;   78;   79;  100;   13;   50;    3
  330;20210418;  341;   33;   35;   50;    1;   10;    7
  330;20210419;    7;   40;   43;   60;    3;   10;   23
  330;20210420;    5;   20;   28;   50;   18;   10;    3
  330;20210421;   13;   89;   91;  130;   16;   30;    1
  330;20210422;   20;   61;   64;   80;   17;   30;   24
  330;20210423;   27;   39;   43;   80;   18;   20;    1
  330;20210424;   32;   60;   65;  100;   13;   10;    4
  330;20210425;   28;   83;   87;  120;   19;   50;    1
  330;20210426;   28;   75;   80;  110;   16;   50;   23
  330;20210427;   54;   40;   52;   80;   17;   20;    8
  330;20210428;   24;   70;   74;  110;   21;   40;    6
  330;20210429;  329;   99;  108;  150;   11;   60;   24
  330;20210430;  325;   48;   50;   60;    1;   30;   20
  330;20210501;  314;   52;   58;   80;   24;   40;    9
  330;20210502;  307;   49;   60;   70;    1;   40;   17
  330;20210503;  216;   75;   76;  120;   24;   50;   19
  330;20210504;  251;  127;  140;  170;   12;  110;   22
  330;20210505;  284;   86;   91;  140;    9;   20;   23
  330;20210506;  281;   36;   45;   80;   18;   30;   14
  330;20210507;  276;   37;   53;   80;    3;   20;   21
  330;20210508;  169;   70;   75;  120;   12;   40;    1
  330;20210509;  179;   49;   61;  100;   12;   20;   18
  330;20210510;  210;   47;   57;   90;    5;   20;   20
  330;20210511;  337;   14;   33;   50;    8;   10;    4
  330;20210512;  240;   17;   42;   70;    7;   20;   23
  330;20210513;   52;   18;   40;   80;   13;   10;   19
  330;20210514;    1;   43;   46;   70;   12;   10;    1
  330;20210515;  199;   16;   29;   60;   23;   10;    4
  330;20210516;  228;   54;   59;   80;    8;   40;   17
  330;20210517;  255;   34;   58;   90;   12;   20;   21
  330;20210518;  266;   47;   50;   70;   12;   30;   21
  330;20210519;  265;   40;   51;   70;    8;   40;    1
  330;20210520;  195;   64;   72;  120;   21;   20;    5
  330;20210521;  219;  144;  145;  170;   12;  110;    1
  330;20210522;  261;   71;   83;  150;    1;    0;   23
  330;20210523;  218;   54;   62;  100;   11;   30;    1
  330;20210524;  191;   67;   70;  120;    5;   20;   16
  330;20210525;  259;   74;   82;  110;   12;   50;    4
  330;20210526;  275;   83;   88;  120;   16;   60;    3
  330;20210527;  320;   81;   88;  120;    6;   50;   24
  330;20210528;   28;   32;   41;   60;   14;   10;    8
  330;20210529;   29;   61;   65;  100;   18;   20;    1
  330;20210530;   34;   58;   60;   90;   15;   30;    6
  330;20210531;   35;   46;   50;   90;   15;   10;    8
  330;20210601;   89;   42;   46;   70;   15;   20;    6
  330;20210602;   75;   26;   40;   70;    4;   20;    7
  330;20210603;  227;   44;   47;   60;    2;   20;   21
  330;20210604;    7;   35;   46;   90;   24;   20;    1
  330;20210605;  331;   62;   65;   80;    1;   50;   20
  330;20210606;  354;   48;   55;   70;   16;   40;    7
  330;20210607;   21;   47;   49;   90;   16;   20;    3
  330;20210608;  354;   18;   25;   50;   11;   10;    1
  330;20210609;  256;   32;   35;   60;   14;   10;    6
  330;20210610;  247;   30;   35;   50;   11;   20;   21
  330;20210611;  220;   51;   53;   70;   14;   40;    1
  330;20210612;  312;   46;   53;   70;    2;   30;   21
  330;20210613;  348;   20;   27;   40;    1;   10;    6
  330;20210614;  328;   12;   48;   70;   19;   30;    1
  330;20210615;   26;   60;   62;   80;   11;   30;   23
  330;20210616;   96;   31;   44;   60;    7;   20;   21
  330;20210617;  200;    1;   49;  100;    7;   10;   10
  330;20210618;  104;   15;   47;   80;   15;   10;   19
  330;20210619;  306;   30;   60;   90;   24;   30;   12
  330;20210620;   13;   45;   61;  120;    2;   10;    8
  330;20210621;   34;  100;  101;  130;    6;   70;   24
  330;20210622;   21;   97;  100;  130;   15;   60;    1
  330;20210623;   23;   63;   66;   80;   13;   40;   24
  330;20210624;  358;   19;   36;   50;    2;   20;   14
  330;20210625;  212;   54;   57;   80;   11;   30;   21
  330;20210626;   18;   26;   38;   60;   15;   10;    6
  330;20210627;   64;   46;   60;  100;   17;   20;   19
  330;20210628;   13;   17;   30;   50;    1;   20;    5
  330;20210629;  359;   67;   68;  100;   15;   20;    6
  330;20210630;  338;   79;   83;   90;    3;   70;    8
  330;20210701;  285;   74;   76;   90;    4;   50;   24
  330;20210702;  303;   24;   40;   60;    1;   30;    7
  330;20210703;  154;   20;   45;   70;   11;   10;   20
  330;20210704;  220;   30;   37;   60;   23;   20;   14
  330;20210705;  191;   48;   58;   80;   24;   20;   16
  330;20210706;  205;  105;  114;  150;   11;   70;   23
  330;20210707;  214;   52;   57;   80;    6;   30;   18
  330;20210708;  247;   34;   37;   50;    9;   20;   21
  330;20210709;  258;   25;   33;   50;    8;   10;   21
  330;20210710;   32;    9;   29;   50;   21;   10;    2
  330;20210711;  346;   11;   28;   50;   14;   10;    5
  330;20210712;   39;   27;   44;   80;   21;   20;   12
  330;20210713;  357;   85;   88;  110;   17;   40;    1
  330;20210714;  340;  109;  110;  140;   22;   90;    4
  330;20210715;  355;  122;  122;  130;    1;  100;   24
  330;20210716;  357;   86;   88;  100;    1;   70;   24
  330;20210717;    7;   66;   68;   90;   12;   30;   24
  330;20210718;  343;   30;   38;   80;   16;   20;    1
  330;20210719;   41;   40;   44;   80;   17;   10;    6
  330;20210720;   43;   27;   39;   60;   16;   20;    2
  330;20210721;    7;   17;   36;   60;   21;   10;   10
  330;20210722;   18;   64;   66;   90;   19;   40;    1
  330;20210723;   47;   46;   52;  100;   17;   20;    5
  330;20210724;   88;   34;   45;   70;    3;   20;   24
  330;20210725;   92;    3;   35;   50;    6;   10;    1
  330;20210726;  274;   19;   32;   50;   13;   10;    4
  330;20210727;  204;   57;   59;   80;   10;   40;    1
  330;20210728;  219;   98;  102;  130;   19;   60;    1
  330;20210729;  241;   98;  100;  120;    1;   80;   23
  330;20210730;  209;   82;   87;  130;   20;   50;    3
  330;20210731;  259;   89;   90;  140;    2;   40;   20
  330;20210801;  308;   48;   57;   70;    7;   40;    6
  330;20210802;  328;   35;   37;   60;    9;   10;   22
  330;20210803;   35;   35;   42;   70;   15;   20;    1
  330;20210804;   72;   24;   32;   50;   12;   10;   22
  330;20210805;  142;   20;   31;   80;   23;   10;    3
  330;20210806;  212;   98;  103;  140;   16;   80;    1
  330;20210807;  195;   69;   76;  100;   24;   50;   18
  330;20210808;  230;  113;  116;  130;   13;  100;    4
  330;20210809;  216;   87;   89;  110;   13;   70;    3
  330;20210810;  239;   51;   54;   70;    1;   30;   20
  330;20210811;  216;   37;   42;   60;    9;   10;   19
  330;20210812;  242;   32;   38;   50;    5;   20;   20
  330;20210813;  242;   68;   70;   90;   14;   40;    1
  330;20210814;  231;   46;   49;   70;   10;   30;   20
  330;20210815;  234;   76;   78;  110;   23;   40;    1
  330;20210816;  297;  110;  115;  140;   17;   90;    3
  330;20210817;  280;   78;   81;   90;    7;   70;    2
  330;20210818;  271;   61;   64;   80;    1;   40;   22
  330;20210819;  251;   59;   60;   80;   14;   40;    1
  330;20210820;  247;   39;   42;   60;    1;   10;   21
  330;20210821;  107;   11;   32;   70;   18;   10;   23
  330;20210822;  314;   51;   72;  120;   23;   40;   11
  330;20210823;   23;  103;  105;  130;    3;   60;   24
  330;20210824;   29;   79;   82;  100;   13;   60;    1
  330;20210825;  360;   58;   67;  100;   20;   30;    6
  330;20210826;  354;   93;   99;  120;    2;   60;   23
  330;20210827;  357;   95;   96;  120;   17;   70;    4
  330;20210828;   14;  109;  110;  120;   12;  100;    1
  330;20210829;    2;  103;  107;  120;   11;   90;   23
  330;20210830;   13;   96;   98;  110;   15;   80;    5
  330;20210831;   15;   82;   83;  100;   13;   70;    2
  330;20210901;   18;   57;   59;   80;    2;   10;    6
  330;20210902;   40;   48;   52;   90;   19;   20;    2
  330;20210903;   37;   64;   68;  110;   18;   40;    3
  330;20210904;   56;   50;   52;   80;   17;   30;   14
  330;20210905;   57;   34;   40;   60;   14;   20;    3
  330;20210906;   60;   12;   20;   30;   12;    0;    9
  330;20210907;   97;   21;   31;   50;   15;   10;    9
  330;20210908;  110;   40;   41;   50;    8;   30;    2
  330;20210909;  186;   29;   42;   60;   10;   20;   20
  330;20210910;  216;   47;   50;   80;   22;   40;    1
  330;20210911;  237;   67;   69;   80;   19;   50;    9
  330;20210912;  300;   25;   48;   60;    1;   30;    9
  330;20210913;   54;   27;   33;   50;   13;   10;    5
  330;20210914;  128;   36;   45;   60;    6;   20;   19
  330;20210915;  305;   60;   67;   90;   13;   30;    1
  330;20210916;  287;   49;   54;   90;    1;   20;   20
  330;20210917;  226;   18;   35;   50;    8;   10;   18
  330;20210918;  109;   35;   39;   50;   18;   30;    1
  330;20210919;  100;   31;   37;   50;    8;   20;   14
  330;20210920;   82;   50;   53;   70;    4;   30;   20
  330;20210921;  232;   15;   30;   40;   13;   20;    3
  330;20210922;  215;   45;   47;   60;   12;   30;    1
  330;20210923;  259;   67;   74;  110;    9;   10;   24
  330;20210924;  232;   67;   68;  100;   13;   20;    1
  330;20210925;  194;   20;   39;   70;    2;   20;   13
  330;20210926;  184;   38;   44;   60;   12;   20;   17
  330;20210927;  214;   68;   86;  130;   13;   50;    1
  330;20210928;  181;   66;   71;   90;   24;   60;    1
  330;20210929;  272;   84;  111;  140;   11;   50;    8
  330;20210930;  221;   82;  100;  120;    1;   70;    7
  330;20211001;  195;   87;   93;  110;    1;   50;   23
  330;20211002;  174;   83;   93;  160;   20;   30;    3
  330;20211003;  212;   71;   76;  120;   21;   20;   10
  330;20211004;  190;   85;   87;  120;   10;   60;    5
  330;20211005;  202;   74;  103;  140;   23;   80;    2
  330;20211006;  289;  118;  126;  160;    5;   70;   19
  330;20211007;  311;   18;   34;   80;    1;   10;   12
  330;20211008;   98;   26;   30;   40;    1;   20;    4
  330;20211009;  102;   29;   30;   50;    5;   10;   23
  330;20211010;  339;   34;   38;  100;   20;    0;    4
  330;20211011;  325;   80;   82;  100;   16;   70;    8
  330;20211012;  333;   87;   99;  120;   11;   80;   21
  330;20211013;  299;   52;   68;   80;    3;   50;   13
  330;20211014;  257;   65;   71;   90;   23;   60;    1
  330;20211015;  329;   57;   77;  120;    3;   20;   24
  330;20211016;  207;   37;   43;   60;   13;   20;    3
  330;20211017;  189;   62;   62;   70;    4;   50;    1
  330;20211018;  181;   69;   70;   80;   15;   60;    1
  330;20211019;  203;   84;   86;  110;   12;   60;    5
  330;20211020;  209;   97;  102;  130;   10;   50;   22
  330;20211021;  293;  121;  143;  200;    5;  110;    3
  330;20211022;  292;  110;  121;  160;    8;   70;   20
  330;20211023;  204;   37;   48;   70;    1;   20;    5
  330;20211024;  182;   63;   64;   80;   14;   50;    4
  330;20211025;  196;   68;   69;   80;   18;   60;   11
  330;20211026;  217;   74;   77;   90;   11;   50;    4
  330;20211027;  205;   83;   84;   90;    1;   70;   22
  330;20211028;  173;   83;   83;  110;   14;   70;    1
  330;20211029;  175;   94;   97;  130;   11;   60;   24
  330;20211030;  174;   72;   79;  120;   10;   50;   17
  330;20211031;  177;   79;   87;  110;   24;   60;    2
  330;20211101;  198;  100;  100;  120;    6;   70;   23
  330;20211102;  208;   40;   50;   80;    3;   30;   11
  330;20211103;  162;    3;   26;   80;   15;   10;   10
  330;20211104;  350;   69;   75;  120;   13;   20;    1
  330;20211105;  303;   55;   70;   80;    2;   40;    1
  330;20211106;  232;   85;   88;  130;   20;   60;    1
  330;20211107;  294;  113;  117;  140;   15;   80;   24
  330;20211108;  267;   36;   48;   80;    1;   30;   17
  330;20211109;  191;   65;   66;   80;    7;   50;    1
  330;20211110;  193;   47;   47;   70;    1;   30;   13
  330;20211111;  190;   41;   42;   60;   21;   30;    2
  330;20211112;  187;   78;   81;  100;   11;   60;    1
  330;20211113;  309;   46;   59;   90;    5;   30;   20
  330;20211114;   70;   43;   44;   60;   13;   20;    2
  330;20211115;   67;   42;   41;   50;    8;   20;   23
  330;20211116;  166;   33;   44;   70;   20;   20;    2
  330;20211117;  276;   58;   76;  100;   10;   50;    7
  330;20211118;  249;   70;   72;   80;    1;   60;    6
  330;20211119;  261;   58;   60;   70;    3;   30;   24
  330;20211120;  246;   54;   59;   90;   20;   30;    2
  330;20211121;    7;   88;  100;  120;   14;   70;    1
  330;20211122;   50;   45;   48;   90;    1;   10;   23
  330;20211123;    8;   28;   40;   70;   10;   20;    1
  330;20211124;  175;   42;   43;   60;   10;   20;    1
  330;20211125;  328;   66;   78;  110;   10;   40;    3
  330;20211126;  266;   47;   95;  130;   10;   20;   24
  330;20211127;  186;   25;   54;  100;   24;   20;    7
  330;20211128;   29;   39;   60;  140;    9;   20;   13
  330;20211129;  313;   92;  112;  140;    6;   50;    1
  330;20211130;  267;  109;  117;  150;    3;   80;   18
  330;20211201;  278;   93;  133;  160;   12;   90;   22
  330;20211202;  343;   71;   88;  140;    4;   30;   18
  330;20211203;  208;   86;   89;  130;   12;   40;    1
  330;20211204;  238;   61;   80;  120;   15;   40;    4
  330;20211205;  163;   26;   45;   80;    1;   30;   13
  330;20211206;  176;   46;   78;  140;   23;   30;    2
  330;20211207;  183;   52;  100;  140;   20;   40;    8
  330;20211208;  194;   97;   99;  120;    7;   70;   23
  330;20211209;  191;   73;   75;  100;   24;   50;   15
  330;20211210;  130;   30;   51;  100;    2;   10;   14
  330;20211211;  257;   39;   67;  100;    5;   10;    3
  330;20211212;  216;   77;   80;  110;    2;   50;   14
  330;20211213;  200;   62;   63;   70;    4;   50;    1
  330;20211214;  218;   69;   70;   80;   14;   60;    1
  330;20211215;  227;   55;   56;   80;    1;   40;   11
  330;20211216;  273;   30;   33;   60;    3;   10;   19
  330;20211217;   57;   33;   37;   50;    5;   10;    2
  330;20211218;   52;   20;   25;   40;    1;   10;   11
  330;20211219;  353;   57;   62;   80;   13;   30;    1
  330;20211220;   70;   29;   31;   60;    1;   20;    8
  330;20211221;  114;   31;   33;   50;   20;   20;   10
  330;20211222;  157;   49;   51;   80;   24;   30;    3
  330;20211223;  206;   78;   82;  100;   21;   60;    5
  330;20211224;  263;   40;   68;  100;    1;   30;   19
  330;20211225;   84;   76;   78;   90;    9;   60;    1
  330;20211226;  108;   65;   65;   80;   17;   60;    1
  330;20211227;  151;   59;   62;   80;   18;   40;    3
  330;20211228;  236;   65;   99;  120;   17;   80;    2
  330;20211229;  227;   64;   78;  110;   18;   30;    8
  330;20211230;  227;  114;  115;  130;    6;   90;    1
  330;20211231;  219;   97;   98;  120;   12;   70;   23
