station_id,date,wind_direction_deg,vector_avg_wind_speed_ms,avg_wind_speed_ms
225,2017-01-01,212.0,8.1,9.5
225,2017-01-02,346.0,7.8,8.5
225,2017-01-03,277.0,11.3,11.4
225,2017-01-04,331.0,12.6,13.1
225,2017-01-05,59.0,3.9,5.4
225,2017-01-06,167.0,5.0,5.2
225,2017-01-07,222.0,5.0,7.9
225,2017-01-08,312.0,1.8,3.1
225,2017-01-09,192.0,7.4,7.8
225,2017-01-10,241.0,4.8,5.8
225,2017-01-11,262.0,12.7,14.8
225,2017-01-12,266.0,7.2,10.4
225,2017-01-13,315.0,12.0,13.8
225,2017-01-14,330.0,10.8,11.6
225,2017-01-15,349.0,3.0,4.2
225,2017-01-16,77.0,3.8,4.3
225,2017-01-17,137.0,2.3,2.5
225,2017-01-18,127.0,2.0,2.1
225,2017-01-19,97.0,2.1,2.3
225,2017-01-20,85.0,4.8,4.9
225,2017-01-21,89.0,5.0,5.1
225,2017-01-22,190.0,0.6,3.3
225,2017-01-23,207.0,2.8,3.5
225,2017-01-24,177.0,0.3,3.0
225,2017-01-25,142.0,2.7,3.0
225,2017-01-26,130.0,3.1,3.2
225,2017-01-27,139.0,4.7,4.9
225,2017-01-28,173.0,6.8,7.3
225,2017-01-29,191.0,7.4,7.8
225,2017-01-30,25.0,1.7,5.8
225,2017-01-31,96.0,2.8,4.0
225,2017-02-01,141.0,5.9,6.0
225,2017-02-02,152.0,6.4,6.4
225,2017-02-03,171.0,4.8,5.2
225,2017-02-04,156.0,2.0,4.9
225,2017-02-05,11.0,0.7,3.1
225,2017-02-06,88.0,2.0,2.5
225,2017-02-07,92.0,7.4,7.4
225,2017-02-08,71.0,9.4,9.4
225,2017-02-09,79.0,9.2,9.3
225,2017-02-10,81.0,7.2,7.3
225,2017-02-11,71.0,8.2,8.3
225,2017-02-12,84.0,10.7,10.8
225,2017-02-13,90.0,10.6,10.6
225,2017-02-14,107.0,5.0,5.4
225,2017-02-15,166.0,4.5,5.3
225,2017-02-16,223.0,7.8,8.0
225,2017-02-17,282.0,5.3,5.7
225,2017-02-18,204.0,4.3,4.5
225,2017-02-19,231.0,7.7,7.8
225,2017-02-20,232.0,9.1,9.7
225,2017-02-21,240.0,7.6,8.4
225,2017-02-22,239.0,10.7,11.0
225,2017-02-23,247.0,12.9,16.0
225,2017-02-24,297.0,6.1,7.1
225,2017-02-25,210.0,12.0,12.0
225,2017-02-26,213.0,13.3,13.3
225,2017-02-27,197.0,12.3,12.7
225,2017-02-28,224.0,11.7,12.1
225,2017-03-01,227.0,5.9,6.9
225,2017-03-02,250.0,11.1,11.9
225,2017-03-03,156.0,5.3,6.0
225,2017-03-04,181.0,4.8,5.5
225,2017-03-05,190.0,8.3,8.9
225,2017-03-06,290.0,1.1,3.5
225,2017-03-07,277.0,2.9,3.8
225,2017-03-08,212.0,4.8,7.0
225,2017-03-09,266.0,5.1,7.5
225,2017-03-10,239.0,1.4,2.9
225,2017-03-11,125.0,2.8,3.2
225,2017-03-12,102.0,3.5,3.8
225,2017-03-13,285.0,2.2,3.4
225,2017-03-14,227.0,7.2,7.3
225,2017-03-15,261.0,2.6,3.3
225,2017-03-16,220.0,5.5,6.0
225,2017-03-17,249.0,9.5,10.6
225,2017-03-18,248.0,7.5,7.9
225,2017-03-19,229.0,12.1,12.1
225,2017-03-20,226.0,12.2,12.5
225,2017-03-21,240.0,9.4,10.2
225,2017-03-22,151.0,5.0,5.5
225,2017-03-23,74.0,8.0,8.1
225,2017-03-24,68.0,9.2,9.3
225,2017-03-25,61.0,7.3,7.5
225,2017-03-26,74.0,6.8,6.8
225,2017-03-27,85.0,4.2,4.4
225,2017-03-28,212.0,4.2,4.9
225,2017-03-29,219.0,8.7,8.8
225,2017-03-30,192.0,5.7,6.2
225,2017-03-31,197.0,6.1,7.0
225,2017-04-01,186.0,4.1,4.8
225,2017-04-02,287.0,1.7,4.4
225,2017-04-03,121.0,0.6,2.1
225,2017-04-04,265.0,0.7,3.7
225,2017-04-05,334.0,7.4,7.5
225,2017-04-06,323.0,5.1,6.7
225,2017-04-07,282.0,4.4,4.9
225,2017-04-08,313.0,1.9,3.0
225,2017-04-09,203.0,3.2,4.5
225,2017-04-10,315.0,7.5,7.7
225,2017-04-11,249.0,7.4,7.9
225,2017-04-12,259.0,9.4,9.8
225,2017-04-13,289.0,7.2,7.7
225,2017-04-14,242.0,7.6,8.0
225,2017-04-15,283.0,10.0,10.3
225,2017-04-16,297.0,6.6,6.8
225,2017-04-17,355.0,7.5,8.0
225,2017-04-18,23.0,5.0,6.5
225,2017-04-19,57.0,1.8,2.9
225,2017-04-20,221.0,5.9,6.5
225,2017-04-21,266.0,5.5,6.9
225,2017-04-22,334.0,8.6,8.7
225,2017-04-23,293.0,3.9,6.5
225,2017-04-24,244.0,8.3,9.2
225,2017-04-25,300.0,8.6,10.0
225,2017-04-26,357.0,4.2,5.4
225,2017-04-27,268.0,5.4,6.6
225,2017-04-28,319.0,5.1,5.3
225,2017-04-29,19.0,1.1,4.2
225,2017-04-30,104.0,7.5,7.6
225,2017-05-01,128.0,2.9,4.5
225,2017-05-02,41.0,4.3,5.2
225,2017-05-03,63.0,6.8,7.1
225,2017-05-04,60.0,10.0,10.1
225,2017-05-05,68.0,7.4,7.7
225,2017-05-06,66.0,7.4,7.8
225,2017-05-07,345.0,6.8,7.1
225,2017-05-08,2.0,7.4,8.0
225,2017-05-09,352.0,4.2,4.7
225,2017-05-10,3.0,1.7,3.9
225,2017-05-11,89.0,5.0,5.6
225,2017-05-12,175.0,3.0,3.6
225,2017-05-13,204.0,5.2,5.7
225,2017-05-14,210.0,5.5,6.3
225,2017-05-15,202.0,5.0,5.5
225,2017-05-16,200.0,5.7,5.8
225,2017-05-17,155.0,1.5,3.7
225,2017-05-18,13.0,3.0,6.3
225,2017-05-19,215.0,7.9,10.1
225,2017-05-20,217.0,6.4,6.7
225,2017-05-21,169.0,0.5,4.8
225,2017-05-22,79.0,2.9,4.6
225,2017-05-23,287.0,3.7,4.7
225,2017-05-24,303.0,2.6,3.5
225,2017-05-25,9.0,3.6,4.5
225,2017-05-26,90.0,6.7,6.8
225,2017-05-27,168.0,3.7,5.4
225,2017-05-28,272.0,1.8,4.7
225,2017-05-29,64.0,2.0,4.9
225,2017-05-30,233.0,9.1,9.2
225,2017-05-31,340.0,3.3,4.5
225,2017-06-01,26.0,1.7,3.3
225,2017-06-02,18.0,2.0,3.0
225,2017-06-03,283.0,2.0,4.4
225,2017-06-04,250.0,6.8,7.1
225,2017-06-05,219.0,6.4,7.5
225,2017-06-06,216.0,13.1,14.8
225,2017-06-07,244.0,16.5,16.8
225,2017-06-08,214.0,8.4,9.0
225,2017-06-09,237.0,6.2,8.0
225,2017-06-10,218.0,6.4,6.5
225,2017-06-11,228.0,6.9,7.7
225,2017-06-12,255.0,11.5,11.6
225,2017-06-13,294.0,4.2,4.8
225,2017-06-14,51.0,2.6,4.2
225,2017-06-15,224.0,4.6,6.8
225,2017-06-16,290.0,8.1,8.6
225,2017-06-17,274.0,3.9,4.4
225,2017-06-18,350.0,0.9,3.4
225,2017-06-19,22.0,3.1,4.0
225,2017-06-20,60.0,6.1,6.3
225,2017-06-21,86.0,6.6,6.8
225,2017-06-22,234.0,6.4,8.5
225,2017-06-23,241.0,9.7,10.1
225,2017-06-24,234.0,12.4,12.5
225,2017-06-25,257.0,9.0,9.7
225,2017-06-26,334.0,4.8,6.0
225,2017-06-27,82.0,7.8,7.8
225,2017-06-28,198.0,4.3,8.3
225,2017-06-29,230.0,6.2,6.3
225,2017-06-30,266.0,4.1,5.2
225,2017-07-01,339.0,7.5,9.0
225,2017-07-02,289.0,6.2,7.3
225,2017-07-03,232.0,8.4,9.5
225,2017-07-04,28.0,2.1,3.3
225,2017-07-05,333.0,2.5,4.0
225,2017-07-06,94.0,3.6,4.7
225,2017-07-07,251.0,2.3,3.8
225,2017-07-08,329.0,3.3,4.5
225,2017-07-09,351.0,2.6,4.0
225,2017-07-10,224.0,3.3,5.2
225,2017-07-11,237.0,6.9,7.5
225,2017-07-12,359.0,6.4,8.4
225,2017-07-13,4.0,1.2,2.8
225,2017-07-14,290.0,7.0,8.3
225,2017-07-15,241.0,5.5,6.8
225,2017-07-16,257.0,4.6,6.3
225,2017-07-17,10.0,3.0,3.6
225,2017-07-18,82.0,7.1,7.1
225,2017-07-19,133.0,3.8,6.8
225,2017-07-20,230.0,5.9,6.8
225,2017-07-21,160.0,1.9,5.3
225,2017-07-22,202.0,2.3,4.7
225,2017-07-23,228.0,6.8,7.3
225,2017-07-24,351.0,3.0,5.2
225,2017-07-25,339.0,9.3,9.4
225,2017-07-26,243.0,3.8,6.6
225,2017-07-27,247.0,9.6,10.0
225,2017-07-28,232.0,12.3,13.1
225,2017-07-29,224.0,8.4,9.2
225,2017-07-30,225.0,8.4,9.5
225,2017-07-31,225.0,7.3,7.7
225,2017-08-01,216.0,4.6,5.1
225,2017-08-02,211.0,7.0,7.8
225,2017-08-03,223.0,13.6,14.3
225,2017-08-04,243.0,12.7,13.0
225,2017-08-05,285.0,5.3,5.6
225,2017-08-06,250.0,5.4,6.4
225,2017-08-07,206.0,3.7,5.8
225,2017-08-08,319.0,1.9,6.6
225,2017-08-09,228.0,5.7,7.6
225,2017-08-10,27.0,5.6,5.8
225,2017-08-11,253.0,3.3,5.0
225,2017-08-12,277.0,7.1,7.3
225,2017-08-13,5.0,1.8,3.8
225,2017-08-14,121.0,2.8,3.2
225,2017-08-15,210.0,1.4,3.5
225,2017-08-16,197.0,2.5,3.5
225,2017-08-17,202.0,8.3,9.2
225,2017-08-18,235.0,10.7,11.2
225,2017-08-19,261.0,10.6,10.9
225,2017-08-20,270.0,8.8,8.9
225,2017-08-21,31.0,0.9,3.8
225,2017-08-22,74.0,3.7,5.0
225,2017-08-23,142.0,3.1,5.5
225,2017-08-24,260.0,6.2,6.5
225,2017-08-25,301.0,0.8,3.7
225,2017-08-26,341.0,1.2,3.1
225,2017-08-27,335.0,1.9,2.5
225,2017-08-28,24.0,1.7,2.6
225,2017-08-29,141.0,0.5,4.0
225,2017-08-30,27.0,7.0,8.1
225,2017-08-31,297.0,4.9,6.4
225,2017-09-01,53.0,1.4,3.7
225,2017-09-02,12.0,2.5,3.4
225,2017-09-03,153.0,1.4,3.0
225,2017-09-04,177.0,3.6,4.5
225,2017-09-05,212.0,7.9,8.5
225,2017-09-06,286.0,10.6,11.0
225,2017-09-07,250.0,9.4,10.0
225,2017-09-08,231.0,9.6,10.5
225,2017-09-09,233.0,5.2,6.5
225,2017-09-10,198.0,10.3,10.8
225,2017-09-11,227.0,14.1,15.2
225,2017-09-12,245.0,10.6,12.0
225,2017-09-13,250.0,15.5,16.9
225,2017-09-14,289.0,11.7,12.9
225,2017-09-15,268.0,5.9,6.9
225,2017-09-16,193.0,5.2,5.8
225,2017-09-17,201.0,3.0,4.1
225,2017-09-18,299.0,4.2,6.3
225,2017-09-19,322.0,3.4,4.4
225,2017-09-20,237.0,6.5,7.3
225,2017-09-21,173.0,4.9,5.4
225,2017-09-22,267.0,1.5,4.1
225,2017-09-23,130.0,0.9,3.3
225,2017-09-24,91.0,4.6,4.6
225,2017-09-25,85.0,5.7,5.7
225,2017-09-26,83.0,4.7,4.7
225,2017-09-27,97.0,4.5,4.6
225,2017-09-28,149.0,3.5,3.8
225,2017-09-29,186.0,3.6,5.2
225,2017-09-30,259.0,3.3,4.7
225,2017-10-01,179.0,9.2,9.3
225,2017-10-02,253.0,12.9,13.7
225,2017-10-03,289.0,11.0,11.2
225,2017-10-04,259.0,13.4,13.5
225,2017-10-05,289.0,13.9,15.7
225,2017-10-06,318.0,11.6,12.2
225,2017-10-07,266.0,11.6,12.9
225,2017-10-08,338.0,4.6,5.6
225,2017-10-09,235.0,5.0,5.8
225,2017-10-10,240.0,9.7,10.0
225,2017-10-11,218.0,14.3,14.5
225,2017-10-12,257.0,10.8,11.2
225,2017-10-13,221.0,9.8,10.0
225,2017-10-14,214.0,7.3,7.7
225,2017-10-15,170.0,5.3,5.7
225,2017-10-16,191.0,7.1,7.5
225,2017-10-17,233.0,8.4,8.8
225,2017-10-18,98.0,3.6,3.8
225,2017-10-19,142.0,4.8,4.9
225,2017-10-20,216.0,10.9,12.4
225,2017-10-21,202.0,11.4,12.2
225,2017-10-22,258.0,12.3,13.7
225,2017-10-23,257.0,7.6,9.2
225,2017-10-24,216.0,10.6,10.6
225,2017-10-25,241.0,7.7,8.5
225,2017-10-26,276.0,5.2,6.0
225,2017-10-27,319.0,9.9,10.5
225,2017-10-28,278.0,14.2,14.3
225,2017-10-29,341.0,13.6,14.5
225,2017-10-30,343.0,6.8,7.7
225,2017-10-31,251.0,9.4,9.5
225,2017-11-01,227.0,8.5,8.8
225,2017-11-02,302.0,5.6,6.3
225,2017-11-03,185.0,3.1,4.1
225,2017-11-04,206.0,3.5,6.9
225,2017-11-05,309.0,7.5,8.5
225,2017-11-06,355.0,2.4,5.3
225,2017-11-07,148.0,3.5,3.7
225,2017-11-08,61.0,3.0,3.5
225,2017-11-09,241.0,4.8,6.3
225,2017-11-10,279.0,12.9,13.6
225,2017-11-11,302.0,9.2,10.1
225,2017-11-12,337.0,7.8,9.4
225,2017-11-13,347.0,9.5,10.0
225,2017-11-14,247.0,8.2,8.5
225,2017-11-15,200.0,5.5,5.6
225,2017-11-16,230.0,4.0,7.5
225,2017-11-17,287.0,5.6,6.3
225,2017-11-18,283.0,11.4,12.2
225,2017-11-19,309.0,11.8,12.0
225,2017-11-20,245.0,8.8,10.0
225,2017-11-21,229.0,9.4,9.7
225,2017-11-22,199.0,13.2,13.8
225,2017-11-23,217.0,11.6,13.3
225,2017-11-24,266.0,4.7,5.1
225,2017-11-25,275.0,8.2,8.5
225,2017-11-26,276.0,11.9,12.3
225,2017-11-27,254.0,12.5,13.8
225,2017-11-28,271.0,10.3,10.6
225,2017-11-29,17.0,1.0,3.1
225,2017-11-30,346.0,4.8,5.4
225,2017-12-01,54.0,3.2,3.6
225,2017-12-02,176.0,5.1,5.2
225,2017-12-03,300.0,6.1,7.7
225,2017-12-04,295.0,7.9,8.3
225,2017-12-05,270.0,9.7,9.8
225,2017-12-06,234.0,11.4,12.3
225,2017-12-07,224.0,12.0,15.2
225,2017-12-08,289.0,14.0,14.4
225,2017-12-09,282.0,11.8,12.4
225,2017-12-10,89.0,2.8,8.8
225,2017-12-11,49.0,7.1,8.3
225,2017-12-12,271.0,4.0,9.2
225,2017-12-13,215.0,9.3,11.8
225,2017-12-14,248.0,9.8,11.0
225,2017-12-15,176.0,3.3,4.3
225,2017-12-16,325.0,8.4,8.9
225,2017-12-17,244.0,4.7,7.7
225,2017-12-18,341.0,7.7,7.9
225,2017-12-19,250.0,4.2,4.5
225,2017-12-20,256.0,3.8,4.1
225,2017-12-21,252.0,2.9,3.5
225,2017-12-22,243.0,1.2,2.3
225,2017-12-23,243.0,9.2,9.3
225,2017-12-24,230.0,11.7,11.8
225,2017-12-25,200.0,12.4,12.9
225,2017-12-26,217.0,11.0,12.9
225,2017-12-27,233.0,1.8,10.0
225,2017-12-28,276.0,11.4,12.1
225,2017-12-29,232.0,8.3,11.5
225,2017-12-30,228.0,10.0,11.2
225,2017-12-31,213.0,12.7,12.8
225,2018-01-01,232.0,10.5,11.4
225,2018-01-02,229.0,7.4,10.0
225,2018-01-03,256.0,16.9,17.6
225,2018-01-04,238.0,11.1,12.0
225,2018-01-05,231.0,8.1,8.8
225,2018-01-06,360.0,2.6,6.1
225,2018-01-07,63.0,10.9,10.9
225,2018-01-08,85.0,10.3,10.3
225,2018-01-09,114.0,4.7,5.9
225,2018-01-10,155.0,4.2,4.3
225,2018-01-11,41.0,1.9,3.4
225,2018-01-12,56.0,2.2,3.0
225,2018-01-13,110.0,4.0,4.2
225,2018-01-14,105.0,4.9,5.5
225,2018-01-15,208.0,10.6,12.5
225,2018-01-16,267.0,13.9,14.0
225,2018-01-17,273.0,15.4,15.6
225,2018-01-18,264.0,10.8,13.5
225,2018-01-19,266.0,9.1,9.4
225,2018-01-20,248.0,4.4,6.6
225,2018-01-21,284.0,1.3,6.3
225,2018-01-22,268.0,6.0,7.5
225,2018-01-23,210.0,10.2,10.7
225,2018-01-24,209.0,12.5,13.1
225,2018-01-25,208.0,9.1,9.2
225,2018-01-26,204.0,3.1,4.1
225,2018-01-27,207.0,9.6,9.9
225,2018-01-28,226.0,10.1,10.5
225,2018-01-29,245.0,9.6,11.6
225,2018-01-30,233.0,5.5,6.7
225,2018-01-31,239.0,11.4,12.6
225,2018-02-01,262.0,10.0,10.5
225,2018-02-02,340.0,6.8,8.3
225,2018-02-03,10.0,1.0,5.3
225,2018-02-04,46.0,7.9,8.2
225,2018-02-05,76.0,7.5,7.7
225,2018-02-06,65.0,6.1,6.4
225,2018-02-07,94.0,1.1,3.0
225,2018-02-08,184.0,5.6,6.0
225,2018-02-09,167.0,6.6,6.8
225,2018-02-10,195.0,6.7,7.5
225,2018-02-11,258.0,11.3,13.5
225,2018-02-12,265.0,9.1,10.3
225,2018-02-13,165.0,7.3,7.6
225,2018-02-14,155.0,7.8,7.9
225,2018-02-15,206.0,6.1,8.1
225,2018-02-16,254.0,5.3,6.4
225,2018-02-17,124.0,2.6,2.7
225,2018-02-18,161.0,4.1,4.4
225,2018-02-19,154.0,3.5,3.7
225,2018-02-20,66.0,3.6,4.1
225,2018-02-21,55.0,4.5,4.8
225,2018-02-22,72.0,7.1,7.2
225,2018-02-23,79.0,8.1,8.2
225,2018-02-24,85.0,10.6,10.6
225,2018-02-25,78.0,9.3,9.5
225,2018-02-26,60.0,8.1,8.4
225,2018-02-27,67.0,5.6,6.0
225,2018-02-28,88.0,11.0,11.0
225,2018-03-01,86.0,15.6,15.7
225,2018-03-02,84.0,14.0,14.0
225,2018-03-03,94.0,8.0,8.1
225,2018-03-04,128.0,4.1,5.2
225,2018-03-05,192.0,5.2,6.4
225,2018-03-06,158.0,2.7,3.7
225,2018-03-07,175.0,2.2,4.0
225,2018-03-08,216.0,9.2,10.3
225,2018-03-09,201.0,3.3,4.8
225,2018-03-10,179.0,5.5,6.0
225,2018-03-11,149.0,2.9,4.5
225,2018-03-12,171.0,4.1,4.4
225,2018-03-13,315.0,4.4,6.2
225,2018-03-14,125.0,4.0,5.2
225,2018-03-15,101.0,7.2,7.3
225,2018-03-16,87.0,10.0,10.1
225,2018-03-17,78.0,15.6,15.7
225,2018-03-18,82.0,13.9,13.9
225,2018-03-19,63.0,9.8,10.3
225,2018-03-20,5.0,8.2,8.5
225,2018-03-21,258.0,3.7,4.9
225,2018-03-22,273.0,5.5,6.7
225,2018-03-23,195.0,7.2,7.5
225,2018-03-24,69.0,1.6,3.3
225,2018-03-25,360.0,3.5,3.9
225,2018-03-26,272.0,2.2,3.0
225,2018-03-27,146.0,3.9,4.2
225,2018-03-28,277.0,4.2,5.6
225,2018-03-29,219.0,2.8,4.5
225,2018-03-30,117.0,4.5,5.1
225,2018-03-31,128.0,0.7,3.0
225,2018-04-01,344.0,2.0,3.4
225,2018-04-02,150.0,4.8,5.4
225,2018-04-03,198.0,7.5,7.7
225,2018-04-04,188.0,6.1,6.5
225,2018-04-05,277.0,7.2,9.2
225,2018-04-06,133.0,6.4,6.5
225,2018-04-07,151.0,3.3,4.6
225,2018-04-08,357.0,2.9,3.5
225,2018-04-09,37.0,6.0,6.5
225,2018-04-10,79.0,4.0,5.4
225,2018-04-11,77.0,7.2,7.3
225,2018-04-12,81.0,7.1,7.0
225,2018-04-13,207.0,2.5,3.5
225,2018-04-14,225.0,1.2,3.4
225,2018-04-15,108.0,1.1,2.3
225,2018-04-16,209.0,5.7,5.8
225,2018-04-17,191.0,4.9,5.5
225,2018-04-18,128.0,1.2,3.9
225,2018-04-19,97.0,2.2,4.2
225,2018-04-20,242.0,1.5,3.3
225,2018-04-21,68.0,4.5,5.1
225,2018-04-22,183.0,3.3,5.4
225,2018-04-23,231.0,8.4,8.7
225,2018-04-24,222.0,10.4,10.5
225,2018-04-25,245.0,9.6,10.3
225,2018-04-26,242.0,10.5,10.9
225,2018-04-27,147.0,1.9,5.3
225,2018-04-28,213.0,5.7,6.0
225,2018-04-29,37.0,5.0,7.0
225,2018-04-30,327.0,2.6,8.5
225,2018-05-01,254.0,10.6,12.3
225,2018-05-02,201.0,7.5,8.7
225,2018-05-03,303.0,3.2,4.1
225,2018-05-04,14.0,2.2,3.3
225,2018-05-05,72.0,5.6,5.9
225,2018-05-06,81.0,4.7,4.8
225,2018-05-07,92.0,4.1,4.3
225,2018-05-08,64.0,1.3,3.3
225,2018-05-09,317.0,2.8,3.3
225,2018-05-10,292.0,4.2,5.7
225,2018-05-11,61.0,1.8,3.8
225,2018-05-12,95.0,3.6,4.5
225,2018-05-13,307.0,4.1,6.1
225,2018-05-14,2.0,6.9,7.0
225,2018-05-15,35.0,5.1,5.9
225,2018-05-16,7.0,10.7,10.8
225,2018-05-17,358.0,9.9,10.0
225,2018-05-18,342.0,6.5,6.6
225,2018-05-19,327.0,3.3,3.5
225,2018-05-20,22.0,3.4,4.2
225,2018-05-21,79.0,7.1,7.1
225,2018-05-22,28.0,4.2,5.1
225,2018-05-23,60.0,6.2,6.5
225,2018-05-24,83.0,7.7,7.8
225,2018-05-25,64.0,2.4,4.0
225,2018-05-26,75.0,7.1,7.2
225,2018-05-27,85.0,5.7,6.3
225,2018-05-28,40.0,3.6,4.5
225,2018-05-29,28.0,4.5,6.2
225,2018-05-30,330.0,1.4,3.8
225,2018-05-31,360.0,3.2,4.0
225,2018-06-01,274.0,3.5,4.4
225,2018-06-02,226.0,6.9,7.0
225,2018-06-03,317.0,1.5,4.3
225,2018-06-04,4.0,5.7,5.9
225,2018-06-05,7.0,6.5,6.8
225,2018-06-06,13.0,6.0,6.3
225,2018-06-07,356.0,4.1,4.6
225,2018-06-08,8.0,5.6,5.7
225,2018-06-09,6.0,6.6,6.8
225,2018-06-10,10.0,6.8,7.1
225,2018-06-11,33.0,6.0,6.6
225,2018-06-12,359.0,6.7,7.0
225,2018-06-13,294.0,4.3,7.0
225,2018-06-14,213.0,8.8,9.3
225,2018-06-15,321.0,1.2,3.0
225,2018-06-16,227.0,7.5,7.6
225,2018-06-17,235.0,10.1,10.3
225,2018-06-18,228.0,11.1,11.2
225,2018-06-19,238.0,5.9,6.3
225,2018-06-20,223.0,8.4,8.8
225,2018-06-21,310.0,11.8,11.9
225,2018-06-22,324.0,11.2,11.3
225,2018-06-23,312.0,4.8,5.5
225,2018-06-24,347.0,5.4,5.9
225,2018-06-25,355.0,4.7,5.0
225,2018-06-26,10.0,6.4,6.8
225,2018-06-27,61.0,5.8,6.0
225,2018-06-28,30.0,6.0,7.2
225,2018-06-29,8.0,6.8,7.0
225,2018-06-30,73.0,7.8,7.9
225,2018-07-01,91.0,8.8,8.8
225,2018-07-02,71.0,8.2,8.5
225,2018-07-03,31.0,6.8,7.6
225,2018-07-04,16.0,5.2,5.8
225,2018-07-05,337.0,3.1,3.4
225,2018-07-06,359.0,4.7,5.1
225,2018-07-07,24.0,3.2,4.2
225,2018-07-08,347.0,3.4,4.0
225,2018-07-09,345.0,6.3,6.5
225,2018-07-10,343.0,9.7,10.1
225,2018-07-11,355.0,6.3,6.6
225,2018-07-12,349.0,6.4,6.6
225,2018-07-13,8.0,5.4,5.7
225,2018-07-14,18.0,3.8,4.9
225,2018-07-15,45.0,2.3,4.1
225,2018-07-16,70.0,1.0,3.8
225,2018-07-17,240.0,5.8,6.2
225,2018-07-18,249.0,2.3,4.4
225,2018-07-19,360.0,5.0,5.3
225,2018-07-20,360.0,5.2,5.8
225,2018-07-21,348.0,6.2,6.6
225,2018-07-22,289.0,3.2,3.4
225,2018-07-23,309.0,0.8,2.0
225,2018-07-24,285.0,1.2,3.5
225,2018-07-25,34.0,2.9,3.8
225,2018-07-26,75.0,4.1,4.7
225,2018-07-27,117.0,4.1,5.8
225,2018-07-28,233.0,8.1,9.3
225,2018-07-29,188.0,6.6,7.3
225,2018-07-30,220.0,3.6,4.4
225,2018-07-31,234.0,2.6,4.6
225,2018-08-01,270.0,0.5,2.5
225,2018-08-02,321.0,1.3,2.6
225,2018-08-03,15.0,3.1,3.9
225,2018-08-04,350.0,5.7,6.3
225,2018-08-05,18.0,4.5,5.5
225,2018-08-06,48.0,1.7,4.2
225,2018-08-07,180.0,0.0,2.8
225,2018-08-08,223.0,5.7,7.6
225,2018-08-09,344.0,2.2,7.2
225,2018-08-10,230.0,10.0,11.3
225,2018-08-11,261.0,6.5,7.7
225,2018-08-12,190.0,3.5,5.1
225,2018-08-13,267.0,3.4,5.1
225,2018-08-14,278.0,7.6,8.1
225,2018-08-15,225.0,8.3,8.4
225,2018-08-16,220.0,6.3,8.2
225,2018-08-17,266.0,3.3,4.7
225,2018-08-18,227.0,8.3,8.7
225,2018-08-19,221.0,9.7,10.3
225,2018-08-20,309.0,3.6,4.4
225,2018-08-21,209.0,1.8,2.8
225,2018-08-22,233.0,6.1,6.2
225,2018-08-23,236.0,7.1,8.3
225,2018-08-24,258.0,8.8,9.8
225,2018-08-25,304.0,6.4,7.9
225,2018-08-26,198.0,7.3,8.9
225,2018-08-27,258.0,9.8,10.5
225,2018-08-28,267.0,1.0,2.6
225,2018-08-29,349.0,4.6,5.4
225,2018-08-30,344.0,6.1,6.9
225,2018-08-31,32.0,0.8,2.3
225,2018-09-01,78.0,1.2,3.3
225,2018-09-02,79.0,5.4,5.5
225,2018-09-03,15.0,5.8,6.0
225,2018-09-04,7.0,5.6,5.8
225,2018-09-05,25.0,4.4,4.7
225,2018-09-06,337.0,4.5,5.6
225,2018-09-07,262.0,9.8,10.8
225,2018-09-08,235.0,9.3,10.0
225,2018-09-09,223.0,7.5,7.8
225,2018-09-10,245.0,8.5,8.8
225,2018-09-11,232.0,12.4,13.0
225,2018-09-12,357.0,3.8,4.6
225,2018-09-13,249.0,0.8,2.5
225,2018-09-14,231.0,7.5,8.7
225,2018-09-15,260.0,5.8,7.1
225,2018-09-16,202.0,6.6,7.0
225,2018-09-17,192.0,4.1,5.1
225,2018-09-18,213.0,10.4,11.5
225,2018-09-19,210.0,10.7,11.0
225,2018-09-20,211.0,9.8,10.0
225,2018-09-21,250.0,15.0,16.7
225,2018-09-22,264.0,8.3,9.2
225,2018-09-23,9.0,5.3,6.6
225,2018-09-24,325.0,8.8,9.5
225,2018-09-25,190.0,2.7,3.3
225,2018-09-26,225.0,9.0,9.4
225,2018-09-27,226.0,5.1,6.2
225,2018-09-28,27.0,6.7,7.0
225,2018-09-29,195.0,2.6,3.2
225,2018-09-30,286.0,5.2,6.8
225,2018-10-01,326.0,10.7,11.2
225,2018-10-02,282.0,10.4,11.5
225,2018-10-03,292.0,7.5,8.2
225,2018-10-04,216.0,7.2,7.8
225,2018-10-05,175.0,2.4,3.4
225,2018-10-06,33.0,2.3,5.9
225,2018-10-07,42.0,3.5,4.5
225,2018-10-08,220.0,7.2,7.8
225,2018-10-09,192.0,5.3,5.7
225,2018-10-10,97.0,5.4,5.5
225,2018-10-11,147.0,5.3,5.4
225,2018-10-12,178.0,7.7,7.8
225,2018-10-13,159.0,6.4,6.5
225,2018-10-14,160.0,5.0,5.3
225,2018-10-15,189.0,3.8,4.7
225,2018-10-16,179.0,2.9,3.5
225,2018-10-17,276.0,2.3,3.7
225,2018-10-18,37.0,5.6,6.0
225,2018-10-19,66.0,3.1,3.5
225,2018-10-20,218.0,3.1,3.9
225,2018-10-21,210.0,5.0,6.6
225,2018-10-22,339.0,6.8,8.6
225,2018-10-23,286.0,13.3,13.5
225,2018-10-24,308.0,8.9,9.6
225,2018-10-25,293.0,7.2,7.5
225,2018-10-26,284.0,9.6,10.7
225,2018-10-27,21.0,4.3,6.6
225,2018-10-28,66.0,7.5,7.7
225,2018-10-29,52.0,7.6,7.8
225,2018-10-30,232.0,1.6,9.0
225,2018-10-31,197.0,3.7,6.6
225,2018-11-01,158.0,5.9,6.3
225,2018-11-02,280.0,7.3,7.9
225,2018-11-03,174.0,4.9,5.3
225,2018-11-04,126.0,4.0,4.3
225,2018-11-05,99.0,4.4,4.5
225,2018-11-06,140.0,4.8,4.9
225,2018-11-07,162.0,7.1,7.2
225,2018-11-08,198.0,4.4,6.4
225,2018-11-09,136.0,4.9,5.4
225,2018-11-10,171.0,7.5,7.8
225,2018-11-11,189.0,8.7,9.0
225,2018-11-12,186.0,6.0,6.3
225,2018-11-13,222.0,10.5,11.0
225,2018-11-14,176.0,5.8,6.1
225,2018-11-15,136.0,4.0,4.0
225,2018-11-16,105.0,3.2,3.4
225,2018-11-17,85.0,7.5,7.5
225,2018-11-18,74.0,9.1,9.2
225,2018-11-19,65.0,10.8,10.9
225,2018-11-20,82.0,12.2,12.3
225,2018-11-21,94.0,5.7,5.8
225,2018-11-22,90.0,4.9,5.0
225,2018-11-23,89.0,5.2,5.3
225,2018-11-24,81.0,7.1,7.2
225,2018-11-25,70.0,6.3,6.4
225,2018-11-26,80.0,7.7,7.7
225,2018-11-27,117.0,4.1,4.7
225,2018-11-28,157.0,8.1,8.4
225,2018-11-29,177.0,9.6,9.8
225,2018-11-30,207.0,10.8,10.8
225,2018-12-01,190.0,9.3,9.6
225,2018-12-02,213.0,9.5,9.9
225,2018-12-03,241.0,7.2,10.1
225,2018-12-04,307.0,1.7,5.0
225,2018-12-05,153.0,5.1,5.3
225,2018-12-06,218.0,8.9,9.0
225,2018-12-07,234.0,12.5,14.4
225,2018-12-08,251.0,15.8,16.3
225,2018-12-09,297.0,12.9,14.1
225,2018-12-10,317.0,12.0,12.1
225,2018-12-11,338.0,4.6,5.4
225,2018-12-12,92.0,3.9,3.9
225,2018-12-13,87.0,8.0,8.1
225,2018-12-14,86.0,5.0,5.1
225,2018-12-15,138.0,6.0,6.1
225,2018-12-16,162.0,5.3,5.4
225,2018-12-17,221.0,5.2,7.1
225,2018-12-18,159.0,6.9,7.2
225,2018-12-19,181.0,7.6,7.8
225,2018-12-20,201.0,10.2,10.5
225,2018-12-21,228.0,8.8,10.6
225,2018-12-22,263.0,8.3,8.5
225,2018-12-23,258.0,2.3,5.7
225,2018-12-24,309.0,2.9,4.4
225,2018-12-25,240.0,7.1,7.8
225,2018-12-26,217.0,7.9,8.0
225,2018-12-27,196.0,4.0,4.1
225,2018-12-28,233.0,4.1,4.6
225,2018-12-29,262.0,7.8,10.0
225,2018-12-30,275.0,4.8,5.8
225,2018-12-31,269.0,5.2,5.8
225,2019-01-01,317.0,9.1,11.2
225,2019-01-02,358.0,9.1,9.4
225,2019-01-03,2.0,5.2,5.5
225,2019-01-04,316.0,8.2,8.5
225,2019-01-05,323.0,9.7,9.8
225,2019-01-06,311.0,4.9,5.0
225,2019-01-07,248.0,8.1,8.8
225,2019-01-08,320.0,15.1,15.7
225,2019-01-09,7.0,10.3,10.5
225,2019-01-10,286.0,1.9,4.1
225,2019-01-11,327.0,7.4,7.6
225,2019-01-12,273.0,10.2,10.5
225,2019-01-13,286.0,11.8,12.3
225,2019-01-14,323.0,9.6,10.0
225,2019-01-15,247.0,10.4,10.5
225,2019-01-16,223.0,12.2,13.1
225,2019-01-17,310.0,9.0,11.0
225,2019-01-18,163.0,3.2,4.3
225,2019-01-19,125.0,3.7,4.0
225,2019-01-20,91.0,2.9,3.0
225,2019-01-21,216.0,4.1,4.7
225,2019-01-22,168.0,7.1,7.2
225,2019-01-23,87.0,2.8,3.9
225,2019-01-24,117.0,2.7,2.8
225,2019-01-25,220.0,4.5,7.5
225,2019-01-26,227.0,10.2,11.1
225,2019-01-27,259.0,10.4,12.5
225,2019-01-28,331.0,11.8,12.0
225,2019-01-29,208.0,5.3,7.1
225,2019-01-30,267.0,1.6,4.5
225,2019-01-31,163.0,4.0,5.8
225,2019-02-01,81.0,5.9,6.1
225,2019-02-02,21.0,5.0,5.2
225,2019-02-03,281.0,3.3,6.0
225,2019-02-04,200.0,11.8,12.2
225,2019-02-05,204.0,6.9,7.3
225,2019-02-06,194.0,7.1,7.4
225,2019-02-07,219.0,12.4,13.1
225,2019-02-08,198.0,14.5,14.7
225,2019-02-09,220.0,15.0,15.1
225,2019-02-10,299.0,3.8,7.5
225,2019-02-11,310.0,7.7,8.1
225,2019-02-12,232.0,7.7,8.0
225,2019-02-13,211.0,8.0,8.2
225,2019-02-14,181.0,3.4,4.0
225,2019-02-15,157.0,4.8,4.9
225,2019-02-16,197.0,6.2,6.4
225,2019-02-17,168.0,5.6,6.0
225,2019-02-18,209.0,5.3,6.0
225,2019-02-19,232.0,8.2,8.2
225,2019-02-20,213.0,8.6,8.7
225,2019-02-21,219.0,7.1,7.1
225,2019-02-22,172.0,1.5,2.9
225,2019-02-23,123.0,3.3,3.5
225,2019-02-24,96.0,1.7,2.7
225,2019-02-25,95.0,2.6,3.4
225,2019-02-26,85.0,2.0,2.9
225,2019-02-27,192.0,3.6,4.1
225,2019-02-28,217.0,5.5,5.9
225,2019-03-01,329.0,3.9,5.1
225,2019-03-02,203.0,7.3,7.8
225,2019-03-03,212.0,13.8,14.0
225,2019-03-04,244.0,13.6,14.0
225,2019-03-05,232.0,9.1,10.2
225,2019-03-06,174.0,8.1,8.3
225,2019-03-07,230.0,12.9,13.9
225,2019-03-08,250.0,9.6,11.4
225,2019-03-09,256.0,11.9,12.6
225,2019-03-10,279.0,5.8,9.2
225,2019-03-11,283.0,13.0,13.8
225,2019-03-12,211.0,12.2,14.1
225,2019-03-13,257.0,14.0,14.9
225,2019-03-14,260.0,12.1,13.3
225,2019-03-15,254.0,10.3,10.9
225,2019-03-16,221.0,14.3,14.6
225,2019-03-17,260.0,11.4,12.0
225,2019-03-18,300.0,7.8,8.0
225,2019-03-19,200.0,3.7,4.0
225,2019-03-20,217.0,6.9,7.0
225,2019-03-21,221.0,4.9,5.0
225,2019-03-22,226.0,2.8,3.8
225,2019-03-23,347.0,3.5,5.5
225,2019-03-24,272.0,4.0,5.4
225,2019-03-25,331.0,11.9,12.5
225,2019-03-26,303.0,5.7,6.1
225,2019-03-27,266.0,3.3,3.4
225,2019-03-28,326.0,2.1,2.7
225,2019-03-29,19.0,0.4,2.7
225,2019-03-30,37.0,0.5,2.9
225,2019-03-31,52.0,7.8,8.0
225,2019-04-01,82.0,6.3,6.3
225,2019-04-02,191.0,4.7,6.0
225,2019-04-03,172.0,3.1,4.3
225,2019-04-04,132.0,3.2,3.5
225,2019-04-05,78.0,4.1,4.5
225,2019-04-06,72.0,5.5,5.7
225,2019-04-07,73.0,5.9,6.1
225,2019-04-08,74.0,7.2,7.3
225,2019-04-09,65.0,10.2,10.3
225,2019-04-10,49.0,8.8,8.9
225,2019-04-11,45.0,6.8,7.0
225,2019-04-12,61.0,6.1,6.3
225,2019-04-13,43.0,6.5,6.6
225,2019-04-14,68.0,6.3,6.5
225,2019-04-15,89.0,6.9,7.0
225,2019-04-16,80.0,8.6,8.7
225,2019-04-17,98.0,3.2,3.6
225,2019-04-18,79.0,7.7,7.8
225,2019-04-19,72.0,7.0,7.3
225,2019-04-20,73.0,7.3,7.5
225,2019-04-21,78.0,5.4,5.6
225,2019-04-22,90.0,6.8,6.9
225,2019-04-23,88.0,8.0,8.0
225,2019-04-24,168.0,5.8,6.7
225,2019-04-25,158.0,5.4,5.8
225,2019-04-26,208.0,5.3,5.7
225,2019-04-27,225.0,10.7,11.5
225,2019-04-28,254.0,1.1,4.5
225,2019-04-29,16.0,5.0,5.6
225,2019-04-30,5.0,4.7,4.9
225,2019-05-01,290.0,2.3,2.8
225,2019-05-02,305.0,5.7,6.7
225,2019-05-03,324.0,6.7,7.2
225,2019-05-04,350.0,9.8,10.3
225,2019-05-05,342.0,7.9,8.7
225,2019-05-06,289.0,4.6,5.5
225,2019-05-07,189.0,2.7,3.6
225,2019-05-08,172.0,4.8,6.8
225,2019-05-09,232.0,4.1,6.2
225,2019-05-10,342.0,3.6,5.1
225,2019-05-11,19.0,6.8,8.2
225,2019-05-12,355.0,6.8,7.2
225,2019-05-13,16.0,4.8,5.7
225,2019-05-14,51.0,6.1,6.5
225,2019-05-15,71.0,6.6,6.8
225,2019-05-16,66.0,8.2,8.4
225,2019-05-17,89.0,5.3,5.5
225,2019-05-18,352.0,2.9,3.7
225,2019-05-19,4.0,8.3,8.4
225,2019-05-20,337.0,7.4,7.6
225,2019-05-21,323.0,9.0,9.1
225,2019-05-22,266.0,2.8,4.2
225,2019-05-23,202.0,3.8,4.3
225,2019-05-24,296.0,2.7,4.5
225,2019-05-25,315.0,2.4,3.4
225,2019-05-26,225.0,10.2,10.4
225,2019-05-27,257.0,6.6,7.0
225,2019-05-28,29.0,5.7,6.5
225,2019-05-29,217.0,3.6,4.9
225,2019-05-30,216.0,10.5,10.5
225,2019-05-31,222.0,7.5,7.6
225,2019-06-01,228.0,2.0,4.0
225,2019-06-02,191.0,5.1,5.9
225,2019-06-03,229.0,6.0,6.3
225,2019-06-04,136.0,2.6,5.6
225,2019-06-05,256.0,3.2,6.5
225,2019-06-06,241.0,5.3,6.8
225,2019-06-07,128.0,5.4,6.7
225,2019-06-08,214.0,16.1,16.9
225,2019-06-09,255.0,2.4,6.3
225,2019-06-10,48.0,6.3,7.1
225,2019-06-11,242.0,5.3,5.3
225,2019-06-12,18.0,2.1,4.1
225,2019-06-13,184.0,7.3,7.8
225,2019-06-14,147.0,1.4,4.6
225,2019-06-15,307.0,2.4,5.0
225,2019-06-16,211.0,6.2,6.9
225,2019-06-17,188.0,1.5,3.4
225,2019-06-18,37.0,2.3,4.0
225,2019-06-19,226.0,2.6,5.5
225,2019-06-20,247.0,5.1,5.9
225,2019-06-21,262.0,4.1,5.5
225,2019-06-22,67.0,5.3,5.5
225,2019-06-23,84.0,6.0,6.0
225,2019-06-24,119.0,2.1,4.6
225,2019-06-25,22.0,0.4,4.0
225,2019-06-26,8.0,7.9,8.2
225,2019-06-27,20.0,7.5,7.7
225,2019-06-28,66.0,5.7,6.0
225,2019-06-29,105.0,2.4,3.7
225,2019-06-30,244.0,5.5,7.3
225,2019-07-01,265.0,7.8,8.0
225,2019-07-02,343.0,5.1,5.5
225,2019-07-03,4.0,5.9,6.2
225,2019-07-04,277.0,2.7,4.1
225,2019-07-05,287.0,4.5,5.0
225,2019-07-06,302.0,4.9,6.6
225,2019-07-07,331.0,6.4,6.5
225,2019-07-08,329.0,8.0,8.3
225,2019-07-09,342.0,4.0,4.6
225,2019-07-10,190.0,4.5,4.9
225,2019-07-11,218.0,2.8,3.8
225,2019-07-12,293.0,5.5,6.6
225,2019-07-13,342.0,6.6,7.0
225,2019-07-14,358.0,7.0,7.3
225,2019-07-15,348.0,4.9,5.2
225,2019-07-16,300.0,2.1,2.8
225,2019-07-17,348.0,0.5,2.4
225,2019-07-18,223.0,5.5,6.8
225,2019-07-19,225.0,3.2,3.8
225,2019-07-20,214.0,6.9,8.0
225,2019-07-21,255.0,5.8,6.4
225,2019-07-22,213.0,7.4,7.6
225,2019-07-23,75.0,1.7,4.9
225,2019-07-24,151.0,2.1,4.0
225,2019-07-25,87.0,4.2,4.7
225,2019-07-26,25.0,2.3,6.5
225,2019-07-27,261.0,2.1,5.1
225,2019-07-28,250.0,5.3,5.4
225,2019-07-29,221.0,2.8,4.5
225,2019-07-30,190.0,2.1,4.3
225,2019-07-31,215.0,10.7,11.3
225,2019-08-01,245.0,8.4,8.9
225,2019-08-02,338.0,6.9,9.5
225,2019-08-03,353.0,4.0,4.5
225,2019-08-04,61.0,1.1,3.3
225,2019-08-05,229.0,7.2,8.5
225,2019-08-06,230.0,9.5,9.6
225,2019-08-07,236.0,11.0,11.1
225,2019-08-08,245.0,5.9,6.8
225,2019-08-09,156.0,5.0,6.5
225,2019-08-10,220.0,17.9,18.1
225,2019-08-11,228.0,13.8,14.0
225,2019-08-12,258.0,4.5,5.8
225,2019-08-13,263.0,7.2,7.6
225,2019-08-14,190.0,7.1,7.8
225,2019-08-15,262.0,9.4,10.8
225,2019-08-16,219.0,6.5,7.5
225,2019-08-17,218.0,10.9,11.2
225,2019-08-18,225.0,9.5,9.9
225,2019-08-19,239.0,11.4,11.6
225,2019-08-20,258.0,7.2,7.4
225,2019-08-21,214.0,2.7,3.7
225,2019-08-22,214.0,5.0,5.8
225,2019-08-23,152.0,0.8,4.3
225,2019-08-24,83.0,3.5,3.9
225,2019-08-25,65.0,3.4,4.1
225,2019-08-26,72.0,3.8,4.3
225,2019-08-27,58.0,2.0,3.4
225,2019-08-28,219.0,5.0,5.4
225,2019-08-29,244.0,6.0,6.5
225,2019-08-30,202.0,5.4,6.0
225,2019-08-31,239.0,2.0,4.4
225,2019-09-01,287.0,6.7,7.2
225,2019-09-02,256.0,7.9,8.8
225,2019-09-03,250.0,8.6,9.1
225,2019-09-04,235.0,8.7,10.7
225,2019-09-05,305.0,10.4,11.4
225,2019-09-06,246.0,10.4,11.3
225,2019-09-07,343.0,6.5,7.4
225,2019-09-08,5.0,3.8,5.0
225,2019-09-09,244.0,2.9,4.2
225,2019-09-10,232.0,2.4,3.7
225,2019-09-11,233.0,9.3,10.4
225,2019-09-12,237.0,7.5,7.8
225,2019-09-13,339.0,4.4,6.2
225,2019-09-14,138.0,0.8,2.7
225,2019-09-15,269.0,5.0,6.5
225,2019-09-16,346.0,3.3,4.5
225,2019-09-17,326.0,8.7,9.3
225,2019-09-18,3.0,5.6,6.0
225,2019-09-19,36.0,1.3,2.7
225,2019-09-20,103.0,4.2,4.8
225,2019-09-21,99.0,5.9,5.9
225,2019-09-22,169.0,3.4,5.8
225,2019-09-23,199.0,5.4,6.2
225,2019-09-24,157.0,6.5,6.5
225,2019-09-25,188.0,7.0,7.6
225,2019-09-26,207.0,10.2,10.8
225,2019-09-27,219.0,12.6,13.3
225,2019-09-28,238.0,13.6,13.8
225,2019-09-29,225.0,10.5,13.1
225,2019-09-30,277.0,6.8,9.3
225,2019-10-01,263.0,2.8,9.3
225,2019-10-02,325.0,9.8,10.6
225,2019-10-03,290.0,4.3,6.5
225,2019-10-04,67.0,2.0,6.4
225,2019-10-05,93.0,3.8,4.1
225,2019-10-06,95.0,8.8,9.1
225,2019-10-07,138.0,5.2,7.0
225,2019-10-08,247.0,10.9,11.3
225,2019-10-09,242.0,10.4,11.4
225,2019-10-10,244.0,12.0,12.7
225,2019-10-11,215.0,15.8,16.0
225,2019-10-12,230.0,4.2,5.9
225,2019-10-13,204.0,6.3,8.7
225,2019-10-14,110.0,2.6,5.9
225,2019-10-15,208.0,7.3,7.4
225,2019-10-16,188.0,6.3,7.2
225,2019-10-17,201.0,4.4,6.0
225,2019-10-18,199.0,10.7,11.7
225,2019-10-19,196.0,8.2,8.5
225,2019-10-20,69.0,1.1,4.4
225,2019-10-21,108.0,2.5,6.1
225,2019-10-22,202.0,1.6,3.8
225,2019-10-23,96.0,4.0,4.4
225,2019-10-24,211.0,6.8,7.9
225,2019-10-25,207.0,11.7,12.3
225,2019-10-26,218.0,13.3,15.0
225,2019-10-27,292.0,9.5,9.7
225,2019-10-28,345.0,4.5,5.5
225,2019-10-29,71.0,4.6,4.8
225,2019-10-30,86.0,5.9,5.9
225,2019-10-31,93.0,5.4,5.5
225,2019-11-01,158.0,5.3,5.7
225,2019-11-02,199.0,12.5,12.9
225,2019-11-03,168.0,4.3,4.7
225,2019-11-04,169.0,4.9,5.2
225,2019-11-05,200.0,2.2,4.8
225,2019-11-06,47.0,2.5,3.7
225,2019-11-07,168.0,5.0,6.7
225,2019-11-08,178.0,5.6,6.0
225,2019-11-09,237.0,9.3,10.5
225,2019-11-10,186.0,4.3,4.6
225,2019-11-11,213.0,6.7,9.8
225,2019-11-12,197.0,10.2,11.3
225,2019-11-13,259.0,4.9,7.4
225,2019-11-14,111.0,4.8,5.1
225,2019-11-15,70.0,6.9,7.2
225,2019-11-16,184.0,5.2,5.5
225,2019-11-17,109.0,2.1,4.0
225,2019-11-18,345.0,6.8,7.8
225,2019-11-19,300.0,4.0,6.5
225,2019-11-20,121.0,3.5,4.1
225,2019-11-21,100.0,5.6,5.8
225,2019-11-22,131.0,5.3,5.7
225,2019-11-23,90.0,8.4,8.5
225,2019-11-24,151.0,2.5,3.8
225,2019-11-25,137.0,4.3,4.3
225,2019-11-26,164.0,6.1,6.2
225,2019-11-27,180.0,6.4,7.9
225,2019-11-28,281.0,7.9,10.8
225,2019-11-29,332.0,7.8,8.0
225,2019-11-30,101.0,0.9,2.5
225,2019-12-01,59.0,2.9,3.5
225,2019-12-02,323.0,7.3,7.7
225,2019-12-03,223.0,7.2,7.8
225,2019-12-04,185.0,4.5,5.0
225,2019-12-05,207.0,9.2,9.5
225,2019-12-06,219.0,14.6,15.8
225,2019-12-07,249.0,9.6,10.5
225,2019-12-08,229.0,15.7,16.3
225,2019-12-09,309.0,7.1,12.0
225,2019-12-10,198.0,9.6,11.4
225,2019-12-11,214.0,6.8,8.0
225,2019-12-12,187.0,6.6,9.1
225,2019-12-13,219.0,5.0,8.0
225,2019-12-14,251.0,13.0,14.0
225,2019-12-15,225.0,13.0,14.3
225,2019-12-16,176.0,5.7,6.3
225,2019-12-17,206.0,3.3,7.0
225,2019-12-18,183.0,5.5,6.7
225,2019-12-19,150.0,7.5,7.6
225,2019-12-20,186.0,9.0,10.4
225,2019-12-21,170.0,7.2,7.7
225,2019-12-22,233.0,4.1,7.5
225,2019-12-23,257.0,8.7,8.8
225,2019-12-24,235.0,6.8,8.5
225,2019-12-25,306.0,5.4,5.9
225,2019-12-26,139.0,3.8,4.3
225,2019-12-27,86.0,6.2,6.3
225,2019-12-28,141.0,3.4,3.5
225,2019-12-29,176.0,5.7,5.8
225,2019-12-30,218.0,8.7,9.3
225,2019-12-31,42.0,1.9,3.5
225,2020-01-01,177.0,3.9,4.5
225,2020-01-02,187.0,8.0,8.1
225,2020-01-03,254.0,6.8,10.9
225,2020-01-04,282.0,9.1,9.3
225,2020-01-05,229.0,6.5,6.7
225,2020-01-06,207.0,9.1,9.5
225,2020-01-07,210.0,8.5,9.4
225,2020-01-08,218.0,7.6,7.9
225,2020-01-09,199.0,9.9,10.2
225,2020-01-10,293.0,4.5,6.8
225,2020-01-11,208.0,13.3,13.4
225,2020-01-12,222.0,11.5,12.2
225,2020-01-13,186.0,9.6,9.9
225,2020-01-14,200.0,15.0,15.1
225,2020-01-15,211.0,13.1,13.8
225,2020-01-16,172.0,7.4,8.0
225,2020-01-17,218.0,8.1,10.0
225,2020-01-18,287.0,8.2,9.5
225,2020-01-19,356.0,7.4,7.7
225,2020-01-20,237.0,3.8,4.3
225,2020-01-21,212.0,5.9,6.6
225,2020-01-22,283.0,1.9,2.4
225,2020-01-23,171.0,2.2,2.4
225,2020-01-24,190.0,5.2,5.5
225,2020-01-25,168.0,4.9,5.0
225,2020-01-26,178.0,6.1,6.5
225,2020-01-27,201.0,8.7,9.2
225,2020-01-28,254.0,12.6,13.4
225,2020-01-29,261.0,12.3,12.9
225,2020-01-30,216.0,11.0,11.3
225,2020-01-31,219.0,12.2,12.4
225,2020-02-01,229.0,12.2,12.5
225,2020-02-02,237.0,7.2,8.1
225,2020-02-03,251.0,9.6,10.3
225,2020-02-04,299.0,10.0,11.5
225,2020-02-05,294.0,3.1,4.5
225,2020-02-06,264.0,3.2,3.8
225,2020-02-07,136.0,4.9,5.0
225,2020-02-08,187.0,7.5,7.9
225,2020-02-09,208.0,18.6,19.3
225,2020-02-10,254.0,17.0,17.5
225,2020-02-11,263.0,19.4,19.5
225,2020-02-12,260.0,13.6,13.9
225,2020-02-13,200.0,6.2,8.5
225,2020-02-14,231.0,5.0,8.1
225,2020-02-15,193.0,13.4,13.5
225,2020-02-16,214.0,15.2,16.1
225,2020-02-17,228.0,14.6,15.0
225,2020-02-18,241.0,13.4,14.0
225,2020-02-19,258.0,10.5,12.2
225,2020-02-20,228.0,12.3,15.2
225,2020-02-21,237.0,13.1,14.1
225,2020-02-22,228.0,15.2,15.5
225,2020-02-23,266.0,11.4,13.0
225,2020-02-24,225.0,10.1,11.7
225,2020-02-25,254.0,10.8,11.4
225,2020-02-26,300.0,9.2,9.7
225,2020-02-27,282.0,3.7,7.8
225,2020-02-28,211.0,8.5,11.0
225,2020-02-29,209.0,14.7,15.6
225,2020-03-01,212.0,14.8,14.9
225,2020-03-02,224.0,2.8,6.4
225,2020-03-03,235.0,6.9,7.3
225,2020-03-04,251.0,3.4,4.7
225,2020-03-05,74.0,6.9,7.4
225,2020-03-06,358.0,7.5,7.8
225,2020-03-07,227.0,7.7,9.3
225,2020-03-08,207.0,12.8,13.0
225,2020-03-09,235.0,9.0,9.7
225,2020-03-10,226.0,13.2,13.7
225,2020-03-11,225.0,9.4,9.6
225,2020-03-12,242.0,15.3,15.8
225,2020-03-13,270.0,7.8,9.3
225,2020-03-14,166.0,6.1,6.6
225,2020-03-15,198.0,9.3,9.5
225,2020-03-16,260.0,3.7,4.0
225,2020-03-17,214.0,10.3,10.3
225,2020-03-18,221.0,9.1,9.3
225,2020-03-19,43.0,5.3,5.8
225,2020-03-20,44.0,7.9,7.9
225,2020-03-21,78.0,10.4,10.5
225,2020-03-22,90.0,8.5,8.6
225,2020-03-23,120.0,6.1,6.1
225,2020-03-24,138.0,4.7,4.8
225,2020-03-25,92.0,5.2,5.6
225,2020-03-26,77.0,7.3,7.3
225,2020-03-27,50.0,8.9,9.0
225,2020-03-28,26.0,10.8,11.2
225,2020-03-29,30.0,12.4,12.5
225,2020-03-30,357.0,5.6,6.2
225,2020-03-31,49.0,5.6,6.3
225,2020-04-01,272.0,2.6,3.0
225,2020-04-02,244.0,7.9,8.2
225,2020-04-03,289.0,3.2,4.3
225,2020-04-04,179.0,3.1,4.4
225,2020-04-05,135.0,5.7,5.8
225,2020-04-06,202.0,5.2,6.5
225,2020-04-07,86.0,3.6,4.5
225,2020-04-08,43.0,3.4,4.4
225,2020-04-09,40.0,4.2,5.1
225,2020-04-10,84.0,6.1,6.1
225,2020-04-11,60.0,1.6,3.1
225,2020-04-12,240.0,0.6,3.8
225,2020-04-13,20.0,10.5,10.8
225,2020-04-14,1.0,4.4,5.0
225,2020-04-15,250.0,0.3,3.5
225,2020-04-16,74.0,6.9,7.0
225,2020-04-17,61.0,8.3,8.5
225,2020-04-18,53.0,5.3,6.1
225,2020-04-19,66.0,9.5,9.6
225,2020-04-20,78.0,11.5,11.5
225,2020-04-21,80.0,11.3,11.4
225,2020-04-22,80.0,9.3,9.4
225,2020-04-23,59.0,4.3,5.1
225,2020-04-24,6.0,6.0,6.2
225,2020-04-25,10.0,4.9,5.4
225,2020-04-26,314.0,1.1,2.4
225,2020-04-27,269.0,0.8,4.4
225,2020-04-28,50.0,7.0,7.1
225,2020-04-29,204.0,2.5,4.7
225,2020-04-30,213.0,8.0,8.9
225,2020-05-01,241.0,10.1,10.8
225,2020-05-02,274.0,7.9,8.1
225,2020-05-03,11.0,2.4,4.1
225,2020-05-04,43.0,6.1,6.8
225,2020-05-05,53.0,6.2,6.7
225,2020-05-06,38.0,4.6,5.9
225,2020-05-07,41.0,1.5,2.8
225,2020-05-08,327.0,0.8,3.0
225,2020-05-09,56.0,4.3,5.1
225,2020-05-10,28.0,9.4,10.1
225,2020-05-11,22.0,11.4,11.6
225,2020-05-12,292.0,5.7,6.7
225,2020-05-13,5.0,6.9,8.8
225,2020-05-14,16.0,6.4,6.8
225,2020-05-15,294.0,2.5,4.3
225,2020-05-16,261.0,6.2,6.7
225,2020-05-17,239.0,5.1,5.4
225,2020-05-18,229.0,6.0,6.1
225,2020-05-19,270.0,2.5,3.0
225,2020-05-20,33.0,1.3,2.9
225,2020-05-21,78.0,1.0,3.2
225,2020-05-22,212.0,9.2,9.8
225,2020-05-23,237.0,12.0,12.2
225,2020-05-24,268.0,9.9,10.2
225,2020-05-25,334.0,4.2,4.4
225,2020-05-26,313.0,1.4,3.6
225,2020-05-27,12.0,6.2,6.9
225,2020-05-28,41.0,6.5,7.4
225,2020-05-29,69.0,6.3,6.5
225,2020-05-30,69.0,7.1,7.4
225,2020-05-31,73.0,8.2,8.4
225,2020-06-01,70.0,6.1,6.3
225,2020-06-02,358.0,2.5,4.6
225,2020-06-03,349.0,7.0,7.3
225,2020-06-04,331.0,8.8,9.5
225,2020-06-05,261.0,7.2,9.9
225,2020-06-06,235.0,13.8,14.3
225,2020-06-07,268.0,9.5,9.8
225,2020-06-08,358.0,7.0,7.5
225,2020-06-09,7.0,4.8,5.3
225,2020-06-10,60.0,3.5,4.3
225,2020-06-11,66.0,6.1,6.4
225,2020-06-12,90.0,3.9,6.5
225,2020-06-13,31.0,2.6,4.3
225,2020-06-14,291.0,1.8,3.3
225,2020-06-15,258.0,2.2,3.0
225,2020-06-16,51.0,1.6,2.6
225,2020-06-17,39.0,4.8,5.8
225,2020-06-18,199.0,1.5,4.7
225,2020-06-19,234.0,4.8,5.2
225,2020-06-20,242.0,4.2,5.0
225,2020-06-21,211.0,5.5,7.0
225,2020-06-22,264.0,3.1,4.0
225,2020-06-23,112.0,0.3,4.2
225,2020-06-24,83.0,5.8,5.9
225,2020-06-25,89.0,6.2,6.3
225,2020-06-26,154.0,3.3,4.6
225,2020-06-27,218.0,7.4,7.6
225,2020-06-28,228.0,14.6,14.7
225,2020-06-29,231.0,14.6,14.7
225,2020-06-30,246.0,11.6,11.7
225,2020-07-01,234.0,10.2,10.2
225,2020-07-02,247.0,8.6,8.7
225,2020-07-03,236.0,10.8,11.4
225,2020-07-04,227.0,16.2,16.2
225,2020-07-05,232.0,15.8,16.0
225,2020-07-06,280.0,11.4,11.7
225,2020-07-07,257.0,4.5,5.3
225,2020-07-08,98.0,0.8,3.5
225,2020-07-09,237.0,8.9,9.4
225,2020-07-10,347.0,5.5,6.7
225,2020-07-11,303.0,4.0,4.7
225,2020-07-12,351.0,2.8,3.6
225,2020-07-13,216.0,3.4,4.3
225,2020-07-14,308.0,3.5,4.3
225,2020-07-15,282.0,3.6,4.2
225,2020-07-16,314.0,5.3,5.8
225,2020-07-17,252.0,2.2,3.0
225,2020-07-18,221.0,2.9,4.1
225,2020-07-19,309.0,2.4,5.9
225,2020-07-20,326.0,5.6,5.8
225,2020-07-21,313.0,5.2,5.5
225,2020-07-22,346.0,2.5,3.4
225,2020-07-23,212.0,7.2,7.7
225,2020-07-24,264.0,4.9,5.6
225,2020-07-25,218.0,9.8,10.2
225,2020-07-26,237.0,9.9,10.3
225,2020-07-27,200.0,6.9,8.3
225,2020-07-28,265.0,9.8,10.3
225,2020-07-29,271.0,6.5,7.0
225,2020-07-30,133.0,0.7,3.8
225,2020-07-31,104.0,5.1,5.4
225,2020-08-01,232.0,4.8,5.5
225,2020-08-02,268.0,4.2,5.3
225,2020-08-03,313.0,1.7,4.6
225,2020-08-04,250.0,2.6,5.1
225,2020-08-05,210.0,6.6,6.9
225,2020-08-06,261.0,0.3,4.3
225,2020-08-07,62.0,2.3,3.7
225,2020-08-08,57.0,2.6,3.7
225,2020-08-09,69.0,6.8,6.8
225,2020-08-10,79.0,6.4,6.4
225,2020-08-11,86.0,4.8,5.2
225,2020-08-12,42.0,2.6,3.9
225,2020-08-13,69.0,2.1,3.9
225,2020-08-14,289.0,2.1,4.3
225,2020-08-15,256.0,1.1,4.0
225,2020-08-16,91.0,2.9,4.5
225,2020-08-17,161.0,1.1,3.3
225,2020-08-18,225.0,5.8,6.5
225,2020-08-19,168.0,5.2,5.4
225,2020-08-20,174.0,4.0,5.3
225,2020-08-21,225.0,10.2,11.2
225,2020-08-22,233.0,14.5,14.5
225,2020-08-23,262.0,9.9,10.2
225,2020-08-24,266.0,7.1,7.9
225,2020-08-25,201.0,9.7,11.3
225,2020-08-26,270.0,15.8,17.0
225,2020-08-27,126.0,2.1,3.7
225,2020-08-28,221.0,7.2,8.5
225,2020-08-29,261.0,6.5,7.5
225,2020-08-30,10.0,10.9,11.1
225,2020-08-31,22.0,4.6,5.0
225,2020-09-01,36.0,1.4,2.4
225,2020-09-02,252.0,0.6,2.7
225,2020-09-03,218.0,9.4,10.5
225,2020-09-04,258.0,7.5,7.8
225,2020-09-05,280.0,8.4,8.6
225,2020-09-06,276.0,6.7,7.0
225,2020-09-07,229.0,8.3,8.7
225,2020-09-08,233.0,8.1,8.5
225,2020-09-09,270.0,5.7,8.4
225,2020-09-10,317.0,2.7,3.4
225,2020-09-11,235.0,5.1,5.5
225,2020-09-12,251.0,8.3,8.6
225,2020-09-13,214.0,8.1,8.3
225,2020-09-14,99.0,2.8,3.8
225,2020-09-15,61.0,1.5,2.8
225,2020-09-16,19.0,7.2,7.5
225,2020-09-17,67.0,7.5,7.8
225,2020-09-18,77.0,8.5,8.6
225,2020-09-19,73.0,8.2,8.3
225,2020-09-20,63.0,7.1,7.3
225,2020-09-21,45.0,3.4,4.3
225,2020-09-22,203.0,2.6,3.1
225,2020-09-23,198.0,8.2,8.5
225,2020-09-24,212.0,9.1,10.8
225,2020-09-25,188.0,6.8,9.4
225,2020-09-26,7.0,7.7,8.1
225,2020-09-27,24.0,6.7,7.4
225,2020-09-28,356.0,3.7,5.0
225,2020-09-29,280.0,2.5,4.4
225,2020-09-30,173.0,5.2,5.5
225,2020-10-01,166.0,5.2,6.5
225,2020-10-02,83.0,8.2,8.4
225,2020-10-03,120.0,4.8,6.9
225,2020-10-04,169.0,7.8,8.3
225,2020-10-05,184.0,7.3,8.9
225,2020-10-06,243.0,8.7,10.4
225,2020-10-07,275.0,10.6,10.9
225,2020-10-08,240.0,7.4,11.4
225,2020-10-09,257.0,6.6,7.8
225,2020-10-10,278.0,7.6,9.2
225,2020-10-11,323.0,8.7,9.1
225,2020-10-12,269.0,3.0,6.4
225,2020-10-13,115.0,4.8,5.7
225,2020-10-14,44.0,6.8,7.0
225,2020-10-15,39.0,5.9,6.0
225,2020-10-16,53.0,3.3,3.7
225,2020-10-17,188.0,1.5,2.1
225,2020-10-18,326.0,4.2,4.6
225,2020-10-19,153.0,3.3,3.7
225,2020-10-20,175.0,6.6,7.0
225,2020-10-21,200.0,8.9,10.4
225,2020-10-22,218.0,10.5,10.9
225,2020-10-23,213.0,6.7,7.1
225,2020-10-24,201.0,11.2,11.9
225,2020-10-25,197.0,10.2,10.5
225,2020-10-26,206.0,10.5,11.2
225,2020-10-27,202.0,9.9,11.1
225,2020-10-28,217.0,11.9,13.1
225,2020-10-29,240.0,10.7,12.2
225,2020-10-30,221.0,11.4,11.4
225,2020-10-31,201.0,8.0,9.2
225,2020-11-01,200.0,11.0,11.5
225,2020-11-02,223.0,14.8,15.5
225,2020-11-03,241.0,10.9,12.4
225,2020-11-04,280.0,6.1,6.4
225,2020-11-05,262.0,3.5,4.1
225,2020-11-06,108.0,3.4,3.8
225,2020-11-07,112.0,3.4,3.6
225,2020-11-08,112.0,3.6,3.7
225,2020-11-09,134.0,3.2,3.3
225,2020-11-10,164.0,1.7,2.6
225,2020-11-11,162.0,4.5,4.8
225,2020-11-12,214.0,6.9,8.6
225,2020-11-13,194.0,5.8,6.8
225,2020-11-14,174.0,7.0,7.1
225,2020-11-15,193.0,11.7,12.6
225,2020-11-16,245.0,12.2,12.6
225,2020-11-17,219.0,12.3,12.4
225,2020-11-18,205.0,9.9,11.0
225,2020-11-19,297.0,10.0,12.4
225,2020-11-20,241.0,5.6,8.6
225,2020-11-21,232.0,12.3,12.9
225,2020-11-22,274.0,8.7,8.9
225,2020-11-23,238.0,6.0,7.8
225,2020-11-24,178.0,6.3,6.5
225,2020-11-25,185.0,6.2,6.6
225,2020-11-26,352.0,0.7,2.8
225,2020-11-27,93.0,3.2,3.3
225,2020-11-28,89.0,6.6,6.6
225,2020-11-29,109.0,3.6,3.9
225,2020-11-30,240.0,5.1,8.8
225,2020-12-01,360.0,10.5,11.1
225,2020-12-02,149.0,2.9,3.8
225,2020-12-03,170.0,6.5,7.3
225,2020-12-04,157.0,8.1,8.5
225,2020-12-05,143.0,3.4,3.7
225,2020-12-06,54.0,3.3,4.1
225,2020-12-07,262.0,3.8,7.3
225,2020-12-08,131.0,2.5,2.9
225,2020-12-09,158.0,4.7,4.8
225,2020-12-10,133.0,4.7,4.8
225,2020-12-11,129.0,6.1,6.1
225,2020-12-12,82.0,1.5,2.8
225,2020-12-13,172.0,5.6,5.9
225,2020-12-14,180.0,8.1,8.4
225,2020-12-15,190.0,6.0,6.3
225,2020-12-16,152.0,5.5,5.6
225,2020-12-17,207.0,9.7,9.9
225,2020-12-18,176.0,8.1,8.2
225,2020-12-19,174.0,8.4,8.8
225,2020-12-20,200.0,9.0,9.3
225,2020-12-21,185.0,8.3,9.0
225,2020-12-22,231.0,5.5,6.5
225,2020-12-23,198.0,3.2,4.6
225,2020-12-24,17.0,8.4,9.0
225,2020-12-25,352.0,6.5,7.3
225,2020-12-26,220.0,13.1,14.2
225,2020-12-27,196.0,13.3,13.7
225,2020-12-28,140.0,3.2,3.6
225,2020-12-29,263.0,2.3,3.8
225,2020-12-30,251.0,6.0,7.0
225,2020-12-31,228.0,1.0,3.0
225,2021-01-01,268.0,3.0,3.8
225,2021-01-02,200.0,0.8,2.7
225,2021-01-03,58.0,6.5,6.9
225,2021-01-04,51.0,10.0,10.1
225,2021-01-05,61.0,8.5,8.5
225,2021-01-06,38.0,4.4,4.8
225,2021-01-07,341.0,7.5,7.8
225,2021-01-08,9.0,2.5,2.9
225,2021-01-09,331.0,4.8,5.1
225,2021-01-10,256.0,7.4,7.6
225,2021-01-11,240.0,12.1,12.2
225,2021-01-12,310.0,8.1,9.6
225,2021-01-13,300.0,8.8,9.9
225,2021-01-14,77.0,5.7,6.1
225,2021-01-15,16.0,1.4,3.1
225,2021-01-16,185.0,7.2,7.8
225,2021-01-17,294.0,5.6,6.6
225,2021-01-18,243.0,8.7,9.0
225,2021-01-19,217.0,13.8,14.4
225,2021-01-20,195.0,14.4,14.6
225,2021-01-21,210.0,13.9,14.8
225,2021-01-22,243.0,9.1,9.8
225,2021-01-23,239.0,4.3,6.4
225,2021-01-24,286.0,1.6,4.9
225,2021-01-25,277.0,6.1,7.5
225,2021-01-26,268.0,6.6,9.3
225,2021-01-27,237.0,5.7,7.6
225,2021-01-28,96.0,4.6,4.8
225,2021-01-29,269.0,5.6,9.5
225,2021-01-30,78.0,8.5,8.7
225,2021-01-31,83.0,7.0,7.2
225,2021-02-01,70.0,3.7,4.8
225,2021-02-02,154.0,3.7,5.9
225,2021-02-03,222.0,6.9,7.5
225,2021-02-04,224.0,2.3,5.3
225,2021-02-05,100.0,3.8,3.9
225,2021-02-06,78.0,11.7,11.8
225,2021-02-07,67.0,15.0,15.1
225,2021-02-08,72.0,11.5,11.6
225,2021-02-09,65.0,7.1,7.3
225,2021-02-10,59.0,5.2,5.5
225,2021-02-11,105.0,2.9,3.3
225,2021-02-12,86.0,8.0,8.0
225,2021-02-13,102.0,5.3,5.4
225,2021-02-14,140.0,7.1,7.2
225,2021-02-15,188.0,7.8,8.5
225,2021-02-16,196.0,8.1,8.7
225,2021-02-17,204.0,9.7,10.0
225,2021-02-18,180.0,7.6,8.8
225,2021-02-19,184.0,7.7,8.2
225,2021-02-20,157.0,7.8,7.9
225,2021-02-21,158.0,4.3,4.8
225,2021-02-22,182.0,5.7,6.0
225,2021-02-23,196.0,7.2,7.4
225,2021-02-24,192.0,8.9,9.0
225,2021-02-25,208.0,4.1,5.1
225,2021-02-26,306.0,3.5,3.8
225,2021-02-27,325.0,1.2,1.9
225,2021-02-28,53.0,2.7,3.3
225,2021-03-01,85.0,7.0,7.1
225,2021-03-02,88.0,5.0,5.1
225,2021-03-03,307.0,2.5,2.9
225,2021-03-04,16.0,5.3,5.6
225,2021-03-05,27.0,4.9,5.3
225,2021-03-06,24.0,2.5,2.9
225,2021-03-07,314.0,3.8,4.1
225,2021-03-08,246.0,5.9,6.7
225,2021-03-09,305.0,3.5,4.9
225,2021-03-10,192.0,10.5,10.8
225,2021-03-11,225.0,15.5,16.1
225,2021-03-12,225.0,12.9,13.3
225,2021-03-13,242.0,13.9,15.3
225,2021-03-14,277.0,8.7,8.8
225,2021-03-15,320.0,9.4,9.5
225,2021-03-16,311.0,3.7,4.8
225,2021-03-17,5.0,7.0,7.2
225,2021-03-18,360.0,5.0,5.6
225,2021-03-19,21.0,6.2,6.4
225,2021-03-20,274.0,3.1,4.5
225,2021-03-21,345.0,7.8,8.3
225,2021-03-22,320.0,2.3,4.4
225,2021-03-23,206.0,5.0,5.3
225,2021-03-24,207.0,5.4,5.7
225,2021-03-25,208.0,6.4,6.5
225,2021-03-26,207.0,8.4,9.0
225,2021-03-27,249.0,11.0,11.7
225,2021-03-28,214.0,13.8,13.8
225,2021-03-29,209.0,9.5,9.5
225,2021-03-30,178.0,1.4,4.0
225,2021-03-31,192.0,1.3,2.5
225,2021-04-01,15.0,6.7,7.1
225,2021-04-02,4.0,8.4,8.7
225,2021-04-03,7.0,8.6,8.7
225,2021-04-04,255.0,5.1,7.5
225,2021-04-05,316.0,14.2,15.1
225,2021-04-06,323.0,12.0,12.3
225,2021-04-07,310.0,13.3,13.7
225,2021-04-08,236.0,9.1,10.1
225,2021-04-09,248.0,4.8,7.5
225,2021-04-10,50.0,8.3,8.6
225,2021-04-11,354.0,7.5,8.7
225,2021-04-12,295.0,7.1,7.5
225,2021-04-13,294.0,4.2,4.7
225,2021-04-14,10.0,5.4,5.8
225,2021-04-15,39.0,5.3,5.7
225,2021-04-16,12.0,5.7,5.9
225,2021-04-17,3.0,6.5,6.7
225,2021-04-18,354.0,3.2,3.6
225,2021-04-19,33.0,3.3,3.9
225,2021-04-20,22.0,2.6,3.8
225,2021-04-21,10.0,7.6,7.8
225,2021-04-22,6.0,5.5,5.8
225,2021-04-23,359.0,3.7,4.2
225,2021-04-24,47.0,5.3,5.9
225,2021-04-25,19.0,6.8,7.1
225,2021-04-26,40.0,5.4,5.9
225,2021-04-27,82.0,6.2,6.3
225,2021-04-28,56.0,7.2,7.5
225,2021-04-29,337.0,8.6,9.7
225,2021-04-30,334.0,4.4,4.8
225,2021-05-01,309.0,5.2,6.1
225,2021-05-02,301.0,5.7,6.8
225,2021-05-03,218.0,9.6,9.8
225,2021-05-04,245.0,15.6,16.9
225,2021-05-05,280.0,11.0,11.4
225,2021-05-06,276.0,4.2,5.1
225,2021-05-07,263.0,5.0,6.1
225,2021-05-08,169.0,6.4,7.0
225,2021-05-09,177.0,4.7,5.5
225,2021-05-10,196.0,4.5,5.5
225,2021-05-11,49.0,1.4,3.1
225,2021-05-12,228.0,2.6,4.3
225,2021-05-13,61.0,4.0,4.7
225,2021-05-14,5.0,3.8,4.2
225,2021-05-15,356.0,1.5,2.1
225,2021-05-16,233.0,5.1,5.5
225,2021-05-17,279.0,2.1,4.4
225,2021-05-18,258.0,3.8,4.3
225,2021-05-19,263.0,4.2,5.1
225,2021-05-20,211.0,5.4,6.6
225,2021-05-21,218.0,18.5,18.5
225,2021-05-22,254.0,10.6,11.5
225,2021-05-23,212.0,5.6,6.6
225,2021-05-24,191.0,5.6,6.0
225,2021-05-25,252.0,8.2,8.9
225,2021-05-26,275.0,8.7,9.3
225,2021-05-27,319.0,8.1,9.1
225,2021-05-28,16.0,2.8,3.8
225,2021-05-29,19.0,4.9,5.8
225,2021-05-30,49.0,5.1,5.9
225,2021-05-31,68.0,5.0,5.5
225,2021-06-01,82.0,6.2,6.3
225,2021-06-02,78.0,6.6,6.6
225,2021-06-03,214.0,4.3,4.5
225,2021-06-04,355.0,3.0,4.5
225,2021-06-05,332.0,6.3,6.7
225,2021-06-06,343.0,4.8,5.3
225,2021-06-07,9.0,4.0,4.6
225,2021-06-08,20.0,1.9,3.1
225,2021-06-09,237.0,1.9,2.6
225,2021-06-10,227.0,3.6,3.9
225,2021-06-11,220.0,6.6,6.7
225,2021-06-12,310.0,5.4,5.9
225,2021-06-13,307.0,1.6,2.5
225,2021-06-14,269.0,0.8,4.6
225,2021-06-15,15.0,5.0,5.7
225,2021-06-16,82.0,2.1,3.8
225,2021-06-17,192.0,0.8,4.7
225,2021-06-18,92.0,3.5,5.6
225,2021-06-19,256.0,3.1,7.0
225,2021-06-20,12.0,5.1,5.8
225,2021-06-21,31.0,7.3,7.4
225,2021-06-22,17.0,7.7,7.9
225,2021-06-23,21.0,5.5,5.6
225,2021-06-24,338.0,2.6,3.8
225,2021-06-25,211.0,5.6,6.1
225,2021-06-26,39.0,3.3,4.7
225,2021-06-27,66.0,7.0,8.0
225,2021-06-28,40.0,3.3,4.6
225,2021-06-29,10.0,6.5,6.6
225,2021-06-30,337.0,6.5,7.3
225,2021-07-01,275.0,7.5,7.8
225,2021-07-02,293.0,2.5,3.6
225,2021-07-03,132.0,1.9,3.7
225,2021-07-04,231.0,2.7,3.6
225,2021-07-05,217.0,5.7,6.8
225,2021-07-06,208.0,12.0,12.8
225,2021-07-07,214.0,6.8,7.5
225,2021-07-08,231.0,3.2,3.9
225,2021-07-09,260.0,2.3,3.3
225,2021-07-10,354.0,1.5,2.6
225,2021-07-11,13.0,1.0,3.0
225,2021-07-12,62.0,3.6,4.2
225,2021-07-13,358.0,7.5,7.8
225,2021-07-14,347.0,9.8,9.9
225,2021-07-15,360.0,11.7,11.7
225,2021-07-16,358.0,7.9,8.1
225,2021-07-17,357.0,5.6,5.9
225,2021-07-18,336.0,2.7,3.9
225,2021-07-19,26.0,4.2,4.6
225,2021-07-20,37.0,2.5,3.9
225,2021-07-21,4.0,1.7,3.6
225,2021-07-22,10.0,6.1,6.3
225,2021-07-23,35.0,5.1,5.6
225,2021-07-24,85.0,3.7,5.5
225,2021-07-25,251.0,1.1,2.7
225,2021-07-26,263.0,1.7,3.4
225,2021-07-27,203.0,5.3,5.7
225,2021-07-28,219.0,11.8,12.5
225,2021-07-29,237.0,13.0,13.1
225,2021-07-30,212.0,8.7,9.4
225,2021-07-31,260.0,10.4,10.6
225,2021-08-01,304.0,4.9,5.7
225,2021-08-02,319.0,4.4,4.5
225,2021-08-03,45.0,2.9,3.6
225,2021-08-04,73.0,3.1,3.7
225,2021-08-05,97.0,0.7,2.7
225,2021-08-06,211.0,10.7,11.3
225,2021-08-07,191.0,6.5,7.0
225,2021-08-08,229.0,14.4,14.6
225,2021-08-09,222.0,11.1,11.5
225,2021-08-10,243.0,7.2,7.4
225,2021-08-11,214.0,4.7,5.3
225,2021-08-12,214.0,4.7,5.1
225,2021-08-13,236.0,8.9,9.0
225,2021-08-14,230.0,7.6,7.8
225,2021-08-15,231.0,8.1,8.2
225,2021-08-16,297.0,11.8,12.0
225,2021-08-17,279.0,8.8,9.3
225,2021-08-18,265.0,7.8,8.1
225,2021-08-19,258.0,6.8,7.1
225,2021-08-20,248.0,5.2,5.3
225,2021-08-21,125.0,1.9,3.0
225,2021-08-22,353.0,5.5,6.1
225,2021-08-23,29.0,7.7,7.8
225,2021-08-24,26.0,5.7,6.1
225,2021-08-25,347.0,5.8,6.4
225,2021-08-26,356.0,7.9,8.5
225,2021-08-27,3.0,8.8,9.1
225,2021-08-28,21.0,9.1,9.2
225,2021-08-29,4.0,8.8,9.1
225,2021-08-30,12.0,8.3,8.5
225,2021-08-31,12.0,6.9,7.0
225,2021-09-01,19.0,4.5,4.8
225,2021-09-02,32.0,3.9,4.3
225,2021-09-03,62.0,5.6,5.8
225,2021-09-04,71.0,6.5,6.6
225,2021-09-05,81.0,5.1,5.1
225,2021-09-06,56.0,1.1,2.3
225,2021-09-07,120.0,1.2,3.0
225,2021-09-08,92.0,4.5,4.5
225,2021-09-09,187.0,2.7,4.0
225,2021-09-10,206.0,5.0,5.3
225,2021-09-11,235.0,8.6,8.7
225,2021-09-12,289.0,4.1,5.3
225,2021-09-13,75.0,3.9,4.4
225,2021-09-14,94.0,5.2,5.5
225,2021-09-15,292.0,5.2,6.5
225,2021-09-16,283.0,5.8,6.0
225,2021-09-17,218.0,2.4,3.5
225,2021-09-18,97.0,3.0,3.5
225,2021-09-19,89.0,5.5,5.6
225,2021-09-20,83.0,4.9,5.2
225,2021-09-21,234.0,3.8,4.7
225,2021-09-22,235.0,8.0,8.1
225,2021-09-23,265.0,8.9,9.9
225,2021-09-24,233.0,9.1,9.2
225,2021-09-25,219.0,3.4,4.4
225,2021-09-26,179.0,2.8,3.6
225,2021-09-27,220.0,6.3,8.8
225,2021-09-28,193.0,5.9,6.9
225,2021-09-29,278.0,7.8,10.4
225,2021-09-30,226.0,11.2,13.0
225,2021-10-01,194.0,8.8,9.5
225,2021-10-02,173.0,6.5,7.4
225,2021-10-03,219.0,9.8,10.3
225,2021-10-04,187.0,9.0,9.6
225,2021-10-05,205.0,6.8,9.5
225,2021-10-06,299.0,8.3,9.8
225,2021-10-07,297.0,1.4,3.4
225,2021-10-08,90.0,3.9,4.0
225,2021-10-09,86.0,3.9,4.0
225,2021-10-10,328.0,2.6,3.9
225,2021-10-11,324.0,8.3,8.5
225,2021-10-12,341.0,7.7,9.0
225,2021-10-13,294.0,5.7,7.0
225,2021-10-14,261.0,10.0,10.5
225,2021-10-15,319.0,6.5,8.4
225,2021-10-16,233.0,6.0,6.8
225,2021-10-17,197.0,7.4,7.5
225,2021-10-18,168.0,5.8,5.8
225,2021-10-19,204.0,10.4,10.5
225,2021-10-20,216.0,13.1,13.5
225,2021-10-21,303.0,12.1,13.6
225,2021-10-22,289.0,12.3,13.5
225,2021-10-23,197.0,2.9,5.8
225,2021-10-24,166.0,5.3,5.4
225,2021-10-25,196.0,7.4,7.7
225,2021-10-26,223.0,9.5,10.0
225,2021-10-27,209.0,10.8,11.0
225,2021-10-28,167.0,6.9,7.0
225,2021-10-29,172.0,8.5,8.9
225,2021-10-30,180.0,5.9,7.0
225,2021-10-31,181.0,7.4,8.3
225,2021-11-01,197.0,12.0,12.3
225,2021-11-02,164.0,3.5,4.5
225,2021-11-03,168.0,1.6,2.4
225,2021-11-04,351.0,5.4,6.3
225,2021-11-05,295.0,6.4,7.6
225,2021-11-06,244.0,12.7,12.9
225,2021-11-07,292.0,12.3,12.6
225,2021-11-08,273.0,4.7,6.2
225,2021-11-09,186.0,7.3,7.4
225,2021-11-10,198.0,5.7,5.9
225,2021-11-11,196.0,5.1,5.3
225,2021-11-12,177.0,7.0,7.3
225,2021-11-13,310.0,2.9,4.4
225,2021-11-14,79.0,5.1,5.2
225,2021-11-15,70.0,4.4,4.6
225,2021-11-16,160.0,3.0,3.5
225,2021-11-17,271.0,7.4,9.1
225,2021-11-18,249.0,9.5,9.6
225,2021-11-19,260.0,7.3,7.3
225,2021-11-20,258.0,8.0,8.2
225,2021-11-21,2.0,7.6,8.3
225,2021-11-22,28.0,4.0,4.4
225,2021-11-23,352.0,3.5,4.5
225,2021-11-24,177.0,4.6,4.7
225,2021-11-25,324.0,6.4,7.6
225,2021-11-26,232.0,6.2,9.3
225,2021-11-27,233.0,2.8,4.8
225,2021-11-28,21.0,4.8,5.5
225,2021-11-29,317.0,8.8,11.2
225,2021-11-30,273.0,8.3,10.3
225,2021-12-01,274.0,11.6,15.3
225,2021-12-02,341.0,4.9,7.0
225,2021-12-03,217.0,11.8,12.5
225,2021-12-04,231.0,5.0,7.0
225,2021-12-05,125.0,3.2,4.8
225,2021-12-06,164.0,4.0,6.2
225,2021-12-07,199.0,4.3,9.1
225,2021-12-08,184.0,9.6,9.8
225,2021-12-09,177.0,7.2,7.3
225,2021-12-10,121.0,3.2,3.8
225,2021-12-11,234.0,3.6,6.0
225,2021-12-12,214.0,8.9,9.1
225,2021-12-13,209.0,8.3,8.3
225,2021-12-14,218.0,7.9,8.0
225,2021-12-15,227.0,6.6,6.7
225,2021-12-16,263.0,2.5,3.1
225,2021-12-17,41.0,2.2,2.6
225,2021-12-18,360.0,2.0,2.7
225,2021-12-19,348.0,6.4,6.9
225,2021-12-20,69.0,2.7,3.2
225,2021-12-21,129.0,2.7,2.8
225,2021-12-22,143.0,3.5,3.6
225,2021-12-23,209.0,7.7,8.6
225,2021-12-24,283.0,2.7,7.2
225,2021-12-25,83.0,10.4,10.5
225,2021-12-26,96.0,6.8,6.9
225,2021-12-27,135.0,4.5,4.6
225,2021-12-28,230.0,5.1,8.4
225,2021-12-29,230.0,5.8,7.4
225,2021-12-30,219.0,11.9,11.9
225,2021-12-31,219.0,11.5,11.6
225,2022-01-01,199.0,8.7,8.8
242,2016-12-31,231.0,8.8,8.8
242,2017-01-01,250.0,3.9,9.5
242,2017-01-02,331.0,9.0,9.8
242,2017-01-03,282.0,11.9,12.2
242,2017-01-04,335.0,13.7,14.3
242,2017-01-05,80.0,4.3,6.3
242,2017-01-06,184.0,7.2,7.3
242,2017-01-07,258.0,3.1,6.7
242,2017-01-08,308.0,1.9,3.4
242,2017-01-09,196.0,7.7,8.0
242,2017-01-10,239.0,4.5,5.6
242,2017-01-11,267.0,13.0,15.1
242,2017-01-12,265.0,8.6,11.1
242,2017-01-13,319.0,12.2,14.0
242,2017-01-14,326.0,12.1,12.7
242,2017-01-15,344.0,3.4,4.8
242,2017-01-16,122.0,1.8,2.6
242,2017-01-17,182.0,3.5,3.5
242,2017-01-18,184.0,4.1,4.2
242,2017-01-19,192.0,3.0,3.0
242,2017-01-20,152.0,0.9,1.3
242,2017-01-21,105.0,4.0,4.1
242,2017-01-22,163.0,2.0,2.8
242,2017-01-23,258.0,2.7,3.8
242,2017-01-24,161.0,2.5,4.0
242,2017-01-25,158.0,4.9,5.4
242,2017-01-26,132.0,7.2,7.3
242,2017-01-27,144.0,6.8,7.2
242,2017-01-28,164.0,6.5,7.0
242,2017-01-29,201.0,6.8,7.3
242,2017-01-30,63.0,4.4,6.0
242,2017-01-31,114.0,3.8,5.0
242,2017-02-01,145.0,9.9,10.0
242,2017-02-02,150.0,7.9,8.0
242,2017-02-03,159.0,5.1,5.9
242,2017-02-04,144.0,2.9,5.0
242,2017-02-05,58.0,1.2,2.1
242,2017-02-06,95.0,4.6,5.1
242,2017-02-07,99.0,10.3,10.4
242,2017-02-08,78.0,9.6,9.7
242,2017-02-09,80.0,7.7,7.8
242,2017-02-10,88.0,7.2,7.3
242,2017-02-11,74.0,8.7,8.8
242,2017-02-12,83.0,11.2,11.3
242,2017-02-13,85.0,9.7,9.7
242,2017-02-14,112.0,6.3,6.7
242,2017-02-15,165.0,4.9,5.6
242,2017-02-16,229.0,8.7,8.9
242,2017-02-17,294.0,5.8,6.2
242,2017-02-18,220.0,6.5,6.6
242,2017-02-19,244.0,7.2,7.7
242,2017-02-20,249.0,9.7,10.3
242,2017-02-21,250.0,7.7,8.8
242,2017-02-22,253.0,10.3,10.5
242,2017-02-23,244.0,9.3,13.4
242,2017-02-24,304.0,7.2,8.0
242,2017-02-25,213.0,11.8,11.9
242,2017-02-26,215.0,13.3,13.3
242,2017-02-27,199.0,11.5,12.2
242,2017-02-28,231.0,10.4,11.0
242,2017-03-01,231.0,6.4,6.9
242,2017-03-02,254.0,9.1,9.8
242,2017-03-03,152.0,5.6,7.0
242,2017-03-04,170.0,4.8,5.7
242,2017-03-05,182.0,8.1,9.0
242,2017-03-06,73.0,1.5,3.6
242,2017-03-07,87.0,1.1,3.5
242,2017-03-08,214.0,5.3,7.5
242,2017-03-09,276.0,6.4,8.6
242,2017-03-10,244.0,2.2,4.4
242,2017-03-11,140.0,4.9,5.0
242,2017-03-12,121.0,5.6,5.7
242,2017-03-13,270.0,2.5,4.1
242,2017-03-14,237.0,7.4,7.5
242,2017-03-15,262.0,4.6,5.1
242,2017-03-16,228.0,7.6,7.9
242,2017-03-17,257.0,10.5,11.5
242,2017-03-18,278.0,6.1,7.4
242,2017-03-19,237.0,10.8,10.9
242,2017-03-20,230.0,10.9,11.2
242,2017-03-21,243.0,9.5,10.2
242,2017-03-22,145.0,4.7,6.1
242,2017-03-23,68.0,8.8,9.0
242,2017-03-24,63.0,6.5,6.8
242,2017-03-25,35.0,4.6,4.7
242,2017-03-26,44.0,5.4,5.6
242,2017-03-27,74.0,4.4,4.9
242,2017-03-28,220.0,3.1,4.8
242,2017-03-29,231.0,8.9,9.0
242,2017-03-30,210.0,7.8,8.3
242,2017-03-31,200.0,6.7,7.7
242,2017-04-01,202.0,4.7,5.1
242,2017-04-02,294.0,2.6,4.7
242,2017-04-03,139.0,2.6,3.1
242,2017-04-04,238.0,0.5,3.5
242,2017-04-05,322.0,8.3,8.5
242,2017-04-06,313.0,6.1,7.4
242,2017-04-07,290.0,5.3,5.6
242,2017-04-08,306.0,1.6,2.3
242,2017-04-09,205.0,4.5,5.4
242,2017-04-10,313.0,8.7,8.9
242,2017-04-11,261.0,7.5,8.0
242,2017-04-12,268.0,9.9,10.0
242,2017-04-13,294.0,8.2,8.6
242,2017-04-14,250.0,7.9,8.5
242,2017-04-15,288.0,10.6,10.7
242,2017-04-16,304.0,7.7,7.8
242,2017-04-17,343.0,7.5,7.8
242,2017-04-18,45.0,5.7,6.8
242,2017-04-19,85.0,2.5,3.4
242,2017-04-20,233.0,6.7,7.1
242,2017-04-21,283.0,6.7,7.6
242,2017-04-22,326.0,10.2,10.3
242,2017-04-23,295.0,5.5,7.8
242,2017-04-24,265.0,7.4,8.4
242,2017-04-25,307.0,7.6,8.7
242,2017-04-26,357.0,5.5,5.9
242,2017-04-27,277.0,7.5,8.2
242,2017-04-28,312.0,5.7,6.0
242,2017-04-29,31.0,1.8,4.4
242,2017-04-30,111.0,10.2,10.3
242,2017-05-01,123.0,5.9,6.8
242,2017-05-02,61.0,6.8,7.5
242,2017-05-03,63.0,8.8,8.9
242,2017-05-04,64.0,10.8,10.8
242,2017-05-05,61.0,7.7,8.1
242,2017-05-06,63.0,7.0,7.5
242,2017-05-07,340.0,6.7,7.3
242,2017-05-08,16.0,8.5,9.0
242,2017-05-09,345.0,3.9,4.3
242,2017-05-10,300.0,1.8,3.5
242,2017-05-11,82.0,7.4,8.1
242,2017-05-12,170.0,4.2,5.1
242,2017-05-13,212.0,6.0,6.5
242,2017-05-14,217.0,6.0,6.7
242,2017-05-15,207.0,6.4,6.8
242,2017-05-16,218.0,8.7,8.8
242,2017-05-17,113.0,2.5,3.5
242,2017-05-18,357.0,3.1,5.8
242,2017-05-19,199.0,7.0,11.2
242,2017-05-20,217.0,7.3,7.5
242,2017-05-21,228.0,3.0,5.2
242,2017-05-22,111.0,4.4,4.8
242,2017-05-23,286.0,5.7,6.3
242,2017-05-24,296.0,4.1,4.8
242,2017-05-25,356.0,2.8,3.3
242,2017-05-26,78.0,6.0,6.3
242,2017-05-27,158.0,4.9,7.8
242,2017-05-28,254.0,5.4,5.9
242,2017-05-29,47.0,4.9,5.4
242,2017-05-30,247.0,7.9,8.0
242,2017-05-31,327.0,3.3,4.1
242,2017-06-01,86.0,1.6,2.9
242,2017-06-02,85.0,0.9,3.2
242,2017-06-03,309.0,2.0,4.8
242,2017-06-04,257.0,6.9,7.4
242,2017-06-05,212.0,8.1,9.1
242,2017-06-06,204.0,13.3,15.1
242,2017-06-07,252.0,14.5,14.8
242,2017-06-08,220.0,9.7,10.0
242,2017-06-09,232.0,5.0,6.5
242,2017-06-10,211.0,6.0,6.4
242,2017-06-11,232.0,9.1,9.5
242,2017-06-12,260.0,11.2,11.3
242,2017-06-13,280.0,5.7,5.8
242,2017-06-14,95.0,2.4,4.0
242,2017-06-15,202.0,4.0,7.6
242,2017-06-16,290.0,9.2,9.4
242,2017-06-17,283.0,4.9,5.2
242,2017-06-18,257.0,1.0,3.0
242,2017-06-19,34.0,2.6,3.0
242,2017-06-20,47.0,7.0,7.1
242,2017-06-21,98.0,5.0,5.5
242,2017-06-22,246.0,7.6,9.6
242,2017-06-23,251.0,8.9,9.5
242,2017-06-24,248.0,9.0,9.3
242,2017-06-25,271.0,6.8,7.1
242,2017-06-26,325.0,4.3,5.2
242,2017-06-27,74.0,7.4,7.5
242,2017-06-28,124.0,4.5,7.5
242,2017-06-29,219.0,5.2,5.5
242,2017-06-30,288.0,5.4,5.9
242,2017-07-01,338.0,7.4,8.9
242,2017-07-02,290.0,7.0,7.7
242,2017-07-03,249.0,7.4,9.1
242,2017-07-04,28.0,2.7,4.4
242,2017-07-05,82.0,4.8,5.5
242,2017-07-06,99.0,4.1,4.6
242,2017-07-07,294.0,3.1,4.3
242,2017-07-08,318.0,3.5,3.9
242,2017-07-09,268.0,0.3,2.6
242,2017-07-10,178.0,3.4,5.5
242,2017-07-11,249.0,6.3,6.7
242,2017-07-12,347.0,8.2,9.7
242,2017-07-13,312.0,2.5,3.4
242,2017-07-14,293.0,7.2,9.0
242,2017-07-15,250.0,5.5,7.2
242,2017-07-16,267.0,5.4,6.8
242,2017-07-17,301.0,2.9,3.5
242,2017-07-18,76.0,6.5,6.8
242,2017-07-19,106.0,5.3,7.1
242,2017-07-20,236.0,6.4,7.1
242,2017-07-21,145.0,2.8,4.4
242,2017-07-22,136.0,2.9,6.1
242,2017-07-23,235.0,5.1,5.5
242,2017-07-24,25.0,4.0,4.5
242,2017-07-25,350.0,8.8,8.9
242,2017-07-26,243.0,3.0,6.3
242,2017-07-27,251.0,8.5,8.8
242,2017-07-28,233.0,11.3,11.8
242,2017-07-29,232.0,7.6,8.5
242,2017-07-30,221.0,7.3,8.5
242,2017-07-31,227.0,7.8,8.0
242,2017-08-01,221.0,5.4,5.8
242,2017-08-02,213.0,7.2,7.7
242,2017-08-03,224.0,13.3,13.8
242,2017-08-04,252.0,11.0,11.1
242,2017-08-05,276.0,8.1,8.1
242,2017-08-06,255.0,5.6,6.4
242,2017-08-07,214.0,5.2,5.9
242,2017-08-08,66.0,3.1,5.4
242,2017-08-09,252.0,6.2,7.0
242,2017-08-10,20.0,5.6,5.8
242,2017-08-11,261.0,3.9,4.8
242,2017-08-12,281.0,7.6,7.8
242,2017-08-13,26.0,3.1,4.5
242,2017-08-14,129.0,5.9,6.1
242,2017-08-15,233.0,2.4,4.3
242,2017-08-16,190.0,3.4,4.5
242,2017-08-17,201.0,7.9,8.4
242,2017-08-18,235.0,7.5,7.9
242,2017-08-19,260.0,9.3,9.8
242,2017-08-20,280.0,9.7,9.8
242,2017-08-21,347.0,1.8,3.1
242,2017-08-22,99.0,5.6,5.9
242,2017-08-23,123.0,5.7,7.2
242,2017-08-24,262.0,7.0,7.4
242,2017-08-25,272.0,1.6,4.1
242,2017-08-26,255.0,0.3,3.7
242,2017-08-27,280.0,3.6,3.8
242,2017-08-28,125.0,1.2,2.0
242,2017-08-29,252.0,2.1,5.0
242,2017-08-30,14.0,9.2,9.7
242,2017-08-31,305.0,5.2,6.3
242,2017-09-01,337.0,1.3,2.5
242,2017-09-02,13.0,3.1,3.6
242,2017-09-03,118.0,1.9,3.0
242,2017-09-04,176.0,3.8,4.6
242,2017-09-05,215.0,7.7,8.3
242,2017-09-06,291.0,10.0,10.5
242,2017-09-07,258.0,8.1,8.8
242,2017-09-08,248.0,8.7,9.0
242,2017-09-09,238.0,4.0,4.8
242,2017-09-10,206.0,9.5,9.9
242,2017-09-11,238.0,12.1,12.7
242,2017-09-12,255.0,9.5,10.8
242,2017-09-13,252.0,15.7,17.8
242,2017-09-14,297.0,11.4,12.8
242,2017-09-15,284.0,6.7,8.3
242,2017-09-16,233.0,2.2,4.1
242,2017-09-17,217.0,3.0,3.5
242,2017-09-18,90.0,1.1,4.0
242,2017-09-19,309.0,4.5,5.0
242,2017-09-20,249.0,6.2,7.1
242,2017-09-21,174.0,6.1,6.4
242,2017-09-22,251.0,1.4,3.5
242,2017-09-23,133.0,1.6,3.0
242,2017-09-24,93.0,4.8,4.9
242,2017-09-25,86.0,4.4,4.7
242,2017-09-26,85.0,4.5,4.6
242,2017-09-27,110.0,5.7,5.8
242,2017-09-28,138.0,5.8,6.0
242,2017-09-29,163.0,5.1,5.9
242,2017-09-30,257.0,3.1,3.8
242,2017-10-01,180.0,11.1,11.2
242,2017-10-02,259.0,12.3,13.2
242,2017-10-03,289.0,11.3,11.4
242,2017-10-04,264.0,13.8,13.9
242,2017-10-05,294.0,14.0,16.0
242,2017-10-06,319.0,12.5,13.0
242,2017-10-07,274.0,11.6,12.8
242,2017-10-08,336.0,6.6,6.8
242,2017-10-09,253.0,4.1,4.6
242,2017-10-10,244.0,8.5,8.7
242,2017-10-11,231.0,13.4,13.8
242,2017-10-12,268.0,10.9,11.1
242,2017-10-13,225.0,9.9,10.0
242,2017-10-14,224.0,8.1,8.3
242,2017-10-15,188.0,5.5,5.8
242,2017-10-16,201.0,6.4,7.0
242,2017-10-17,241.0,10.5,10.6
242,2017-10-18,100.0,3.2,4.5
242,2017-10-19,143.0,5.9,6.1
242,2017-10-20,213.0,7.6,9.9
242,2017-10-21,196.0,10.2,10.6
242,2017-10-22,255.0,11.1,12.6
242,2017-10-23,276.0,7.9,9.7
242,2017-10-24,220.0,8.7,9.1
242,2017-10-25,256.0,9.0,9.9
242,2017-10-26,284.0,7.4,8.0
242,2017-10-27,323.0,10.8,11.3
242,2017-10-28,286.0,14.5,14.5
242,2017-10-29,340.0,15.2,15.4
242,2017-10-30,335.0,8.0,8.5
242,2017-10-31,,,8.8
242,2017-11-01,245.0,8.9,9.1
242,2017-11-02,309.0,5.7,6.3
242,2017-11-03,197.0,4.6,4.6
242,2017-11-04,203.0,4.7,7.9
242,2017-11-05,307.0,8.3,9.1
242,2017-11-06,323.0,2.3,5.4
242,2017-11-07,161.0,5.3,5.8
242,2017-11-08,97.0,2.3,3.2
242,2017-11-09,259.0,6.0,7.3
242,2017-11-10,287.0,13.0,13.8
242,2017-11-11,303.0,10.3,10.8
242,2017-11-12,339.0,8.3,9.3
242,2017-11-13,337.0,10.0,10.5
242,2017-11-14,257.0,8.4,8.5
242,2017-11-15,215.0,3.4,4.2
242,2017-11-16,257.0,3.8,7.0
242,2017-11-17,283.0,7.2,7.7
242,2017-11-18,292.0,11.8,12.9
242,2017-11-19,319.0,12.7,12.9
242,2017-11-20,255.0,6.2,8.3
242,2017-11-21,241.0,7.1,7.6
242,2017-11-22,206.0,12.7,13.3
242,2017-11-23,228.0,11.1,13.3
242,2017-11-24,273.0,6.9,7.0
242,2017-11-25,278.0,8.9,9.2
242,2017-11-26,280.0,12.3,12.5
242,2017-11-27,259.0,13.4,13.9
242,2017-11-28,283.0,10.4,11.0
242,2017-11-29,356.0,2.6,4.2
242,2017-11-30,352.0,4.8,5.6
242,2017-12-01,65.0,2.2,3.0
242,2017-12-02,240.0,4.9,5.8
242,2017-12-03,310.0,8.1,9.1
242,2017-12-04,307.0,8.8,9.2
242,2017-12-05,271.0,10.3,10.3
242,2017-12-06,249.0,11.4,12.1
242,2017-12-07,232.0,12.8,15.2
242,2017-12-08,297.0,12.6,13.5
242,2017-12-09,292.0,11.0,11.9
242,2017-12-10,126.0,3.0,9.6
242,2017-12-11,58.0,6.6,7.9
242,2017-12-12,305.0,4.1,9.0
242,2017-12-13,215.0,8.3,10.4
242,2017-12-14,260.0,9.4,10.0
242,2017-12-15,182.0,2.7,5.0
242,2017-12-16,327.0,9.7,9.9
242,2017-12-17,257.0,4.8,7.6
242,2017-12-18,343.0,7.0,7.3
242,2017-12-19,265.0,4.5,4.7
242,2017-12-20,260.0,4.8,5.0
242,2017-12-21,277.0,3.5,3.9
242,2017-12-22,262.0,2.2,2.8
242,2017-12-23,258.0,11.0,11.0
242,2017-12-24,239.0,12.4,12.5
242,2017-12-25,211.0,12.6,13.0
242,2017-12-26,224.0,11.6,13.2
242,2017-12-27,157.0,0.8,9.7
242,2017-12-28,285.0,12.4,12.8
242,2017-12-29,222.0,7.2,11.2
242,2017-12-30,245.0,8.9,11.1
242,2017-12-31,219.0,11.4,11.6
242,2018-01-01,239.0,10.3,11.0
242,2018-01-02,235.0,7.0,9.3
242,2018-01-03,265.0,17.0,18.0
242,2018-01-04,254.0,10.4,11.6
242,2018-01-05,246.0,7.9,9.3
242,2018-01-06,27.0,5.1,7.3
242,2018-01-07,70.0,9.3,9.4
242,2018-01-08,88.0,11.7,11.8
242,2018-01-09,116.0,6.9,7.3
242,2018-01-10,145.0,5.1,5.2
242,2018-01-11,46.0,1.4,3.0
242,2018-01-12,85.0,2.1,3.0
242,2018-01-13,118.0,6.4,6.5
242,2018-01-14,122.0,7.6,8.5
242,2018-01-15,206.0,9.1,11.3
242,2018-01-16,270.0,13.9,14.0
242,2018-01-17,283.0,14.6,15.0
242,2018-01-18,271.0,8.4,12.1
242,2018-01-19,269.0,8.3,8.6
242,2018-01-20,256.0,5.1,7.2
242,2018-01-21,286.0,1.8,6.9
242,2018-01-22,264.0,5.8,8.4
242,2018-01-23,218.0,10.6,11.1
242,2018-01-24,218.0,14.2,14.7
242,2018-01-25,215.0,8.7,8.9
242,2018-01-26,215.0,3.4,4.0
242,2018-01-27,215.0,9.6,10.0
242,2018-01-28,246.0,11.3,11.5
242,2018-01-29,258.0,10.8,12.6
242,2018-01-30,250.0,6.7,7.8
242,2018-01-31,247.0,11.0,12.3
242,2018-02-01,266.0,11.1,11.5
242,2018-02-02,351.0,7.1,7.8
242,2018-02-03,44.0,2.8,6.5
242,2018-02-04,42.0,9.9,10.1
242,2018-02-05,92.0,7.0,7.2
242,2018-02-06,102.0,3.6,3.8
242,2018-02-07,188.0,3.4,3.5
242,2018-02-08,194.0,6.4,6.5
242,2018-02-09,180.0,8.3,8.4
242,2018-02-10,197.0,7.3,7.7
242,2018-02-11,259.0,12.2,14.3
242,2018-02-12,277.0,9.8,10.3
242,2018-02-13,174.0,8.1,8.5
242,2018-02-14,158.0,11.3,11.3
242,2018-02-15,208.0,7.8,10.3
242,2018-02-16,265.0,6.8,7.4
242,2018-02-17,153.0,3.3,3.3
242,2018-02-18,172.0,4.4,4.5
242,2018-02-19,165.0,4.6,4.9
242,2018-02-20,82.0,3.1,3.4
242,2018-02-21,78.0,3.3,3.5
242,2018-02-22,85.0,4.0,4.1
242,2018-02-23,85.0,7.6,7.7
242,2018-02-24,93.0,10.0,10.2
242,2018-02-25,89.0,8.5,8.7
242,2018-02-26,82.0,7.4,7.5
242,2018-02-27,84.0,5.7,5.9
242,2018-02-28,91.0,13.1,13.2
242,2018-03-01,87.0,17.0,17.0
242,2018-03-02,82.0,14.3,14.4
242,2018-03-03,98.0,9.5,9.6
242,2018-03-04,106.0,7.1,7.3
242,2018-03-05,207.0,5.5,7.8
242,2018-03-06,148.0,2.8,4.4
242,2018-03-07,135.0,2.4,3.8
242,2018-03-08,225.0,7.6,9.4
242,2018-03-09,212.0,3.1,5.4
242,2018-03-10,167.0,5.3,6.7
242,2018-03-11,189.0,2.9,5.3
242,2018-03-12,88.0,2.4,3.7
242,2018-03-13,329.0,4.8,6.5
242,2018-03-14,126.0,4.9,6.1
242,2018-03-15,103.0,11.8,11.9
242,2018-03-16,88.0,13.0,13.0
242,2018-03-17,78.0,17.4,17.5
242,2018-03-18,80.0,14.7,14.8
242,2018-03-19,60.0,8.0,9.3
242,2018-03-20,351.0,5.9,6.1
242,2018-03-21,262.0,5.4,6.0
242,2018-03-22,281.0,6.0,6.5
242,2018-03-23,194.0,7.8,8.0
242,2018-03-24,134.0,2.5,3.3
242,2018-03-25,343.0,2.9,3.4
242,2018-03-26,265.0,2.2,2.8
242,2018-03-27,141.0,5.8,6.4
242,2018-03-28,276.0,3.8,5.9
242,2018-03-29,234.0,3.0,5.7
242,2018-03-30,102.0,8.2,8.8
242,2018-03-31,100.0,2.7,4.5
242,2018-04-01,45.0,2.9,3.3
242,2018-04-02,140.0,6.2,6.9
242,2018-04-03,210.0,8.7,8.8
242,2018-04-04,184.0,5.9,6.4
242,2018-04-05,279.0,8.4,10.6
242,2018-04-06,139.0,7.2,7.6
242,2018-04-07,147.0,4.6,4.9
242,2018-04-08,6.0,2.4,3.3
242,2018-04-09,37.0,7.3,7.5
242,2018-04-10,75.0,6.4,7.3
242,2018-04-11,75.0,9.8,10.0
242,2018-04-12,70.0,8.6,8.7
242,2018-04-13,237.0,3.3,5.3
242,2018-04-14,251.0,3.4,4.0
242,2018-04-15,105.0,3.5,3.8
242,2018-04-16,222.0,6.6,6.8
242,2018-04-17,199.0,6.9,7.1
242,2018-04-18,159.0,2.1,4.0
242,2018-04-19,132.0,3.7,4.3
242,2018-04-20,280.0,2.9,4.0
242,2018-04-21,49.0,3.8,5.0
242,2018-04-22,172.0,4.4,6.7
242,2018-04-23,245.0,8.0,8.5
242,2018-04-24,235.0,9.6,9.9
242,2018-04-25,255.0,8.9,9.8
242,2018-04-26,249.0,9.9,10.3
242,2018-04-27,175.0,1.3,5.0
242,2018-04-28,211.0,3.6,5.5
242,2018-04-29,36.0,5.4,7.1
242,2018-04-30,60.0,3.0,9.8
242,2018-05-01,258.0,8.5,10.7
242,2018-05-02,201.0,7.8,8.8
242,2018-05-03,289.0,4.1,4.3
242,2018-05-04,113.0,1.3,3.2
242,2018-05-05,70.0,4.8,5.4
242,2018-05-06,97.0,5.0,5.4
242,2018-05-07,103.0,3.4,4.4
242,2018-05-08,129.0,3.9,4.8
242,2018-05-09,330.0,3.0,3.7
242,2018-05-10,304.0,5.2,5.3
242,2018-05-11,94.0,3.3,4.2
242,2018-05-12,101.0,5.1,5.9
242,2018-05-13,322.0,2.4,7.1
242,2018-05-14,19.0,7.0,7.1
242,2018-05-15,25.0,5.1,5.5
242,2018-05-16,6.0,10.7,10.8
242,2018-05-17,348.0,10.3,10.3
242,2018-05-18,332.0,7.6,7.7
242,2018-05-19,10.0,2.8,4.5
242,2018-05-20,62.0,3.6,4.6
242,2018-05-21,71.0,7.2,7.4
242,2018-05-22,45.0,6.2,6.9
242,2018-05-23,44.0,8.2,8.3
242,2018-05-24,67.0,7.7,8.0
242,2018-05-25,74.0,5.6,6.1
242,2018-05-26,63.0,8.1,8.4
242,2018-05-27,68.0,8.0,8.3
242,2018-05-28,56.0,4.2,5.3
242,2018-05-29,32.0,7.7,8.1
242,2018-05-30,353.0,1.0,3.3
242,2018-05-31,21.0,4.5,5.3
242,2018-06-01,292.0,4.9,5.3
242,2018-06-02,253.0,5.0,5.1
242,2018-06-03,297.0,1.8,2.9
242,2018-06-04,349.0,3.7,4.0
242,2018-06-05,360.0,3.8,4.0
242,2018-06-06,23.0,4.9,5.1
242,2018-06-07,5.0,3.4,4.0
242,2018-06-08,8.0,5.9,6.0
242,2018-06-09,7.0,5.9,5.9
242,2018-06-10,357.0,5.5,5.8
242,2018-06-11,17.0,5.2,5.3
242,2018-06-12,351.0,6.5,6.7
242,2018-06-13,292.0,5.3,8.2
242,2018-06-14,220.0,10.1,10.6
242,2018-06-15,10.0,0.6,3.0
242,2018-06-16,218.0,5.3,6.2
242,2018-06-17,238.0,7.9,8.3
242,2018-06-18,230.0,9.8,9.9
242,2018-06-19,248.0,5.5,6.5
242,2018-06-20,231.0,9.5,10.5
242,2018-06-21,309.0,12.8,13.0
242,2018-06-22,324.0,12.4,12.6
242,2018-06-23,316.0,6.2,6.7
242,2018-06-24,333.0,7.5,7.7
242,2018-06-25,342.0,5.5,5.7
242,2018-06-26,15.0,5.7,5.8
242,2018-06-27,35.0,5.8,5.9
242,2018-06-28,28.0,6.8,6.9
242,2018-06-29,18.0,6.3,6.5
242,2018-06-30,69.0,8.5,8.7
242,2018-07-01,98.0,8.2,8.5
242,2018-07-02,59.0,7.6,8.6
242,2018-07-03,31.0,6.4,6.5
242,2018-07-04,351.0,2.1,2.6
242,2018-07-05,307.0,4.1,4.3
242,2018-07-06,351.0,4.2,4.4
242,2018-07-07,3.0,3.0,3.2
242,2018-07-08,329.0,3.6,3.8
242,2018-07-09,344.0,7.2,7.3
242,2018-07-10,352.0,8.6,9.1
242,2018-07-11,360.0,6.0,6.3
242,2018-07-12,343.0,6.6,6.6
242,2018-07-13,357.0,3.8,4.0
242,2018-07-14,11.0,1.5,3.0
242,2018-07-15,107.0,3.6,4.8
242,2018-07-16,109.0,5.4,6.0
242,2018-07-17,239.0,5.5,7.0
242,2018-07-18,278.0,2.0,3.0
242,2018-07-19,35.0,4.0,4.5
242,2018-07-20,40.0,4.9,5.1
242,2018-07-21,14.0,5.5,6.3
242,2018-07-22,296.0,3.5,3.8
242,2018-07-23,275.0,1.6,2.6
242,2018-07-24,237.0,2.5,4.6
242,2018-07-25,43.0,4.1,4.4
242,2018-07-26,56.0,4.3,4.8
242,2018-07-27,111.0,7.2,8.0
242,2018-07-28,242.0,7.2,8.9
242,2018-07-29,193.0,7.5,8.1
242,2018-07-30,209.0,4.5,4.8
242,2018-07-31,243.0,4.1,4.8
242,2018-08-01,221.0,1.2,2.3
242,2018-08-02,280.0,1.8,2.5
242,2018-08-03,8.0,1.7,2.5
242,2018-08-04,342.0,4.7,5.0
242,2018-08-05,326.0,2.6,3.5
242,2018-08-06,153.0,2.2,4.5
242,2018-08-07,125.0,2.6,4.6
242,2018-08-08,230.0,6.4,7.6
242,2018-08-09,345.0,2.2,7.7
242,2018-08-10,247.0,9.3,10.8
242,2018-08-11,269.0,7.8,8.5
242,2018-08-12,205.0,6.6,7.0
242,2018-08-13,278.0,2.8,4.5
242,2018-08-14,289.0,8.2,9.0
242,2018-08-15,228.0,7.0,7.3
242,2018-08-16,227.0,7.5,8.3
242,2018-08-17,263.0,4.3,5.2
242,2018-08-18,235.0,8.7,8.8
242,2018-08-19,231.0,9.6,9.9
242,2018-08-20,302.0,4.0,4.5
242,2018-08-21,191.0,3.0,3.5
242,2018-08-22,230.0,6.0,6.1
242,2018-08-23,242.0,6.6,7.6
242,2018-08-24,270.0,9.0,9.7
242,2018-08-25,297.0,6.2,8.4
242,2018-08-26,210.0,6.2,8.7
242,2018-08-27,269.0,9.5,10.5
242,2018-08-28,255.0,1.8,3.9
242,2018-08-29,340.0,3.4,5.8
242,2018-08-30,341.0,7.3,7.4
242,2018-08-31,26.0,0.9,2.3
242,2018-09-01,178.0,1.2,3.0
242,2018-09-02,87.0,4.4,5.1
242,2018-09-03,26.0,6.0,6.1
242,2018-09-04,25.0,5.6,5.9
242,2018-09-05,41.0,5.2,5.5
242,2018-09-06,340.0,4.9,5.6
242,2018-09-07,267.0,8.0,9.0
242,2018-09-08,246.0,10.7,11.2
242,2018-09-09,228.0,7.8,8.3
242,2018-09-10,252.0,6.7,7.0
242,2018-09-11,243.0,9.2,10.2
242,2018-09-12,314.0,5.4,5.7
242,2018-09-13,251.0,3.1,3.8
242,2018-09-14,240.0,6.7,7.5
242,2018-09-15,266.0,6.7,7.7
242,2018-09-16,208.0,8.6,8.8
242,2018-09-17,200.0,5.7,6.3
242,2018-09-18,214.0,10.3,11.2
242,2018-09-19,215.0,11.7,11.9
242,2018-09-20,216.0,9.1,9.6
242,2018-09-21,256.0,13.7,15.6
242,2018-09-22,276.0,9.8,10.0
242,2018-09-23,342.0,5.5,7.2
242,2018-09-24,323.0,10.8,11.0
242,2018-09-25,241.0,2.8,4.8
242,2018-09-26,239.0,10.6,10.8
242,2018-09-27,241.0,5.3,7.3
242,2018-09-28,4.0,7.5,7.6
242,2018-09-29,226.0,4.5,5.3
242,2018-09-30,282.0,6.8,8.0
242,2018-10-01,328.0,11.2,11.7
242,2018-10-02,290.0,11.3,12.5
242,2018-10-03,296.0,8.6,9.3
242,2018-10-04,239.0,6.4,7.0
242,2018-10-05,198.0,4.4,4.8
242,2018-10-06,23.0,4.1,6.6
242,2018-10-07,29.0,3.5,5.3
242,2018-10-08,232.0,8.3,8.5
242,2018-10-09,215.0,6.5,6.8
242,2018-10-10,102.0,5.0,5.6
242,2018-10-11,145.0,7.0,7.1
242,2018-10-12,181.0,7.3,7.6
242,2018-10-13,162.0,6.8,6.9
242,2018-10-14,160.0,4.8,5.5
242,2018-10-15,186.0,2.1,4.5
242,2018-10-16,205.0,3.8,4.4
242,2018-10-17,271.0,3.2,4.6
242,2018-10-18,30.0,5.2,5.8
242,2018-10-19,123.0,2.5,3.1
242,2018-10-20,252.0,4.9,5.5
242,2018-10-21,232.0,5.4,7.5
242,2018-10-22,319.0,7.1,8.8
242,2018-10-23,292.0,14.3,14.5
242,2018-10-24,311.0,10.6,11.1
242,2018-10-25,305.0,7.7,8.0
242,2018-10-26,290.0,10.0,11.1
242,2018-10-27,25.0,5.3,7.2
242,2018-10-28,91.0,6.0,6.3
242,2018-10-29,77.0,7.2,7.3
242,2018-10-30,165.0,2.9,9.8
242,2018-10-31,201.0,4.8,8.8
242,2018-11-01,153.0,7.8,8.2
242,2018-11-02,283.0,6.7,7.3
242,2018-11-03,183.0,6.4,6.5
242,2018-11-04,146.0,6.6,6.9
242,2018-11-05,113.0,5.8,5.8
242,2018-11-06,145.0,6.3,6.4
242,2018-11-07,161.0,7.6,7.8
242,2018-11-08,192.0,4.9,6.6
242,2018-11-09,138.0,7.7,8.2
242,2018-11-10,168.0,7.7,8.0
242,2018-11-11,187.0,8.2,8.4
242,2018-11-12,186.0,5.6,5.7
242,2018-11-13,238.0,9.0,10.1
242,2018-11-14,184.0,5.9,6.0
242,2018-11-15,149.0,6.5,6.6
242,2018-11-16,126.0,5.7,6.0
242,2018-11-17,103.0,8.1,8.2
242,2018-11-18,81.0,7.9,8.0
242,2018-11-19,76.0,11.0,11.1
242,2018-11-20,87.0,13.4,13.6
242,2018-11-21,106.0,9.4,9.5
242,2018-11-22,107.0,6.2,6.3
242,2018-11-23,108.0,5.1,5.4
242,2018-11-24,87.0,6.0,6.2
242,2018-11-25,77.0,5.3,5.5
242,2018-11-26,80.0,7.4,7.5
242,2018-11-27,118.0,7.3,7.6
242,2018-11-28,152.0,11.1,11.4
242,2018-11-29,184.0,9.5,10.0
242,2018-11-30,209.0,9.2,9.4
242,2018-12-01,197.0,7.8,8.5
242,2018-12-02,221.0,8.2,8.7
242,2018-12-03,262.0,6.4,9.2
242,2018-12-04,297.0,4.0,5.9
242,2018-12-05,159.0,7.3,7.6
242,2018-12-06,226.0,7.7,7.9
242,2018-12-07,239.0,11.6,13.2
242,2018-12-08,260.0,14.9,15.4
242,2018-12-09,308.0,13.9,14.3
242,2018-12-10,321.0,13.5,13.5
242,2018-12-11,345.0,5.7,6.3
242,2018-12-12,113.0,5.0,5.1
242,2018-12-13,94.0,8.2,8.3
242,2018-12-14,106.0,5.9,6.2
242,2018-12-15,141.0,11.1,11.2
242,2018-12-16,164.0,8.1,8.3
242,2018-12-17,197.0,3.7,7.0
242,2018-12-18,161.0,8.2,8.8
242,2018-12-19,177.0,7.1,7.2
242,2018-12-20,190.0,7.0,7.4
242,2018-12-21,234.0,5.5,9.3
242,2018-12-22,274.0,7.5,7.7
242,2018-12-23,291.0,4.4,5.5
242,2018-12-24,342.0,3.6,4.6
242,2018-12-25,265.0,7.6,8.0
242,2018-12-26,242.0,6.5,6.9
242,2018-12-27,238.0,4.6,4.9
242,2018-12-28,271.0,3.7,4.0
242,2018-12-29,281.0,8.4,11.0
242,2018-12-30,295.0,5.6,6.0
242,2018-12-31,273.0,6.6,7.0
242,2019-01-01,320.0,12.1,13.5
242,2019-01-02,357.0,10.4,10.6
242,2019-01-03,348.0,7.0,7.2
242,2019-01-04,317.0,9.5,9.6
242,2019-01-05,324.0,11.0,11.0
242,2019-01-06,314.0,6.1,6.2
242,2019-01-07,259.0,9.1,9.8
242,2019-01-08,323.0,16.8,17.3
242,2019-01-09,10.0,11.8,11.9
242,2019-01-10,333.0,3.1,4.8
242,2019-01-11,325.0,8.5,8.6
242,2019-01-12,282.0,10.3,10.6
242,2019-01-13,294.0,12.6,13.3
242,2019-01-14,328.0,10.1,10.5
242,2019-01-15,260.0,11.0,11.1
242,2019-01-16,235.0,11.8,12.8
242,2019-01-17,316.0,10.0,12.0
242,2019-01-18,266.0,1.9,4.5
242,2019-01-19,149.0,6.3,6.7
242,2019-01-20,117.0,2.4,2.6
242,2019-01-21,222.0,3.3,4.1
242,2019-01-22,181.0,9.2,9.3
242,2019-01-23,137.0,3.1,3.9
242,2019-01-24,130.0,4.1,4.3
242,2019-01-25,214.0,4.4,7.1
242,2019-01-26,238.0,9.5,10.9
242,2019-01-27,259.0,8.2,10.3
242,2019-01-28,341.0,11.6,12.0
242,2019-01-29,214.0,6.5,8.3
242,2019-01-30,147.0,4.5,4.8
242,2019-01-31,190.0,3.2,6.6
242,2019-02-01,83.0,6.4,6.6
242,2019-02-02,45.0,3.1,3.8
242,2019-02-03,293.0,4.0,6.5
242,2019-02-04,206.0,10.3,10.8
242,2019-02-05,214.0,4.9,5.7
242,2019-02-06,207.0,7.9,8.2
242,2019-02-07,226.0,12.6,14.1
242,2019-02-08,203.0,15.1,15.2
242,2019-02-09,227.0,15.4,15.6
242,2019-02-10,308.0,3.3,7.9
242,2019-02-11,319.0,9.1,9.5
242,2019-02-12,246.0,7.1,7.7
242,2019-02-13,225.0,8.3,8.4
242,2019-02-14,209.0,5.4,5.8
242,2019-02-15,171.0,4.6,4.7
242,2019-02-16,211.0,6.9,7.1
242,2019-02-17,177.0,5.7,6.3
242,2019-02-18,217.0,6.6,7.0
242,2019-02-19,247.0,8.3,8.4
242,2019-02-20,223.0,9.2,9.2
242,2019-02-21,243.0,6.5,6.8
242,2019-02-22,114.0,1.6,2.3
242,2019-02-23,140.0,6.1,6.1
242,2019-02-24,140.0,2.8,3.3
242,2019-02-25,128.0,1.3,2.5
242,2019-02-26,141.0,1.8,2.5
242,2019-02-27,214.0,3.2,4.5
242,2019-02-28,245.0,3.1,3.8
242,2019-03-01,344.0,5.3,6.0
242,2019-03-02,207.0,7.9,8.2
242,2019-03-03,219.0,13.1,13.3
242,2019-03-04,249.0,14.1,14.9
242,2019-03-05,241.0,9.9,10.8
242,2019-03-06,173.0,8.2,8.5
242,2019-03-07,232.0,12.1,13.3
242,2019-03-08,265.0,8.7,11.1
242,2019-03-09,265.0,13.8,14.5
242,2019-03-10,277.0,7.3,9.1
242,2019-03-11,291.0,13.8,14.7
242,2019-03-12,213.0,12.2,14.0
242,2019-03-13,265.0,15.7,17.0
242,2019-03-14,269.0,12.7,14.0
242,2019-03-15,261.0,12.0,12.6
242,2019-03-16,228.0,13.8,14.6
242,2019-03-17,267.0,13.0,13.5
242,2019-03-18,301.0,10.1,10.2
242,2019-03-19,224.0,4.1,5.0
242,2019-03-20,229.0,7.2,7.3
242,2019-03-21,223.0,6.8,6.9
242,2019-03-22,216.0,4.4,5.2
242,2019-03-23,329.0,3.8,5.4
242,2019-03-24,273.0,5.8,6.3
242,2019-03-25,329.0,12.2,12.6
242,2019-03-26,304.0,7.5,7.7
242,2019-03-27,278.0,5.0,5.1
242,2019-03-28,335.0,1.3,2.7
242,2019-03-29,219.0,3.1,3.7
242,2019-03-30,300.0,1.3,3.5
242,2019-03-31,38.0,7.7,7.9
242,2019-04-01,105.0,6.5,6.8
242,2019-04-02,174.0,5.5,6.8
242,2019-04-03,170.0,3.6,4.9
242,2019-04-04,144.0,4.1,4.5
242,2019-04-05,50.0,3.0,4.0
242,2019-04-06,59.0,5.5,5.7
242,2019-04-07,62.0,6.4,6.5
242,2019-04-08,64.0,7.5,7.5
242,2019-04-09,66.0,10.6,10.7
242,2019-04-10,60.0,8.6,8.8
242,2019-04-11,50.0,6.1,6.3
242,2019-04-12,68.0,5.3,5.6
242,2019-04-13,64.0,6.6,7.0
242,2019-04-14,78.0,6.6,6.8
242,2019-04-15,80.0,8.5,8.7
242,2019-04-16,73.0,9.9,10.0
242,2019-04-17,92.0,5.5,5.7
242,2019-04-18,74.0,8.8,8.8
242,2019-04-19,67.0,7.4,7.7
242,2019-04-20,67.0,5.5,5.7
242,2019-04-21,66.0,4.9,5.2
242,2019-04-22,93.0,6.9,7.0
242,2019-04-23,85.0,9.2,9.5
242,2019-04-24,155.0,4.6,6.5
242,2019-04-25,168.0,7.0,7.6
242,2019-04-26,216.0,6.4,6.6
242,2019-04-27,217.0,9.7,10.2
242,2019-04-28,124.0,1.7,4.0
242,2019-04-29,3.0,4.5,4.8
242,2019-04-30,353.0,4.6,4.7
242,2019-05-01,284.0,3.9,4.5
242,2019-05-02,308.0,7.0,8.0
242,2019-05-03,323.0,8.1,8.5
242,2019-05-04,347.0,9.7,10.2
242,2019-05-05,334.0,8.5,9.2
242,2019-05-06,302.0,6.8,7.3
242,2019-05-07,213.0,1.5,3.5
242,2019-05-08,147.0,6.2,7.9
242,2019-05-09,236.0,6.5,8.1
242,2019-05-10,334.0,3.9,4.8
242,2019-05-11,16.0,5.7,6.2
242,2019-05-12,354.0,5.8,6.0
242,2019-05-13,18.0,3.4,3.6
242,2019-05-14,44.0,5.0,5.3
242,2019-05-15,60.0,5.2,5.9
242,2019-05-16,46.0,8.0,8.4
242,2019-05-17,84.0,6.5,6.8
242,2019-05-18,18.0,1.9,3.8
242,2019-05-19,7.0,7.9,8.0
242,2019-05-20,344.0,7.2,7.5
242,2019-05-21,321.0,9.4,9.5
242,2019-05-22,267.0,4.9,6.1
242,2019-05-23,225.0,5.3,5.9
242,2019-05-24,298.0,4.3,5.4
242,2019-05-25,305.0,2.9,4.0
242,2019-05-26,239.0,9.7,10.1
242,2019-05-27,265.0,7.8,8.5
242,2019-05-28,19.0,5.0,5.3
242,2019-05-29,205.0,3.7,4.9
242,2019-05-30,227.0,11.1,11.2
242,2019-05-31,233.0,7.9,8.1
242,2019-06-01,232.0,2.2,5.6
242,2019-06-02,189.0,5.9,7.0
242,2019-06-03,232.0,6.3,6.6
242,2019-06-04,137.0,2.3,5.1
242,2019-06-05,241.0,3.8,6.8
242,2019-06-06,250.0,5.2,7.9
242,2019-06-07,131.0,6.6,7.6
242,2019-06-08,216.0,13.9,15.0
242,2019-06-09,245.0,3.6,5.9
242,2019-06-10,52.0,8.3,8.4
242,2019-06-11,235.0,1.2,6.3
242,2019-06-12,5.0,1.5,4.8
242,2019-06-13,192.0,8.9,9.1
242,2019-06-14,181.0,3.5,5.6
242,2019-06-15,309.0,3.3,6.3
242,2019-06-16,216.0,7.6,8.0
242,2019-06-17,196.0,3.5,4.5
242,2019-06-18,355.0,0.3,4.0
242,2019-06-19,234.0,1.3,6.0
242,2019-06-20,265.0,4.4,4.8
242,2019-06-21,276.0,3.5,4.3
242,2019-06-22,48.0,5.2,5.5
242,2019-06-23,82.0,6.8,7.0
242,2019-06-24,123.0,5.0,5.6
242,2019-06-25,61.0,2.5,4.0
242,2019-06-26,2.0,7.8,7.9
242,2019-06-27,4.0,6.6,6.7
242,2019-06-28,41.0,4.7,5.1
242,2019-06-29,119.0,4.5,4.8
242,2019-06-30,251.0,6.0,7.5
242,2019-07-01,274.0,9.1,9.7
242,2019-07-02,313.0,6.2,6.6
242,2019-07-03,341.0,6.2,6.3
242,2019-07-04,265.0,6.4,7.0
242,2019-07-05,284.0,6.0,6.4
242,2019-07-06,300.0,6.9,8.2
242,2019-07-07,326.0,8.0,8.2
242,2019-07-08,327.0,8.6,8.8
242,2019-07-09,324.0,4.4,4.5
242,2019-07-10,209.0,5.2,5.5
242,2019-07-11,234.0,3.3,4.3
242,2019-07-12,307.0,2.3,4.0
242,2019-07-13,347.0,7.0,7.2
242,2019-07-14,347.0,7.2,7.3
242,2019-07-15,333.0,6.1,6.2
242,2019-07-16,297.0,3.8,3.5
242,2019-07-17,158.0,1.4,3.1
242,2019-07-18,211.0,4.4,6.4
242,2019-07-19,203.0,3.9,4.9
242,2019-07-20,214.0,7.0,7.9
242,2019-07-21,258.0,6.9,7.4
242,2019-07-22,223.0,8.7,9.0
242,2019-07-23,169.0,0.9,4.0
242,2019-07-24,148.0,2.4,5.0
242,2019-07-25,81.0,5.0,5.2
242,2019-07-26,82.0,5.2,7.5
242,2019-07-27,81.0,9.6,9.8
242,2019-07-28,89.0,1.7,7.1
242,2019-07-29,236.0,4.5,5.4
242,2019-07-30,142.0,2.5,5.2
242,2019-07-31,209.0,8.2,8.6
242,2019-08-01,229.0,8.6,9.0
242,2019-08-02,23.0,5.0,7.4
242,2019-08-03,332.0,5.2,5.4
242,2019-08-04,137.0,1.2,2.8
242,2019-08-05,217.0,5.1,6.9
242,2019-08-06,227.0,7.7,8.0
242,2019-08-07,239.0,10.1,10.2
242,2019-08-08,258.0,7.4,7.6
242,2019-08-09,149.0,6.6,7.9
242,2019-08-10,220.0,16.3,16.5
242,2019-08-11,227.0,13.3,13.4
242,2019-08-12,268.0,7.6,8.0
242,2019-08-13,280.0,6.0,6.4
242,2019-08-14,209.0,7.3,8.3
242,2019-08-15,271.0,9.1,10.5
242,2019-08-16,221.0,6.5,7.4
242,2019-08-17,223.0,8.9,9.3
242,2019-08-18,229.0,8.0,8.3
242,2019-08-19,239.0,9.7,10.0
242,2019-08-20,259.0,7.0,7.2
242,2019-08-21,228.0,4.8,5.3
242,2019-08-22,214.0,6.5,7.0
242,2019-08-23,222.0,1.0,4.1
242,2019-08-24,96.0,4.7,5.0
242,2019-08-25,79.0,2.9,3.6
242,2019-08-26,75.0,3.7,4.1
242,2019-08-27,89.0,3.2,3.9
242,2019-08-28,237.0,3.6,4.1
242,2019-08-29,256.0,4.4,5.2
242,2019-08-30,211.0,6.5,6.7
242,2019-08-31,197.0,2.8,5.8
242,2019-09-01,288.0,7.0,7.5
242,2019-09-02,259.0,8.0,9.0
242,2019-09-03,255.0,8.4,9.0
242,2019-09-04,242.0,8.3,9.7
242,2019-09-05,305.0,11.2,12.1
242,2019-09-06,255.0,9.6,10.4
242,2019-09-07,334.0,7.5,8.4
242,2019-09-08,337.0,4.3,6.3
242,2019-09-09,231.0,2.9,3.6
242,2019-09-10,266.0,4.0,4.5
242,2019-09-11,238.0,8.7,9.5
242,2019-09-12,242.0,8.3,8.7
242,2019-09-13,338.0,4.5,5.0
242,2019-09-14,203.0,3.1,3.5
242,2019-09-15,281.0,6.9,7.9
242,2019-09-16,305.0,4.9,5.2
242,2019-09-17,324.0,10.7,11.0
242,2019-09-18,344.0,7.0,7.2
242,2019-09-19,348.0,1.9,2.5
242,2019-09-20,171.0,2.8,3.7
242,2019-09-21,107.0,6.8,7.0
242,2019-09-22,141.0,4.8,6.7
242,2019-09-23,202.0,5.0,5.4
242,2019-09-24,160.0,9.1,9.3
242,2019-09-25,173.0,6.8,7.1
242,2019-09-26,202.0,7.8,8.2
242,2019-09-27,225.0,10.1,10.6
242,2019-09-28,244.0,12.7,13.0
242,2019-09-29,238.0,8.4,11.5
242,2019-09-30,287.0,8.4,10.5
242,2019-10-01,26.0,4.0,8.5
242,2019-10-02,327.0,11.2,11.5
242,2019-10-03,303.0,5.1,7.0
242,2019-10-04,114.0,6.6,8.0
242,2019-10-05,113.0,4.6,4.7
242,2019-10-06,104.0,10.6,11.0
242,2019-10-07,144.0,6.3,7.8
242,2019-10-08,255.0,9.8,10.0
242,2019-10-09,253.0,9.1,9.4
242,2019-10-10,250.0,12.0,12.5
242,2019-10-11,228.0,13.9,14.3
242,2019-10-12,235.0,6.4,7.2
242,2019-10-13,199.0,5.4,8.9
242,2019-10-14,128.0,2.1,6.4
242,2019-10-15,212.0,5.7,6.2
242,2019-10-16,186.0,6.3,7.0
242,2019-10-17,212.0,4.9,6.0
242,2019-10-18,203.0,10.2,11.4
242,2019-10-19,197.0,8.5,8.8
242,2019-10-20,237.0,0.6,3.8
242,2019-10-21,76.0,2.7,4.9
242,2019-10-22,266.0,3.4,4.8
242,2019-10-23,126.0,3.4,4.6
242,2019-10-24,208.0,6.6,7.9
242,2019-10-25,217.0,10.2,11.0
242,2019-10-26,223.0,13.2,15.4
242,2019-10-27,288.0,11.4,11.6
242,2019-10-28,334.0,6.5,7.3
242,2019-10-29,78.0,3.8,4.5
242,2019-10-30,103.0,5.9,6.0
242,2019-10-31,114.0,6.3,6.5
242,2019-11-01,155.0,7.6,7.7
242,2019-11-02,194.0,10.6,11.1
242,2019-11-03,167.0,5.5,5.9
242,2019-11-04,161.0,5.2,5.5
242,2019-11-05,56.0,1.9,4.0
242,2019-11-06,360.0,3.0,5.0
242,2019-11-07,141.0,6.3,8.2
242,2019-11-08,180.0,7.0,7.3
242,2019-11-09,171.0,2.7,6.7
242,2019-11-10,245.0,4.1,4.8
242,2019-11-11,198.0,8.7,10.5
242,2019-11-12,196.0,10.3,11.7
242,2019-11-13,265.0,7.4,9.3
242,2019-11-14,120.0,7.3,7.8
242,2019-11-15,79.0,8.0,8.1
242,2019-11-16,204.0,6.0,6.4
242,2019-11-17,169.0,3.3,4.8
242,2019-11-18,347.0,8.2,9.5
242,2019-11-19,307.0,5.5,7.3
242,2019-11-20,137.0,3.8,4.1
242,2019-11-21,112.0,6.9,7.0
242,2019-11-22,132.0,7.0,7.3
242,2019-11-23,95.0,7.8,7.9
242,2019-11-24,125.0,5.5,6.2
242,2019-11-25,144.0,6.1,6.2
242,2019-11-26,161.0,6.6,6.6
242,2019-11-27,151.0,7.2,7.8
242,2019-11-28,304.0,7.6,10.1
242,2019-11-29,333.0,10.1,10.2
242,2019-11-30,322.0,2.1,3.5
242,2019-12-01,11.0,2.5,3.5
242,2019-12-02,320.0,9.0,9.1
242,2019-12-03,247.0,6.7,6.9
242,2019-12-04,233.0,5.2,5.7
242,2019-12-05,226.0,9.9,10.2
242,2019-12-06,230.0,12.2,13.3
242,2019-12-07,260.0,9.9,10.8
242,2019-12-08,236.0,15.0,15.8
242,2019-12-09,311.0,9.6,12.3
242,2019-12-10,204.0,9.1,10.9
242,2019-12-11,226.0,5.9,7.0
242,2019-12-12,182.0,8.6,10.5
242,2019-12-13,186.0,7.0,9.5
242,2019-12-14,256.0,14.0,14.5
242,2019-12-15,234.0,12.8,14.0
242,2019-12-16,195.0,7.3,7.5
242,2019-12-17,232.0,1.9,6.1
242,2019-12-18,191.0,4.9,7.5
242,2019-12-19,152.0,9.2,9.2
242,2019-12-20,172.0,9.6,11.3
242,2019-12-21,174.0,7.9,8.5
242,2019-12-22,187.0,2.8,8.0
242,2019-12-23,265.0,9.8,9.8
242,2019-12-24,243.0,4.3,7.0
242,2019-12-25,322.0,5.5,5.6
242,2019-12-26,135.0,4.6,5.4
242,2019-12-27,98.0,6.6,7.0
242,2019-12-28,169.0,5.6,6.0
242,2019-12-29,190.0,6.7,6.8
242,2019-12-30,234.0,8.7,9.7
242,2019-12-31,342.0,2.4,3.7
242,2020-01-01,183.0,5.4,5.8
242,2020-01-02,196.0,8.8,9.0
242,2020-01-03,267.0,7.1,10.7
242,2020-01-04,292.0,8.8,9.3
242,2020-01-05,240.0,6.3,6.4
242,2020-01-06,212.0,7.5,8.1
242,2020-01-07,219.0,9.3,10.6
242,2020-01-08,233.0,7.3,7.7
242,2020-01-09,211.0,9.1,10.0
242,2020-01-10,313.0,5.2,7.0
242,2020-01-11,216.0,13.0,13.1
242,2020-01-12,232.0,11.2,12.4
242,2020-01-13,186.0,8.4,8.7
242,2020-01-14,205.0,14.5,14.8
242,2020-01-15,222.0,12.9,13.8
242,2020-01-16,179.0,7.7,8.8
242,2020-01-17,220.0,7.7,9.4
242,2020-01-18,286.0,9.8,10.9
242,2020-01-19,345.0,7.8,8.2
242,2020-01-20,262.0,5.1,5.5
242,2020-01-21,258.0,6.2,6.5
242,2020-01-22,299.0,2.8,3.8
242,2020-01-23,181.0,3.0,3.1
242,2020-01-24,212.0,5.3,5.6
242,2020-01-25,191.0,7.6,7.7
242,2020-01-26,183.0,7.3,7.5
242,2020-01-27,200.0,8.6,9.1
242,2020-01-28,261.0,11.9,12.8
242,2020-01-29,264.0,13.5,14.0
242,2020-01-30,233.0,11.9,12.7
242,2020-01-31,233.0,12.0,12.8
242,2020-02-01,239.0,12.3,12.7
242,2020-02-02,248.0,5.2,6.5
242,2020-02-03,265.0,11.1,11.6
242,2020-02-04,309.0,8.8,10.3
242,2020-02-05,293.0,3.9,5.1
242,2020-02-06,274.0,4.1,4.3
242,2020-02-07,151.0,6.8,7.0
242,2020-02-08,198.0,7.9,8.3
242,2020-02-09,213.0,18.6,19.5
242,2020-02-10,259.0,17.1,17.3
242,2020-02-11,266.0,20.2,20.3
242,2020-02-12,268.0,16.2,16.2
242,2020-02-13,187.0,6.0,8.3
242,2020-02-14,221.0,4.5,7.7
242,2020-02-15,200.0,14.7,14.8
242,2020-02-16,221.0,16.6,17.4
242,2020-02-17,236.0,14.9,15.2
242,2020-02-18,247.0,13.7,14.1
242,2020-02-19,266.0,10.4,12.0
242,2020-02-20,236.0,12.3,15.1
242,2020-02-21,242.0,14.1,15.2
242,2020-02-22,242.0,15.2,16.0
242,2020-02-23,277.0,8.8,10.9
242,2020-02-24,229.0,9.6,12.2
242,2020-02-25,265.0,12.9,13.0
242,2020-02-26,299.0,8.9,9.2
242,2020-02-27,274.0,5.5,7.5
242,2020-02-28,216.0,8.3,11.4
242,2020-02-29,215.0,13.4,14.4
242,2020-03-01,221.0,13.3,13.5
242,2020-03-02,209.0,3.3,5.8
242,2020-03-03,248.0,6.4,6.5
242,2020-03-04,253.0,3.7,4.6
242,2020-03-05,68.0,7.1,7.6
242,2020-03-06,13.0,7.2,8.0
242,2020-03-07,230.0,7.3,9.0
242,2020-03-08,212.0,13.1,13.2
242,2020-03-09,235.0,7.6,8.1
242,2020-03-10,239.0,12.6,13.3
242,2020-03-11,231.0,9.0,9.4
242,2020-03-12,249.0,15.5,16.1
242,2020-03-13,290.0,7.2,9.7
242,2020-03-14,157.0,7.8,8.5
242,2020-03-15,205.0,11.2,11.6
242,2020-03-16,268.0,3.7,4.4
242,2020-03-17,224.0,10.5,10.6
242,2020-03-18,233.0,7.4,9.5
242,2020-03-19,30.0,3.7,3.9
242,2020-03-20,41.0,8.0,8.2
242,2020-03-21,87.0,10.4,10.4
242,2020-03-22,107.0,10.2,10.3
242,2020-03-23,134.0,9.5,9.5
242,2020-03-24,152.0,7.9,8.0
242,2020-03-25,114.0,4.9,6.0
242,2020-03-26,73.0,6.7,7.0
242,2020-03-27,45.0,9.0,9.2
242,2020-03-28,18.0,11.5,11.8
242,2020-03-29,22.0,13.5,13.6
242,2020-03-30,356.0,6.7,7.9
242,2020-03-31,42.0,2.2,3.5
242,2020-04-01,277.0,5.8,6.0
242,2020-04-02,259.0,7.3,8.3
242,2020-04-03,285.0,4.7,5.5
242,2020-04-04,206.0,4.8,6.2
242,2020-04-05,137.0,7.3,7.4
242,2020-04-06,207.0,5.7,7.3
242,2020-04-07,83.0,3.1,4.4
242,2020-04-08,67.0,2.1,3.8
242,2020-04-09,42.0,3.3,4.1
242,2020-04-10,95.0,5.3,5.5
242,2020-04-11,149.0,4.5,4.8
242,2020-04-12,324.0,2.2,5.3
242,2020-04-13,8.0,10.6,10.8
242,2020-04-14,329.0,5.1,6.0
242,2020-04-15,255.0,4.7,4.9
242,2020-04-16,57.0,5.7,6.0
242,2020-04-17,42.0,6.3,6.4
242,2020-04-18,56.0,7.7,7.8
242,2020-04-19,64.0,10.5,10.6
242,2020-04-20,72.0,11.4,11.5
242,2020-04-21,71.0,11.9,12.1
242,2020-04-22,73.0,10.7,10.8
242,2020-04-23,56.0,4.9,5.6
242,2020-04-24,358.0,6.2,6.3
242,2020-04-25,347.0,4.1,4.1
242,2020-04-26,258.0,1.8,3.0
242,2020-04-27,257.0,2.8,5.8
242,2020-04-28,46.0,5.0,5.2
242,2020-04-29,92.0,1.5,5.0
242,2020-04-30,212.0,8.5,9.2
242,2020-05-01,245.0,9.0,9.5
242,2020-05-02,285.0,8.0,8.3
242,2020-05-03,350.0,3.2,4.5
242,2020-05-04,32.0,6.5,6.7
242,2020-05-05,34.0,6.0,6.0
242,2020-05-06,23.0,3.4,3.6
242,2020-05-07,313.0,1.0,1.5
242,2020-05-08,248.0,2.9,3.3
242,2020-05-09,47.0,3.9,4.3
242,2020-05-10,22.0,10.4,10.7
242,2020-05-11,12.0,11.7,12.0
242,2020-05-12,291.0,7.4,7.8
242,2020-05-13,6.0,7.7,8.9
242,2020-05-14,13.0,5.1,5.3
242,2020-05-15,292.0,5.1,5.6
242,2020-05-16,276.0,5.9,6.3
242,2020-05-17,242.0,6.3,6.6
242,2020-05-18,250.0,6.3,6.4
242,2020-05-19,276.0,3.1,3.5
242,2020-05-20,6.0,0.6,2.8
242,2020-05-21,134.0,4.3,4.8
242,2020-05-22,219.0,7.1,8.3
242,2020-05-23,239.0,11.5,11.6
242,2020-05-24,274.0,10.5,10.8
242,2020-05-25,329.0,4.2,4.6
242,2020-05-26,165.0,0.2,4.1
242,2020-05-27,22.0,5.5,5.9
242,2020-05-28,35.0,5.0,5.1
242,2020-05-29,50.0,6.1,6.3
242,2020-05-30,58.0,6.6,6.8
242,2020-05-31,64.0,6.9,7.6
242,2020-06-01,67.0,7.7,8.0
242,2020-06-02,35.0,4.2,5.0
242,2020-06-03,9.0,8.9,8.9
242,2020-06-04,338.0,8.0,8.6
242,2020-06-05,271.0,6.8,9.1
242,2020-06-06,227.0,11.2,11.7
242,2020-06-07,275.0,6.3,7.8
242,2020-06-08,13.0,5.7,5.8
242,2020-06-09,360.0,2.9,3.2
242,2020-06-10,73.0,5.2,5.4
242,2020-06-11,58.0,7.3,7.6
242,2020-06-12,75.0,6.9,7.7
242,2020-06-13,11.0,2.5,4.0
242,2020-06-14,313.0,3.4,4.1
242,2020-06-15,287.0,2.6,2.9
242,2020-06-16,11.0,1.9,2.3
242,2020-06-17,27.0,4.9,5.1
242,2020-06-18,189.0,1.6,4.3
242,2020-06-19,242.0,4.8,5.1
242,2020-06-20,250.0,4.5,4.8
242,2020-06-21,215.0,6.9,8.0
242,2020-06-22,267.0,4.1,4.8
242,2020-06-23,229.0,2.5,4.5
242,2020-06-24,80.0,6.4,6.8
242,2020-06-25,87.0,7.3,7.5
242,2020-06-26,133.0,5.7,6.5
242,2020-06-27,212.0,7.2,7.5
242,2020-06-28,225.0,12.9,13.0
242,2020-06-29,230.0,13.1,13.3
242,2020-06-30,251.0,10.4,10.5
242,2020-07-01,242.0,7.0,7.3
242,2020-07-02,269.0,3.9,5.2
242,2020-07-03,233.0,9.7,10.3
242,2020-07-04,229.0,13.6,13.6
242,2020-07-05,236.0,12.3,12.8
242,2020-07-06,290.0,11.7,12.0
242,2020-07-07,263.0,6.7,7.0
242,2020-07-08,75.0,2.8,3.8
242,2020-07-09,79.0,8.0,8.3
242,2020-07-10,350.0,6.1,7.4
242,2020-07-11,300.0,4.9,5.3
242,2020-07-12,285.0,3.4,3.6
242,2020-07-13,223.0,5.5,5.8
242,2020-07-14,289.0,5.2,5.6
242,2020-07-15,288.0,3.6,4.1
242,2020-07-16,317.0,3.0,4.1
242,2020-07-17,247.0,3.3,3.8
242,2020-07-18,216.0,4.3,5.1
242,2020-07-19,306.0,3.7,6.0
242,2020-07-20,316.0,5.9,6.1
242,2020-07-21,304.0,6.1,6.4
242,2020-07-22,302.0,2.4,3.5
242,2020-07-23,218.0,8.0,8.5
242,2020-07-24,271.0,5.5,5.8
242,2020-07-25,213.0,9.3,9.5
242,2020-07-26,241.0,8.2,8.8
242,2020-07-27,193.0,7.8,8.8
242,2020-07-28,269.0,11.6,11.7
242,2020-07-29,274.0,9.0,9.1
242,2020-07-30,201.0,2.3,4.3
242,2020-07-31,113.0,5.6,5.8
242,2020-08-01,234.0,4.7,6.3
242,2020-08-02,271.0,5.6,6.4
242,2020-08-03,315.0,3.2,4.4
242,2020-08-04,245.0,3.1,5.8
242,2020-08-05,216.0,9.3,9.7
242,2020-08-06,217.0,1.7,4.0
242,2020-08-07,93.0,4.0,4.3
242,2020-08-08,53.0,3.0,3.8
242,2020-08-09,40.0,7.3,7.4
242,2020-08-10,71.0,6.4,6.5
242,2020-08-11,76.0,6.9,7.0
242,2020-08-12,84.0,3.5,4.6
242,2020-08-13,78.0,5.7,6.1
242,2020-08-14,58.0,2.6,4.8
242,2020-08-15,55.0,5.2,5.3
242,2020-08-16,56.0,3.2,4.7
242,2020-08-17,225.0,2.0,3.0
242,2020-08-18,228.0,5.4,5.8
242,2020-08-19,163.0,5.7,6.5
242,2020-08-20,183.0,5.7,7.5
242,2020-08-21,216.0,11.2,13.0
242,2020-08-22,233.0,13.0,13.0
242,2020-08-23,265.0,9.0,9.5
242,2020-08-24,272.0,7.1,7.5
242,2020-08-25,197.0,10.3,11.4
242,2020-08-26,279.0,14.9,16.4
242,2020-08-27,114.0,2.2,6.2
242,2020-08-28,213.0,5.5,8.3
242,2020-08-29,292.0,6.5,8.8
242,2020-08-30,5.0,11.7,11.8
242,2020-08-31,347.0,5.5,5.7
242,2020-09-01,329.0,1.7,3.7
242,2020-09-02,146.0,1.6,2.4
242,2020-09-03,221.0,7.3,8.5
242,2020-09-04,266.0,6.8,7.1
242,2020-09-05,280.0,9.2,9.4
242,2020-09-06,291.0,6.1,6.5
242,2020-09-07,240.0,6.2,6.5
242,2020-09-08,246.0,7.7,8.2
242,2020-09-09,278.0,6.9,9.1
242,2020-09-10,320.0,2.3,4.0
242,2020-09-11,240.0,7.0,7.5
242,2020-09-12,252.0,7.5,8.1
242,2020-09-13,224.0,8.9,9.0
242,2020-09-14,118.0,2.1,4.1
242,2020-09-15,74.0,2.6,3.3
242,2020-09-16,17.0,9.1,9.1
242,2020-09-17,74.0,7.1,7.4
242,2020-09-18,76.0,8.4,8.5
242,2020-09-19,70.0,8.7,8.8
242,2020-09-20,58.0,6.4,6.5
242,2020-09-21,60.0,2.1,2.8
242,2020-09-22,217.0,3.1,3.7
242,2020-09-23,202.0,8.1,8.4
242,2020-09-24,206.0,8.8,10.9
242,2020-09-25,151.0,8.9,10.9
242,2020-09-26,8.0,7.5,7.8
242,2020-09-27,30.0,5.7,6.6
242,2020-09-28,12.0,3.0,3.6
242,2020-09-29,310.0,2.7,4.8
242,2020-09-30,169.0,6.8,7.1
242,2020-10-01,160.0,8.0,9.3
242,2020-10-02,88.0,8.3,8.8
242,2020-10-03,121.0,6.4,8.6
242,2020-10-04,164.0,11.2,11.6
242,2020-10-05,170.0,10.5,10.8
242,2020-10-06,247.0,7.1,8.5
242,2020-10-07,278.0,10.3,10.5
242,2020-10-08,259.0,6.9,10.8
242,2020-10-09,260.0,7.2,8.0
242,2020-10-10,283.0,8.4,9.0
242,2020-10-11,326.0,10.5,10.8
242,2020-10-12,281.0,3.3,6.0
242,2020-10-13,135.0,5.9,7.3
242,2020-10-14,53.0,7.3,7.5
242,2020-10-15,52.0,6.0,6.2
242,2020-10-16,84.0,1.3,2.5
242,2020-10-17,147.0,1.2,3.0
242,2020-10-18,316.0,5.3,5.5
242,2020-10-19,183.0,5.6,6.2
242,2020-10-20,179.0,8.1,8.6
242,2020-10-21,200.0,8.1,10.3
242,2020-10-22,233.0,10.6,11.3
242,2020-10-23,217.0,6.5,7.5
242,2020-10-24,204.0,9.2,10.2
242,2020-10-25,202.0,9.6,10.0
242,2020-10-26,203.0,8.7,9.1
242,2020-10-27,211.0,9.6,10.9
242,2020-10-28,226.0,9.9,11.1
242,2020-10-29,248.0,10.2,11.5
242,2020-10-30,235.0,10.3,10.3
242,2020-10-31,198.0,7.1,8.5
242,2020-11-01,206.0,11.9,12.3
242,2020-11-02,230.0,15.3,16.4
242,2020-11-03,246.0,10.5,12.3
242,2020-11-04,290.0,7.5,7.6
242,2020-11-05,270.0,6.2,6.4
242,2020-11-06,148.0,3.3,4.3
242,2020-11-07,128.0,2.9,3.7
242,2020-11-08,113.0,4.5,4.9
242,2020-11-09,125.0,3.9,3.9
242,2020-11-10,132.0,4.8,5.0
242,2020-11-11,160.0,5.5,5.7
242,2020-11-12,217.0,6.3,8.5
242,2020-11-13,205.0,5.7,7.0
242,2020-11-14,177.0,6.5,6.6
242,2020-11-15,193.0,10.6,11.4
242,2020-11-16,251.0,12.2,12.7
242,2020-11-17,227.0,10.5,10.6
242,2020-11-18,212.0,10.4,11.7
242,2020-11-19,298.0,11.3,13.4
242,2020-11-20,257.0,6.2,8.8
242,2020-11-21,240.0,12.2,12.7
242,2020-11-22,279.0,9.6,9.8
242,2020-11-23,258.0,8.2,9.1
242,2020-11-24,198.0,7.8,8.1
242,2020-11-25,193.0,6.7,7.1
242,2020-11-26,304.0,3.1,3.5
242,2020-11-27,141.0,2.4,3.0
242,2020-11-28,106.0,5.6,5.8
242,2020-11-29,124.0,4.2,4.8
242,2020-11-30,251.0,5.9,9.3
242,2020-12-01,5.0,8.9,10.0
242,2020-12-02,163.0,4.1,5.0
242,2020-12-03,173.0,8.0,9.1
242,2020-12-04,151.0,11.2,11.6
242,2020-12-05,158.0,4.6,4.9
242,2020-12-06,42.0,3.0,4.4
242,2020-12-07,274.0,5.8,9.3
242,2020-12-08,143.0,3.7,3.8
242,2020-12-09,157.0,6.3,6.4
242,2020-12-10,141.0,7.8,7.9
242,2020-12-11,129.0,9.8,10.0
242,2020-12-12,113.0,3.9,4.2
242,2020-12-13,168.0,5.8,6.3
242,2020-12-14,182.0,8.4,8.7
242,2020-12-15,193.0,5.4,5.6
242,2020-12-16,158.0,7.8,7.9
242,2020-12-17,210.0,7.5,7.7
242,2020-12-18,185.0,8.4,8.6
242,2020-12-19,179.0,9.2,9.5
242,2020-12-20,201.0,8.3,8.6
242,2020-12-21,181.0,8.2,9.2
242,2020-12-22,264.0,5.1,6.6
242,2020-12-23,72.0,7.4,7.7
242,2020-12-24,5.0,8.4,9.3
242,2020-12-25,342.0,7.5,8.3
242,2020-12-26,225.0,11.8,12.7
242,2020-12-27,197.0,11.8,12.1
242,2020-12-28,141.0,4.8,5.7
242,2020-12-29,300.0,2.7,4.4
242,2020-12-30,274.0,6.4,6.7
242,2020-12-31,301.0,3.1,4.6
242,2021-01-01,295.0,3.4,4.1
242,2021-01-02,7.0,1.9,3.3
242,2021-01-03,68.0,5.5,5.9
242,2021-01-04,62.0,9.8,9.8
242,2021-01-05,69.0,9.2,9.3
242,2021-01-06,32.0,4.5,5.1
242,2021-01-07,356.0,6.9,7.3
242,2021-01-08,13.0,2.1,3.0
242,2021-01-09,322.0,7.4,7.6
242,2021-01-10,258.0,7.8,7.9
242,2021-01-11,248.0,12.4,12.4
242,2021-01-12,319.0,9.9,10.7
242,2021-01-13,313.0,10.2,11.6
242,2021-01-14,87.0,5.4,5.9
242,2021-01-15,109.0,0.7,2.2
242,2021-01-16,184.0,7.1,7.3
242,2021-01-17,298.0,5.4,6.8
242,2021-01-18,258.0,9.5,9.8
242,2021-01-19,221.0,11.9,12.3
242,2021-01-20,200.0,13.6,14.0
242,2021-01-21,213.0,13.9,14.8
242,2021-01-22,256.0,10.1,10.6
242,2021-01-23,227.0,3.8,5.5
242,2021-01-24,245.0,2.0,3.6
242,2021-01-25,282.0,6.9,7.9
242,2021-01-26,288.0,4.2,6.6
242,2021-01-27,254.0,4.9,7.3
242,2021-01-28,115.0,6.3,6.7
242,2021-01-29,63.0,0.8,9.4
242,2021-01-30,84.0,6.6,6.8
242,2021-01-31,104.0,5.1,5.3
242,2021-02-01,64.0,4.7,5.3
242,2021-02-02,106.0,6.2,6.8
242,2021-02-03,224.0,4.1,5.8
242,2021-02-04,84.0,5.6,5.7
242,2021-02-05,95.0,7.7,7.8
242,2021-02-06,82.0,13.1,13.3
242,2021-02-07,71.0,18.6,18.6
242,2021-02-08,78.0,13.9,14.0
242,2021-02-09,75.0,6.0,6.0
242,2021-02-10,76.0,2.2,2.5
242,2021-02-11,150.0,1.6,2.4
242,2021-02-12,97.0,8.3,8.4
242,2021-02-13,126.0,8.5,8.6
242,2021-02-14,151.0,10.1,10.2
242,2021-02-15,190.0,5.7,6.4
242,2021-02-16,196.0,7.4,7.9
242,2021-02-17,212.0,9.6,10.0
242,2021-02-18,177.0,7.2,8.7
242,2021-02-19,194.0,6.5,7.0
242,2021-02-20,158.0,8.1,8.2
242,2021-02-21,160.0,5.0,5.3
242,2021-02-22,195.0,5.9,6.4
242,2021-02-23,199.0,7.5,7.8
242,2021-02-24,198.0,9.4,9.5
242,2021-02-25,238.0,5.8,6.6
242,2021-02-26,298.0,4.9,5.0
242,2021-02-27,281.0,2.2,2.6
242,2021-02-28,47.0,1.8,2.1
242,2021-03-01,95.0,6.1,6.3
242,2021-03-02,89.0,5.0,5.1
242,2021-03-03,309.0,3.4,4.0
242,2021-03-04,14.0,5.8,6.4
242,2021-03-05,22.0,4.5,4.9
242,2021-03-06,307.0,3.7,3.9
242,2021-03-07,294.0,6.6,6.8
242,2021-03-08,212.0,3.7,5.3
242,2021-03-09,343.0,3.0,4.5
242,2021-03-10,190.0,10.7,11.0
242,2021-03-11,230.0,14.8,15.7
242,2021-03-12,237.0,11.9,12.3
242,2021-03-13,251.0,13.9,15.7
242,2021-03-14,280.0,9.0,9.1
242,2021-03-15,319.0,10.7,10.9
242,2021-03-16,323.0,5.8,6.0
242,2021-03-17,356.0,7.2,7.4
242,2021-03-18,4.0,5.2,5.8
242,2021-03-19,35.0,5.6,5.9
242,2021-03-20,282.0,5.4,5.6
242,2021-03-21,338.0,9.1,9.3
242,2021-03-22,301.0,3.7,5.4
242,2021-03-23,222.0,5.4,5.7
242,2021-03-24,222.0,7.0,7.1
242,2021-03-25,214.0,6.9,7.1
242,2021-03-26,207.0,9.6,10.2
242,2021-03-27,255.0,10.3,11.1
242,2021-03-28,221.0,13.9,14.0
242,2021-03-29,225.0,11.9,12.0
242,2021-03-30,219.0,4.2,5.0
242,2021-03-31,190.0,1.4,3.3
242,2021-04-01,17.0,8.1,8.3
242,2021-04-02,354.0,8.9,9.1
242,2021-04-03,360.0,7.8,7.8
242,2021-04-04,260.0,6.8,8.8
242,2021-04-05,321.0,14.9,15.6
242,2021-04-06,320.0,12.6,12.9
242,2021-04-07,314.0,12.6,13.3
242,2021-04-08,237.0,10.3,11.6
242,2021-04-09,261.0,5.6,7.4
242,2021-04-10,55.0,6.6,7.0
242,2021-04-11,352.0,7.9,8.7
242,2021-04-12,293.0,8.6,8.8
242,2021-04-13,307.0,6.5,6.7
242,2021-04-14,358.0,5.3,5.5
242,2021-04-15,35.0,4.9,5.1
242,2021-04-16,23.0,7.4,7.4
242,2021-04-17,10.0,6.3,6.3
242,2021-04-18,17.0,3.8,4.0
242,2021-04-19,46.0,4.9,5.5
242,2021-04-20,26.0,2.4,3.1
242,2021-04-21,2.0,7.9,8.0
242,2021-04-22,339.0,7.1,7.2
242,2021-04-23,347.0,3.5,3.8
242,2021-04-24,22.0,6.0,6.0
242,2021-04-25,16.0,6.8,6.9
242,2021-04-26,33.0,4.6,5.0
242,2021-04-27,84.0,5.5,6.0
242,2021-04-28,41.0,8.4,8.7
242,2021-04-29,2.0,8.9,9.2
242,2021-04-30,339.0,2.9,3.1
242,2021-05-01,341.0,4.7,5.0
242,2021-05-02,311.0,7.1,7.7
242,2021-05-03,217.0,8.5,9.0
242,2021-05-04,250.0,15.1,16.7
242,2021-05-05,288.0,13.5,13.6
242,2021-05-06,294.0,4.8,5.2
242,2021-05-07,279.0,5.8,6.3
242,2021-05-08,177.0,8.5,9.3
242,2021-05-09,173.0,4.6,5.6
242,2021-05-10,206.0,7.2,8.7
242,2021-05-11,64.0,2.7,4.5
242,2021-05-12,247.0,3.6,4.8
242,2021-05-13,44.0,4.9,5.4
242,2021-05-14,344.0,2.9,3.3
242,2021-05-15,20.0,1.8,3.1
242,2021-05-16,248.0,3.5,3.8
242,2021-05-17,303.0,2.9,4.2
242,2021-05-18,268.0,4.4,4.7
242,2021-05-19,290.0,3.0,3.8
242,2021-05-20,219.0,5.4,7.0
242,2021-05-21,212.0,15.6,15.7
242,2021-05-22,257.0,11.8,12.8
242,2021-05-23,221.0,6.2,7.6
242,2021-05-24,196.0,5.7,6.3
242,2021-05-25,284.0,5.6,6.4
242,2021-05-26,282.0,9.2,9.6
242,2021-05-27,326.0,8.8,9.3
242,2021-05-28,327.0,2.1,3.1
242,2021-05-29,16.0,3.9,4.2
242,2021-05-30,42.0,4.9,5.1
242,2021-05-31,59.0,4.8,5.3
242,2021-06-01,77.0,6.7,7.0
242,2021-06-02,69.0,6.9,7.0
242,2021-06-03,235.0,3.4,4.7
242,2021-06-04,337.0,2.8,4.3
242,2021-06-05,334.0,6.4,6.6
242,2021-06-06,337.0,5.0,5.1
242,2021-06-07,4.0,3.0,3.5
242,2021-06-08,82.0,2.1,3.1
242,2021-06-09,247.0,2.7,3.3
242,2021-06-10,238.0,3.5,4.0
242,2021-06-11,229.0,7.6,7.7
242,2021-06-12,305.0,6.5,6.8
242,2021-06-13,260.0,3.9,4.4
242,2021-06-14,256.0,3.1,5.6
242,2021-06-15,7.0,2.4,3.5
242,2021-06-16,114.0,4.7,5.3
242,2021-06-17,235.0,1.7,5.7
242,2021-06-18,73.0,5.0,7.0
242,2021-06-19,278.0,1.2,7.3
242,2021-06-20,13.0,6.7,7.1
242,2021-06-21,27.0,9.4,9.6
242,2021-06-22,7.0,7.1,7.1
242,2021-06-23,11.0,4.4,4.5
242,2021-06-24,347.0,1.4,2.5
242,2021-06-25,210.0,5.6,5.8
242,2021-06-26,32.0,3.1,4.1
242,2021-06-27,54.0,7.8,8.0
242,2021-06-28,47.0,6.8,7.0
242,2021-06-29,18.0,8.9,9.1
242,2021-06-30,343.0,6.6,7.0
242,2021-07-01,293.0,5.0,5.4
242,2021-07-02,307.0,2.2,2.6
242,2021-07-03,108.0,3.5,4.9
242,2021-07-04,240.0,2.6,3.3
242,2021-07-05,216.0,6.0,6.8
242,2021-07-06,201.0,11.6,12.5
242,2021-07-07,216.0,8.8,9.0
242,2021-07-08,230.0,4.7,5.0
242,2021-07-09,266.0,2.2,2.9
242,2021-07-10,49.0,2.4,3.3
242,2021-07-11,77.0,3.0,4.9
242,2021-07-12,24.0,3.7,4.4
242,2021-07-13,354.0,7.0,7.1
242,2021-07-14,346.0,8.7,8.8
242,2021-07-15,1.0,10.4,10.5
242,2021-07-16,357.0,7.9,8.0
242,2021-07-17,336.0,4.9,5.5
242,2021-07-18,329.0,3.7,4.9
242,2021-07-19,10.0,4.1,4.2
242,2021-07-20,10.0,2.1,2.8
242,2021-07-21,334.0,1.9,3.4
242,2021-07-22,2.0,4.3,4.3
242,2021-07-23,18.0,3.4,3.8
242,2021-07-24,75.0,6.4,6.7
242,2021-07-25,283.0,2.2,3.5
242,2021-07-26,267.0,0.4,3.4
242,2021-07-27,220.0,6.1,6.6
242,2021-07-28,223.0,10.9,11.2
242,2021-07-29,240.0,12.8,12.9
242,2021-07-30,208.0,6.2,6.9
242,2021-07-31,274.0,10.2,10.4
242,2021-08-01,317.0,5.7,5.8
242,2021-08-02,316.0,5.7,5.7
242,2021-08-03,44.0,2.9,3.4
242,2021-08-04,84.0,4.7,5.0
242,2021-08-05,124.0,4.6,4.8
242,2021-08-06,200.0,8.8,9.7
242,2021-08-07,192.0,5.6,6.3
242,2021-08-08,229.0,11.6,12.0
242,2021-08-09,225.0,8.3,8.7
242,2021-08-10,248.0,6.2,6.3
242,2021-08-11,217.0,5.1,5.4
242,2021-08-12,218.0,5.5,5.8
242,2021-08-13,233.0,8.5,8.8
242,2021-08-14,249.0,7.8,7.9
242,2021-08-15,239.0,5.2,6.3
242,2021-08-16,300.0,13.0,13.3
242,2021-08-17,289.0,8.4,8.7
242,2021-08-18,271.0,8.9,9.1
242,2021-08-19,273.0,4.4,4.7
242,2021-08-20,265.0,1.3,2.5
242,2021-08-21,112.0,2.7,3.2
242,2021-08-22,28.0,6.6,7.6
242,2021-08-23,27.0,9.0,9.0
242,2021-08-24,30.0,5.6,5.8
242,2021-08-25,336.0,6.7,7.2
242,2021-08-26,359.0,8.3,8.8
242,2021-08-27,3.0,9.6,9.8
242,2021-08-28,17.0,10.4,10.5
242,2021-08-29,7.0,9.1,9.4
242,2021-08-30,13.0,8.2,8.3
242,2021-08-31,3.0,7.5,7.6
242,2021-09-01,359.0,5.0,5.0
242,2021-09-02,8.0,1.4,2.5
242,2021-09-03,44.0,4.0,4.3
242,2021-09-04,65.0,5.1,5.3
242,2021-09-05,82.0,4.5,4.6
242,2021-09-06,142.0,2.4,2.5
242,2021-09-07,157.0,2.5,2.9
242,2021-09-08,107.0,4.3,4.4
242,2021-09-09,165.0,3.2,5.0
242,2021-09-10,212.0,4.8,5.1
242,2021-09-11,239.0,6.9,7.2
242,2021-09-12,302.0,5.5,6.1
242,2021-09-13,30.0,2.8,3.5
242,2021-09-14,87.0,5.9,6.1
242,2021-09-15,280.0,5.8,7.4
242,2021-09-16,298.0,6.9,7.1
242,2021-09-17,193.0,1.2,2.5
242,2021-09-18,121.0,4.1,4.4
242,2021-09-19,113.0,7.3,7.4
242,2021-09-20,96.0,3.1,4.0
242,2021-09-21,260.0,5.0,5.7
242,2021-09-22,244.0,8.2,8.4
242,2021-09-23,273.0,9.9,10.8
242,2021-09-24,244.0,9.5,9.6
242,2021-09-25,225.0,1.7,3.3
242,2021-09-26,181.0,3.7,4.8
242,2021-09-27,217.0,6.2,8.7
242,2021-09-28,196.0,6.1,7.3
242,2021-09-29,277.0,7.0,10.9
242,2021-09-30,234.0,10.4,12.4
242,2021-10-01,198.0,9.7,10.2
242,2021-10-02,172.0,8.4,9.3
242,2021-10-03,217.0,8.8,9.0
242,2021-10-04,201.0,9.7,10.2
242,2021-10-05,178.0,8.8,10.4
242,2021-10-06,222.0,2.2,4.5
242,2021-10-07,163.0,4.4,4.5
242,2021-10-08,118.0,3.1,3.8
242,2021-10-09,107.0,3.9,4.0
242,2021-10-10,315.0,3.9,4.7
242,2021-10-11,317.0,9.2,9.4
242,2021-10-12,340.0,8.8,9.5
242,2021-10-13,304.0,6.8,7.8
242,2021-10-14,264.0,10.4,10.5
242,2021-10-15,321.0,8.2,9.4
242,2021-10-16,270.0,5.8,6.5
242,2021-10-17,216.0,7.6,8.0
242,2021-10-18,185.0,6.4,6.6
242,2021-10-19,213.0,10.7,10.9
242,2021-10-20,228.0,12.3,12.8
242,2021-10-21,309.0,11.9,12.8
242,2021-10-22,301.0,13.0,14.0
242,2021-10-23,220.0,3.7,6.4
242,2021-10-24,177.0,6.9,7.1
242,2021-10-25,201.0,6.7,7.2
242,2021-10-26,233.0,8.7,8.9
242,2021-10-27,221.0,11.3,11.5
242,2021-10-28,176.0,7.6,7.8
242,2021-10-29,178.0,9.2,9.5
242,2021-10-30,183.0,6.6,8.2
242,2021-10-31,179.0,8.0,9.4
242,2021-11-01,195.0,11.1,11.3
242,2021-11-02,198.0,3.7,4.8
242,2021-11-03,236.0,1.6,3.0
242,2021-11-04,357.0,4.8,5.8
242,2021-11-05,299.0,7.5,8.6
242,2021-11-06,248.0,12.4,12.6
242,2021-11-07,299.0,12.8,13.3
242,2021-11-08,289.0,5.5,6.9
242,2021-11-09,199.0,8.1,8.2
242,2021-11-10,214.0,5.8,6.1
242,2021-11-11,221.0,3.4,4.1
242,2021-11-12,182.0,8.2,8.3
242,2021-11-13,330.0,2.0,3.0
242,2021-11-14,81.0,6.3,6.4
242,2021-11-15,92.0,4.0,4.1
242,2021-11-16,178.0,3.1,3.7
242,2021-11-17,282.0,8.9,9.9
242,2021-11-18,259.0,10.2,10.3
242,2021-11-19,270.0,9.0,9.1
242,2021-11-20,263.0,9.7,9.9
242,2021-11-21,354.0,9.7,10.6
242,2021-11-22,1.0,5.9,7.0
242,2021-11-23,333.0,6.3,6.6
242,2021-11-24,218.0,4.4,5.1
242,2021-11-25,317.0,7.7,8.3
242,2021-11-26,258.0,5.1,8.7
242,2021-11-27,33.0,3.9,4.7
242,2021-11-28,2.0,8.5,9.2
242,2021-11-29,318.0,5.3,8.2
242,2021-11-30,284.0,9.0,10.6
242,2021-12-01,284.0,13.0,16.5
242,2021-12-02,341.0,7.7,8.8
242,2021-12-03,242.0,9.6,10.1
242,2021-12-04,207.0,4.3,6.1
242,2021-12-05,112.0,4.0,5.1
242,2021-12-06,168.0,6.5,8.0
242,2021-12-07,179.0,5.2,10.8
242,2021-12-08,175.0,10.0,10.1
242,2021-12-09,180.0,7.5,7.6
242,2021-12-10,134.0,5.3,5.9
242,2021-12-11,224.0,3.7,4.8
242,2021-12-12,221.0,7.4,7.8
242,2021-12-13,217.0,9.1,9.1
242,2021-12-14,235.0,6.3,6.5
242,2021-12-15,249.0,7.2,7.3
242,2021-12-16,274.0,2.6,3.1
242,2021-12-17,356.0,2.0,2.2
242,2021-12-18,328.0,3.8,4.2
242,2021-12-19,346.0,8.1,8.5
242,2021-12-20,27.0,1.8,2.8
242,2021-12-21,191.0,4.6,4.6
242,2021-12-22,172.0,5.0,5.1
242,2021-12-23,224.0,7.0,8.6
242,2021-12-24,343.0,2.9,9.1
242,2021-12-25,92.0,10.0,10.1
242,2021-12-26,110.0,9.4,9.4
242,2021-12-27,133.0,6.7,6.8
242,2021-12-28,173.0,3.4,7.3
242,2021-12-29,239.0,4.5,6.7
242,2021-12-30,228.0,11.0,11.0
242,2021-12-31,232.0,12.0,12.2
242,2022-01-01,214.0,10.4,10.5
269,2016-12-31,207.0,5.2,5.3
269,2017-01-01,212.0,5.8,5.8
269,2017-01-02,298.0,2.6,3.0
269,2017-01-03,256.0,6.0,6.1
269,2017-01-04,314.0,6.0,6.3
269,2017-01-05,48.0,1.9,2.5
269,2017-01-06,176.0,2.8,3.1
269,2017-01-07,209.0,3.6,4.2
269,2017-01-08,300.0,1.4,1.7
269,2017-01-09,185.0,4.7,4.7
269,2017-01-10,211.0,3.9,4.0
269,2017-01-11,255.0,7.8,9.0
269,2017-01-12,248.0,3.8,5.6
269,2017-01-13,297.0,5.3,6.8
269,2017-01-14,303.0,4.6,5.0
269,2017-01-15,276.0,1.5,1.9
269,2017-01-16,75.0,1.4,1.8
269,2017-01-17,119.0,1.3,1.6
269,2017-01-18,140.0,1.2,1.4
269,2017-01-19,66.0,1.3,1.4
269,2017-01-20,59.0,2.2,2.3
269,2017-01-21,73.0,2.7,2.8
269,2017-01-22,100.0,0.1,0.9
269,2017-01-23,187.0,2.1,2.1
269,2017-01-24,180.0,2.3,2.4
269,2017-01-25,132.0,1.9,2.3
269,2017-01-26,113.0,3.0,3.1
269,2017-01-27,137.0,2.5,2.8
269,2017-01-28,165.0,2.9,3.2
269,2017-01-29,197.0,4.8,4.9
269,2017-01-30,356.0,0.4,4.0
269,2017-01-31,84.0,1.3,2.4
269,2017-02-01,140.0,3.7,3.9
269,2017-02-02,161.0,4.2,4.3
269,2017-02-03,165.0,2.9,3.3
269,2017-02-04,125.0,1.4,3.1
269,2017-02-05,306.0,0.5,2.3
269,2017-02-06,79.0,1.2,1.8
269,2017-02-07,81.0,5.0,5.0
269,2017-02-08,64.0,6.3,6.3
269,2017-02-09,70.0,6.1,6.1
269,2017-02-10,68.0,4.8,4.8
269,2017-02-11,60.0,5.4,5.4
269,2017-02-12,74.0,6.2,6.2
269,2017-02-13,79.0,5.2,5.3
269,2017-02-14,98.0,3.1,3.2
269,2017-02-15,180.0,2.1,2.5
269,2017-02-16,231.0,4.7,4.8
269,2017-02-17,284.0,3.4,3.8
269,2017-02-18,211.0,1.9,2.5
269,2017-02-19,231.0,4.3,4.6
269,2017-02-20,238.0,6.2,6.6
269,2017-02-21,258.0,4.9,5.6
269,2017-02-22,252.0,8.0,8.2
269,2017-02-23,243.0,8.8,10.5
269,2017-02-24,291.0,4.1,4.7
269,2017-02-25,209.0,6.9,7.0
269,2017-02-26,212.0,7.9,7.9
269,2017-02-27,200.0,8.2,8.3
269,2017-02-28,219.0,7.7,7.8
269,2017-03-01,225.0,3.6,4.2
269,2017-03-02,252.0,6.5,7.0
269,2017-03-03,157.0,3.3,3.8
269,2017-03-04,186.0,2.4,3.1
269,2017-03-05,187.0,5.7,6.0
269,2017-03-06,346.0,0.5,2.3
269,2017-03-07,301.0,1.5,2.1
269,2017-03-08,204.0,3.7,4.9
269,2017-03-09,272.0,3.4,5.0
269,2017-03-10,211.0,0.4,1.8
269,2017-03-11,101.0,2.0,2.2
269,2017-03-12,97.0,2.9,3.1
269,2017-03-13,301.0,1.6,2.4
269,2017-03-14,234.0,4.5,4.9
269,2017-03-15,287.0,1.7,2.3
269,2017-03-16,217.0,3.0,3.5
269,2017-03-17,256.0,6.5,7.0
269,2017-03-18,267.0,5.4,5.9
269,2017-03-19,241.0,7.8,7.9
269,2017-03-20,230.0,7.7,7.9
269,2017-03-21,244.0,5.0,5.6
269,2017-03-22,152.0,2.8,3.4
269,2017-03-23,61.0,5.1,5.1
269,2017-03-24,59.0,5.6,5.7
269,2017-03-25,44.0,4.8,4.9
269,2017-03-26,54.0,3.8,3.9
269,2017-03-27,85.0,2.4,2.7
269,2017-03-28,243.0,2.5,3.0
269,2017-03-29,236.0,5.0,5.1
269,2017-03-30,205.0,3.7,4.3
269,2017-03-31,204.0,3.4,4.2
269,2017-04-01,213.0,1.0,2.0
269,2017-04-02,303.0,1.4,3.1
269,2017-04-03,47.0,0.7,1.6
269,2017-04-04,354.0,1.1,1.6
269,2017-04-05,324.0,4.6,4.8
269,2017-04-06,331.0,3.3,4.0
269,2017-04-07,284.0,4.0,4.2
269,2017-04-08,282.0,0.9,1.8
269,2017-04-09,188.0,1.9,2.3
269,2017-04-10,310.0,5.1,5.3
269,2017-04-11,261.0,4.3,4.8
269,2017-04-12,256.0,5.7,5.9
269,2017-04-13,285.0,4.6,4.9
269,2017-04-14,242.0,4.1,4.4
269,2017-04-15,279.0,6.1,6.5
269,2017-04-16,283.0,3.9,4.1
269,2017-04-17,341.0,4.5,4.8
269,2017-04-18,23.0,3.3,3.8
269,2017-04-19,40.0,2.2,2.4
269,2017-04-20,261.0,2.4,2.8
269,2017-04-21,266.0,4.2,5.0
269,2017-04-22,325.0,4.9,5.1
269,2017-04-23,309.0,2.7,3.5
269,2017-04-24,242.0,5.1,5.5
269,2017-04-25,283.0,4.6,5.2
269,2017-04-26,334.0,2.3,2.8
269,2017-04-27,256.0,3.5,3.9
269,2017-04-28,290.0,2.6,3.3
269,2017-04-29,4.0,0.9,2.8
269,2017-04-30,102.0,5.6,5.8
269,2017-05-01,113.0,2.7,3.0
269,2017-05-02,41.0,2.9,3.2
269,2017-05-03,59.0,3.9,4.3
269,2017-05-04,50.0,7.1,7.1
269,2017-05-05,56.0,4.9,5.1
269,2017-05-06,63.0,4.9,5.0
269,2017-05-07,344.0,3.7,4.1
269,2017-05-08,355.0,4.2,4.8
269,2017-05-09,354.0,2.2,2.4
269,2017-05-10,34.0,1.0,2.2
269,2017-05-11,93.0,3.1,3.5
269,2017-05-12,186.0,2.3,3.0
269,2017-05-13,221.0,2.7,3.3
269,2017-05-14,220.0,2.8,3.4
269,2017-05-15,207.0,3.1,3.4
269,2017-05-16,216.0,2.9,3.3
269,2017-05-17,147.0,2.5,3.3
269,2017-05-18,339.0,0.8,4.0
269,2017-05-19,216.0,4.0,5.5
269,2017-05-20,204.0,3.1,3.5
269,2017-05-21,42.0,0.1,2.8
269,2017-05-22,129.0,1.3,2.4
269,2017-05-23,285.0,3.5,4.0
269,2017-05-24,311.0,2.4,3.1
269,2017-05-25,16.0,2.3,2.6
269,2017-05-26,77.0,3.6,3.6
269,2017-05-27,159.0,2.6,4.1
269,2017-05-28,296.0,1.7,3.3
269,2017-05-29,57.0,0.7,3.4
269,2017-05-30,245.0,5.1,5.3
269,2017-05-31,333.0,2.0,3.4
269,2017-06-01,40.0,1.6,2.0
269,2017-06-02,18.0,2.4,2.6
269,2017-06-03,286.0,2.6,2.8
269,2017-06-04,263.0,4.0,4.4
269,2017-06-05,198.0,4.3,4.6
269,2017-06-06,195.0,7.2,7.9
269,2017-06-07,237.0,8.5,8.8
269,2017-06-08,214.0,4.5,5.0
269,2017-06-09,241.0,3.6,4.7
269,2017-06-10,209.0,3.3,3.6
269,2017-06-11,224.0,3.9,4.5
269,2017-06-12,256.0,6.5,6.5
269,2017-06-13,291.0,3.2,3.7
269,2017-06-14,73.0,2.0,2.2
269,2017-06-15,251.0,2.6,4.3
269,2017-06-16,283.0,4.8,5.0
269,2017-06-17,278.0,2.6,3.0
269,2017-06-18,34.0,1.4,1.9
269,2017-06-19,22.0,1.5,2.2
269,2017-06-20,41.0,4.6,4.6
269,2017-06-21,70.0,3.5,3.7
269,2017-06-22,256.0,4.3,5.4
269,2017-06-23,256.0,5.8,6.0
269,2017-06-24,229.0,5.5,5.7
269,2017-06-25,252.0,4.5,4.7
269,2017-06-26,333.0,2.7,3.5
269,2017-06-27,72.0,4.1,4.2
269,2017-06-28,138.0,1.5,3.2
269,2017-06-29,220.0,1.2,2.3
269,2017-06-30,250.0,2.7,3.2
269,2017-07-01,324.0,3.3,4.1
269,2017-07-02,280.0,3.6,4.3
269,2017-07-03,232.0,4.8,5.5
269,2017-07-04,45.0,1.8,2.1
269,2017-07-05,354.0,1.5,2.3
269,2017-07-06,89.0,1.5,2.7
269,2017-07-07,259.0,2.0,2.9
269,2017-07-08,344.0,1.7,2.5
269,2017-07-09,35.0,1.5,1.8
269,2017-07-10,298.0,0.7,2.9
269,2017-07-11,235.0,3.7,4.2
269,2017-07-12,348.0,2.5,4.4
269,2017-07-13,33.0,0.6,1.6
269,2017-07-14,277.0,3.1,4.3
269,2017-07-15,264.0,2.9,3.4
269,2017-07-16,249.0,3.2,4.0
269,2017-07-17,11.0,1.4,1.9
269,2017-07-18,68.0,3.9,3.9
269,2017-07-19,127.0,2.2,3.8
269,2017-07-20,229.0,3.3,4.1
269,2017-07-21,151.0,1.8,3.0
269,2017-07-22,172.0,1.8,3.1
269,2017-07-23,200.0,4.1,4.3
269,2017-07-24,11.0,0.9,2.6
269,2017-07-25,339.0,4.6,4.8
269,2017-07-26,251.0,1.8,3.5
269,2017-07-27,244.0,4.3,4.5
269,2017-07-28,222.0,6.6,7.0
269,2017-07-29,209.0,4.0,5.2
269,2017-07-30,228.0,4.4,5.3
269,2017-07-31,215.0,2.4,3.1
269,2017-08-01,253.0,1.2,1.5
269,2017-08-02,200.0,3.4,3.8
269,2017-08-03,226.0,7.9,8.3
269,2017-08-04,227.0,6.4,6.6
269,2017-08-05,264.0,2.8,3.5
269,2017-08-06,251.0,2.4,3.1
269,2017-08-07,219.0,1.6,2.9
269,2017-08-08,184.0,0.4,3.5
269,2017-08-09,218.0,3.4,4.3
269,2017-08-10,8.0,2.4,2.4
269,2017-08-11,280.0,1.7,2.4
269,2017-08-12,250.0,3.4,4.1
269,2017-08-13,42.0,1.2,2.1
269,2017-08-14,99.0,2.5,2.7
269,2017-08-15,249.0,0.9,2.0
269,2017-08-16,174.0,1.7,2.0
269,2017-08-17,194.0,3.8,4.2
269,2017-08-18,218.0,4.5,4.8
269,2017-08-19,234.0,5.2,5.7
269,2017-08-20,249.0,4.3,4.8
269,2017-08-21,62.0,0.4,1.7
269,2017-08-22,71.0,2.8,2.8
269,2017-08-23,113.0,1.7,3.0
269,2017-08-24,258.0,3.1,3.4
269,2017-08-25,107.0,0.6,2.0
269,2017-08-26,357.0,1.2,1.9
269,2017-08-27,313.0,0.8,1.4
269,2017-08-28,13.0,0.4,1.3
269,2017-08-29,263.0,0.7,2.6
269,2017-08-30,21.0,2.8,4.0
269,2017-08-31,295.0,2.9,3.3
269,2017-09-01,26.0,1.5,1.8
269,2017-09-02,351.0,1.5,1.6
269,2017-09-03,166.0,1.0,1.5
269,2017-09-04,179.0,2.4,2.8
269,2017-09-05,203.0,3.6,3.9
269,2017-09-06,270.0,4.7,5.4
269,2017-09-07,227.0,4.0,4.4
269,2017-09-08,212.0,6.1,6.4
269,2017-09-09,223.0,3.3,3.7
269,2017-09-10,192.0,6.2,6.3
269,2017-09-11,205.0,8.6,8.6
269,2017-09-12,226.0,5.8,6.3
269,2017-09-13,230.0,8.5,9.4
269,2017-09-14,244.0,4.8,5.5
269,2017-09-15,234.0,4.3,4.5
269,2017-09-16,215.0,3.2,3.4
269,2017-09-17,214.0,0.6,1.8
269,2017-09-18,210.0,1.9,2.5
269,2017-09-19,290.0,1.2,2.0
269,2017-09-20,212.0,2.9,3.3
269,2017-09-21,169.0,2.5,2.8
269,2017-09-22,276.0,1.0,1.5
269,2017-09-23,38.0,0.8,1.3
269,2017-09-24,70.0,2.3,2.4
269,2017-09-25,66.0,2.8,3.0
269,2017-09-26,66.0,2.6,2.6
269,2017-09-27,87.0,2.9,3.0
269,2017-09-28,124.0,2.1,2.3
269,2017-09-29,173.0,2.6,3.1
269,2017-09-30,229.0,1.2,2.0
269,2017-10-01,183.0,5.4,5.5
269,2017-10-02,237.0,6.4,6.9
269,2017-10-03,266.0,4.7,5.0
269,2017-10-04,241.0,5.7,5.9
269,2017-10-05,278.0,6.7,7.8
269,2017-10-06,305.0,5.0,5.3
269,2017-10-07,238.0,5.5,6.0
269,2017-10-08,315.0,2.0,2.6
269,2017-10-09,213.0,3.2,3.4
269,2017-10-10,227.0,5.4,5.5
269,2017-10-11,214.0,8.1,8.2
269,2017-10-12,246.0,5.0,5.1
269,2017-10-13,218.0,5.5,5.6
269,2017-10-14,223.0,3.8,4.0
269,2017-10-15,176.0,3.3,3.4
269,2017-10-16,190.0,3.8,4.0
269,2017-10-17,216.0,3.6,3.7
269,2017-10-18,81.0,1.9,2.0
269,2017-10-19,151.0,2.7,2.8
269,2017-10-20,201.0,6.6,7.0
269,2017-10-21,194.0,5.9,6.2
269,2017-10-22,227.0,6.2,6.7
269,2017-10-23,250.0,3.7,4.3
269,2017-10-24,217.0,5.8,6.0
269,2017-10-25,239.0,4.7,5.0
269,2017-10-26,250.0,3.0,3.5
269,2017-10-27,310.0,4.3,4.6
269,2017-10-28,272.0,7.5,7.6
269,2017-10-29,323.0,7.6,7.8
269,2017-10-30,324.0,3.0,3.5
269,2017-10-31,216.0,4.7,4.8
269,2017-11-01,216.0,5.0,5.0
269,2017-11-02,250.0,2.3,2.9
269,2017-11-03,188.0,2.4,2.6
269,2017-11-04,189.0,3.4,4.1
269,2017-11-05,257.0,3.0,3.5
269,2017-11-06,311.0,1.2,1.8
269,2017-11-07,79.0,1.2,1.4
269,2017-11-08,33.0,2.1,2.1
269,2017-11-09,219.0,4.1,4.2
269,2017-11-10,264.0,4.8,5.5
269,2017-11-11,259.0,3.1,3.8
269,2017-11-12,291.0,1.7,3.3
269,2017-11-13,328.0,3.6,4.0
269,2017-11-14,217.0,5.0,5.0
269,2017-11-15,197.0,3.4,3.5
269,2017-11-16,213.0,3.1,3.9
269,2017-11-17,235.0,2.1,2.3
269,2017-11-18,261.0,4.8,5.3
269,2017-11-19,290.0,5.0,5.2
269,2017-11-20,226.0,4.7,5.3
269,2017-11-21,232.0,5.7,5.9
269,2017-11-22,204.0,8.2,8.4
269,2017-11-23,207.0,7.8,8.4
269,2017-11-24,222.0,2.5,2.9
269,2017-11-25,228.0,2.5,2.8
269,2017-11-26,248.0,4.3,5.0
269,2017-11-27,222.0,6.5,6.9
269,2017-11-28,240.0,5.4,5.5
269,2017-11-29,201.0,2.2,2.4
269,2017-11-30,244.0,1.9,2.4
269,2017-12-01,27.0,1.0,1.6
269,2017-12-02,204.0,3.3,3.4
269,2017-12-03,235.0,3.3,4.0
269,2017-12-04,269.0,3.5,3.7
269,2017-12-05,246.0,4.1,4.2
269,2017-12-06,228.0,5.8,6.1
269,2017-12-07,214.0,8.4,9.0
269,2017-12-08,262.0,5.3,5.6
269,2017-12-09,239.0,5.1,5.6
269,2017-12-10,132.0,1.8,5.7
269,2017-12-11,37.0,4.4,5.6
269,2017-12-12,242.0,3.3,4.5
269,2017-12-13,200.0,6.7,7.5
269,2017-12-14,217.0,5.2,5.3
269,2017-12-15,192.0,2.1,2.7
269,2017-12-16,287.0,2.7,2.9
269,2017-12-17,214.0,3.6,4.0
269,2017-12-18,334.0,2.3,3.6
269,2017-12-19,234.0,2.2,2.3
269,2017-12-20,254.0,2.1,2.3
269,2017-12-21,258.0,2.4,2.6
269,2017-12-22,268.0,0.4,1.5
269,2017-12-23,246.0,6.7,6.7
269,2017-12-24,235.0,8.1,8.2
269,2017-12-25,205.0,8.0,8.3
269,2017-12-26,209.0,7.4,8.1
269,2017-12-27,188.0,2.8,5.4
269,2017-12-28,257.0,5.3,5.6
269,2017-12-29,199.0,5.4,6.4
269,2017-12-30,231.0,6.8,7.8
269,2017-12-31,222.0,7.7,7.9
269,2018-01-01,227.0,6.5,7.0
269,2018-01-02,214.0,5.1,5.8
269,2018-01-03,252.0,10.9,11.6
269,2018-01-04,237.0,7.0,7.5
269,2018-01-05,219.0,5.5,5.8
269,2018-01-06,40.0,0.6,3.8
269,2018-01-07,57.0,8.0,8.0
269,2018-01-08,76.0,7.1,7.1
269,2018-01-09,98.0,3.0,3.3
269,2018-01-10,161.0,2.4,2.5
269,2018-01-11,15.0,0.9,1.5
269,2018-01-12,47.0,1.3,1.9
269,2018-01-13,98.0,2.6,2.8
269,2018-01-14,102.0,3.4,4.0
269,2018-01-15,201.0,7.4,8.1
269,2018-01-16,251.0,6.3,6.7
269,2018-01-17,263.0,6.7,7.0
269,2018-01-18,251.0,6.5,8.4
269,2018-01-19,231.0,4.4,4.5
269,2018-01-20,201.0,2.7,3.1
269,2018-01-21,226.0,1.4,3.2
269,2018-01-22,248.0,3.3,4.4
269,2018-01-23,212.0,6.6,6.8
269,2018-01-24,212.0,9.2,9.5
269,2018-01-25,207.0,5.1,5.2
269,2018-01-26,208.0,2.1,2.5
269,2018-01-27,212.0,6.3,6.5
269,2018-01-28,239.0,7.4,7.5
269,2018-01-29,252.0,8.1,8.6
269,2018-01-30,222.0,3.4,3.8
269,2018-01-31,229.0,6.8,7.1
269,2018-02-01,219.0,5.9,6.1
269,2018-02-02,320.0,3.3,4.1
269,2018-02-03,32.0,0.2,4.2
269,2018-02-04,33.0,5.6,5.8
269,2018-02-05,64.0,5.4,5.6
269,2018-02-06,57.0,4.3,4.4
269,2018-02-07,44.0,1.3,1.7
269,2018-02-08,178.0,2.8,2.8
269,2018-02-09,174.0,4.7,4.8
269,2018-02-10,197.0,3.7,4.0
269,2018-02-11,235.0,6.2,7.4
269,2018-02-12,249.0,4.6,5.2
269,2018-02-13,170.0,4.4,4.6
269,2018-02-14,151.0,4.8,4.9
269,2018-02-15,194.0,4.6,5.6
269,2018-02-16,244.0,3.0,3.4
269,2018-02-17,82.0,1.5,1.7
269,2018-02-18,161.0,2.4,2.5
269,2018-02-19,158.0,2.0,2.4
269,2018-02-20,44.0,2.5,2.6
269,2018-02-21,47.0,2.9,3.0
269,2018-02-22,59.0,4.4,4.4
269,2018-02-23,68.0,5.1,5.3
269,2018-02-24,79.0,7.0,7.0
269,2018-02-25,70.0,6.3,6.4
269,2018-02-26,54.0,5.7,5.9
269,2018-02-27,50.0,3.5,3.7
269,2018-02-28,80.0,7.8,7.9
269,2018-03-01,83.0,10.7,10.7
269,2018-03-02,79.0,9.8,9.8
269,2018-03-03,92.0,5.5,5.6
269,2018-03-04,114.0,3.4,4.2
269,2018-03-05,194.0,4.6,5.2
269,2018-03-06,147.0,0.5,2.1
269,2018-03-07,113.0,0.5,2.3
269,2018-03-08,218.0,6.3,7.0
269,2018-03-09,206.0,2.8,3.8
269,2018-03-10,183.0,3.8,4.1
269,2018-03-11,171.0,1.6,3.2
269,2018-03-12,177.0,3.5,3.6
269,2018-03-13,293.0,2.7,4.1
269,2018-03-14,107.0,2.8,3.7
269,2018-03-15,97.0,6.0,6.1
269,2018-03-16,83.0,7.1,7.1
269,2018-03-17,74.0,11.7,11.8
269,2018-03-18,73.0,9.6,9.7
269,2018-03-19,58.0,6.3,6.8
269,2018-03-20,360.0,4.7,5.0
269,2018-03-21,267.0,2.9,3.4
269,2018-03-22,273.0,3.6,4.5
269,2018-03-23,200.0,4.7,4.9
269,2018-03-24,75.0,1.2,2.7
269,2018-03-25,352.0,1.9,2.3
269,2018-03-26,261.0,1.2,1.8
269,2018-03-27,151.0,2.9,3.3
269,2018-03-28,272.0,2.3,3.7
269,2018-03-29,226.0,2.3,3.6
269,2018-03-30,109.0,4.0,4.2
269,2018-03-31,187.0,1.7,2.3
269,2018-04-01,345.0,1.3,2.5
269,2018-04-02,155.0,3.3,3.8
269,2018-04-03,207.0,5.9,6.2
269,2018-04-04,185.0,4.0,4.1
269,2018-04-05,271.0,5.3,6.5
269,2018-04-06,127.0,4.3,4.4
269,2018-04-07,162.0,2.6,3.2
269,2018-04-08,353.0,1.8,2.0
269,2018-04-09,32.0,4.3,4.6
269,2018-04-10,66.0,2.2,3.5
269,2018-04-11,67.0,5.8,5.9
269,2018-04-12,63.0,5.8,5.5
269,2018-04-13,260.0,2.0,2.7
269,2018-04-14,264.0,1.0,2.3
269,2018-04-15,133.0,0.5,1.7
269,2018-04-16,239.0,3.4,3.8
269,2018-04-17,195.0,3.4,3.7
269,2018-04-18,135.0,1.3,2.5
269,2018-04-19,129.0,2.6,3.1
269,2018-04-20,283.0,1.9,2.8
269,2018-04-21,49.0,3.3,3.5
269,2018-04-22,215.0,1.3,3.7
269,2018-04-23,251.0,5.6,5.9
269,2018-04-24,234.0,5.8,6.2
269,2018-04-25,256.0,6.9,7.1
269,2018-04-26,254.0,6.4,6.7
269,2018-04-27,154.0,1.6,3.5
269,2018-04-28,219.0,3.7,4.3
269,2018-04-29,30.0,4.8,4.8
269,2018-04-30,197.0,3.6,5.8
269,2018-05-01,249.0,6.7,7.2
269,2018-05-02,195.0,4.9,5.5
269,2018-05-03,317.0,2.2,3.0
269,2018-05-04,31.0,2.3,2.8
269,2018-05-05,61.0,4.0,4.0
269,2018-05-06,84.0,3.1,3.4
269,2018-05-07,97.0,2.6,2.9
269,2018-05-08,120.0,2.0,2.7
269,2018-05-09,322.0,1.5,2.9
269,2018-05-10,287.0,3.4,3.8
269,2018-05-11,107.0,2.0,2.5
269,2018-05-12,94.0,2.7,3.0
269,2018-05-13,300.0,2.4,3.7
269,2018-05-14,32.0,4.1,4.6
269,2018-05-15,32.0,3.8,4.5
269,2018-05-16,359.0,5.3,5.3
269,2018-05-17,351.0,5.8,5.9
269,2018-05-18,326.0,3.9,4.0
269,2018-05-19,278.0,1.6,2.3
269,2018-05-20,59.0,2.0,2.5
269,2018-05-21,77.0,4.7,4.9
269,2018-05-22,29.0,3.3,3.6
269,2018-05-23,56.0,4.2,4.4
269,2018-05-24,72.0,5.6,5.8
269,2018-05-25,73.0,3.1,3.3
269,2018-05-26,61.0,4.7,4.8
269,2018-05-27,72.0,3.4,4.6
269,2018-05-28,38.0,3.0,3.4
269,2018-05-29,50.0,3.4,4.4
269,2018-05-30,146.0,0.7,2.4
269,2018-05-31,14.0,1.8,3.0
269,2018-06-01,274.0,3.2,3.4
269,2018-06-02,234.0,4.1,4.2
269,2018-06-03,283.0,1.0,2.8
269,2018-06-04,28.0,3.0,3.3
269,2018-06-05,24.0,3.5,3.8
269,2018-06-06,36.0,3.3,3.5
269,2018-06-07,6.0,2.1,2.7
269,2018-06-08,355.0,2.2,2.4
269,2018-06-09,9.0,3.2,3.5
269,2018-06-10,13.0,3.5,3.8
269,2018-06-11,30.0,4.0,4.2
269,2018-06-12,16.0,3.2,3.7
269,2018-06-13,323.0,2.2,3.3
269,2018-06-14,211.0,4.7,5.2
269,2018-06-15,351.0,0.6,1.8
269,2018-06-16,239.0,3.3,3.7
269,2018-06-17,225.0,4.9,5.3
269,2018-06-18,223.0,4.9,5.3
269,2018-06-19,234.0,3.3,3.4
269,2018-06-20,227.0,4.3,4.8
269,2018-06-21,301.0,7.1,7.2
269,2018-06-22,314.0,6.5,6.6
269,2018-06-23,304.0,3.6,3.8
269,2018-06-24,330.0,2.9,3.2
269,2018-06-25,348.0,3.7,3.8
269,2018-06-26,6.0,3.2,3.5
269,2018-06-27,38.0,3.8,3.9
269,2018-06-28,22.0,3.9,4.2
269,2018-06-29,4.0,3.6,3.8
269,2018-06-30,66.0,5.3,5.4
269,2018-07-01,93.0,5.2,5.4
269,2018-07-02,56.0,5.3,5.5
269,2018-07-03,26.0,4.0,4.3
269,2018-07-04,19.0,2.8,3.1
269,2018-07-05,347.0,2.1,2.6
269,2018-07-06,349.0,2.8,3.1
269,2018-07-07,8.0,2.4,2.6
269,2018-07-08,354.0,2.7,3.0
269,2018-07-09,332.0,3.1,3.4
269,2018-07-10,339.0,4.8,5.4
269,2018-07-11,344.0,3.7,3.8
269,2018-07-12,339.0,4.0,4.1
269,2018-07-13,5.0,2.3,2.6
269,2018-07-14,18.0,2.5,2.7
269,2018-07-15,50.0,2.5,2.8
269,2018-07-16,50.0,1.8,2.3
269,2018-07-17,267.0,3.6,4.1
269,2018-07-18,286.0,1.5,2.8
269,2018-07-19,355.0,2.0,2.8
269,2018-07-20,9.0,2.6,3.1
269,2018-07-21,331.0,2.6,3.2
269,2018-07-22,289.0,2.9,3.0
269,2018-07-23,326.0,1.1,2.0
269,2018-07-24,344.0,1.0,2.0
269,2018-07-25,13.0,2.6,3.1
269,2018-07-26,67.0,2.8,3.1
269,2018-07-27,95.0,4.0,4.2
269,2018-07-28,248.0,3.9,5.1
269,2018-07-29,186.0,3.7,4.2
269,2018-07-30,198.0,2.0,4.1
269,2018-07-31,264.0,2.6,3.6
269,2018-08-01,346.0,1.5,1.6
269,2018-08-02,356.0,1.7,2.2
269,2018-08-03,10.0,2.3,2.5
269,2018-08-04,347.0,3.0,3.3
269,2018-08-05,19.0,2.8,3.1
269,2018-08-06,40.0,1.2,2.4
269,2018-08-07,38.0,0.8,2.4
269,2018-08-08,228.0,3.1,4.8
269,2018-08-09,126.0,0.3,4.3
269,2018-08-10,221.0,5.9,6.3
269,2018-08-11,250.0,4.1,4.6
269,2018-08-12,188.0,2.4,3.5
269,2018-08-13,225.0,2.2,3.0
269,2018-08-14,276.0,4.3,4.7
269,2018-08-15,219.0,4.1,4.3
269,2018-08-16,218.0,3.3,4.4
269,2018-08-17,279.0,1.8,2.5
269,2018-08-18,218.0,3.7,4.1
269,2018-08-19,218.0,4.9,5.1
269,2018-08-20,293.0,1.8,2.6
269,2018-08-21,101.0,1.2,1.6
269,2018-08-22,273.0,2.0,2.2
269,2018-08-23,225.0,4.0,4.5
269,2018-08-24,252.0,4.4,5.0
269,2018-08-25,255.0,3.5,4.2
269,2018-08-26,198.0,4.9,5.0
269,2018-08-27,236.0,4.8,5.5
269,2018-08-28,182.0,1.3,2.1
269,2018-08-29,353.0,2.2,2.8
269,2018-08-30,327.0,3.5,3.6
269,2018-08-31,350.0,1.3,1.8
269,2018-09-01,17.0,1.2,1.5
269,2018-09-02,56.0,3.3,3.5
269,2018-09-03,3.0,2.6,2.7
269,2018-09-04,14.0,1.1,1.7
269,2018-09-05,6.0,2.4,2.8
269,2018-09-06,307.0,1.6,2.1
269,2018-09-07,239.0,4.8,5.3
269,2018-09-08,216.0,4.6,4.8
269,2018-09-09,204.0,4.1,4.3
269,2018-09-10,235.0,3.8,4.1
269,2018-09-11,226.0,6.5,6.7
269,2018-09-12,347.0,1.7,1.9
269,2018-09-13,315.0,0.8,1.2
269,2018-09-14,226.0,3.3,3.7
269,2018-09-15,249.0,3.0,3.6
269,2018-09-16,199.0,3.1,3.4
269,2018-09-17,188.0,2.5,2.9
269,2018-09-18,218.0,5.2,5.6
269,2018-09-19,213.0,5.9,6.0
269,2018-09-20,206.0,5.3,5.5
269,2018-09-21,237.0,7.9,8.8
269,2018-09-22,224.0,4.6,4.8
269,2018-09-23,351.0,1.6,2.5
269,2018-09-24,312.0,3.4,4.0
269,2018-09-25,193.0,1.6,1.7
269,2018-09-26,220.0,4.3,4.6
269,2018-09-27,214.0,2.7,3.0
269,2018-09-28,8.0,3.8,3.8
269,2018-09-29,195.0,0.9,1.2
269,2018-09-30,268.0,2.0,2.6
269,2018-10-01,312.0,3.5,4.0
269,2018-10-02,249.0,4.5,5.4
269,2018-10-03,275.0,3.0,3.6
269,2018-10-04,210.0,4.1,4.3
269,2018-10-05,168.0,2.0,2.1
269,2018-10-06,334.0,1.2,3.2
269,2018-10-07,16.0,2.4,2.8
269,2018-10-08,208.0,2.8,3.1
269,2018-10-09,187.0,2.5,2.8
269,2018-10-10,80.0,3.2,3.3
269,2018-10-11,153.0,2.8,3.0
269,2018-10-12,186.0,5.0,5.2
269,2018-10-13,162.0,3.7,3.8
269,2018-10-14,168.0,3.0,3.3
269,2018-10-15,189.0,2.3,2.6
269,2018-10-16,171.0,1.6,2.0
269,2018-10-17,263.0,0.7,1.6
269,2018-10-18,25.0,2.8,3.0
269,2018-10-19,46.0,2.0,2.2
269,2018-10-20,239.0,1.7,2.0
269,2018-10-21,205.0,2.8,3.0
269,2018-10-22,333.0,2.7,4.0
269,2018-10-23,273.0,6.8,7.1
269,2018-10-24,295.0,4.5,5.0
269,2018-10-25,266.0,3.5,3.7
269,2018-10-26,237.0,5.0,5.7
269,2018-10-27,347.0,0.6,3.0
269,2018-10-28,52.0,4.6,4.7
269,2018-10-29,53.0,5.9,5.9
269,2018-10-30,177.0,1.8,6.0
269,2018-10-31,176.0,3.2,4.0
269,2018-11-01,159.0,3.2,3.6
269,2018-11-02,243.0,3.3,3.8
269,2018-11-03,161.0,2.2,2.4
269,2018-11-04,105.0,1.8,2.1
269,2018-11-05,88.0,2.8,2.8
269,2018-11-06,130.0,1.9,2.1
269,2018-11-07,176.0,5.2,5.3
269,2018-11-08,177.0,2.6,3.5
269,2018-11-09,140.0,2.8,3.3
269,2018-11-10,179.0,5.4,5.5
269,2018-11-11,189.0,5.5,5.6
269,2018-11-12,187.0,2.6,2.8
269,2018-11-13,216.0,6.1,6.3
269,2018-11-14,170.0,2.8,3.0
269,2018-11-15,125.0,1.9,2.0
269,2018-11-16,93.0,2.5,2.8
269,2018-11-17,69.0,4.4,4.5
269,2018-11-18,55.0,5.0,5.0
269,2018-11-19,53.0,7.5,7.6
269,2018-11-20,77.0,8.2,8.3
269,2018-11-21,87.0,4.5,4.5
269,2018-11-22,80.0,3.4,3.5
269,2018-11-23,75.0,2.9,3.0
269,2018-11-24,67.0,3.9,4.0
269,2018-11-25,55.0,3.8,3.9
269,2018-11-26,62.0,4.5,4.5
269,2018-11-27,99.0,2.5,2.8
269,2018-11-28,158.0,5.2,5.5
269,2018-11-29,178.0,6.6,6.6
269,2018-11-30,204.0,6.4,6.4
269,2018-12-01,191.0,5.8,6.0
269,2018-12-02,219.0,6.1,6.6
269,2018-12-03,238.0,5.5,6.3
269,2018-12-04,252.0,1.4,2.3
269,2018-12-05,158.0,3.5,3.6
269,2018-12-06,224.0,6.2,6.3
269,2018-12-07,225.0,7.3,8.1
269,2018-12-08,240.0,8.9,9.3
269,2018-12-09,278.0,6.9,7.3
269,2018-12-10,303.0,5.0,5.1
269,2018-12-11,293.0,2.2,2.3
269,2018-12-12,71.0,2.1,2.0
269,2018-12-13,67.0,4.1,4.2
269,2018-12-14,64.0,3.4,3.5
269,2018-12-15,133.0,4.6,4.8
269,2018-12-16,163.0,3.6,3.7
269,2018-12-17,199.0,3.6,4.3
269,2018-12-18,167.0,5.0,5.3
269,2018-12-19,185.0,5.0,5.1
269,2018-12-20,198.0,5.8,5.9
269,2018-12-21,226.0,6.4,7.5
269,2018-12-22,259.0,4.7,4.9
269,2018-12-23,242.0,1.7,3.2
269,2018-12-24,291.0,1.4,2.1
269,2018-12-25,232.0,4.0,4.1
269,2018-12-26,215.0,4.2,4.3
269,2018-12-27,200.0,2.3,2.4
269,2018-12-28,205.0,2.5,2.5
269,2018-12-29,250.0,5.1,6.3
269,2018-12-30,263.0,2.8,3.3
269,2018-12-31,260.0,3.3,3.6
269,2019-01-01,297.0,5.4,6.4
269,2019-01-02,337.0,4.2,4.3
269,2019-01-03,318.0,2.2,2.3
269,2019-01-04,294.0,3.6,3.7
269,2019-01-05,307.0,5.2,5.3
269,2019-01-06,293.0,2.3,2.5
269,2019-01-07,244.0,5.4,5.8
269,2019-01-08,308.0,8.2,8.6
269,2019-01-09,356.0,5.6,5.7
269,2019-01-10,246.0,1.4,2.5
269,2019-01-11,303.0,3.4,3.7
269,2019-01-12,268.0,5.7,6.0
269,2019-01-13,279.0,7.4,7.8
269,2019-01-14,312.0,3.8,4.3
269,2019-01-15,238.0,6.3,6.5
269,2019-01-16,218.0,7.8,8.0
269,2019-01-17,265.0,4.0,5.0
269,2019-01-18,197.0,2.3,2.7
269,2019-01-19,124.0,2.6,2.9
269,2019-01-20,58.0,2.1,2.2
269,2019-01-21,199.0,2.2,2.3
269,2019-01-22,177.0,5.1,5.2
269,2019-01-23,72.0,1.9,3.0
269,2019-01-24,96.0,1.5,1.7
269,2019-01-25,212.0,3.3,4.1
269,2019-01-26,226.0,6.3,6.8
269,2019-01-27,230.0,6.1,7.1
269,2019-01-28,314.0,5.1,5.5
269,2019-01-29,194.0,3.3,4.0
269,2019-01-30,125.0,1.1,2.1
269,2019-01-31,164.0,2.4,3.5
269,2019-02-01,68.0,3.8,4.0
269,2019-02-02,16.0,2.7,3.0
269,2019-02-03,278.0,1.9,2.8
269,2019-02-04,199.0,7.4,7.5
269,2019-02-05,207.0,4.1,4.4
269,2019-02-06,195.0,4.8,4.9
269,2019-02-07,219.0,9.2,9.7
269,2019-02-08,198.0,9.5,9.5
269,2019-02-09,228.0,10.9,11.1
269,2019-02-10,262.0,2.3,4.7
269,2019-02-11,300.0,4.0,4.5
269,2019-02-12,234.0,4.4,4.5
269,2019-02-13,212.0,4.6,4.7
269,2019-02-14,192.0,2.2,2.5
269,2019-02-15,166.0,2.8,2.8
269,2019-02-16,202.0,2.9,3.2
269,2019-02-17,170.0,3.1,3.1
269,2019-02-18,203.0,2.8,3.3
269,2019-02-19,237.0,5.2,5.3
269,2019-02-20,217.0,4.9,5.0
269,2019-02-21,239.0,4.2,4.5
269,2019-02-22,85.0,0.6,1.8
269,2019-02-23,110.0,2.4,2.6
269,2019-02-24,90.0,1.0,1.5
269,2019-02-25,49.0,1.0,1.5
269,2019-02-26,58.0,1.2,1.5
269,2019-02-27,220.0,1.5,2.1
269,2019-02-28,228.0,3.7,3.7
269,2019-03-01,311.0,2.6,3.4
269,2019-03-02,207.0,4.8,5.2
269,2019-03-03,213.0,9.4,9.5
269,2019-03-04,236.0,9.9,10.5
269,2019-03-05,234.0,5.7,6.1
269,2019-03-06,177.0,6.0,6.2
269,2019-03-07,225.0,9.1,9.8
269,2019-03-08,252.0,6.5,7.3
269,2019-03-09,254.0,8.5,8.9
269,2019-03-10,257.0,2.1,5.0
269,2019-03-11,276.0,7.6,8.0
269,2019-03-12,207.0,8.4,9.1
269,2019-03-13,250.0,9.2,10.0
269,2019-03-14,262.0,7.7,8.4
269,2019-03-15,258.0,6.9,7.4
269,2019-03-16,229.0,9.7,10.1
269,2019-03-17,246.0,7.6,8.0
269,2019-03-18,283.0,4.7,4.9
269,2019-03-19,204.0,1.8,2.0
269,2019-03-20,219.0,3.6,3.8
269,2019-03-21,245.0,1.9,2.7
269,2019-03-22,236.0,1.1,3.0
269,2019-03-23,329.0,1.7,2.9
269,2019-03-24,271.0,2.4,3.1
269,2019-03-25,324.0,6.6,7.3
269,2019-03-26,295.0,3.7,3.8
269,2019-03-27,279.0,2.7,2.8
269,2019-03-28,274.0,0.8,1.5
269,2019-03-29,53.0,0.3,1.8
269,2019-03-30,330.0,0.7,2.0
269,2019-03-31,42.0,5.6,5.7
269,2019-04-01,79.0,3.9,4.2
269,2019-04-02,182.0,3.1,4.0
269,2019-04-03,164.0,2.1,3.1
269,2019-04-04,124.0,1.9,2.3
269,2019-04-05,45.0,2.4,2.6
269,2019-04-06,66.0,3.5,3.6
269,2019-04-07,58.0,4.5,4.6
269,2019-04-08,51.0,4.8,4.9
269,2019-04-09,56.0,7.3,7.4
269,2019-04-10,40.0,6.8,6.9
269,2019-04-11,43.0,4.9,5.0
269,2019-04-12,54.0,4.5,4.7
269,2019-04-13,36.0,4.2,4.3
269,2019-04-14,62.0,4.2,4.3
269,2019-04-15,90.0,5.1,5.3
269,2019-04-16,69.0,5.1,5.2
269,2019-04-17,93.0,2.6,3.0
269,2019-04-18,77.0,5.1,5.3
269,2019-04-19,66.0,4.1,4.3
269,2019-04-20,55.0,4.7,4.8
269,2019-04-21,47.0,3.5,3.7
269,2019-04-22,84.0,4.7,4.9
269,2019-04-23,90.0,5.4,5.6
269,2019-04-24,177.0,5.1,5.8
269,2019-04-25,167.0,4.3,4.8
269,2019-04-26,225.0,2.7,3.4
269,2019-04-27,215.0,5.3,5.7
269,2019-04-28,174.0,1.3,3.4
269,2019-04-29,6.0,3.0,3.3
269,2019-04-30,13.0,2.8,2.9
269,2019-05-01,288.0,1.8,2.2
269,2019-05-02,281.0,3.2,4.2
269,2019-05-03,304.0,3.9,4.2
269,2019-05-04,337.0,5.1,5.4
269,2019-05-05,332.0,4.1,4.3
269,2019-05-06,246.0,1.8,2.8
269,2019-05-07,179.0,1.9,2.2
269,2019-05-08,148.0,3.3,3.8
269,2019-05-09,227.0,2.7,3.8
269,2019-05-10,323.0,2.2,3.0
269,2019-05-11,13.0,4.3,4.7
269,2019-05-12,354.0,3.5,3.8
269,2019-05-13,9.0,3.0,3.2
269,2019-05-14,39.0,3.8,4.0
269,2019-05-15,58.0,3.9,4.3
269,2019-05-16,51.0,5.5,5.6
269,2019-05-17,82.0,3.8,3.8
269,2019-05-18,355.0,1.5,2.5
269,2019-05-19,344.0,3.2,3.6
269,2019-05-20,313.0,3.6,3.7
269,2019-05-21,308.0,4.9,5.0
269,2019-05-22,299.0,2.8,3.2
269,2019-05-23,241.0,2.2,3.3
269,2019-05-24,307.0,2.5,3.5
269,2019-05-25,324.0,1.9,2.5
269,2019-05-26,236.0,6.7,6.8
269,2019-05-27,263.0,4.8,4.9
269,2019-05-28,22.0,3.7,4.0
269,2019-05-29,186.0,2.8,3.0
269,2019-05-30,224.0,6.4,6.6
269,2019-05-31,236.0,4.4,4.6
269,2019-06-01,261.0,0.9,2.8
269,2019-06-02,193.0,3.1,4.1
269,2019-06-03,261.0,3.0,3.3
269,2019-06-04,134.0,2.1,3.3
269,2019-06-05,253.0,1.7,4.2
269,2019-06-06,255.0,3.3,4.2
269,2019-06-07,132.0,3.7,5.0
269,2019-06-08,210.0,10.0,10.4
269,2019-06-09,200.0,1.2,3.9
269,2019-06-10,41.0,4.0,4.4
269,2019-06-11,262.0,2.4,3.2
269,2019-06-12,101.0,0.4,3.9
269,2019-06-13,190.0,5.6,5.8
269,2019-06-14,185.0,1.0,3.2
269,2019-06-15,285.0,1.9,3.0
269,2019-06-16,228.0,3.0,3.6
269,2019-06-17,187.0,1.3,2.8
269,2019-06-18,6.0,2.4,2.4
269,2019-06-19,214.0,1.3,3.3
269,2019-06-20,248.0,3.6,4.3
269,2019-06-21,258.0,2.1,3.4
269,2019-06-22,46.0,4.1,4.2
269,2019-06-23,83.0,3.7,3.9
269,2019-06-24,122.0,2.1,3.0
269,2019-06-25,175.0,0.6,2.9
269,2019-06-26,348.0,3.8,4.5
269,2019-06-27,17.0,4.4,4.6
269,2019-06-28,46.0,3.6,3.7
269,2019-06-29,97.0,2.2,2.4
269,2019-06-30,259.0,3.1,4.0
269,2019-07-01,266.0,4.9,5.3
269,2019-07-02,334.0,3.2,3.5
269,2019-07-03,3.0,3.3,3.7
269,2019-07-04,276.0,1.7,2.5
269,2019-07-05,284.0,3.3,3.5
269,2019-07-06,282.0,2.9,3.6
269,2019-07-07,327.0,3.6,3.8
269,2019-07-08,319.0,3.8,4.3
269,2019-07-09,343.0,2.5,2.8
269,2019-07-10,188.0,2.2,2.4
269,2019-07-11,244.0,1.4,2.4
269,2019-07-12,265.0,2.2,2.9
269,2019-07-13,338.0,3.3,3.5
269,2019-07-14,357.0,3.4,3.5
269,2019-07-15,332.0,2.4,2.8
269,2019-07-16,305.0,2.0,2.4
269,2019-07-17,29.0,0.9,1.4
269,2019-07-18,214.0,2.8,3.6
269,2019-07-19,236.0,1.1,2.0
269,2019-07-20,206.0,4.4,4.9
269,2019-07-21,266.0,3.6,4.0
269,2019-07-22,236.0,3.4,3.8
269,2019-07-23,49.0,1.0,2.7
269,2019-07-24,153.0,0.7,2.8
269,2019-07-25,74.0,2.5,2.6
269,2019-07-26,69.0,3.1,4.8
269,2019-07-27,97.0,1.9,4.1
269,2019-07-28,259.0,2.3,3.5
269,2019-07-29,256.0,1.3,3.1
269,2019-07-30,194.0,1.6,3.3
269,2019-07-31,207.0,4.7,4.9
269,2019-08-01,222.0,3.6,4.4
269,2019-08-02,67.0,0.7,4.3
269,2019-08-03,357.0,2.0,2.2
269,2019-08-04,81.0,0.8,1.4
269,2019-08-05,249.0,2.5,3.7
269,2019-08-06,227.0,4.0,4.3
269,2019-08-07,238.0,5.2,5.6
269,2019-08-08,248.0,3.9,4.5
269,2019-08-09,153.0,3.0,3.9
269,2019-08-10,222.0,10.1,10.3
269,2019-08-11,216.0,6.5,6.5
269,2019-08-12,224.0,3.4,3.8
269,2019-08-13,239.0,3.7,4.0
269,2019-08-14,203.0,4.2,4.5
269,2019-08-15,241.0,4.9,5.8
269,2019-08-16,196.0,3.9,4.0
269,2019-08-17,204.0,5.6,5.6
269,2019-08-18,213.0,4.2,4.4
269,2019-08-19,223.0,6.4,6.6
269,2019-08-20,243.0,3.5,4.1
269,2019-08-21,213.0,1.5,2.3
269,2019-08-22,252.0,1.9,2.5
269,2019-08-23,74.0,0.8,2.0
269,2019-08-24,74.0,2.4,2.7
269,2019-08-25,39.0,1.8,1.9
269,2019-08-26,41.0,2.8,3.0
269,2019-08-27,85.0,1.1,1.8
269,2019-08-28,244.0,2.5,3.1
269,2019-08-29,247.0,3.0,3.4
269,2019-08-30,214.0,2.4,2.8
269,2019-08-31,213.0,1.0,2.4
269,2019-09-01,282.0,3.6,4.1
269,2019-09-02,241.0,3.7,4.3
269,2019-09-03,235.0,4.1,4.7
269,2019-09-04,209.0,5.2,5.5
269,2019-09-05,287.0,4.5,5.4
269,2019-09-06,214.0,5.8,5.8
269,2019-09-07,324.0,1.8,3.1
269,2019-09-08,344.0,2.0,2.3
269,2019-09-09,236.0,0.8,1.4
269,2019-09-10,244.0,1.3,1.8
269,2019-09-11,209.0,4.9,5.0
269,2019-09-12,231.0,4.1,4.2
269,2019-09-13,335.0,2.1,3.3
269,2019-09-14,79.0,0.6,1.3
269,2019-09-15,265.0,2.6,3.5
269,2019-09-16,338.0,0.8,1.7
269,2019-09-17,305.0,3.7,4.1
269,2019-09-18,344.0,2.3,2.8
269,2019-09-19,339.0,0.8,1.6
269,2019-09-20,72.0,1.7,2.0
269,2019-09-21,90.0,3.2,3.4
269,2019-09-22,153.0,1.7,3.2
269,2019-09-23,201.0,3.0,3.3
269,2019-09-24,164.0,4.2,4.3
269,2019-09-25,190.0,4.5,4.6
269,2019-09-26,196.0,5.5,5.6
269,2019-09-27,209.0,7.3,7.4
269,2019-09-28,221.0,7.9,8.0
269,2019-09-29,213.0,6.6,7.5
269,2019-09-30,266.0,4.1,5.0
269,2019-10-01,251.0,1.9,5.7
269,2019-10-02,301.0,3.6,3.9
269,2019-10-03,252.0,2.2,2.9
269,2019-10-04,91.0,2.0,3.8
269,2019-10-05,85.0,2.5,2.6
269,2019-10-06,90.0,5.5,5.7
269,2019-10-07,144.0,2.3,3.8
269,2019-10-08,222.0,5.8,5.9
269,2019-10-09,214.0,5.2,5.4
269,2019-10-10,224.0,6.5,6.8
269,2019-10-11,211.0,9.4,9.5
269,2019-10-12,235.0,1.9,3.0
269,2019-10-13,205.0,3.7,4.8
269,2019-10-14,95.0,1.9,3.1
269,2019-10-15,207.0,3.9,4.0
269,2019-10-16,188.0,4.9,5.0
269,2019-10-17,196.0,3.0,3.5
269,2019-10-18,199.0,6.9,7.3
269,2019-10-19,188.0,4.9,4.9
269,2019-10-20,90.0,0.9,2.1
269,2019-10-21,126.0,1.2,4.1
269,2019-10-22,218.0,1.7,2.4
269,2019-10-23,70.0,2.4,2.6
269,2019-10-24,199.0,3.9,4.1
269,2019-10-25,203.0,7.2,7.3
269,2019-10-26,216.0,8.2,8.8
269,2019-10-27,265.0,4.1,4.3
269,2019-10-28,286.0,1.3,2.0
269,2019-10-29,55.0,2.1,2.2
269,2019-10-30,65.0,3.2,3.3
269,2019-10-31,73.0,2.7,2.8
269,2019-11-01,158.0,3.1,3.5
269,2019-11-02,196.0,6.8,7.0
269,2019-11-03,173.0,1.9,3.4
269,2019-11-04,175.0,2.5,2.8
269,2019-11-05,220.0,1.4,2.3
269,2019-11-06,4.0,1.0,1.7
269,2019-11-07,157.0,3.2,4.5
269,2019-11-08,174.0,2.9,3.0
269,2019-11-09,203.0,5.2,5.6
269,2019-11-10,190.0,2.2,2.3
269,2019-11-11,183.0,5.6,5.9
269,2019-11-12,197.0,7.0,7.1
269,2019-11-13,198.0,4.7,5.0
269,2019-11-14,100.0,2.9,3.3
269,2019-11-15,58.0,4.7,4.6
269,2019-11-16,205.0,2.7,2.7
269,2019-11-17,69.0,1.0,2.8
269,2019-11-18,321.0,3.8,4.2
269,2019-11-19,253.0,2.4,2.9
269,2019-11-20,102.0,2.1,2.3
269,2019-11-21,89.0,3.5,3.5
269,2019-11-22,129.0,3.0,3.3
269,2019-11-23,78.0,4.1,4.2
269,2019-11-24,95.0,1.3,1.8
269,2019-11-25,138.0,1.9,2.1
269,2019-11-26,173.0,4.2,4.2
269,2019-11-27,177.0,5.1,5.8
269,2019-11-28,247.0,5.3,6.4
269,2019-11-29,291.0,2.8,2.9
269,2019-11-30,260.0,0.7,1.5
269,2019-12-01,17.0,0.8,1.4
269,2019-12-02,281.0,2.3,2.4
269,2019-12-03,220.0,3.7,3.9
269,2019-12-04,183.0,1.9,2.2
269,2019-12-05,205.0,5.3,5.3
269,2019-12-06,213.0,9.8,10.1
269,2019-12-07,239.0,5.8,6.3
269,2019-12-08,223.0,9.6,9.9
269,2019-12-09,261.0,3.2,5.5
269,2019-12-10,197.0,6.4,7.0
269,2019-12-11,199.0,4.7,4.8
269,2019-12-12,178.0,5.8,6.3
269,2019-12-13,173.0,3.1,4.3
269,2019-12-14,230.0,6.2,6.8
269,2019-12-15,218.0,8.2,8.8
269,2019-12-16,184.0,3.3,4.0
269,2019-12-17,208.0,3.2,4.6
269,2019-12-18,182.0,3.1,3.8
269,2019-12-19,164.0,4.7,4.8
269,2019-12-20,179.0,6.1,6.8
269,2019-12-21,175.0,5.5,5.8
269,2019-12-22,207.0,2.7,4.5
269,2019-12-23,234.0,4.5,4.7
269,2019-12-24,233.0,4.4,5.5
269,2019-12-25,287.0,2.5,2.8
269,2019-12-26,131.0,2.1,2.4
269,2019-12-27,65.0,3.5,3.6
269,2019-12-28,136.0,1.5,1.9
269,2019-12-29,181.0,3.1,3.1
269,2019-12-30,210.0,5.0,5.2
269,2019-12-31,286.0,0.4,1.5
269,2020-01-01,178.0,2.5,2.9
269,2020-01-02,193.0,5.0,5.2
269,2020-01-03,234.0,4.7,6.2
269,2020-01-04,265.0,4.4,4.6
269,2020-01-05,216.0,4.1,4.2
269,2020-01-06,202.0,5.0,5.2
269,2020-01-07,208.0,6.3,6.4
269,2020-01-08,225.0,5.0,5.3
269,2020-01-09,202.0,6.7,6.9
269,2020-01-10,265.0,2.9,4.0
269,2020-01-11,204.0,7.1,7.2
269,2020-01-12,218.0,7.0,7.4
269,2020-01-13,190.0,6.2,6.5
269,2020-01-14,202.0,10.0,10.1
269,2020-01-15,209.0,8.1,8.5
269,2020-01-16,174.0,4.9,5.1
269,2020-01-17,205.0,5.6,6.2
269,2020-01-18,244.0,3.9,4.6
269,2020-01-19,330.0,2.4,2.6
269,2020-01-20,207.0,2.0,2.2
269,2020-01-21,211.0,3.6,3.8
269,2020-01-22,228.0,1.6,1.9
269,2020-01-23,129.0,1.1,1.3
269,2020-01-24,196.0,3.3,3.3
269,2020-01-25,188.0,3.5,3.6
269,2020-01-26,177.0,3.8,4.0
269,2020-01-27,196.0,5.3,5.7
269,2020-01-28,237.0,6.9,7.5
269,2020-01-29,248.0,6.5,6.9
269,2020-01-30,221.0,7.6,8.0
269,2020-01-31,230.0,8.7,8.9
269,2020-02-01,238.0,8.5,8.8
269,2020-02-02,241.0,5.0,5.8
269,2020-02-03,256.0,7.0,7.2
269,2020-02-04,290.0,4.3,4.7
269,2020-02-05,259.0,1.9,2.3
269,2020-02-06,245.0,1.8,2.3
269,2020-02-07,141.0,3.1,3.3
269,2020-02-08,197.0,4.6,4.8
269,2020-02-09,210.0,13.4,13.9
269,2020-02-10,252.0,11.3,11.5
269,2020-02-11,259.0,11.9,12.0
269,2020-02-12,251.0,8.1,8.4
269,2020-02-13,188.0,4.6,5.4
269,2020-02-14,225.0,3.5,4.4
269,2020-02-15,196.0,8.7,8.8
269,2020-02-16,214.0,11.9,12.5
269,2020-02-17,226.0,9.7,9.9
269,2020-02-18,234.0,8.5,8.8
269,2020-02-19,250.0,5.7,6.5
269,2020-02-20,223.0,8.2,9.3
269,2020-02-21,231.0,8.3,8.5
269,2020-02-22,234.0,10.3,10.8
269,2020-02-23,262.0,7.5,8.3
269,2020-02-24,225.0,6.8,7.8
269,2020-02-25,249.0,6.7,7.0
269,2020-02-26,278.0,3.5,4.0
269,2020-02-27,213.0,1.9,3.4
269,2020-02-28,199.0,6.0,6.5
269,2020-02-29,208.0,9.5,9.9
269,2020-03-01,218.0,8.9,9.0
269,2020-03-02,197.0,2.6,4.0
269,2020-03-03,224.0,4.2,4.5
269,2020-03-04,242.0,2.2,3.2
269,2020-03-05,72.0,4.5,4.8
269,2020-03-06,348.0,4.6,5.0
269,2020-03-07,220.0,4.9,5.1
269,2020-03-08,204.0,7.5,7.6
269,2020-03-09,225.0,5.4,5.7
269,2020-03-10,233.0,9.1,9.6
269,2020-03-11,236.0,6.4,6.5
269,2020-03-12,244.0,10.2,10.5
269,2020-03-13,265.0,4.8,5.5
269,2020-03-14,164.0,3.6,4.3
269,2020-03-15,198.0,6.2,6.3
269,2020-03-16,276.0,1.9,2.3
269,2020-03-17,221.0,5.4,5.5
269,2020-03-18,225.0,5.4,5.5
269,2020-03-19,35.0,3.5,4.0
269,2020-03-20,35.0,5.7,5.8
269,2020-03-21,69.0,7.0,7.1
269,2020-03-22,84.0,6.0,6.1
269,2020-03-23,112.0,4.5,4.6
269,2020-03-24,135.0,3.3,3.5
269,2020-03-25,82.0,3.5,3.6
269,2020-03-26,64.0,4.9,5.0
269,2020-03-27,45.0,6.2,6.3
269,2020-03-28,17.0,6.7,7.0
269,2020-03-29,20.0,8.2,8.3
269,2020-03-30,335.0,2.7,3.8
269,2020-03-31,28.0,3.0,3.4
269,2020-04-01,274.0,2.0,2.5
269,2020-04-02,246.0,5.0,5.3
269,2020-04-03,285.0,2.0,2.6
269,2020-04-04,172.0,2.8,3.3
269,2020-04-05,137.0,4.4,4.7
269,2020-04-06,219.0,2.8,4.3
269,2020-04-07,75.0,2.2,2.6
269,2020-04-08,27.0,2.4,2.6
269,2020-04-09,32.0,2.3,2.9
269,2020-04-10,61.0,3.8,3.8
269,2020-04-11,90.0,1.9,2.3
269,2020-04-12,287.0,1.1,2.8
269,2020-04-13,8.0,7.0,7.1
269,2020-04-14,348.0,2.8,3.0
269,2020-04-15,294.0,0.7,1.8
269,2020-04-16,55.0,4.1,4.2
269,2020-04-17,46.0,5.3,5.4
269,2020-04-18,44.0,4.0,4.4
269,2020-04-19,63.0,7.2,7.2
269,2020-04-20,73.0,7.8,7.9
269,2020-04-21,75.0,8.0,8.1
269,2020-04-22,74.0,6.3,6.4
269,2020-04-23,53.0,2.4,3.0
269,2020-04-24,349.0,3.5,3.6
269,2020-04-25,9.0,3.0,3.1
269,2020-04-26,327.0,0.8,1.3
269,2020-04-27,282.0,1.6,3.2
269,2020-04-28,37.0,5.1,5.2
269,2020-04-29,215.0,2.3,3.8
269,2020-04-30,205.0,5.8,6.2
269,2020-05-01,226.0,5.5,6.0
269,2020-05-02,267.0,4.3,4.7
269,2020-05-03,338.0,0.8,2.1
269,2020-05-04,25.0,4.5,4.8
269,2020-05-05,36.0,4.2,4.4
269,2020-05-06,17.0,2.1,2.8
269,2020-05-07,347.0,1.1,1.5
269,2020-05-08,17.0,1.2,1.5
269,2020-05-09,41.0,3.3,3.8
269,2020-05-10,20.0,6.1,6.3
269,2020-05-11,15.0,7.8,7.9
269,2020-05-12,275.0,3.5,4.0
269,2020-05-13,4.0,3.5,4.5
269,2020-05-14,6.0,4.0,4.2
269,2020-05-15,295.0,2.2,2.5
269,2020-05-16,265.0,3.9,4.4
269,2020-05-17,259.0,3.2,3.7
269,2020-05-18,254.0,3.5,4.0
269,2020-05-19,292.0,2.5,3.0
269,2020-05-20,14.0,2.1,2.3
269,2020-05-21,111.0,1.2,2.0
269,2020-05-22,228.0,5.6,6.4
269,2020-05-23,247.0,7.2,7.3
269,2020-05-24,265.0,5.6,5.7
269,2020-05-25,340.0,2.9,3.3
269,2020-05-26,13.0,1.1,1.8
269,2020-05-27,5.0,4.0,4.5
269,2020-05-28,32.0,4.6,4.8
269,2020-05-29,39.0,4.1,4.4
269,2020-05-30,54.0,4.4,4.5
269,2020-05-31,63.0,5.5,5.8
269,2020-06-01,58.0,4.0,4.1
269,2020-06-02,353.0,0.6,3.4
269,2020-06-03,294.0,3.3,4.6
269,2020-06-04,328.0,3.8,4.1
269,2020-06-05,236.0,3.7,5.3
269,2020-06-06,217.0,7.7,8.0
269,2020-06-07,236.0,5.3,5.8
269,2020-06-08,344.0,2.7,3.7
269,2020-06-09,17.0,3.1,3.3
269,2020-06-10,61.0,3.3,3.5
269,2020-06-11,54.0,3.7,3.9
269,2020-06-12,78.0,2.7,4.1
269,2020-06-13,29.0,1.7,2.5
269,2020-06-14,294.0,2.2,2.5
269,2020-06-15,286.0,2.1,2.7
269,2020-06-16,44.0,1.3,1.5
269,2020-06-17,35.0,3.0,3.3
269,2020-06-18,176.0,0.4,2.9
269,2020-06-19,262.0,2.6,2.7
269,2020-06-20,273.0,1.8,2.7
269,2020-06-21,210.0,3.1,4.0
269,2020-06-22,288.0,2.2,2.8
269,2020-06-23,6.0,1.0,2.3
269,2020-06-24,72.0,3.7,3.9
269,2020-06-25,94.0,3.8,4.0
269,2020-06-26,134.0,2.4,3.0
269,2020-06-27,214.0,4.1,4.5
269,2020-06-28,225.0,6.9,7.2
269,2020-06-29,220.0,8.1,8.3
269,2020-06-30,228.0,6.2,6.4
269,2020-07-01,238.0,5.0,5.3
269,2020-07-02,243.0,4.4,4.9
269,2020-07-03,232.0,6.5,6.5
269,2020-07-04,218.0,8.0,8.1
269,2020-07-05,234.0,9.6,9.7
269,2020-07-06,274.0,6.5,6.7
269,2020-07-07,257.0,2.5,3.6
269,2020-07-08,110.0,0.7,2.2
269,2020-07-09,232.0,3.9,4.5
269,2020-07-10,339.0,2.6,3.7
269,2020-07-11,287.0,2.3,2.9
269,2020-07-12,5.0,1.6,2.0
269,2020-07-13,294.0,0.8,1.6
269,2020-07-14,233.0,1.2,2.4
269,2020-07-15,305.0,1.6,2.5
269,2020-07-16,300.0,1.5,2.5
269,2020-07-17,261.0,1.2,1.8
269,2020-07-18,227.0,1.4,2.5
269,2020-07-19,287.0,1.8,3.3
269,2020-07-20,333.0,3.0,3.1
269,2020-07-21,295.0,2.9,3.0
269,2020-07-22,358.0,1.3,1.8
269,2020-07-23,225.0,3.1,3.7
269,2020-07-24,262.0,3.0,3.6
269,2020-07-25,204.0,4.1,4.3
269,2020-07-26,245.0,4.9,5.4
269,2020-07-27,181.0,3.1,3.8
269,2020-07-28,258.0,5.5,5.7
269,2020-07-29,267.0,4.1,4.3
269,2020-07-30,133.0,0.8,2.3
269,2020-07-31,93.0,3.3,3.4
269,2020-08-01,267.0,2.5,3.5
269,2020-08-02,274.0,2.7,3.3
269,2020-08-03,281.0,0.9,2.3
269,2020-08-04,258.0,1.6,2.6
269,2020-08-05,206.0,3.5,4.1
269,2020-08-06,331.0,0.5,2.3
269,2020-08-07,50.0,2.2,2.2
269,2020-08-08,32.0,2.4,2.6
269,2020-08-09,43.0,3.8,4.2
269,2020-08-10,64.0,3.7,3.8
269,2020-08-11,81.0,3.0,3.9
269,2020-08-12,69.0,2.2,2.4
269,2020-08-13,83.0,1.0,2.4
269,2020-08-14,50.0,1.2,2.5
269,2020-08-15,236.0,0.7,2.0
269,2020-08-16,86.0,1.8,3.0
269,2020-08-17,142.0,0.8,2.3
269,2020-08-18,229.0,2.8,3.3
269,2020-08-19,169.0,2.9,3.1
269,2020-08-20,167.0,3.4,4.1
269,2020-08-21,221.0,4.9,5.9
269,2020-08-22,221.0,6.9,7.0
269,2020-08-23,237.0,4.9,5.7
269,2020-08-24,249.0,4.4,4.9
269,2020-08-25,191.0,5.5,6.0
269,2020-08-26,255.0,9.0,9.4
269,2020-08-27,135.0,1.9,2.7
269,2020-08-28,203.0,4.6,5.0
269,2020-08-29,214.0,5.0,5.1
269,2020-08-30,353.0,3.9,4.8
269,2020-08-31,347.0,2.3,2.5
269,2020-09-01,315.0,1.3,1.5
269,2020-09-02,26.0,0.8,1.3
269,2020-09-03,212.0,4.8,5.2
269,2020-09-04,242.0,3.8,4.1
269,2020-09-05,252.0,4.0,4.3
269,2020-09-06,252.0,2.4,3.0
269,2020-09-07,219.0,3.5,3.7
269,2020-09-08,215.0,4.7,4.8
269,2020-09-09,246.0,3.3,4.1
269,2020-09-10,236.0,1.0,1.7
269,2020-09-11,218.0,1.4,1.8
269,2020-09-12,232.0,3.1,3.8
269,2020-09-13,215.0,3.7,4.0
269,2020-09-14,66.0,1.7,1.9
269,2020-09-15,74.0,1.2,1.7
269,2020-09-16,6.0,3.8,3.8
269,2020-09-17,58.0,4.6,4.7
269,2020-09-18,64.0,5.4,5.5
269,2020-09-19,57.0,4.7,4.8
269,2020-09-20,47.0,4.5,4.6
269,2020-09-21,34.0,1.6,1.9
269,2020-09-22,218.0,0.7,1.0
269,2020-09-23,195.0,3.9,4.1
269,2020-09-24,198.0,5.2,5.7
269,2020-09-25,181.0,5.5,6.6
269,2020-09-26,351.0,4.0,4.2
269,2020-09-27,45.0,2.8,4.5
269,2020-09-28,185.0,2.9,3.0
269,2020-09-29,233.0,1.2,2.3
269,2020-09-30,171.0,2.6,3.0
269,2020-10-01,160.0,3.8,4.1
269,2020-10-02,74.0,5.2,5.4
269,2020-10-03,122.0,2.3,4.2
269,2020-10-04,170.0,6.0,6.4
269,2020-10-05,174.0,5.9,6.0
269,2020-10-06,215.0,5.4,5.8
269,2020-10-07,239.0,4.5,4.8
269,2020-10-08,219.0,5.2,6.3
269,2020-10-09,231.0,3.2,3.5
269,2020-10-10,236.0,3.6,4.0
269,2020-10-11,267.0,2.9,3.5
269,2020-10-12,243.0,1.3,2.3
269,2020-10-13,113.0,2.5,3.4
269,2020-10-14,33.0,5.0,5.1
269,2020-10-15,30.0,4.0,4.1
269,2020-10-16,27.0,1.7,1.8
269,2020-10-17,179.0,0.7,1.1
269,2020-10-18,249.0,1.5,1.9
269,2020-10-19,170.0,2.3,2.6
269,2020-10-20,177.0,4.1,4.5
269,2020-10-21,202.0,6.5,7.4
269,2020-10-22,215.0,6.2,6.2
269,2020-10-23,201.0,3.7,3.9
269,2020-10-24,198.0,6.9,7.1
269,2020-10-25,195.0,6.2,6.4
269,2020-10-26,200.0,5.8,5.8
269,2020-10-27,197.0,6.9,7.1
269,2020-10-28,207.0,6.7,6.8
269,2020-10-29,219.0,5.7,5.9
269,2020-10-30,231.0,7.6,7.6
269,2020-10-31,195.0,4.8,5.2
269,2020-11-01,204.0,6.9,7.2
269,2020-11-02,222.0,9.8,10.1
269,2020-11-03,210.0,5.9,6.3
269,2020-11-04,233.0,3.1,3.4
269,2020-11-05,218.0,1.4,1.8
269,2020-11-06,92.0,1.8,2.1
269,2020-11-07,92.0,1.3,1.8
269,2020-11-08,98.0,1.4,1.8
269,2020-11-09,84.0,1.8,2.0
269,2020-11-10,71.0,2.0,2.1
269,2020-11-11,167.0,2.7,2.9
269,2020-11-12,198.0,4.9,5.4
269,2020-11-13,191.0,4.0,4.2
269,2020-11-14,181.0,4.3,4.4
269,2020-11-15,192.0,6.8,7.3
269,2020-11-16,221.0,6.7,7.0
269,2020-11-17,221.0,7.6,7.7
269,2020-11-18,204.0,6.7,7.0
269,2020-11-19,272.0,4.3,5.4
269,2020-11-20,216.0,3.1,3.5
269,2020-11-21,211.0,7.4,7.5
269,2020-11-22,238.0,4.2,4.4
269,2020-11-23,214.0,3.2,3.5
269,2020-11-24,186.0,4.1,4.2
269,2020-11-25,185.0,4.1,4.2
269,2020-11-26,271.0,0.3,1.6
269,2020-11-27,84.0,2.2,2.5
269,2020-11-28,81.0,4.6,4.6
269,2020-11-29,89.0,2.3,2.6
269,2020-11-30,203.0,4.4,4.7
269,2020-12-01,357.0,3.8,4.4
269,2020-12-02,144.0,1.2,2.3
269,2020-12-03,170.0,5.3,5.6
269,2020-12-04,156.0,5.4,5.8
269,2020-12-05,142.0,1.5,2.1
269,2020-12-06,23.0,1.9,2.5
269,2020-12-07,221.0,3.8,4.6
269,2020-12-08,59.0,1.1,1.5
269,2020-12-09,166.0,2.8,2.9
269,2020-12-10,117.0,2.7,2.8
269,2020-12-11,123.0,3.6,3.6
269,2020-12-12,139.0,0.8,2.2
269,2020-12-13,176.0,3.4,3.8
269,2020-12-14,182.0,5.5,5.6
269,2020-12-15,188.0,3.4,3.6
269,2020-12-16,161.0,3.7,3.8
269,2020-12-17,208.0,5.6,5.7
269,2020-12-18,184.0,6.1,6.2
269,2020-12-19,184.0,6.0,6.1
269,2020-12-20,196.0,5.0,5.1
269,2020-12-21,185.0,5.7,6.0
269,2020-12-22,238.0,4.3,4.9
269,2020-12-23,189.0,1.6,2.8
269,2020-12-24,3.0,3.8,4.4
269,2020-12-25,319.0,2.1,2.7
269,2020-12-26,207.0,7.7,7.8
269,2020-12-27,192.0,10.0,10.0
269,2020-12-28,139.0,2.0,3.0
269,2020-12-29,237.0,2.1,2.9
269,2020-12-30,220.0,4.6,4.7
269,2020-12-31,210.0,1.8,2.0
269,2021-01-01,211.0,2.1,2.2
269,2021-01-02,200.0,1.8,2.3
269,2021-01-03,43.0,4.7,4.8
269,2021-01-04,43.0,7.7,7.7
269,2021-01-05,48.0,5.8,5.8
269,2021-01-06,11.0,2.4,3.2
269,2021-01-07,295.0,2.4,2.6
269,2021-01-08,316.0,1.0,1.3
269,2021-01-09,291.0,1.7,1.8
269,2021-01-10,217.0,3.3,3.4
269,2021-01-11,220.0,7.5,7.6
269,2021-01-12,283.0,4.1,4.7
269,2021-01-13,282.0,4.5,5.2
269,2021-01-14,58.0,2.9,3.2
269,2021-01-15,14.0,0.6,1.8
269,2021-01-16,186.0,4.1,4.2
269,2021-01-17,245.0,2.1,3.0
269,2021-01-18,220.0,5.1,5.2
269,2021-01-19,219.0,9.0,9.5
269,2021-01-20,194.0,9.0,9.0
269,2021-01-21,205.0,8.9,9.5
269,2021-01-22,224.0,5.1,5.4
269,2021-01-23,207.0,2.9,3.5
269,2021-01-24,247.0,1.1,2.0
269,2021-01-25,246.0,2.7,3.6
269,2021-01-26,260.0,3.1,4.0
269,2021-01-27,227.0,4.4,5.1
269,2021-01-28,98.0,2.9,3.4
269,2021-01-29,271.0,4.1,6.3
269,2021-01-30,66.0,5.6,5.8
269,2021-01-31,73.0,3.7,3.9
269,2021-02-01,46.0,2.2,3.1
269,2021-02-02,96.0,1.8,2.5
269,2021-02-03,224.0,3.9,4.4
269,2021-02-04,225.0,1.7,3.9
269,2021-02-05,80.0,3.1,3.1
269,2021-02-06,70.0,8.9,8.9
269,2021-02-07,62.0,12.7,12.8
269,2021-02-08,64.0,7.5,7.6
269,2021-02-09,52.0,3.4,3.5
269,2021-02-10,40.0,3.2,3.4
269,2021-02-11,58.0,1.0,1.3
269,2021-02-12,67.0,4.5,4.5
269,2021-02-13,90.0,3.7,3.9
269,2021-02-14,145.0,5.1,5.2
269,2021-02-15,189.0,5.4,5.7
269,2021-02-16,195.0,4.0,4.4
269,2021-02-17,212.0,6.1,6.3
269,2021-02-18,182.0,4.5,5.3
269,2021-02-19,189.0,5.0,5.2
269,2021-02-20,168.0,5.0,5.0
269,2021-02-21,168.0,2.8,3.1
269,2021-02-22,184.0,3.6,3.6
269,2021-02-23,201.0,5.0,5.2
269,2021-02-24,190.0,4.7,4.8
269,2021-02-25,247.0,2.1,3.7
269,2021-02-26,309.0,2.3,2.5
269,2021-02-27,346.0,0.8,1.3
269,2021-02-28,46.0,2.3,2.4
269,2021-03-01,75.0,4.4,4.5
269,2021-03-02,65.0,3.4,3.4
269,2021-03-03,296.0,1.7,2.0
269,2021-03-04,354.0,3.2,3.4
269,2021-03-05,17.0,2.6,2.8
269,2021-03-06,324.0,0.6,1.3
269,2021-03-07,284.0,1.7,2.0
269,2021-03-08,257.0,2.6,3.4
269,2021-03-09,285.0,2.3,3.6
269,2021-03-10,190.0,6.3,6.5
269,2021-03-11,232.0,11.5,12.0
269,2021-03-12,227.0,8.8,9.1
269,2021-03-13,241.0,10.0,10.8
269,2021-03-14,270.0,5.6,5.7
269,2021-03-15,312.0,5.4,5.6
269,2021-03-16,312.0,3.0,3.2
269,2021-03-17,351.0,3.7,3.9
269,2021-03-18,349.0,2.4,3.2
269,2021-03-19,23.0,4.3,4.5
269,2021-03-20,271.0,2.5,3.2
269,2021-03-21,331.0,4.6,5.1
269,2021-03-22,314.0,1.9,2.4
269,2021-03-23,230.0,3.3,3.5
269,2021-03-24,229.0,2.8,3.5
269,2021-03-25,219.0,3.1,3.6
269,2021-03-26,200.0,5.8,6.4
269,2021-03-27,248.0,6.7,7.3
269,2021-03-28,222.0,8.2,8.4
269,2021-03-29,225.0,6.8,6.9
269,2021-03-30,182.0,1.2,2.4
269,2021-03-31,332.0,0.7,1.6
269,2021-04-01,10.0,4.0,4.3
269,2021-04-02,358.0,4.6,4.8
269,2021-04-03,356.0,5.1,5.2
269,2021-04-04,259.0,3.5,4.5
269,2021-04-05,304.0,7.6,8.3
269,2021-04-06,310.0,6.4,6.6
269,2021-04-07,301.0,6.3,6.8
269,2021-04-08,223.0,5.5,5.8
269,2021-04-09,257.0,3.2,5.0
269,2021-04-10,46.0,6.1,6.4
269,2021-04-11,345.0,5.0,5.2
269,2021-04-12,257.0,3.8,4.0
269,2021-04-13,301.0,2.2,2.7
269,2021-04-14,12.0,2.5,2.8
269,2021-04-15,39.0,3.1,3.3
269,2021-04-16,15.0,3.5,3.8
269,2021-04-17,352.0,3.4,3.6
269,2021-04-18,337.0,2.1,2.3
269,2021-04-19,56.0,2.1,2.5
269,2021-04-20,10.0,2.1,2.5
269,2021-04-21,2.0,4.2,4.3
269,2021-04-22,352.0,3.6,3.8
269,2021-04-23,351.0,2.2,2.8
269,2021-04-24,30.0,3.7,3.8
269,2021-04-25,19.0,4.4,4.6
269,2021-04-26,23.0,3.6,3.9
269,2021-04-27,75.0,3.2,3.7
269,2021-04-28,41.0,4.8,5.2
269,2021-04-29,318.0,4.2,5.3
269,2021-04-30,319.0,1.2,1.7
269,2021-05-01,288.0,3.7,4.4
269,2021-05-02,297.0,4.4,4.8
269,2021-05-03,210.0,5.6,6.0
269,2021-05-04,239.0,10.2,10.9
269,2021-05-05,269.0,7.1,7.4
269,2021-05-06,249.0,2.5,3.1
269,2021-05-07,272.0,3.8,4.2
269,2021-05-08,173.0,4.4,4.7
269,2021-05-09,179.0,3.3,4.0
269,2021-05-10,208.0,3.1,4.6
269,2021-05-11,31.0,1.1,2.7
269,2021-05-12,294.0,1.8,2.8
269,2021-05-13,43.0,3.2,3.4
269,2021-05-14,17.0,1.9,2.2
269,2021-05-15,167.0,1.2,2.2
269,2021-05-16,218.0,2.5,3.3
269,2021-05-17,260.0,1.9,3.2
269,2021-05-18,285.0,2.3,2.9
269,2021-05-19,239.0,1.9,2.8
269,2021-05-20,195.0,3.9,4.2
269,2021-05-21,219.0,10.6,10.8
269,2021-05-22,238.0,6.6,7.4
269,2021-05-23,212.0,3.8,4.3
269,2021-05-24,191.0,4.1,4.5
269,2021-05-25,248.0,4.5,5.1
269,2021-05-26,255.0,5.7,6.2
269,2021-05-27,308.0,4.4,5.0
269,2021-05-28,30.0,2.0,2.1
269,2021-05-29,12.0,2.8,3.0
269,2021-05-30,39.0,3.6,3.9
269,2021-05-31,61.0,3.6,3.7
269,2021-06-01,72.0,4.0,4.2
269,2021-06-02,57.0,2.4,2.9
269,2021-06-03,254.0,2.3,3.4
269,2021-06-04,339.0,1.9,2.6
269,2021-06-05,305.0,3.1,3.6
269,2021-06-06,336.0,3.4,3.7
269,2021-06-07,2.0,2.8,3.0
269,2021-06-08,34.0,2.1,2.4
269,2021-06-09,297.0,1.7,2.3
269,2021-06-10,269.0,1.6,2.3
269,2021-06-11,253.0,3.2,3.5
269,2021-06-12,295.0,3.8,4.2
269,2021-06-13,286.0,1.2,1.8
269,2021-06-14,300.0,1.5,3.3
269,2021-06-15,23.0,2.7,2.9
269,2021-06-16,84.0,1.3,2.1
269,2021-06-17,247.0,1.3,3.9
269,2021-06-18,75.0,2.7,3.4
269,2021-06-19,258.0,1.5,4.5
269,2021-06-20,350.0,1.7,4.0
269,2021-06-21,25.0,5.1,5.2
269,2021-06-22,21.0,4.2,4.3
269,2021-06-23,20.0,2.9,3.1
269,2021-06-24,359.0,1.5,2.3
269,2021-06-25,198.0,2.9,3.2
269,2021-06-26,48.0,1.9,2.8
269,2021-06-27,57.0,4.3,4.9
269,2021-06-28,27.0,1.7,2.7
269,2021-06-29,350.0,2.7,3.1
269,2021-06-30,335.0,2.7,3.3
269,2021-07-01,269.0,4.1,4.3
269,2021-07-02,229.0,1.3,2.7
269,2021-07-03,131.0,1.0,1.9
269,2021-07-04,241.0,0.9,2.2
269,2021-07-05,199.0,3.0,3.5
269,2021-07-06,198.0,6.5,6.8
269,2021-07-07,208.0,2.7,3.6
269,2021-07-08,301.0,1.7,2.0
269,2021-07-09,301.0,1.7,2.4
269,2021-07-10,348.0,1.3,1.9
269,2021-07-11,11.0,0.6,1.7
269,2021-07-12,53.0,2.2,2.4
269,2021-07-13,353.0,3.3,3.4
269,2021-07-14,340.0,5.2,5.3
269,2021-07-15,357.0,5.7,5.7
269,2021-07-16,354.0,3.7,3.9
269,2021-07-17,348.0,3.5,3.6
269,2021-07-18,325.0,2.4,3.2
269,2021-07-19,2.0,2.0,2.3
269,2021-07-20,57.0,1.7,2.0
269,2021-07-21,343.0,1.0,2.1
269,2021-07-22,9.0,2.8,3.1
269,2021-07-23,48.0,2.6,2.7
269,2021-07-24,76.0,2.0,3.4
269,2021-07-25,221.0,0.8,2.1
269,2021-07-26,193.0,2.8,3.4
269,2021-07-27,201.0,3.8,3.9
269,2021-07-28,213.0,6.4,6.6
269,2021-07-29,235.0,6.9,7.3
269,2021-07-30,203.0,4.7,4.9
269,2021-07-31,248.0,6.0,6.4
269,2021-08-01,264.0,2.5,3.5
269,2021-08-02,305.0,1.9,2.6
269,2021-08-03,40.0,1.5,1.7
269,2021-08-04,52.0,2.1,2.5
269,2021-08-05,107.0,1.7,2.2
269,2021-08-06,208.0,5.0,5.3
269,2021-08-07,189.0,4.4,4.5
269,2021-08-08,213.0,7.4,7.5
269,2021-08-09,205.0,5.3,5.4
269,2021-08-10,241.0,3.6,4.1
269,2021-08-11,204.0,2.0,2.5
269,2021-08-12,240.0,1.9,2.6
269,2021-08-13,241.0,3.8,4.2
269,2021-08-14,233.0,3.5,4.1
269,2021-08-15,233.0,3.7,4.1
269,2021-08-16,280.0,6.0,6.5
269,2021-08-17,256.0,3.9,4.1
269,2021-08-18,250.0,3.9,4.0
269,2021-08-19,238.0,3.5,3.7
269,2021-08-20,236.0,2.0,2.7
269,2021-08-21,113.0,1.2,1.7
269,2021-08-22,306.0,2.2,3.8
269,2021-08-23,25.0,4.6,4.7
269,2021-08-24,25.0,3.7,3.9
269,2021-08-25,336.0,2.6,3.1
269,2021-08-26,345.0,4.1,4.5
269,2021-08-27,350.0,4.9,5.0
269,2021-08-28,1.0,5.0,5.0
269,2021-08-29,355.0,4.4,4.5
269,2021-08-30,357.0,4.5,4.5
269,2021-08-31,356.0,3.6,3.6
269,2021-09-01,354.0,1.7,1.9
269,2021-09-02,17.0,1.8,2.0
269,2021-09-03,36.0,3.3,3.5
269,2021-09-04,61.0,3.8,3.8
269,2021-09-05,56.0,3.4,3.5
269,2021-09-06,43.0,1.5,1.6
269,2021-09-07,90.0,1.3,1.6
269,2021-09-08,86.0,2.6,2.8
269,2021-09-09,162.0,0.4,2.5
269,2021-09-10,200.0,2.3,2.8
269,2021-09-11,232.0,4.0,4.3
269,2021-09-12,255.0,2.5,3.3
269,2021-09-13,51.0,1.2,2.0
269,2021-09-14,77.0,2.5,3.0
269,2021-09-15,263.0,2.6,3.2
269,2021-09-16,272.0,3.5,3.8
269,2021-09-17,266.0,0.9,1.5
269,2021-09-18,68.0,2.2,2.2
269,2021-09-19,86.0,3.8,4.0
269,2021-09-20,61.0,3.0,3.3
269,2021-09-21,245.0,1.8,2.2
269,2021-09-22,227.0,2.7,2.9
269,2021-09-23,249.0,4.7,5.4
269,2021-09-24,233.0,5.0,5.1
269,2021-09-25,189.0,2.0,2.8
269,2021-09-26,181.0,1.5,2.5
269,2021-09-27,194.0,4.1,4.6
269,2021-09-28,185.0,3.7,4.0
269,2021-09-29,228.0,4.3,5.3
269,2021-09-30,207.0,6.1,6.3
269,2021-10-01,195.0,6.3,6.3
269,2021-10-02,176.0,5.1,5.3
269,2021-10-03,212.0,4.3,4.8
269,2021-10-04,188.0,5.5,5.6
269,2021-10-05,179.0,5.3,5.7
269,2021-10-06,230.0,3.0,4.5
269,2021-10-07,124.0,1.2,1.6
269,2021-10-08,66.0,2.2,2.3
269,2021-10-09,73.0,2.4,2.6
269,2021-10-10,293.0,1.2,1.6
269,2021-10-11,292.0,2.4,2.6
269,2021-10-12,314.0,2.6,3.5
269,2021-10-13,270.0,2.6,3.2
269,2021-10-14,240.0,4.7,5.0
269,2021-10-15,295.0,2.3,3.8
269,2021-10-16,199.0,2.7,2.8
269,2021-10-17,192.0,3.7,3.8
269,2021-10-18,178.0,3.5,3.6
269,2021-10-19,207.0,5.9,6.1
269,2021-10-20,214.0,7.5,7.9
269,2021-10-21,272.0,5.4,6.4
269,2021-10-22,268.0,5.0,5.6
269,2021-10-23,185.0,2.3,2.4
269,2021-10-24,172.0,3.1,3.2
269,2021-10-25,197.0,3.8,3.9
269,2021-10-26,211.0,5.8,5.9
269,2021-10-27,212.0,5.9,6.0
269,2021-10-28,177.0,4.1,4.1
269,2021-10-29,180.0,6.0,6.2
269,2021-10-30,179.0,4.4,4.8
269,2021-10-31,178.0,4.6,5.1
269,2021-11-01,195.0,6.7,6.7
269,2021-11-02,195.0,2.6,3.0
269,2021-11-03,168.0,0.8,1.2
269,2021-11-04,278.0,0.5,1.5
269,2021-11-05,253.0,2.1,2.6
269,2021-11-06,214.0,7.1,7.1
269,2021-11-07,267.0,5.3,5.5
269,2021-11-08,235.0,2.2,2.7
269,2021-11-09,192.0,3.9,4.0
269,2021-11-10,192.0,2.7,2.8
269,2021-11-11,196.0,2.6,2.7
269,2021-11-12,182.0,4.6,4.7
269,2021-11-13,183.0,1.6,2.4
269,2021-11-14,63.0,3.2,3.3
269,2021-11-15,67.0,3.3,3.4
269,2021-11-16,184.0,1.2,2.0
269,2021-11-17,232.0,3.9,4.4
269,2021-11-18,226.0,5.0,5.0
269,2021-11-19,246.0,4.3,4.5
269,2021-11-20,229.0,4.2,4.3
269,2021-11-21,340.0,2.7,3.7
269,2021-11-22,7.0,1.2,1.8
269,2021-11-23,290.0,1.5,1.8
269,2021-11-24,186.0,2.1,2.1
269,2021-11-25,238.0,2.3,2.9
269,2021-11-26,204.0,5.3,5.6
269,2021-11-27,216.0,3.5,4.0
269,2021-11-28,330.0,1.2,1.9
269,2021-11-29,279.0,2.7,3.4
269,2021-11-30,251.0,4.6,5.5
269,2021-12-01,250.0,7.2,8.8
269,2021-12-02,292.0,2.3,3.0
269,2021-12-03,209.0,6.9,6.9
269,2021-12-04,199.0,3.1,3.4
269,2021-12-05,142.0,1.5,3.0
269,2021-12-06,168.0,3.5,4.1
269,2021-12-07,168.0,4.5,5.3
269,2021-12-08,187.0,5.9,6.0
269,2021-12-09,179.0,4.2,4.2
269,2021-12-10,116.0,2.0,2.9
269,2021-12-11,185.0,2.1,2.3
269,2021-12-12,216.0,5.1,5.3
269,2021-12-13,206.0,4.6,4.6
269,2021-12-14,222.0,4.5,4.6
269,2021-12-15,229.0,4.1,4.2
269,2021-12-16,203.0,0.8,1.2
269,2021-12-17,336.0,0.8,0.9
269,2021-12-18,328.0,1.5,1.9
269,2021-12-19,318.0,2.8,3.0
269,2021-12-20,25.0,1.4,1.7
269,2021-12-21,76.0,0.8,1.0
269,2021-12-22,153.0,1.6,1.9
269,2021-12-23,211.0,4.5,4.7
269,2021-12-24,278.0,2.0,4.9
269,2021-12-25,70.0,7.1,7.2
269,2021-12-26,87.0,4.1,4.2
269,2021-12-27,126.0,2.4,2.6
269,2021-12-28,209.0,3.6,4.9
269,2021-12-29,236.0,3.8,4.6
269,2021-12-30,232.0,8.2,8.3
269,2021-12-31,229.0,8.0,8.1
269,2022-01-01,203.0,5.3,5.4
310,2016-12-31,198.0,5.8,5.8
310,2017-01-01,201.0,6.8,6.9
310,2017-01-02,319.0,3.0,3.6
310,2017-01-03,266.0,8.1,8.4
310,2017-01-04,317.0,6.9,7.4
310,2017-01-05,43.0,2.6,4.1
310,2017-01-06,176.0,5.5,5.8
310,2017-01-07,215.0,4.6,5.7
310,2017-01-08,259.0,0.9,2.3
310,2017-01-09,196.0,6.7,7.3
310,2017-01-10,255.0,4.5,4.8
310,2017-01-11,261.0,8.7,10.2
310,2017-01-12,235.0,5.9,8.5
310,2017-01-13,304.0,9.8,10.4
310,2017-01-14,312.0,7.1,7.3
310,2017-01-15,294.0,1.0,2.8
310,2017-01-16,53.0,1.6,2.7
310,2017-01-17,88.0,3.2,3.5
310,2017-01-18,62.0,3.0,3.1
310,2017-01-19,51.0,3.8,3.9
310,2017-01-20,53.0,4.5,4.6
310,2017-01-21,105.0,3.0,4.0
310,2017-01-22,238.0,0.9,1.9
310,2017-01-23,231.0,3.8,4.0
310,2017-01-24,213.0,1.9,2.8
310,2017-01-25,119.0,4.3,4.6
310,2017-01-26,142.0,5.6,5.9
310,2017-01-27,133.0,6.3,6.4
310,2017-01-28,178.0,6.6,7.2
310,2017-01-29,182.0,8.1,8.4
310,2017-01-30,244.0,2.8,5.7
310,2017-01-31,112.0,5.0,5.4
310,2017-02-01,142.0,6.3,6.9
310,2017-02-02,163.0,7.7,7.9
310,2017-02-03,166.0,6.6,7.4
310,2017-02-04,166.0,1.5,4.7
310,2017-02-05,45.0,3.6,4.9
310,2017-02-06,59.0,0.8,2.5
310,2017-02-07,111.0,3.3,4.0
310,2017-02-08,34.0,4.2,4.3
310,2017-02-09,59.0,4.9,5.0
310,2017-02-10,49.0,4.5,4.5
310,2017-02-11,43.0,4.1,4.1
310,2017-02-12,72.0,5.8,5.9
310,2017-02-13,77.0,8.2,8.2
310,2017-02-14,102.0,7.0,7.1
310,2017-02-15,180.0,3.9,5.0
310,2017-02-16,242.0,5.8,6.2
310,2017-02-17,273.0,4.3,4.4
310,2017-02-18,196.0,3.3,3.5
310,2017-02-19,237.0,6.3,6.7
310,2017-02-20,247.0,8.1,8.4
310,2017-02-21,250.0,8.0,8.5
310,2017-02-22,247.0,15.9,16.0
310,2017-02-23,247.0,14.6,16.2
310,2017-02-24,287.0,4.3,5.0
310,2017-02-25,205.0,9.2,9.4
310,2017-02-26,212.0,9.3,9.3
310,2017-02-27,199.0,11.4,11.8
310,2017-02-28,220.0,10.1,10.4
310,2017-03-01,249.0,6.1,7.0
310,2017-03-02,249.0,12.1,12.6
310,2017-03-03,150.0,6.4,6.7
310,2017-03-04,193.0,5.0,6.2
310,2017-03-05,193.0,9.3,9.6
310,2017-03-06,289.0,5.1,5.3
310,2017-03-07,267.0,3.5,4.4
310,2017-03-08,225.0,6.6,8.0
310,2017-03-09,271.0,4.7,6.1
310,2017-03-10,131.0,3.1,3.8
310,2017-03-11,107.0,3.4,3.7
310,2017-03-12,57.0,1.6,3.1
310,2017-03-13,321.0,3.3,4.2
310,2017-03-14,244.0,4.8,5.1
310,2017-03-15,268.0,1.4,2.7
310,2017-03-16,233.0,2.8,3.4
310,2017-03-17,256.0,7.6,8.3
310,2017-03-18,257.0,11.0,11.1
310,2017-03-19,243.0,12.1,12.2
310,2017-03-20,231.0,11.3,11.5
310,2017-03-21,245.0,7.4,8.2
310,2017-03-22,147.0,6.5,7.0
310,2017-03-23,64.0,6.7,7.0
310,2017-03-24,61.0,7.2,7.3
310,2017-03-25,48.0,8.5,8.5
310,2017-03-26,54.0,6.1,6.1
310,2017-03-27,87.0,3.7,3.9
310,2017-03-28,235.0,3.1,4.4
310,2017-03-29,233.0,6.8,7.5
310,2017-03-30,177.0,6.2,6.5
310,2017-03-31,208.0,4.1,6.5
310,2017-04-01,222.0,2.0,3.1
310,2017-04-02,299.0,2.2,3.3
310,2017-04-03,109.0,1.6,2.3
310,2017-04-04,289.0,2.8,3.8
310,2017-04-05,343.0,5.1,5.1
310,2017-04-06,339.0,3.0,3.7
310,2017-04-07,287.0,2.9,4.0
310,2017-04-08,303.0,0.3,2.1
310,2017-04-09,156.0,1.7,3.1
310,2017-04-10,323.0,4.8,4.9
310,2017-04-11,256.0,4.5,4.9
310,2017-04-12,248.0,8.8,9.1
310,2017-04-13,279.0,4.7,5.2
310,2017-04-14,255.0,5.0,5.3
310,2017-04-15,278.0,6.9,7.3
310,2017-04-16,284.0,5.1,5.8
310,2017-04-17,349.0,5.1,6.2
310,2017-04-18,15.0,3.9,4.5
310,2017-04-19,39.0,4.1,4.2
310,2017-04-20,241.0,2.5,3.7
310,2017-04-21,260.0,5.5,5.7
310,2017-04-22,350.0,3.9,4.4
310,2017-04-23,287.0,1.7,3.5
310,2017-04-24,250.0,6.1,7.2
310,2017-04-25,308.0,6.2,6.4
310,2017-04-26,351.0,4.3,4.5
310,2017-04-27,275.0,3.7,5.0
310,2017-04-28,308.0,3.4,4.3
310,2017-04-29,120.0,2.8,4.4
310,2017-04-30,111.0,9.0,9.5
310,2017-05-01,172.0,5.2,6.5
310,2017-05-02,4.0,2.8,3.3
310,2017-05-03,47.0,4.1,4.2
310,2017-05-04,45.0,6.0,6.1
310,2017-05-05,63.0,5.3,5.5
310,2017-05-06,42.0,5.6,6.1
310,2017-05-07,340.0,5.5,5.7
310,2017-05-08,354.0,6.0,6.5
310,2017-05-09,15.0,3.5,3.7
310,2017-05-10,53.0,2.9,3.7
310,2017-05-11,98.0,3.7,4.4
310,2017-05-12,194.0,4.3,5.0
310,2017-05-13,217.0,3.5,4.6
310,2017-05-14,232.0,5.2,6.4
310,2017-05-15,195.0,4.3,4.9
310,2017-05-16,223.0,3.6,4.8
310,2017-05-17,153.0,2.7,5.2
310,2017-05-18,24.0,1.6,4.8
310,2017-05-19,244.0,7.5,8.1
310,2017-05-20,228.0,4.1,4.6
310,2017-05-21,107.0,1.5,3.1
310,2017-05-22,93.0,2.3,3.0
310,2017-05-23,276.0,4.4,4.8
310,2017-05-24,287.0,3.8,4.6
310,2017-05-25,37.0,3.1,3.8
310,2017-05-26,94.0,6.3,6.5
310,2017-05-27,223.0,1.5,6.5
310,2017-05-28,357.0,1.3,3.3
310,2017-05-29,319.0,1.0,5.0
310,2017-05-30,253.0,7.8,8.0
310,2017-05-31,303.0,2.8,4.3
310,2017-06-01,45.0,2.6,3.3
310,2017-06-02,9.0,0.6,2.9
310,2017-06-03,267.0,5.0,5.4
310,2017-06-04,267.0,6.0,6.4
310,2017-06-05,207.0,3.9,5.7
310,2017-06-06,217.0,13.6,14.6
310,2017-06-07,245.0,14.4,14.7
310,2017-06-08,210.0,5.4,6.5
310,2017-06-09,244.0,7.8,8.8
310,2017-06-10,229.0,4.1,4.6
310,2017-06-11,245.0,5.0,6.1
310,2017-06-12,251.0,10.5,10.7
310,2017-06-13,300.0,2.2,3.9
310,2017-06-14,80.0,3.2,3.7
310,2017-06-15,254.0,6.0,8.0
310,2017-06-16,281.0,5.9,6.3
310,2017-06-17,283.0,3.0,3.9
310,2017-06-18,64.0,1.3,3.0
310,2017-06-19,44.0,2.5,3.6
310,2017-06-20,36.0,4.8,4.9
310,2017-06-21,89.0,4.3,4.6
310,2017-06-22,253.0,7.3,7.8
310,2017-06-23,250.0,9.1,9.5
310,2017-06-24,230.0,9.9,9.9
310,2017-06-25,251.0,10.3,10.5
310,2017-06-26,352.0,3.7,4.4
310,2017-06-27,76.0,5.2,5.5
310,2017-06-28,241.0,5.0,6.7
310,2017-06-29,229.0,4.3,5.2
310,2017-06-30,258.0,2.8,4.3
310,2017-07-01,319.0,5.3,6.1
310,2017-07-02,291.0,3.2,4.9
310,2017-07-03,232.0,6.7,7.6
310,2017-07-04,238.0,1.6,2.8
310,2017-07-05,328.0,2.1,3.8
310,2017-07-06,101.0,5.0,5.4
310,2017-07-07,258.0,4.1,4.8
310,2017-07-08,343.0,1.7,4.2
310,2017-07-09,77.0,2.0,3.0
310,2017-07-10,223.0,3.0,5.4
310,2017-07-11,237.0,6.2,6.7
310,2017-07-12,357.0,2.9,7.0
310,2017-07-13,49.0,1.6,2.5
310,2017-07-14,287.0,4.3,5.3
310,2017-07-15,237.0,4.1,4.7
310,2017-07-16,258.0,5.1,5.6
310,2017-07-17,41.0,3.0,3.9
310,2017-07-18,67.0,5.5,5.5
310,2017-07-19,205.0,1.5,5.9
310,2017-07-20,232.0,6.9,7.5
310,2017-07-21,135.0,3.8,5.9
310,2017-07-22,193.0,3.6,4.9
310,2017-07-23,232.0,6.8,8.0
310,2017-07-24,305.0,2.7,5.0
310,2017-07-25,329.0,5.7,5.8
310,2017-07-26,227.0,4.5,5.3
310,2017-07-27,247.0,8.6,9.0
310,2017-07-28,226.0,9.1,9.7
310,2017-07-29,229.0,4.9,6.3
310,2017-07-30,230.0,7.9,8.9
310,2017-07-31,247.0,3.4,4.4
310,2017-08-01,251.0,3.0,3.3
310,2017-08-02,196.0,5.0,5.6
310,2017-08-03,231.0,10.4,11.0
310,2017-08-04,242.0,9.8,10.1
310,2017-08-05,267.0,4.1,5.2
310,2017-08-06,249.0,4.0,4.7
310,2017-08-07,251.0,2.0,4.4
310,2017-08-08,281.0,0.2,3.8
310,2017-08-09,235.0,3.3,5.1
310,2017-08-10,37.0,3.0,3.5
310,2017-08-11,253.0,4.2,4.9
310,2017-08-12,256.0,6.6,7.0
310,2017-08-13,302.0,2.4,3.4
310,2017-08-14,119.0,1.7,2.5
310,2017-08-15,244.0,2.0,4.1
310,2017-08-16,202.0,2.0,3.4
310,2017-08-17,207.0,6.4,7.3
310,2017-08-18,233.0,8.3,8.9
310,2017-08-19,247.0,9.2,10.0
310,2017-08-20,269.0,5.6,5.9
310,2017-08-21,180.0,3.0,3.7
310,2017-08-22,96.0,2.2,2.5
310,2017-08-23,183.0,2.0,6.3
310,2017-08-24,255.0,5.3,5.5
310,2017-08-25,55.0,1.0,3.2
310,2017-08-26,324.0,1.0,2.6
310,2017-08-27,35.0,1.9,3.2
310,2017-08-28,54.0,1.1,2.8
310,2017-08-29,354.0,0.6,2.6
310,2017-08-30,351.0,3.2,5.3
310,2017-08-31,276.0,3.4,4.7
310,2017-09-01,259.0,1.6,3.8
310,2017-09-02,357.0,2.1,2.8
310,2017-09-03,153.0,3.5,3.8
310,2017-09-04,175.0,5.2,5.4
310,2017-09-05,226.0,5.0,5.5
310,2017-09-06,285.0,7.4,7.5
310,2017-09-07,228.0,6.3,6.7
310,2017-09-08,221.0,10.4,10.6
310,2017-09-09,234.0,5.4,6.1
310,2017-09-10,206.0,9.3,9.4
310,2017-09-11,219.0,10.7,11.4
310,2017-09-12,247.0,7.9,9.6
310,2017-09-13,245.0,13.6,14.8
310,2017-09-14,271.0,7.3,8.4
310,2017-09-15,252.0,5.3,6.0
310,2017-09-16,208.0,3.0,3.9
310,2017-09-17,231.0,3.2,3.8
310,2017-09-18,283.0,3.6,4.0
310,2017-09-19,316.0,2.7,3.2
310,2017-09-20,222.0,5.0,5.5
310,2017-09-21,179.0,5.9,6.0
310,2017-09-22,287.0,1.7,3.0
310,2017-09-23,118.0,1.6,2.7
310,2017-09-24,94.0,4.7,4.8
310,2017-09-25,70.0,3.6,3.9
310,2017-09-26,43.0,3.3,3.3
310,2017-09-27,108.0,3.4,3.9
310,2017-09-28,182.0,3.9,4.3
310,2017-09-29,211.0,4.1,6.0
310,2017-09-30,250.0,2.5,3.9
310,2017-10-01,183.0,9.2,9.4
310,2017-10-02,246.0,11.1,11.7
310,2017-10-03,288.0,7.1,7.4
310,2017-10-04,245.0,9.5,9.9
310,2017-10-05,279.0,8.3,10.3
310,2017-10-06,314.0,6.2,6.7
310,2017-10-07,244.0,8.2,9.3
310,2017-10-08,297.0,3.1,3.5
310,2017-10-09,230.0,4.8,5.0
310,2017-10-10,239.0,7.9,8.3
310,2017-10-11,212.0,10.0,10.1
310,2017-10-12,256.0,7.4,8.0
310,2017-10-13,218.0,6.3,6.3
310,2017-10-14,218.0,3.6,4.5
310,2017-10-15,171.0,5.0,5.3
310,2017-10-16,192.0,5.8,6.8
310,2017-10-17,216.0,2.3,3.8
310,2017-10-18,113.0,2.1,3.3
310,2017-10-19,157.0,5.7,6.2
310,2017-10-20,208.0,10.2,10.8
310,2017-10-21,203.0,10.6,11.0
310,2017-10-22,263.0,9.5,10.9
310,2017-10-23,243.0,5.9,7.5
310,2017-10-24,224.0,7.7,8.0
310,2017-10-25,236.0,6.6,6.9
310,2017-10-26,254.0,3.3,4.1
310,2017-10-27,330.0,5.0,5.4
310,2017-10-28,272.0,11.0,11.1
310,2017-10-29,330.0,7.4,8.2
310,2017-10-30,340.0,2.9,3.5
310,2017-10-31,226.0,7.1,7.1
310,2017-11-01,210.0,5.5,5.8
310,2017-11-02,249.0,3.6,4.5
310,2017-11-03,188.0,3.3,3.7
310,2017-11-04,201.0,3.9,6.4
310,2017-11-05,302.0,5.5,5.7
310,2017-11-06,329.0,1.7,3.6
310,2017-11-07,177.0,3.3,3.4
310,2017-11-08,36.0,1.4,1.8
310,2017-11-09,222.0,5.5,5.7
310,2017-11-10,275.0,7.8,9.0
310,2017-11-11,270.0,3.6,5.4
310,2017-11-12,318.0,5.5,7.1
310,2017-11-13,341.0,5.2,5.4
310,2017-11-14,219.0,6.9,7.2
310,2017-11-15,205.0,4.3,4.5
310,2017-11-16,220.0,3.6,5.4
310,2017-11-17,296.0,2.1,2.9
310,2017-11-18,281.0,8.2,8.5
310,2017-11-19,302.0,5.4,5.8
310,2017-11-20,231.0,8.2,9.1
310,2017-11-21,230.0,10.1,10.6
310,2017-11-22,195.0,11.0,11.2
310,2017-11-23,209.0,10.4,11.4
310,2017-11-24,263.0,1.7,3.0
310,2017-11-25,273.0,6.0,6.6
310,2017-11-26,277.0,8.4,8.7
310,2017-11-27,243.0,8.8,10.3
310,2017-11-28,288.0,5.5,5.8
310,2017-11-29,277.0,1.7,3.8
310,2017-11-30,315.0,3.5,4.3
310,2017-12-01,36.0,2.2,3.0
310,2017-12-02,187.0,3.9,4.0
310,2017-12-03,235.0,4.0,5.2
310,2017-12-04,267.0,3.8,4.2
310,2017-12-05,249.0,5.5,5.8
310,2017-12-06,217.0,7.5,8.2
310,2017-12-07,213.0,9.7,12.1
310,2017-12-08,289.0,10.3,10.3
310,2017-12-09,261.0,7.9,9.3
310,2017-12-10,201.0,5.5,10.3
310,2017-12-11,35.0,7.3,8.9
310,2017-12-12,213.0,3.8,5.3
310,2017-12-13,212.0,9.5,10.9
310,2017-12-14,242.0,9.4,10.6
310,2017-12-15,210.0,3.8,5.1
310,2017-12-16,307.0,4.8,5.1
310,2017-12-17,234.0,4.8,6.4
310,2017-12-18,343.0,5.1,5.3
310,2017-12-19,248.0,3.7,4.2
310,2017-12-20,263.0,3.7,3.8
310,2017-12-21,262.0,4.7,4.7
310,2017-12-22,273.0,4.1,4.3
310,2017-12-23,249.0,8.1,8.1
310,2017-12-24,238.0,9.4,9.8
310,2017-12-25,195.0,11.0,11.3
310,2017-12-26,199.0,9.7,10.9
310,2017-12-27,217.0,3.8,9.3
310,2017-12-28,284.0,7.9,8.2
310,2017-12-29,210.0,8.2,10.3
310,2017-12-30,235.0,11.3,12.5
310,2017-12-31,218.0,11.9,12.1
310,2018-01-01,235.0,7.3,9.0
310,2018-01-02,226.0,6.6,9.1
310,2018-01-03,254.0,15.4,15.8
310,2018-01-04,242.0,10.7,11.4
310,2018-01-05,219.0,6.8,7.4
310,2018-01-06,31.0,1.7,4.3
310,2018-01-07,53.0,9.8,9.8
310,2018-01-08,65.0,6.7,6.8
310,2018-01-09,136.0,3.3,4.7
310,2018-01-10,180.0,5.9,6.0
310,2018-01-11,4.0,1.1,2.4
310,2018-01-12,43.0,1.8,2.8
310,2018-01-13,117.0,5.5,5.8
310,2018-01-14,120.0,3.6,5.3
310,2018-01-15,207.0,10.0,11.5
310,2018-01-16,261.0,11.0,11.2
310,2018-01-17,277.0,12.0,12.6
310,2018-01-18,258.0,9.8,11.4
310,2018-01-19,266.0,7.6,8.1
310,2018-01-20,195.0,2.8,4.8
310,2018-01-21,185.0,3.0,5.4
310,2018-01-22,270.0,5.6,5.9
310,2018-01-23,207.0,8.6,8.8
310,2018-01-24,210.0,11.5,12.0
310,2018-01-25,205.0,6.3,6.4
310,2018-01-26,225.0,2.5,4.0
310,2018-01-27,206.0,8.0,8.3
310,2018-01-28,242.0,10.2,10.4
310,2018-01-29,256.0,11.6,12.3
310,2018-01-30,230.0,2.7,3.7
310,2018-01-31,246.0,10.2,11.0
310,2018-02-01,256.0,6.5,7.9
310,2018-02-02,316.0,5.6,6.3
310,2018-02-03,243.0,1.3,3.4
310,2018-02-04,35.0,6.6,6.7
310,2018-02-05,60.0,6.6,6.7
310,2018-02-06,41.0,4.9,5.0
310,2018-02-07,35.0,2.4,3.1
310,2018-02-08,207.0,5.0,5.3
310,2018-02-09,192.0,6.7,8.0
310,2018-02-10,222.0,5.5,8.5
310,2018-02-11,259.0,8.4,10.4
310,2018-02-12,262.0,6.2,7.4
310,2018-02-13,164.0,8.7,9.2
310,2018-02-14,159.0,9.6,9.8
310,2018-02-15,219.0,6.1,7.8
310,2018-02-16,259.0,2.6,4.0
310,2018-02-17,84.0,2.7,3.2
310,2018-02-18,169.0,3.9,4.0
310,2018-02-19,162.0,4.7,5.0
310,2018-02-20,60.0,2.7,3.0
310,2018-02-21,31.0,4.4,4.5
310,2018-02-22,57.0,6.7,6.8
310,2018-02-23,65.0,7.2,7.2
310,2018-02-24,71.0,8.5,8.5
310,2018-02-25,65.0,7.8,8.0
310,2018-02-26,50.0,7.1,7.2
310,2018-02-27,57.0,5.5,5.5
310,2018-02-28,75.0,9.1,9.2
310,2018-03-01,80.0,12.3,12.4
310,2018-03-02,84.0,11.1,11.3
310,2018-03-03,86.0,6.3,6.3
310,2018-03-04,144.0,4.7,6.0
310,2018-03-05,157.0,5.2,6.5
310,2018-03-06,154.0,2.3,3.5
310,2018-03-07,230.0,2.3,3.9
310,2018-03-08,219.0,9.0,10.0
310,2018-03-09,165.0,3.9,5.2
310,2018-03-10,182.0,6.3,6.5
310,2018-03-11,123.0,1.5,4.3
310,2018-03-12,197.0,6.3,7.8
310,2018-03-13,286.0,5.3,6.1
310,2018-03-14,120.0,5.3,6.0
310,2018-03-15,107.0,7.9,8.0
310,2018-03-16,85.0,2.2,5.0
310,2018-03-17,66.0,11.1,11.2
310,2018-03-18,68.0,9.0,9.1
310,2018-03-19,51.0,7.5,7.7
310,2018-03-20,2.0,6.3,6.5
310,2018-03-21,258.0,3.6,4.4
310,2018-03-22,260.0,6.6,7.0
310,2018-03-23,187.0,7.5,7.9
310,2018-03-24,84.0,3.5,4.7
310,2018-03-25,357.0,4.3,4.4
310,2018-03-26,259.0,2.3,2.8
310,2018-03-27,187.0,4.0,5.5
310,2018-03-28,267.0,4.0,5.1
310,2018-03-29,200.0,4.1,5.2
310,2018-03-30,135.0,5.5,6.7
310,2018-03-31,195.0,2.6,3.7
310,2018-04-01,308.0,2.4,4.0
310,2018-04-02,163.0,6.4,7.1
310,2018-04-03,195.0,7.3,7.7
310,2018-04-04,191.0,7.2,7.9
310,2018-04-05,277.0,4.1,6.5
310,2018-04-06,119.0,8.2,8.3
310,2018-04-07,151.0,3.3,5.5
310,2018-04-08,353.0,2.3,3.1
310,2018-04-09,5.0,3.8,4.0
310,2018-04-10,114.0,2.6,4.4
310,2018-04-11,34.0,1.3,2.5
310,2018-04-12,58.0,3.3,3.8
310,2018-04-13,229.0,1.6,3.8
310,2018-04-14,39.0,0.6,2.5
310,2018-04-15,170.0,1.8,3.3
310,2018-04-16,249.0,3.8,4.4
310,2018-04-17,180.0,5.2,5.7
310,2018-04-18,108.0,2.9,3.8
310,2018-04-19,111.0,3.7,4.1
310,2018-04-20,299.0,1.8,3.1
310,2018-04-21,66.0,3.0,3.6
310,2018-04-22,226.0,2.2,5.8
310,2018-04-23,250.0,7.7,8.0
310,2018-04-24,239.0,8.1,8.4
310,2018-04-25,254.0,10.0,10.5
310,2018-04-26,253.0,9.8,10.1
310,2018-04-27,149.0,2.7,4.3
310,2018-04-28,231.0,5.1,6.1
310,2018-04-29,17.0,5.6,5.8
310,2018-04-30,297.0,3.1,6.2
310,2018-05-01,260.0,7.1,8.0
310,2018-05-02,196.0,7.6,8.9
310,2018-05-03,293.0,2.5,3.3
310,2018-05-04,16.0,2.6,3.5
310,2018-05-05,38.0,5.0,5.2
310,2018-05-06,57.0,3.1,3.5
310,2018-05-07,80.0,3.1,3.6
310,2018-05-08,24.0,0.8,3.2
310,2018-05-09,290.0,4.0,4.6
310,2018-05-10,278.0,3.9,5.4
310,2018-05-11,111.0,3.4,3.8
310,2018-05-12,78.0,1.3,4.7
310,2018-05-13,290.0,4.7,5.5
310,2018-05-14,349.0,7.3,7.3
310,2018-05-15,351.0,4.8,5.5
310,2018-05-16,3.0,8.2,8.3
310,2018-05-17,4.0,6.7,6.8
310,2018-05-18,356.0,4.1,4.1
310,2018-05-19,350.0,2.8,2.9
310,2018-05-20,19.0,4.0,4.3
310,2018-05-21,33.0,2.4,3.7
310,2018-05-22,4.0,4.0,4.5
310,2018-05-23,20.0,4.5,4.8
310,2018-05-24,56.0,4.0,5.0
310,2018-05-25,293.0,0.6,3.0
310,2018-05-26,57.0,3.8,4.0
310,2018-05-27,89.0,4.9,5.5
310,2018-05-28,31.0,2.7,3.5
310,2018-05-29,306.0,2.5,4.4
310,2018-05-30,360.0,1.6,2.4
310,2018-05-31,11.0,2.0,2.8
310,2018-06-01,267.0,4.4,4.7
310,2018-06-02,243.0,4.5,4.8
310,2018-06-03,318.0,1.7,3.6
310,2018-06-04,10.0,5.0,5.0
310,2018-06-05,11.0,5.8,5.8
310,2018-06-06,13.0,5.5,5.5
310,2018-06-07,335.0,2.5,3.0
310,2018-06-08,351.0,4.1,4.2
310,2018-06-09,2.0,5.2,5.3
310,2018-06-10,11.0,5.4,5.5
310,2018-06-11,35.0,6.0,6.2
310,2018-06-12,9.0,5.2,5.6
310,2018-06-13,327.0,2.6,4.2
310,2018-06-14,215.0,6.7,7.0
310,2018-06-15,242.0,2.2,2.8
310,2018-06-16,240.0,6.7,7.2
310,2018-06-17,236.0,8.4,8.7
310,2018-06-18,230.0,7.6,8.0
310,2018-06-19,251.0,5.2,5.4
310,2018-06-20,252.0,5.4,5.9
310,2018-06-21,322.0,7.6,7.9
310,2018-06-22,326.0,6.3,6.5
310,2018-06-23,298.0,3.5,4.0
310,2018-06-24,354.0,3.9,4.0
310,2018-06-25,3.0,3.3,3.6
310,2018-06-26,17.0,4.8,4.9
310,2018-06-27,21.0,5.1,5.3
310,2018-06-28,25.0,5.8,6.0
310,2018-06-29,14.0,6.2,6.3
310,2018-06-30,43.0,4.9,5.0
310,2018-07-01,84.0,6.8,7.0
310,2018-07-02,54.0,5.9,6.3
310,2018-07-03,33.0,6.5,6.8
310,2018-07-04,6.0,3.1,3.8
310,2018-07-05,346.0,3.1,3.2
310,2018-07-06,321.0,1.6,2.7
310,2018-07-07,42.0,1.6,2.7
310,2018-07-08,33.0,2.4,3.9
310,2018-07-09,357.0,4.7,4.9
310,2018-07-10,337.0,6.3,6.4
310,2018-07-11,353.0,4.4,4.5
310,2018-07-12,351.0,4.7,4.8
310,2018-07-13,360.0,3.6,3.7
310,2018-07-14,32.0,2.9,3.5
310,2018-07-15,67.0,1.9,3.0
310,2018-07-16,72.0,0.2,2.8
310,2018-07-17,254.0,6.5,6.8
310,2018-07-18,270.0,2.3,4.3
310,2018-07-19,8.0,3.5,3.6
310,2018-07-20,358.0,2.2,3.0
310,2018-07-21,339.0,3.9,4.0
310,2018-07-22,258.0,2.9,3.2
310,2018-07-23,275.0,3.2,3.6
310,2018-07-24,308.0,1.9,2.9
310,2018-07-25,2.0,2.7,3.3
310,2018-07-26,58.0,2.4,3.4
310,2018-07-27,107.0,1.5,4.9
310,2018-07-28,231.0,6.8,7.7
310,2018-07-29,188.0,7.2,7.8
310,2018-07-30,194.0,3.9,5.1
310,2018-07-31,249.0,3.0,5.3
310,2018-08-01,298.0,2.3,3.5
310,2018-08-02,293.0,2.5,3.0
310,2018-08-03,351.0,2.2,3.3
310,2018-08-04,354.0,4.8,4.9
310,2018-08-05,38.0,4.1,4.5
310,2018-08-06,65.0,2.3,3.5
310,2018-08-07,69.0,0.3,3.3
310,2018-08-08,233.0,7.3,8.4
310,2018-08-09,336.0,2.0,5.7
310,2018-08-10,217.0,9.2,9.4
310,2018-08-11,273.0,3.8,4.8
310,2018-08-12,189.0,4.7,5.9
310,2018-08-13,252.0,6.6,7.1
310,2018-08-14,267.0,5.7,6.5
310,2018-08-15,232.0,6.3,6.6
310,2018-08-16,241.0,5.1,6.3
310,2018-08-17,268.0,3.5,4.2
310,2018-08-18,230.0,6.3,6.5
310,2018-08-19,228.0,7.5,8.0
310,2018-08-20,278.0,2.5,3.2
310,2018-08-21,260.0,2.0,2.8
310,2018-08-22,255.0,4.6,5.0
310,2018-08-23,247.0,6.0,6.6
310,2018-08-24,270.0,8.0,9.0
310,2018-08-25,291.0,5.8,7.2
310,2018-08-26,194.0,7.6,7.9
310,2018-08-27,253.0,8.7,9.2
310,2018-08-28,176.0,1.8,3.3
310,2018-08-29,7.0,2.4,3.0
310,2018-08-30,359.0,3.0,3.5
310,2018-08-31,63.0,1.3,2.6
310,2018-09-01,58.0,2.0,2.6
310,2018-09-02,54.0,3.7,3.9
310,2018-09-03,16.0,4.5,4.7
310,2018-09-04,10.0,4.6,4.7
310,2018-09-05,10.0,2.8,3.4
310,2018-09-06,325.0,3.0,4.1
310,2018-09-07,263.0,6.8,7.7
310,2018-09-08,231.0,5.9,6.2
310,2018-09-09,234.0,5.4,6.0
310,2018-09-10,249.0,6.6,7.0
310,2018-09-11,244.0,8.5,9.0
310,2018-09-12,359.0,2.1,4.8
310,2018-09-13,8.0,1.8,2.7
310,2018-09-14,240.0,6.2,6.8
310,2018-09-15,266.0,3.9,4.7
310,2018-09-16,214.0,4.8,5.2
310,2018-09-17,186.0,3.8,4.4
310,2018-09-18,227.0,7.4,8.4
310,2018-09-19,227.0,6.7,6.9
310,2018-09-20,212.0,7.3,7.5
310,2018-09-21,257.0,12.7,14.3
310,2018-09-22,227.0,5.9,7.4
310,2018-09-23,21.0,3.4,4.3
310,2018-09-24,339.0,4.1,4.3
310,2018-09-25,183.0,1.5,2.3
310,2018-09-26,236.0,4.3,4.8
310,2018-09-27,243.0,3.3,3.8
310,2018-09-28,34.0,5.7,5.9
310,2018-09-29,103.0,2.7,3.3
310,2018-09-30,286.0,2.6,3.7
310,2018-10-01,334.0,5.8,6.7
310,2018-10-02,268.0,7.8,8.7
310,2018-10-03,285.0,4.2,5.2
310,2018-10-04,225.0,3.5,4.0
310,2018-10-05,179.0,3.2,3.3
310,2018-10-06,359.0,1.9,4.7
310,2018-10-07,45.0,5.1,5.2
310,2018-10-08,241.0,4.6,5.0
310,2018-10-09,185.0,3.3,4.0
310,2018-10-10,112.0,5.3,5.4
310,2018-10-11,173.0,7.3,7.7
310,2018-10-12,187.0,7.9,8.0
310,2018-10-13,174.0,6.9,7.0
310,2018-10-14,164.0,5.1,5.5
310,2018-10-15,191.0,2.1,4.5
310,2018-10-16,171.0,1.8,3.1
310,2018-10-17,291.0,1.9,3.0
310,2018-10-18,41.0,4.3,4.4
310,2018-10-19,36.0,3.3,3.5
310,2018-10-20,170.0,0.9,1.8
310,2018-10-21,222.0,2.3,2.8
310,2018-10-22,3.0,5.0,5.4
310,2018-10-23,292.0,8.9,9.0
310,2018-10-24,306.0,4.6,5.8
310,2018-10-25,281.0,4.0,4.5
310,2018-10-26,278.0,5.8,7.5
310,2018-10-27,359.0,2.3,3.5
310,2018-10-28,57.0,7.4,7.5
310,2018-10-29,48.0,6.4,6.5
310,2018-10-30,273.0,4.2,8.7
310,2018-10-31,161.0,5.6,6.9
310,2018-11-01,187.0,5.8,7.2
310,2018-11-02,289.0,4.4,4.8
310,2018-11-03,187.0,4.7,5.2
310,2018-11-04,137.0,4.7,5.5
310,2018-11-05,116.0,4.8,4.9
310,2018-11-06,151.0,5.3,5.8
310,2018-11-07,179.0,9.8,10.0
310,2018-11-08,178.0,4.8,6.0
310,2018-11-09,159.0,6.2,6.7
310,2018-11-10,186.0,9.2,9.3
310,2018-11-11,198.0,8.6,8.8
310,2018-11-12,196.0,5.7,5.8
310,2018-11-13,221.0,8.3,8.5
310,2018-11-14,173.0,5.2,5.6
310,2018-11-15,151.0,3.8,4.1
310,2018-11-16,126.0,2.9,3.6
310,2018-11-17,84.0,5.9,6.0
310,2018-11-18,65.0,6.6,6.6
310,2018-11-19,60.0,9.2,9.3
310,2018-11-20,81.0,8.4,8.8
310,2018-11-21,124.0,3.4,4.6
310,2018-11-22,96.0,3.7,4.0
310,2018-11-23,97.0,4.1,4.4
310,2018-11-24,73.0,3.8,3.8
310,2018-11-25,65.0,4.9,5.0
310,2018-11-26,66.0,3.7,3.8
310,2018-11-27,138.0,4.9,5.5
310,2018-11-28,181.0,9.8,10.0
310,2018-11-29,192.0,10.3,10.5
310,2018-11-30,216.0,7.7,7.9
310,2018-12-01,197.0,9.5,9.7
310,2018-12-02,244.0,10.5,11.0
310,2018-12-03,257.0,9.6,10.7
310,2018-12-04,264.0,0.9,2.5
310,2018-12-05,176.0,6.3,6.7
310,2018-12-06,235.0,8.1,8.3
310,2018-12-07,242.0,10.0,11.6
310,2018-12-08,259.0,14.0,14.4
310,2018-12-09,293.0,9.7,10.4
310,2018-12-10,318.0,5.7,5.8
310,2018-12-11,330.0,1.8,2.0
310,2018-12-12,97.0,4.2,4.3
310,2018-12-13,87.0,6.8,7.0
310,2018-12-14,77.0,3.7,4.3
310,2018-12-15,153.0,8.9,9.0
310,2018-12-16,191.0,6.6,7.0
310,2018-12-17,229.0,6.3,7.4
310,2018-12-18,177.0,8.4,8.8
310,2018-12-19,197.0,7.9,8.0
310,2018-12-20,213.0,9.5,9.5
310,2018-12-21,241.0,12.7,13.9
310,2018-12-22,262.0,7.8,8.1
310,2018-12-23,240.0,3.4,6.3
310,2018-12-24,339.0,1.6,2.2
310,2018-12-25,224.0,4.6,4.7
310,2018-12-26,209.0,4.5,4.5
310,2018-12-27,217.0,3.1,3.3
310,2018-12-28,230.0,3.7,3.7
310,2018-12-29,254.0,5.7,7.0
310,2018-12-30,275.0,4.4,5.2
310,2018-12-31,284.0,4.4,4.8
310,2019-01-01,318.0,5.3,6.3
310,2019-01-02,359.0,4.8,4.9
310,2019-01-03,354.0,2.5,2.6
310,2019-01-04,319.0,4.1,4.2
310,2019-01-05,323.0,5.2,5.3
310,2019-01-06,294.0,2.3,2.8
310,2019-01-07,260.0,7.7,8.0
310,2019-01-08,327.0,9.3,9.6
310,2019-01-09,9.0,6.8,7.1
310,2019-01-10,286.0,1.3,2.8
310,2019-01-11,324.0,4.3,5.2
310,2019-01-12,272.0,8.3,8.5
310,2019-01-13,284.0,9.4,9.7
310,2019-01-14,322.0,4.9,5.3
310,2019-01-15,243.0,8.5,8.7
310,2019-01-16,222.0,9.0,9.7
310,2019-01-17,300.0,6.0,7.5
310,2019-01-18,175.0,3.4,3.8
310,2019-01-19,135.0,7.0,7.3
310,2019-01-20,70.0,3.5,3.8
310,2019-01-21,219.0,3.3,4.0
310,2019-01-22,193.0,9.1,9.4
310,2019-01-23,75.0,4.0,4.8
310,2019-01-24,248.0,3.7,4.1
310,2019-01-25,225.0,5.8,6.3
310,2019-01-26,234.0,9.3,9.9
310,2019-01-27,273.0,8.6,10.9
310,2019-01-28,322.0,8.7,9.0
310,2019-01-29,186.0,5.2,6.8
310,2019-01-30,271.0,1.9,3.9
310,2019-01-31,139.0,3.7,5.8
310,2019-02-01,83.0,3.6,4.3
310,2019-02-02,13.0,4.9,5.0
310,2019-02-03,277.0,2.5,4.6
310,2019-02-04,206.0,10.4,10.5
310,2019-02-05,198.0,5.1,5.3
310,2019-02-06,198.0,7.4,7.5
310,2019-02-07,234.0,11.5,12.0
310,2019-02-08,208.0,12.8,12.9
310,2019-02-09,235.0,13.1,13.4
310,2019-02-10,267.0,7.0,9.5
310,2019-02-11,312.0,4.8,5.0
310,2019-02-12,236.0,5.0,5.3
310,2019-02-13,204.0,5.5,5.6
310,2019-02-14,153.0,2.9,3.6
310,2019-02-15,167.0,3.4,3.9
310,2019-02-16,204.0,4.2,4.3
310,2019-02-17,177.0,4.9,5.2
310,2019-02-18,225.0,2.7,3.6
310,2019-02-19,246.0,7.0,7.2
310,2019-02-20,222.0,5.0,5.3
310,2019-02-21,256.0,5.9,6.6
310,2019-02-22,327.0,0.5,3.1
310,2019-02-23,111.0,5.3,5.4
310,2019-02-24,109.0,2.5,2.8
310,2019-02-25,84.0,2.6,3.3
310,2019-02-26,99.0,2.2,2.7
310,2019-02-27,235.0,1.6,3.5
310,2019-02-28,251.0,7.5,7.6
310,2019-03-01,315.0,3.6,4.8
310,2019-03-02,212.0,6.7,7.3
310,2019-03-03,216.0,12.1,12.2
310,2019-03-04,250.0,12.5,13.3
310,2019-03-05,229.0,7.9,8.7
310,2019-03-06,186.0,9.5,9.6
310,2019-03-07,243.0,12.8,13.4
310,2019-03-08,258.0,6.6,7.9
310,2019-03-09,259.0,11.2,11.5
310,2019-03-10,271.0,10.1,12.4
310,2019-03-11,290.0,9.9,10.8
310,2019-03-12,220.0,11.2,13.0
310,2019-03-13,263.0,12.9,13.5
310,2019-03-14,263.0,11.0,11.5
310,2019-03-15,261.0,12.9,13.0
310,2019-03-16,242.0,14.4,14.6
310,2019-03-17,265.0,9.2,10.0
310,2019-03-18,294.0,4.1,4.6
310,2019-03-19,244.0,3.3,3.8
310,2019-03-20,251.0,4.5,4.7
310,2019-03-21,257.0,2.4,3.1
310,2019-03-22,285.0,1.2,3.4
310,2019-03-23,360.0,2.6,4.1
310,2019-03-24,318.0,2.5,4.3
310,2019-03-25,339.0,8.5,9.0
310,2019-03-26,312.0,3.3,3.7
310,2019-03-27,311.0,2.0,2.4
310,2019-03-28,4.0,2.0,2.4
310,2019-03-29,65.0,2.0,2.8
310,2019-03-30,352.0,0.9,2.8
310,2019-03-31,56.0,7.2,7.3
310,2019-04-01,84.0,5.5,5.6
310,2019-04-02,227.0,4.2,6.0
310,2019-04-03,193.0,4.6,5.3
310,2019-04-04,169.0,4.8,5.1
310,2019-04-05,93.0,4.2,4.9
310,2019-04-06,61.0,3.1,3.5
310,2019-04-07,347.0,1.6,3.5
310,2019-04-08,267.0,2.7,3.4
310,2019-04-09,56.0,5.1,5.2
310,2019-04-10,49.0,7.5,7.6
310,2019-04-11,38.0,6.1,6.3
310,2019-04-12,52.0,4.8,4.9
310,2019-04-13,40.0,4.7,4.9
310,2019-04-14,63.0,4.4,4.5
310,2019-04-15,102.0,5.7,6.0
310,2019-04-16,117.0,3.5,4.8
310,2019-04-17,113.0,1.8,2.7
310,2019-04-18,75.0,5.4,5.6
310,2019-04-19,56.0,5.0,5.4
310,2019-04-20,45.0,4.8,4.7
310,2019-04-21,55.0,4.2,4.5
310,2019-04-22,90.0,5.1,5.3
310,2019-04-23,97.0,5.7,6.0
310,2019-04-24,174.0,6.1,7.3
310,2019-04-25,170.0,7.7,8.0
310,2019-04-26,217.0,5.7,6.0
310,2019-04-27,246.0,11.0,11.8
310,2019-04-28,299.0,4.4,5.2
310,2019-04-29,12.0,2.8,3.8
310,2019-04-30,24.0,3.8,3.9
310,2019-05-01,314.0,1.9,2.3
310,2019-05-02,314.0,3.3,4.0
310,2019-05-03,348.0,2.7,3.1
310,2019-05-04,356.0,6.8,6.9
310,2019-05-05,354.0,5.0,5.2
310,2019-05-06,268.0,4.5,5.3
310,2019-05-07,186.0,2.7,3.6
310,2019-05-08,189.0,4.9,8.0
310,2019-05-09,242.0,3.9,5.7
310,2019-05-10,321.0,1.3,2.6
310,2019-05-11,12.0,5.3,5.5
310,2019-05-12,13.0,5.0,5.2
310,2019-05-13,41.0,5.0,5.2
310,2019-05-14,46.0,5.2,5.6
310,2019-05-15,51.0,4.1,4.5
310,2019-05-16,54.0,5.3,5.5
310,2019-05-17,78.0,3.1,3.5
310,2019-05-18,27.0,2.1,3.3
310,2019-05-19,360.0,5.5,5.6
310,2019-05-20,337.0,5.3,5.4
310,2019-05-21,332.0,5.3,5.3
310,2019-05-22,254.0,1.0,2.9
310,2019-05-23,250.0,2.6,3.3
310,2019-05-24,307.0,3.5,4.3
310,2019-05-25,247.0,0.5,2.7
310,2019-05-26,256.0,7.4,7.8
310,2019-05-27,269.0,5.4,5.8
310,2019-05-28,347.0,3.5,4.4
310,2019-05-29,214.0,2.7,4.6
310,2019-05-30,247.0,7.6,8.0
310,2019-05-31,255.0,4.9,5.5
310,2019-06-01,244.0,0.3,2.8
310,2019-06-02,223.0,4.6,6.2
310,2019-06-03,264.0,5.2,5.7
310,2019-06-04,156.0,3.0,5.9
310,2019-06-05,272.0,3.1,5.2
310,2019-06-06,263.0,4.7,6.5
310,2019-06-07,153.0,8.1,10.0
310,2019-06-08,228.0,14.1,14.5
310,2019-06-09,305.0,0.2,4.3
310,2019-06-10,34.0,0.7,4.1
310,2019-06-11,265.0,2.0,4.0
310,2019-06-12,97.0,0.9,3.0
310,2019-06-13,199.0,8.6,8.8
310,2019-06-14,191.0,0.9,4.7
310,2019-06-15,301.0,1.3,3.0
310,2019-06-16,244.0,4.4,5.1
310,2019-06-17,197.0,0.5,3.0
310,2019-06-18,38.0,2.0,3.2
310,2019-06-19,298.0,1.6,4.0
310,2019-06-20,256.0,7.2,7.8
310,2019-06-21,271.0,3.8,5.3
310,2019-06-22,41.0,4.3,4.5
310,2019-06-23,96.0,4.2,4.5
310,2019-06-24,96.0,2.0,4.9
310,2019-06-25,328.0,2.1,4.7
310,2019-06-26,15.0,5.9,6.2
310,2019-06-27,41.0,6.6,6.7
310,2019-06-28,55.0,4.8,5.0
310,2019-06-29,119.0,4.5,4.8
310,2019-06-30,269.0,6.1,6.7
310,2019-07-01,284.0,5.8,6.0
310,2019-07-02,11.0,4.0,4.3
310,2019-07-03,30.0,5.3,5.4
310,2019-07-04,25.0,1.5,3.1
310,2019-07-05,290.0,2.7,3.8
310,2019-07-06,297.0,2.2,4.5
310,2019-07-07,8.0,3.8,3.8
310,2019-07-08,354.0,4.2,4.4
310,2019-07-09,31.0,2.0,2.9
310,2019-07-10,205.0,2.3,3.5
310,2019-07-11,260.0,4.4,4.6
310,2019-07-12,305.0,4.5,5.3
310,2019-07-13,346.0,5.0,5.2
310,2019-07-14,6.0,5.3,5.4
310,2019-07-15,357.0,3.5,3.6
310,2019-07-16,301.0,2.4,3.0
310,2019-07-17,119.0,1.4,2.3
310,2019-07-18,249.0,6.2,6.4
310,2019-07-19,268.0,2.7,3.8
310,2019-07-20,235.0,6.2,7.6
310,2019-07-21,260.0,3.7,4.1
310,2019-07-22,259.0,5.2,5.9
310,2019-07-23,89.0,2.6,3.3
310,2019-07-24,276.0,1.2,5.0
310,2019-07-25,112.0,4.0,5.6
310,2019-07-26,316.0,3.4,5.5
310,2019-07-27,311.0,4.4,4.6
310,2019-07-28,271.0,5.7,6.5
310,2019-07-29,227.0,1.0,4.2
310,2019-07-30,194.0,5.4,7.3
310,2019-07-31,226.0,9.2,9.4
310,2019-08-01,262.0,5.2,5.9
310,2019-08-02,330.0,5.4,5.6
310,2019-08-03,21.0,3.0,3.3
310,2019-08-04,112.0,2.9,3.3
310,2019-08-05,259.0,7.7,8.2
310,2019-08-06,254.0,6.5,7.0
310,2019-08-07,251.0,8.8,9.2
310,2019-08-08,260.0,2.7,5.6
310,2019-08-09,175.0,6.3,8.1
310,2019-08-10,233.0,13.8,14.1
310,2019-08-11,227.0,8.6,8.8
310,2019-08-12,248.0,4.8,5.8
310,2019-08-13,258.0,6.8,7.2
310,2019-08-14,205.0,6.9,7.4
310,2019-08-15,266.0,7.7,8.5
310,2019-08-16,218.0,5.0,5.3
310,2019-08-17,230.0,7.4,8.0
310,2019-08-18,240.0,6.7,7.3
310,2019-08-19,243.0,8.7,9.1
310,2019-08-20,256.0,5.9,6.4
310,2019-08-21,202.0,0.9,3.0
310,2019-08-22,265.0,3.4,4.4
310,2019-08-23,90.0,1.2,2.9
310,2019-08-24,85.0,2.9,3.4
310,2019-08-25,45.0,1.9,2.4
310,2019-08-26,63.0,2.2,2.9
310,2019-08-27,73.0,1.9,2.8
310,2019-08-28,271.0,5.6,6.0
310,2019-08-29,253.0,5.1,5.7
310,2019-08-30,244.0,3.6,4.5
310,2019-08-31,254.0,2.0,5.4
310,2019-09-01,297.0,3.6,4.3
310,2019-09-02,268.0,4.7,5.5
310,2019-09-03,246.0,6.9,7.4
310,2019-09-04,241.0,7.6,8.7
310,2019-09-05,320.0,6.0,6.5
310,2019-09-06,238.0,8.1,8.7
310,2019-09-07,341.0,4.7,5.1
310,2019-09-08,347.0,3.0,3.5
310,2019-09-09,207.0,3.1,3.7
310,2019-09-10,249.0,2.1,3.5
310,2019-09-11,234.0,8.7,9.0
310,2019-09-12,254.0,8.4,8.5
310,2019-09-13,335.0,3.4,5.3
310,2019-09-14,89.0,2.1,2.6
310,2019-09-15,269.0,3.0,3.9
310,2019-09-16,328.0,1.3,3.3
310,2019-09-17,349.0,3.6,4.0
310,2019-09-18,31.0,3.4,3.6
310,2019-09-19,43.0,2.6,3.0
310,2019-09-20,93.0,4.9,5.0
310,2019-09-21,110.0,6.9,7.0
310,2019-09-22,185.0,4.7,6.6
310,2019-09-23,216.0,4.6,5.7
310,2019-09-24,186.0,8.2,8.5
310,2019-09-25,209.0,8.4,8.6
310,2019-09-26,216.0,8.5,8.7
310,2019-09-27,222.0,10.1,10.3
310,2019-09-28,236.0,10.3,10.6
310,2019-09-29,233.0,9.9,11.9
310,2019-09-30,263.0,6.0,8.0
310,2019-10-01,237.0,5.2,7.7
310,2019-10-02,334.0,5.9,6.4
310,2019-10-03,260.0,3.3,5.7
310,2019-10-04,261.0,4.8,8.2
310,2019-10-05,106.0,5.4,5.9
310,2019-10-06,153.0,3.0,8.2
310,2019-10-07,165.0,3.8,5.7
310,2019-10-08,240.0,8.3,8.5
310,2019-10-09,226.0,9.1,9.3
310,2019-10-10,241.0,9.2,9.8
310,2019-10-11,216.0,11.1,11.2
310,2019-10-12,353.0,0.7,3.3
310,2019-10-13,216.0,7.4,8.2
310,2019-10-14,136.0,2.9,4.8
310,2019-10-15,213.0,5.3,5.6
310,2019-10-16,198.0,7.5,8.1
310,2019-10-17,204.0,5.1,5.9
310,2019-10-18,212.0,9.4,10.0
310,2019-10-19,207.0,7.2,7.3
310,2019-10-20,31.0,1.4,3.7
310,2019-10-21,139.0,1.8,5.2
310,2019-10-22,278.0,2.0,3.2
310,2019-10-23,75.0,3.6,4.1
310,2019-10-24,207.0,6.7,7.5
310,2019-10-25,204.0,9.4,9.5
310,2019-10-26,218.0,9.4,10.9
310,2019-10-27,322.0,4.2,4.3
310,2019-10-28,34.0,1.8,2.4
310,2019-10-29,68.0,4.2,4.3
310,2019-10-30,81.0,5.6,5.8
310,2019-10-31,102.0,4.9,5.2
310,2019-11-01,183.0,6.2,6.5
310,2019-11-02,215.0,11.5,11.8
310,2019-11-03,193.0,4.1,4.9
310,2019-11-04,200.0,6.6,6.8
310,2019-11-05,216.0,4.0,4.3
310,2019-11-06,263.0,0.4,3.0
310,2019-11-07,185.0,6.3,8.3
310,2019-11-08,212.0,5.3,5.9
310,2019-11-09,248.0,4.4,6.5
310,2019-11-10,131.0,3.3,3.9
310,2019-11-11,215.0,7.8,9.3
310,2019-11-12,213.0,10.4,10.5
310,2019-11-13,244.0,4.0,6.8
310,2019-11-14,141.0,6.9,7.8
310,2019-11-15,78.0,4.7,6.4
310,2019-11-16,175.0,4.4,4.9
310,2019-11-17,145.0,0.9,3.1
310,2019-11-18,335.0,3.6,5.0
310,2019-11-19,273.0,3.5,4.8
310,2019-11-20,119.0,5.7,6.2
310,2019-11-21,117.0,6.9,7.3
310,2019-11-22,131.0,7.1,8.0
310,2019-11-23,97.0,6.8,7.0
310,2019-11-24,182.0,3.2,3.6
310,2019-11-25,169.0,5.8,5.9
310,2019-11-26,185.0,7.9,8.0
310,2019-11-27,203.0,8.6,10.2
310,2019-11-28,264.0,7.3,8.5
310,2019-11-29,344.0,3.0,3.2
310,2019-11-30,87.0,1.7,3.0
310,2019-12-01,50.0,4.7,5.0
310,2019-12-02,325.0,3.5,3.6
310,2019-12-03,222.0,4.5,4.7
310,2019-12-04,172.0,1.4,2.4
310,2019-12-05,218.0,7.2,7.4
310,2019-12-06,222.0,12.0,13.0
310,2019-12-07,244.0,7.9,8.4
310,2019-12-08,232.0,12.5,13.0
310,2019-12-09,305.0,6.7,9.9
310,2019-12-10,204.0,9.6,10.3
310,2019-12-11,215.0,6.6,6.7
310,2019-12-12,186.0,9.9,10.5
310,2019-12-13,241.0,4.5,8.5
310,2019-12-14,251.0,9.4,11.0
310,2019-12-15,225.0,9.8,10.8
310,2019-12-16,182.0,4.4,5.6
310,2019-12-17,219.0,4.3,6.3
310,2019-12-18,173.0,5.5,6.5
310,2019-12-19,163.0,8.7,8.8
310,2019-12-20,195.0,8.7,10.5
310,2019-12-21,179.0,8.8,9.3
310,2019-12-22,241.0,5.7,7.5
310,2019-12-23,256.0,7.4,7.9
310,2019-12-24,245.0,9.3,10.8
310,2019-12-25,295.0,4.6,5.1
310,2019-12-26,167.0,5.6,6.0
310,2019-12-27,88.0,2.6,3.7
310,2019-12-28,161.0,3.5,3.7
310,2019-12-29,193.0,5.2,5.2
310,2019-12-30,222.0,6.1,6.2
310,2019-12-31,106.0,3.3,4.2
310,2020-01-01,178.0,4.9,5.6
310,2020-01-02,197.0,7.3,7.3
310,2020-01-03,258.0,6.1,8.7
310,2020-01-04,281.0,5.6,5.9
310,2020-01-05,231.0,5.4,5.7
310,2020-01-06,211.0,6.6,6.9
310,2020-01-07,211.0,7.5,8.0
310,2020-01-08,242.0,6.3,7.0
310,2020-01-09,209.0,9.4,9.7
310,2020-01-10,285.0,3.7,5.4
310,2020-01-11,210.0,9.0,9.0
310,2020-01-12,229.0,10.4,10.8
310,2020-01-13,197.0,9.6,9.7
310,2020-01-14,207.0,13.5,13.7
310,2020-01-15,212.0,10.4,11.0
310,2020-01-16,180.0,8.0,8.3
310,2020-01-17,226.0,8.1,9.3
310,2020-01-18,288.0,4.8,6.0
310,2020-01-19,13.0,4.4,4.6
310,2020-01-20,248.0,1.4,2.1
310,2020-01-21,213.0,2.5,2.7
310,2020-01-22,220.0,1.4,2.0
310,2020-01-23,89.0,2.4,2.7
310,2020-01-24,206.0,2.4,2.9
310,2020-01-25,168.0,4.8,5.0
310,2020-01-26,191.0,6.7,7.0
310,2020-01-27,213.0,7.9,8.5
310,2020-01-28,255.0,10.7,11.5
310,2020-01-29,264.0,9.2,9.9
310,2020-01-30,227.0,9.2,10.1
310,2020-01-31,233.0,10.0,10.3
310,2020-02-01,253.0,11.9,12.2
310,2020-02-02,247.0,9.6,10.6
310,2020-02-03,264.0,10.3,10.7
310,2020-02-04,307.0,8.8,9.3
310,2020-02-05,279.0,2.0,2.8
310,2020-02-06,218.0,1.6,2.8
310,2020-02-07,134.0,6.4,7.1
310,2020-02-08,191.0,7.2,7.4
310,2020-02-09,208.0,16.6,17.6
310,2020-02-10,247.0,16.8,17.4
310,2020-02-11,261.0,17.1,17.1
310,2020-02-12,250.0,10.9,11.5
310,2020-02-13,208.0,7.3,9.9
310,2020-02-14,228.0,4.7,6.6
310,2020-02-15,190.0,12.2,12.3
310,2020-02-16,212.0,15.2,16.4
310,2020-02-17,228.0,12.5,12.8
310,2020-02-18,232.0,11.4,11.9
310,2020-02-19,251.0,8.2,9.8
310,2020-02-20,230.0,9.0,11.3
310,2020-02-21,231.0,10.2,10.8
310,2020-02-22,231.0,13.6,14.0
310,2020-02-23,251.0,11.8,13.2
310,2020-02-24,222.0,10.4,11.6
310,2020-02-25,253.0,9.4,10.0
310,2020-02-26,290.0,8.1,8.3
310,2020-02-27,256.0,1.8,7.1
310,2020-02-28,195.0,8.5,9.8
310,2020-02-29,208.0,12.8,14.0
310,2020-03-01,213.0,10.3,10.5
310,2020-03-02,211.0,3.1,5.8
310,2020-03-03,232.0,6.2,6.8
310,2020-03-04,203.0,2.7,5.0
310,2020-03-05,69.0,6.7,8.0
310,2020-03-06,325.0,6.5,6.7
310,2020-03-07,219.0,6.1,6.7
310,2020-03-08,204.0,10.0,10.3
310,2020-03-09,234.0,8.0,8.7
310,2020-03-10,238.0,13.5,13.9
310,2020-03-11,241.0,9.8,10.2
310,2020-03-12,244.0,13.8,14.3
310,2020-03-13,254.0,8.6,9.0
310,2020-03-14,177.0,7.4,7.5
310,2020-03-15,192.0,7.6,7.9
310,2020-03-16,273.0,2.5,3.0
310,2020-03-17,227.0,5.7,5.9
310,2020-03-18,238.0,5.7,6.3
310,2020-03-19,7.0,1.2,3.7
310,2020-03-20,36.0,6.9,7.0
310,2020-03-21,60.0,8.2,8.4
310,2020-03-22,77.0,8.6,8.7
310,2020-03-23,100.0,8.6,8.8
310,2020-03-24,111.0,6.3,6.4
310,2020-03-25,71.0,4.6,5.2
310,2020-03-26,53.0,6.4,6.6
310,2020-03-27,22.0,6.1,6.2
310,2020-03-28,17.0,9.2,9.3
310,2020-03-29,16.0,11.0,11.2
310,2020-03-30,2.0,3.7,4.2
310,2020-03-31,36.0,5.4,5.6
310,2020-04-01,344.0,1.9,2.8
310,2020-04-02,249.0,6.2,6.4
310,2020-04-03,279.0,3.7,4.5
310,2020-04-04,121.0,4.0,4.5
310,2020-04-05,128.0,6.3,6.8
310,2020-04-06,210.0,4.8,6.3
310,2020-04-07,87.0,2.3,3.3
310,2020-04-08,42.0,2.0,2.9
310,2020-04-09,41.0,4.3,4.7
310,2020-04-10,62.0,4.4,4.7
310,2020-04-11,64.0,1.9,3.1
310,2020-04-12,275.0,1.0,3.1
310,2020-04-13,21.0,9.4,9.5
310,2020-04-14,15.0,4.3,4.4
310,2020-04-15,68.0,2.8,3.6
310,2020-04-16,60.0,2.7,3.4
310,2020-04-17,49.0,7.0,7.1
310,2020-04-18,5.0,3.0,4.0
310,2020-04-19,39.0,5.1,5.6
310,2020-04-20,62.0,8.7,8.8
310,2020-04-21,65.0,8.1,8.1
310,2020-04-22,60.0,6.9,7.0
310,2020-04-23,26.0,2.0,3.6
310,2020-04-24,346.0,4.3,4.6
310,2020-04-25,18.0,4.3,4.6
310,2020-04-26,360.0,1.6,2.9
310,2020-04-27,321.0,1.2,3.4
310,2020-04-28,38.0,2.7,4.1
310,2020-04-29,216.0,6.7,7.6
310,2020-04-30,204.0,8.6,9.3
310,2020-05-01,239.0,9.1,10.1
310,2020-05-02,263.0,6.5,6.8
310,2020-05-03,187.0,0.5,3.2
310,2020-05-04,37.0,5.5,5.7
310,2020-05-05,50.0,6.8,7.3
310,2020-05-06,43.0,3.5,4.4
310,2020-05-07,52.0,2.2,3.2
310,2020-05-08,41.0,2.0,3.0
310,2020-05-09,45.0,4.7,5.0
310,2020-05-10,19.0,7.1,7.3
310,2020-05-11,20.0,11.3,11.5
310,2020-05-12,296.0,1.9,2.9
310,2020-05-13,4.0,6.0,6.6
310,2020-05-14,24.0,5.8,6.2
310,2020-05-15,15.0,2.4,3.1
310,2020-05-16,263.0,4.1,4.4
310,2020-05-17,257.0,4.2,4.6
310,2020-05-18,255.0,6.1,6.3
310,2020-05-19,277.0,3.6,4.5
310,2020-05-20,101.0,1.8,2.7
310,2020-05-21,106.0,2.3,3.0
310,2020-05-22,228.0,8.1,9.2
310,2020-05-23,244.0,12.2,12.4
310,2020-05-24,262.0,7.8,8.0
310,2020-05-25,344.0,2.4,3.0
310,2020-05-26,338.0,1.4,3.0
310,2020-05-27,4.0,5.0,5.0
310,2020-05-28,41.0,6.5,6.8
310,2020-05-29,38.0,4.8,5.1
310,2020-05-30,60.0,5.3,6.0
310,2020-05-31,54.0,5.9,6.0
310,2020-06-01,36.0,4.8,5.2
310,2020-06-02,313.0,3.1,3.4
310,2020-06-03,328.0,4.4,5.0
310,2020-06-04,327.0,6.2,6.5
310,2020-06-05,251.0,5.2,7.2
310,2020-06-06,229.0,10.9,11.3
310,2020-06-07,276.0,6.4,6.6
310,2020-06-08,340.0,5.4,5.6
310,2020-06-09,9.0,4.2,4.5
310,2020-06-10,15.0,2.5,3.3
310,2020-06-11,42.0,4.5,4.6
310,2020-06-12,103.0,4.7,5.8
310,2020-06-13,94.0,2.6,3.8
310,2020-06-14,266.0,3.7,4.1
310,2020-06-15,2.0,0.5,2.0
310,2020-06-16,35.0,1.0,2.3
310,2020-06-17,310.0,1.7,3.1
310,2020-06-18,250.0,3.4,4.3
310,2020-06-19,243.0,4.5,5.2
310,2020-06-20,238.0,2.6,4.5
310,2020-06-21,210.0,5.5,7.0
310,2020-06-22,280.0,3.4,3.8
310,2020-06-23,33.0,1.0,3.0
310,2020-06-24,72.0,4.3,4.6
310,2020-06-25,89.0,5.2,5.3
310,2020-06-26,163.0,1.0,5.0
310,2020-06-27,214.0,7.4,7.9
310,2020-06-28,237.0,10.3,10.7
310,2020-06-29,229.0,11.8,12.0
310,2020-06-30,220.0,9.0,9.2
310,2020-07-01,243.0,8.5,8.8
310,2020-07-02,244.0,8.8,9.1
310,2020-07-03,235.0,9.1,9.4
310,2020-07-04,219.0,11.2,11.3
310,2020-07-05,236.0,13.2,13.3
310,2020-07-06,275.0,7.9,8.3
310,2020-07-07,259.0,4.9,5.5
310,2020-07-08,234.0,4.9,5.5
310,2020-07-09,236.0,8.6,8.8
310,2020-07-10,304.0,4.0,5.0
310,2020-07-11,294.0,3.4,4.1
310,2020-07-12,20.0,2.8,3.0
310,2020-07-13,256.0,2.1,3.5
310,2020-07-14,291.0,2.2,3.7
310,2020-07-15,253.0,2.7,3.1
310,2020-07-16,306.0,4.8,5.2
310,2020-07-17,238.0,1.7,2.6
310,2020-07-18,251.0,2.9,3.5
310,2020-07-19,289.0,2.6,5.1
310,2020-07-20,351.0,4.2,4.3
310,2020-07-21,316.0,3.2,3.7
310,2020-07-22,20.0,2.0,2.8
310,2020-07-23,238.0,4.8,5.8
310,2020-07-24,246.0,5.1,5.6
310,2020-07-25,223.0,6.9,7.4
310,2020-07-26,244.0,7.7,8.3
310,2020-07-27,206.0,5.5,7.3
310,2020-07-28,262.0,7.6,7.9
310,2020-07-29,283.0,2.8,3.9
310,2020-07-30,82.0,2.2,3.0
310,2020-07-31,103.0,3.5,5.9
310,2020-08-01,255.0,6.9,7.3
310,2020-08-02,261.0,4.1,5.0
310,2020-08-03,279.0,1.6,4.4
310,2020-08-04,218.0,1.4,2.7
310,2020-08-05,218.0,4.2,5.2
310,2020-08-06,34.0,1.3,3.2
310,2020-08-07,69.0,2.2,2.9
310,2020-08-08,52.0,2.5,3.4
310,2020-08-09,43.0,4.0,4.3
310,2020-08-10,59.0,3.0,3.4
310,2020-08-11,64.0,2.1,3.0
310,2020-08-12,44.0,1.9,3.0
310,2020-08-13,272.0,2.3,3.8
310,2020-08-14,269.0,2.4,2.8
310,2020-08-15,71.0,0.5,2.5
310,2020-08-16,109.0,0.3,2.5
310,2020-08-17,214.0,2.0,3.0
310,2020-08-18,235.0,4.9,5.8
310,2020-08-19,167.0,6.7,6.9
310,2020-08-20,162.0,3.1,4.5
310,2020-08-21,223.0,8.0,9.0
310,2020-08-22,223.0,10.6,10.8
310,2020-08-23,240.0,9.2,9.8
310,2020-08-24,246.0,6.6,7.5
310,2020-08-25,204.0,10.7,11.8
310,2020-08-26,256.0,13.4,13.3
310,2020-08-27,173.0,4.2,5.6
310,2020-08-28,223.0,8.6,9.0
310,2020-08-29,240.0,4.7,5.7
310,2020-08-30,360.0,5.1,5.6
310,2020-08-31,12.0,2.4,3.0
310,2020-09-01,21.0,1.7,2.2
310,2020-09-02,255.0,1.4,2.9
310,2020-09-03,218.0,8.6,9.0
310,2020-09-04,257.0,6.9,7.0
310,2020-09-05,280.0,5.7,5.8
310,2020-09-06,272.0,3.4,3.6
310,2020-09-07,231.0,5.2,5.7
310,2020-09-08,226.0,5.2,5.6
310,2020-09-09,259.0,4.1,5.5
310,2020-09-10,118.0,0.1,2.3
310,2020-09-11,249.0,1.7,2.7
310,2020-09-12,239.0,6.4,6.9
310,2020-09-13,234.0,3.2,4.4
310,2020-09-14,84.0,3.1,3.5
310,2020-09-15,88.0,1.2,3.1
310,2020-09-16,10.0,4.9,5.4
310,2020-09-17,48.0,6.4,6.5
310,2020-09-18,58.0,6.2,6.3
310,2020-09-19,54.0,5.1,5.3
310,2020-09-20,33.0,4.6,4.7
310,2020-09-21,2.0,2.8,3.0
310,2020-09-22,258.0,1.5,2.4
310,2020-09-23,203.0,7.2,7.6
310,2020-09-24,198.0,9.4,10.4
310,2020-09-25,265.0,10.1,13.0
310,2020-09-26,327.0,7.8,8.3
310,2020-09-27,360.0,5.9,7.2
310,2020-09-28,311.0,4.7,5.3
310,2020-09-29,229.0,2.7,3.3
310,2020-09-30,176.0,6.1,6.3
310,2020-10-01,182.0,6.2,8.0
310,2020-10-02,80.0,7.7,8.3
310,2020-10-03,160.0,4.6,5.7
310,2020-10-04,182.0,10.3,10.8
310,2020-10-05,199.0,8.9,9.4
310,2020-10-06,235.0,10.2,11.3
310,2020-10-07,259.0,8.1,8.9
310,2020-10-08,227.0,6.8,9.0
310,2020-10-09,253.0,4.8,5.5
310,2020-10-10,278.0,7.0,7.5
310,2020-10-11,333.0,3.8,4.4
310,2020-10-12,239.0,2.6,4.3
310,2020-10-13,134.0,5.6,6.9
310,2020-10-14,36.0,5.3,5.4
310,2020-10-15,35.0,4.8,4.9
310,2020-10-16,34.0,3.5,3.6
310,2020-10-17,218.0,1.3,2.0
310,2020-10-18,262.0,1.9,2.6
310,2020-10-19,157.0,5.3,6.1
310,2020-10-20,176.0,8.2,8.5
310,2020-10-21,195.0,9.4,10.8
310,2020-10-22,210.0,6.4,6.5
310,2020-10-23,207.0,5.4,5.7
310,2020-10-24,191.0,10.6,10.8
310,2020-10-25,197.0,8.4,8.6
310,2020-10-26,204.0,9.6,9.8
310,2020-10-27,198.0,9.9,10.7
310,2020-10-28,211.0,9.0,9.4
310,2020-10-29,235.0,9.0,10.0
310,2020-10-30,222.0,9.4,9.5
310,2020-10-31,190.0,8.1,8.8
310,2020-11-01,199.0,9.9,10.3
310,2020-11-02,223.0,12.5,13.2
310,2020-11-03,216.0,8.9,9.9
310,2020-11-04,253.0,2.5,3.5
310,2020-11-05,219.0,1.5,2.5
310,2020-11-06,87.0,5.0,5.3
310,2020-11-07,106.0,3.7,4.0
310,2020-11-08,131.0,3.5,4.3
310,2020-11-09,122.0,3.7,3.8
310,2020-11-10,184.0,2.0,2.4
310,2020-11-11,164.0,5.9,6.0
310,2020-11-12,213.0,7.4,8.5
310,2020-11-13,191.0,6.5,7.0
310,2020-11-14,179.0,8.2,8.4
310,2020-11-15,194.0,11.1,12.2
310,2020-11-16,228.0,8.7,9.4
310,2020-11-17,213.0,9.1,9.2
310,2020-11-18,198.0,7.8,8.9
310,2020-11-19,281.0,7.5,8.8
310,2020-11-20,214.0,3.5,5.2
310,2020-11-21,207.0,9.7,9.8
310,2020-11-22,240.0,3.9,4.5
310,2020-11-23,210.0,2.6,3.6
310,2020-11-24,179.0,7.2,7.4
310,2020-11-25,181.0,6.6,6.7
310,2020-11-26,10.0,0.5,3.0
310,2020-11-27,53.0,3.1,3.3
310,2020-11-28,70.0,4.3,4.6
310,2020-11-29,70.0,3.0,3.7
310,2020-11-30,225.0,5.7,7.5
310,2020-12-01,347.0,7.6,7.8
310,2020-12-02,197.0,1.8,3.5
310,2020-12-03,171.0,8.2,9.0
310,2020-12-04,168.0,11.1,11.8
310,2020-12-05,141.0,6.7,7.2
310,2020-12-06,55.0,2.3,2.8
310,2020-12-07,201.0,4.7,5.1
310,2020-12-08,112.0,0.1,2.0
310,2020-12-09,173.0,7.8,8.0
310,2020-12-10,145.0,6.8,6.9
310,2020-12-11,143.0,6.6,6.7
310,2020-12-12,248.0,4.1,4.3
310,2020-12-13,184.0,7.4,8.4
310,2020-12-14,180.0,9.2,9.3
310,2020-12-15,189.0,5.3,5.5
310,2020-12-16,161.0,6.7,7.0
310,2020-12-17,202.0,7.2,7.4
310,2020-12-18,178.0,9.3,9.3
310,2020-12-19,177.0,9.2,9.5
310,2020-12-20,196.0,7.9,8.0
310,2020-12-21,188.0,9.0,10.0
310,2020-12-22,240.0,7.2,7.5
310,2020-12-23,205.0,6.0,6.5
310,2020-12-24,349.0,5.1,7.0
310,2020-12-25,338.0,3.4,3.8
310,2020-12-26,207.0,10.4,11.0
310,2020-12-27,195.0,12.6,12.8
310,2020-12-28,158.0,4.5,5.6
310,2020-12-29,233.0,5.8,6.2
310,2020-12-30,244.0,6.1,6.9
310,2020-12-31,269.0,1.7,3.3
310,2021-01-01,249.0,5.0,5.5
310,2021-01-02,239.0,1.4,2.7
310,2021-01-03,43.0,4.7,4.8
310,2021-01-04,44.0,7.3,7.4
310,2021-01-05,45.0,5.7,5.7
310,2021-01-06,21.0,2.7,3.3
310,2021-01-07,315.0,3.3,3.6
310,2021-01-08,325.0,2.2,3.3
310,2021-01-09,322.0,1.5,1.9
310,2021-01-10,242.0,4.2,4.5
310,2021-01-11,228.0,9.4,9.5
310,2021-01-12,282.0,6.4,8.0
310,2021-01-13,273.0,4.2,4.6
310,2021-01-14,85.0,5.1,6.6
310,2021-01-15,6.0,1.5,3.5
310,2021-01-16,191.0,6.6,7.0
310,2021-01-17,296.0,4.6,4.8
310,2021-01-18,220.0,7.5,7.8
310,2021-01-19,216.0,13.2,13.7
310,2021-01-20,187.0,12.7,12.8
310,2021-01-21,211.0,9.4,11.2
310,2021-01-22,214.0,5.7,5.9
310,2021-01-23,222.0,3.5,5.2
310,2021-01-24,167.0,2.7,6.6
310,2021-01-25,298.0,4.3,5.8
310,2021-01-26,241.0,5.4,7.3
310,2021-01-27,216.0,5.2,6.0
310,2021-01-28,233.0,4.5,7.3
310,2021-01-29,254.0,8.6,9.3
310,2021-01-30,67.0,8.0,8.3
310,2021-01-31,78.0,6.7,7.1
310,2021-02-01,6.0,1.6,2.8
310,2021-02-02,198.0,4.6,7.2
310,2021-02-03,225.0,5.1,6.3
310,2021-02-04,168.0,3.9,5.7
310,2021-02-05,163.0,2.6,3.5
310,2021-02-06,60.0,6.5,6.7
310,2021-02-07,46.0,9.1,9.2
310,2021-02-08,53.0,8.3,8.3
310,2021-02-09,57.0,6.2,6.3
310,2021-02-10,51.0,4.4,4.5
310,2021-02-11,78.0,5.1,5.2
310,2021-02-12,70.0,7.8,8.0
310,2021-02-13,99.0,9.7,10.0
310,2021-02-14,143.0,8.3,8.5
310,2021-02-15,185.0,7.9,8.2
310,2021-02-16,197.0,7.6,8.2
310,2021-02-17,199.0,8.9,9.2
310,2021-02-18,185.0,7.2,8.9
310,2021-02-19,174.0,8.0,8.1
310,2021-02-20,159.0,8.8,8.9
310,2021-02-21,159.0,5.9,6.2
310,2021-02-22,175.0,6.3,6.7
310,2021-02-23,192.0,7.6,7.8
310,2021-02-24,187.0,8.0,8.0
310,2021-02-25,249.0,1.9,4.4
310,2021-02-26,325.0,3.1,3.2
310,2021-02-27,45.0,1.4,2.6
310,2021-02-28,42.0,4.9,5.0
310,2021-03-01,64.0,4.8,5.1
310,2021-03-02,68.0,2.1,2.3
310,2021-03-03,351.0,1.9,2.5
310,2021-03-04,360.0,3.5,3.7
310,2021-03-05,28.0,5.0,5.2
310,2021-03-06,41.0,3.7,3.9
310,2021-03-07,20.0,2.4,2.8
310,2021-03-08,261.0,3.2,3.7
310,2021-03-09,255.0,3.1,4.1
310,2021-03-10,193.0,9.9,10.0
310,2021-03-11,237.0,15.8,16.7
310,2021-03-12,227.0,11.9,12.3
310,2021-03-13,238.0,12.8,13.8
310,2021-03-14,266.0,8.2,8.5
310,2021-03-15,317.0,7.0,7.2
310,2021-03-16,323.0,2.5,4.0
310,2021-03-17,346.0,5.8,6.0
310,2021-03-18,348.0,4.3,4.5
310,2021-03-19,16.0,5.6,5.9
310,2021-03-20,300.0,2.3,3.9
310,2021-03-21,342.0,5.1,5.6
310,2021-03-22,282.0,1.8,3.0
310,2021-03-23,233.0,4.2,4.6
310,2021-03-24,239.0,3.3,3.9
310,2021-03-25,234.0,4.8,5.5
310,2021-03-26,200.0,8.6,9.4
310,2021-03-27,246.0,9.4,10.0
310,2021-03-28,217.0,9.5,9.8
310,2021-03-29,236.0,5.3,5.8
310,2021-03-30,112.0,2.4,2.8
310,2021-03-31,126.0,0.8,1.9
310,2021-04-01,11.0,5.7,5.9
310,2021-04-02,10.0,6.2,6.4
310,2021-04-03,7.0,6.9,7.0
310,2021-04-04,272.0,3.1,4.8
310,2021-04-05,313.0,8.8,9.8
310,2021-04-06,316.0,7.7,7.9
310,2021-04-07,291.0,7.5,7.6
310,2021-04-08,230.0,5.5,6.0
310,2021-04-09,251.0,3.5,5.0
310,2021-04-10,35.0,6.5,6.8
310,2021-04-11,353.0,5.8,6.4
310,2021-04-12,305.0,3.3,3.6
310,2021-04-13,277.0,1.9,2.8
310,2021-04-14,8.0,3.9,4.8
310,2021-04-15,21.0,3.5,3.8
310,2021-04-16,13.0,5.4,5.5
310,2021-04-17,6.0,5.5,5.6
310,2021-04-18,319.0,2.8,3.2
310,2021-04-19,342.0,3.1,3.6
310,2021-04-20,8.0,1.6,2.5
310,2021-04-21,12.0,6.4,6.5
310,2021-04-22,28.0,4.8,4.9
310,2021-04-23,40.0,3.4,4.0
310,2021-04-24,40.0,5.3,5.6
310,2021-04-25,31.0,6.2,6.4
310,2021-04-26,25.0,5.9,6.1
310,2021-04-27,39.0,3.2,4.0
310,2021-04-28,20.0,4.8,5.3
310,2021-04-29,325.0,5.9,6.3
310,2021-04-30,321.0,3.4,3.5
310,2021-05-01,301.0,3.2,3.8
310,2021-05-02,283.0,3.6,4.5
310,2021-05-03,229.0,5.9,6.5
310,2021-05-04,244.0,12.8,13.9
310,2021-05-05,273.0,7.7,7.8
310,2021-05-06,251.0,3.3,4.3
310,2021-05-07,271.0,3.9,4.8
310,2021-05-08,171.0,6.4,7.0
310,2021-05-09,172.0,5.0,6.3
310,2021-05-10,218.0,4.4,6.1
310,2021-05-11,234.0,1.4,3.0
310,2021-05-12,199.0,0.5,3.5
310,2021-05-13,187.0,0.8,3.9
310,2021-05-14,356.0,2.7,2.9
310,2021-05-15,183.0,3.7,4.5
310,2021-05-16,211.0,4.6,5.3
310,2021-05-17,244.0,5.0,6.5
310,2021-05-18,258.0,5.6,5.9
310,2021-05-19,252.0,3.7,4.7
310,2021-05-20,191.0,6.5,7.3
310,2021-05-21,219.0,14.5,14.7
310,2021-05-22,238.0,7.1,8.0
310,2021-05-23,217.0,6.9,7.7
310,2021-05-24,195.0,6.1,6.8
310,2021-05-25,250.0,8.8,9.5
310,2021-05-26,259.0,6.7,7.3
310,2021-05-27,319.0,4.6,5.1
310,2021-05-28,60.0,2.4,3.3
310,2021-05-29,19.0,4.1,4.5
310,2021-05-30,27.0,4.0,4.4
310,2021-05-31,52.0,3.9,4.5
310,2021-06-01,83.0,4.5,4.8
310,2021-06-02,102.0,2.9,4.0
310,2021-06-03,258.0,4.6,5.2
310,2021-06-04,314.0,2.7,3.8
310,2021-06-05,319.0,4.5,4.5
310,2021-06-06,357.0,3.1,3.3
310,2021-06-07,28.0,3.8,4.0
310,2021-06-08,343.0,1.7,2.7
310,2021-06-09,264.0,3.9,4.1
310,2021-06-10,261.0,4.5,4.9
310,2021-06-11,257.0,5.2,5.5
310,2021-06-12,303.0,3.3,4.6
310,2021-06-13,70.0,0.5,1.8
310,2021-06-14,334.0,1.3,3.5
310,2021-06-15,31.0,3.8,4.0
310,2021-06-16,90.0,3.5,3.7
310,2021-06-17,325.0,0.4,5.1
310,2021-06-18,146.0,1.1,5.2
310,2021-06-19,296.0,2.1,5.1
310,2021-06-20,319.0,2.4,4.9
310,2021-06-21,26.0,6.5,6.5
310,2021-06-22,21.0,6.4,6.6
310,2021-06-23,8.0,4.3,4.4
310,2021-06-24,311.0,1.8,3.3
310,2021-06-25,209.0,5.2,5.5
310,2021-06-26,39.0,1.0,2.8
310,2021-06-27,53.0,3.6,4.0
310,2021-06-28,4.0,1.0,2.3
310,2021-06-29,338.0,3.5,4.0
310,2021-06-30,323.0,5.0,5.1
310,2021-07-01,273.0,4.4,4.8
310,2021-07-02,267.0,1.7,3.8
310,2021-07-03,135.0,0.8,4.0
310,2021-07-04,213.0,2.6,3.6
310,2021-07-05,186.0,3.7,4.3
310,2021-07-06,205.0,10.1,10.9
310,2021-07-07,224.0,3.7,5.0
310,2021-07-08,259.0,3.5,4.1
310,2021-07-09,266.0,3.0,4.0
310,2021-07-10,167.0,1.1,1.8
310,2021-07-11,199.0,0.6,2.8
310,2021-07-12,33.0,1.9,3.0
310,2021-07-13,345.0,6.2,6.3
310,2021-07-14,329.0,7.7,7.7
310,2021-07-15,341.0,8.1,8.1
310,2021-07-16,342.0,5.5,5.5
310,2021-07-17,359.0,4.3,4.4
310,2021-07-18,322.0,2.3,3.3
310,2021-07-19,64.0,2.4,3.5
310,2021-07-20,81.0,3.1,3.9
310,2021-07-21,83.0,1.1,2.8
310,2021-07-22,360.0,4.0,4.1
310,2021-07-23,40.0,5.3,5.4
310,2021-07-24,71.0,2.8,4.3
310,2021-07-25,136.0,1.4,2.5
310,2021-07-26,238.0,2.3,3.4
310,2021-07-27,197.0,5.5,5.8
310,2021-07-28,212.0,9.8,10.1
310,2021-07-29,230.0,9.7,10.1
310,2021-07-30,200.0,9.0,9.5
310,2021-07-31,246.0,9.8,10.1
310,2021-08-01,265.0,3.0,4.8
310,2021-08-02,331.0,2.3,2.7
310,2021-08-03,13.0,1.9,2.6
310,2021-08-04,36.0,0.7,1.7
310,2021-08-05,166.0,2.9,3.6
310,2021-08-06,205.0,9.4,9.7
310,2021-08-07,187.0,7.8,8.2
310,2021-08-08,214.0,10.7,10.8
310,2021-08-09,210.0,7.7,8.4
310,2021-08-10,229.0,5.3,5.7
310,2021-08-11,239.0,3.1,3.7
310,2021-08-12,243.0,2.8,3.2
310,2021-08-13,241.0,6.7,7.0
310,2021-08-14,236.0,4.1,4.6
310,2021-08-15,238.0,7.3,7.5
310,2021-08-16,273.0,7.1,7.5
310,2021-08-17,259.0,6.9,7.3
310,2021-08-18,247.0,6.9,7.2
310,2021-08-19,236.0,7.3,7.7
310,2021-08-20,231.0,3.7,4.3
310,2021-08-21,129.0,1.3,2.7
310,2021-08-22,267.0,4.5,6.4
310,2021-08-23,1.0,6.5,6.7
310,2021-08-24,15.0,5.7,5.9
310,2021-08-25,350.0,4.1,4.5
310,2021-08-26,337.0,5.6,5.8
310,2021-08-27,341.0,5.1,5.2
310,2021-08-28,355.0,5.8,5.9
310,2021-08-29,346.0,5.3,5.5
310,2021-08-30,355.0,5.5,5.5
310,2021-08-31,4.0,5.0,5.1
310,2021-09-01,13.0,3.4,3.5
310,2021-09-02,25.0,4.2,4.3
310,2021-09-03,26.0,4.9,5.1
310,2021-09-04,41.0,4.9,5.0
310,2021-09-05,53.0,3.2,3.5
310,2021-09-06,76.0,1.7,2.1
310,2021-09-07,85.0,3.6,3.7
310,2021-09-08,86.0,4.9,4.9
310,2021-09-09,193.0,1.7,3.8
310,2021-09-10,216.0,4.5,5.0
310,2021-09-11,223.0,6.8,7.4
310,2021-09-12,251.0,1.9,4.0
310,2021-09-13,61.0,2.5,2.7
310,2021-09-14,105.0,3.2,4.2
310,2021-09-15,303.0,3.8,4.0
310,2021-09-16,256.0,3.3,3.9
310,2021-09-17,178.0,1.6,3.1
310,2021-09-18,91.0,3.6,4.0
310,2021-09-19,66.0,2.2,2.5
310,2021-09-20,49.0,4.2,4.6
310,2021-09-21,42.0,0.8,2.1
310,2021-09-22,212.0,3.2,3.3
310,2021-09-23,235.0,7.9,8.2
310,2021-09-24,233.0,6.8,7.1
310,2021-09-25,175.0,2.0,3.3
310,2021-09-26,181.0,4.1,4.3
310,2021-09-27,199.0,8.2,9.5
310,2021-09-28,173.0,7.2,7.5
310,2021-09-29,256.0,7.6,9.5
310,2021-09-30,198.0,7.7,8.6
310,2021-10-01,186.0,9.4,9.6
310,2021-10-02,173.0,9.0,9.8
310,2021-10-03,205.0,6.8,7.5
310,2021-10-04,179.0,8.6,8.9
310,2021-10-05,204.0,8.1,11.2
310,2021-10-06,272.0,9.9,10.4
310,2021-10-07,136.0,0.1,2.1
310,2021-10-08,54.0,2.6,3.0
310,2021-10-09,62.0,2.3,2.6
310,2021-10-10,321.0,2.1,2.9
310,2021-10-11,312.0,3.8,3.8
310,2021-10-12,303.0,4.2,4.8
310,2021-10-13,270.0,3.2,4.3
310,2021-10-14,218.0,6.8,6.9
310,2021-10-15,305.0,2.2,4.6
310,2021-10-16,186.0,3.8,3.9
310,2021-10-17,174.0,5.9,5.9
310,2021-10-18,170.0,6.4,6.5
310,2021-10-19,195.0,8.0,8.1
310,2021-10-20,202.0,9.4,10.0
310,2021-10-21,273.0,8.7,10.6
310,2021-10-22,271.0,7.8,8.3
310,2021-10-23,182.0,4.1,4.5
310,2021-10-24,169.0,6.3,6.4
310,2021-10-25,187.0,7.1,7.2
310,2021-10-26,203.0,7.9,8.0
310,2021-10-27,189.0,7.4,7.5
310,2021-10-28,163.0,7.3,7.3
310,2021-10-29,167.0,9.4,9.5
310,2021-10-30,168.0,6.7,7.6
310,2021-10-31,171.0,7.8,8.8
310,2021-11-01,192.0,10.0,10.0
310,2021-11-02,201.0,5.0,5.5
310,2021-11-03,295.0,1.2,2.5
310,2021-11-04,322.0,3.5,3.7
310,2021-11-05,268.0,3.6,4.9
310,2021-11-06,209.0,9.1,9.2
310,2021-11-07,280.0,6.8,7.2
310,2021-11-08,241.0,2.6,3.5
310,2021-11-09,183.0,6.0,6.0
310,2021-11-10,190.0,3.8,4.0
310,2021-11-11,183.0,3.4,3.6
310,2021-11-12,178.0,7.6,7.9
310,2021-11-13,282.0,4.1,5.1
310,2021-11-14,38.0,3.5,3.8
310,2021-11-15,39.0,3.6,3.7
310,2021-11-16,174.0,2.4,3.8
310,2021-11-17,244.0,3.8,5.1
310,2021-11-18,221.0,7.0,7.1
310,2021-11-19,237.0,5.4,5.5
310,2021-11-20,219.0,4.6,5.0
310,2021-11-21,343.0,3.7,4.5
310,2021-11-22,26.0,4.0,4.2
310,2021-11-23,326.0,0.7,2.0
310,2021-11-24,187.0,2.2,2.6
310,2021-11-25,306.0,3.3,4.0
310,2021-11-26,233.0,5.4,7.8
310,2021-11-27,197.0,3.3,4.9
310,2021-11-28,356.0,1.6,3.4
310,2021-11-29,272.0,5.1,6.6
310,2021-11-30,243.0,10.4,11.1
310,2021-12-01,253.0,7.3,9.7
310,2021-12-02,308.0,5.0,5.7
310,2021-12-03,191.0,9.1,9.3
310,2021-12-04,228.0,5.6,7.0
310,2021-12-05,186.0,3.0,4.8
310,2021-12-06,185.0,4.1,6.4
310,2021-12-07,171.0,6.4,9.8
310,2021-12-08,190.0,10.1,10.2
310,2021-12-09,187.0,7.6,8.0
310,2021-12-10,133.0,1.2,5.2
310,2021-12-11,239.0,4.1,6.2
310,2021-12-12,208.0,7.5,7.8
310,2021-12-13,184.0,5.8,5.8
310,2021-12-14,208.0,5.6,5.7
310,2021-12-15,222.0,5.4,5.6
310,2021-12-16,267.0,2.2,2.7
310,2021-12-17,52.0,3.6,3.8
310,2021-12-18,50.0,3.4,3.6
310,2021-12-19,339.0,2.2,2.5
310,2021-12-20,50.0,2.2,2.5
310,2021-12-21,76.0,2.4,2.9
310,2021-12-22,148.0,4.9,5.2
310,2021-12-23,201.0,7.5,7.8
310,2021-12-24,235.0,4.6,5.5
310,2021-12-25,68.0,7.4,7.5
310,2021-12-26,92.0,5.9,6.2
310,2021-12-27,151.0,5.7,6.2
310,2021-12-28,228.0,8.0,10.1
310,2021-12-29,226.0,7.0,8.2
310,2021-12-30,226.0,11.1,11.3
310,2021-12-31,214.0,9.2,9.6
310,2022-01-01,183.0,8.2,8.3
330,2016-12-31,202.0,6.6,6.7
330,2017-01-01,199.0,7.0,7.1
330,2017-01-02,341.0,8.9,9.9
330,2017-01-03,275.0,10.4,10.6
330,2017-01-04,327.0,14.2,14.7
330,2017-01-05,40.0,5.0,7.3
330,2017-01-06,175.0,6.6,6.9
330,2017-01-07,234.0,4.2,7.3
330,2017-01-08,311.0,1.6,3.2
330,2017-01-09,193.0,7.2,7.5
330,2017-01-10,268.0,5.0,5.7
330,2017-01-11,266.0,11.3,13.3
330,2017-01-12,259.0,6.3,10.3
330,2017-01-13,315.0,14.8,15.8
330,2017-01-14,318.0,13.1,13.9
330,2017-01-15,312.0,3.6,4.8
330,2017-01-16,78.0,3.1,3.8
330,2017-01-17,117.0,3.2,3.4
330,2017-01-18,120.0,2.8,3.0
330,2017-01-19,89.0,2.9,3.0
330,2017-01-20,87.0,5.4,5.4
330,2017-01-21,101.0,5.8,6.1
330,2017-01-22,257.0,0.7,2.7
330,2017-01-23,232.0,2.6,3.2
330,2017-01-24,284.0,1.0,4.2
330,2017-01-25,113.0,4.3,4.6
330,2017-01-26,139.0,5.8,6.0
330,2017-01-27,146.0,8.0,8.2
330,2017-01-28,175.0,7.9,8.3
330,2017-01-29,185.0,7.8,8.1
330,2017-01-30,325.0,1.4,7.4
330,2017-01-31,114.0,4.4,5.4
330,2017-02-01,145.0,8.2,8.4
330,2017-02-02,162.0,8.9,9.0
330,2017-02-03,168.0,7.2,7.8
330,2017-02-04,159.0,2.4,4.8
330,2017-02-05,35.0,2.8,4.9
330,2017-02-06,75.0,1.1,2.8
330,2017-02-07,97.0,6.5,6.6
330,2017-02-08,64.0,6.5,6.5
330,2017-02-09,70.0,6.4,6.5
330,2017-02-10,69.0,5.3,5.3
330,2017-02-11,67.0,6.1,6.3
330,2017-02-12,91.0,8.7,8.8
330,2017-02-13,96.0,11.4,11.4
330,2017-02-14,115.0,7.7,7.9
330,2017-02-15,182.0,4.6,5.4
330,2017-02-16,233.0,6.7,6.8
330,2017-02-17,277.0,5.4,5.5
330,2017-02-18,189.0,3.7,4.0
330,2017-02-19,238.0,6.7,7.0
330,2017-02-20,238.0,8.6,9.0
330,2017-02-21,251.0,8.0,8.7
330,2017-02-22,238.0,10.4,10.6
330,2017-02-23,249.0,12.8,15.4
330,2017-02-24,284.0,6.3,6.8
330,2017-02-25,203.0,9.5,9.6
330,2017-02-26,210.0,10.0,10.1
330,2017-02-27,192.0,11.0,11.4
330,2017-02-28,217.0,8.9,9.3
330,2017-03-01,245.0,6.0,6.8
330,2017-03-02,249.0,10.7,11.1
330,2017-03-03,155.0,7.3,7.8
330,2017-03-04,189.0,5.8,6.6
330,2017-03-05,187.0,9.3,9.6
330,2017-03-06,292.0,3.5,4.5
330,2017-03-07,276.0,4.3,5.4
330,2017-03-08,213.0,6.2,8.0
330,2017-03-09,272.0,5.8,8.0
330,2017-03-10,162.0,3.1,4.4
330,2017-03-11,128.0,3.8,4.3
330,2017-03-12,98.0,2.7,4.0
330,2017-03-13,308.0,3.9,4.9
330,2017-03-14,230.0,6.4,6.5
330,2017-03-15,299.0,2.4,3.4
330,2017-03-16,228.0,4.5,5.0
330,2017-03-17,255.0,7.8,8.8
330,2017-03-18,252.0,8.8,9.0
330,2017-03-19,230.0,11.1,11.1
330,2017-03-20,225.0,11.1,11.3
330,2017-03-21,246.0,7.5,8.2
330,2017-03-22,154.0,6.0,6.7
330,2017-03-23,72.0,7.5,7.8
330,2017-03-24,65.0,8.5,8.7
330,2017-03-25,44.0,8.4,8.8
330,2017-03-26,61.0,6.7,7.0
330,2017-03-27,105.0,3.2,3.7
330,2017-03-28,225.0,5.1,5.8
330,2017-03-29,228.0,8.4,8.5
330,2017-03-30,187.0,6.0,6.3
330,2017-03-31,198.0,6.3,7.2
330,2017-04-01,200.0,3.1,4.3
330,2017-04-02,316.0,2.4,3.9
330,2017-04-03,111.0,1.2,2.3
330,2017-04-04,301.0,2.5,4.2
330,2017-04-05,335.0,8.3,8.4
330,2017-04-06,338.0,5.5,6.4
330,2017-04-07,296.0,3.6,4.5
330,2017-04-08,344.0,1.5,2.7
330,2017-04-09,190.0,3.3,4.4
330,2017-04-10,321.0,7.4,7.6
330,2017-04-11,257.0,5.2,5.6
330,2017-04-12,258.0,8.1,8.3
330,2017-04-13,292.0,6.5,7.0
330,2017-04-14,248.0,5.4,5.7
330,2017-04-15,285.0,8.0,8.5
330,2017-04-16,294.0,6.5,7.5
330,2017-04-17,359.0,8.2,9.4
330,2017-04-18,20.0,5.6,6.6
330,2017-04-19,41.0,3.7,4.8
330,2017-04-20,223.0,4.3,4.8
330,2017-04-21,264.0,5.7,6.0
330,2017-04-22,344.0,8.1,8.5
330,2017-04-23,304.0,3.3,5.6
330,2017-04-24,249.0,6.4,7.5
330,2017-04-25,303.0,10.5,10.9
330,2017-04-26,352.0,7.2,7.7
330,2017-04-27,290.0,5.3,6.2
330,2017-04-28,317.0,5.8,6.0
330,2017-04-29,100.0,1.5,3.4
330,2017-04-30,107.0,10.6,10.7
330,2017-05-01,164.0,5.0,6.0
330,2017-05-02,19.0,3.6,4.5
330,2017-05-03,62.0,5.8,6.1
330,2017-05-04,49.0,8.7,9.0
330,2017-05-05,57.0,6.7,6.9
330,2017-05-06,43.0,7.2,8.3
330,2017-05-07,341.0,8.2,8.6
330,2017-05-08,359.0,8.8,9.8
330,2017-05-09,12.0,4.0,4.6
330,2017-05-10,40.0,3.2,4.5
330,2017-05-11,109.0,4.8,5.6
330,2017-05-12,189.0,4.8,5.4
330,2017-05-13,206.0,5.1,5.4
330,2017-05-14,216.0,6.0,6.6
330,2017-05-15,194.0,5.2,5.6
330,2017-05-16,213.0,4.3,4.7
330,2017-05-17,166.0,2.3,4.2
330,2017-05-18,6.0,3.0,6.5
330,2017-05-19,220.0,6.6,7.8
330,2017-05-20,219.0,5.0,5.3
330,2017-05-21,30.0,1.1,5.1
330,2017-05-22,92.0,3.4,5.3
330,2017-05-23,286.0,4.3,5.0
330,2017-05-24,308.0,4.1,4.8
330,2017-05-25,18.0,4.4,4.9
330,2017-05-26,102.0,7.4,7.5
330,2017-05-27,192.0,4.0,8.0
330,2017-05-28,344.0,2.2,4.7
330,2017-05-29,34.0,0.5,4.8
330,2017-05-30,237.0,7.6,7.7
330,2017-05-31,341.0,3.5,4.9
330,2017-06-01,42.0,3.2,4.2
330,2017-06-02,36.0,2.8,4.2
330,2017-06-03,271.0,2.5,4.1
330,2017-06-04,256.0,6.1,6.4
330,2017-06-05,211.0,5.2,6.5
330,2017-06-06,214.0,12.1,13.6
330,2017-06-07,246.0,12.9,13.1
330,2017-06-08,208.0,6.1,6.8
330,2017-06-09,233.0,6.3,7.7
330,2017-06-10,216.0,5.3,5.5
330,2017-06-11,229.0,6.1,7.0
330,2017-06-12,254.0,9.0,9.1
330,2017-06-13,314.0,3.5,4.2
330,2017-06-14,58.0,4.2,5.5
330,2017-06-15,227.0,4.8,7.2
330,2017-06-16,291.0,6.5,7.0
330,2017-06-17,294.0,3.5,3.8
330,2017-06-18,12.0,1.5,3.5
330,2017-06-19,33.0,4.1,5.1
330,2017-06-20,34.0,6.9,7.5
330,2017-06-21,102.0,5.1,5.2
330,2017-06-22,234.0,6.6,7.7
330,2017-06-23,243.0,7.7,8.0
330,2017-06-24,236.0,9.5,9.6
330,2017-06-25,252.0,8.6,8.9
330,2017-06-26,340.0,5.0,6.1
330,2017-06-27,88.0,7.0,7.1
330,2017-06-28,206.0,4.4,7.0
330,2017-06-29,223.0,5.0,5.4
330,2017-06-30,270.0,3.6,4.6
330,2017-07-01,329.0,8.8,9.8
330,2017-07-02,298.0,5.3,6.5
330,2017-07-03,229.0,7.3,7.9
330,2017-07-04,354.0,2.2,2.8
330,2017-07-05,353.0,3.3,4.6
330,2017-07-06,84.0,5.1,6.0
330,2017-07-07,255.0,1.9,4.9
330,2017-07-08,358.0,4.0,5.2
330,2017-07-09,21.0,3.1,3.7
330,2017-07-10,210.0,3.7,5.3
330,2017-07-11,246.0,5.4,5.7
330,2017-07-12,7.0,7.3,9.8
330,2017-07-13,4.0,2.8,3.2
330,2017-07-14,299.0,7.1,8.0
330,2017-07-15,245.0,4.9,5.8
330,2017-07-16,261.0,4.0,5.5
330,2017-07-17,25.0,4.6,4.9
330,2017-07-18,90.0,6.8,6.9
330,2017-07-19,161.0,3.9,7.8
330,2017-07-20,233.0,5.9,6.6
330,2017-07-21,139.0,4.2,6.0
330,2017-07-22,194.0,3.3,4.9
330,2017-07-23,220.0,6.2,7.2
330,2017-07-24,329.0,4.7,6.8
330,2017-07-25,329.0,10.6,10.7
330,2017-07-26,242.0,4.0,6.0
330,2017-07-27,249.0,7.5,7.8
330,2017-07-28,229.0,9.0,9.6
330,2017-07-29,222.0,6.6,7.3
330,2017-07-30,222.0,7.2,8.1
330,2017-07-31,227.0,4.7,5.2
330,2017-08-01,230.0,3.4,3.8
330,2017-08-02,198.0,5.6,6.3
330,2017-08-03,222.0,11.5,12.0
330,2017-08-04,241.0,9.4,9.5
330,2017-08-05,284.0,4.1,5.3
330,2017-08-06,248.0,4.6,5.2
330,2017-08-07,213.0,2.1,4.8
330,2017-08-08,20.0,1.5,5.5
330,2017-08-09,224.0,4.0,6.1
330,2017-08-10,34.0,5.8,6.2
330,2017-08-11,259.0,3.1,4.7
330,2017-08-12,270.0,5.7,6.3
330,2017-08-13,337.0,2.2,3.4
330,2017-08-14,129.0,2.8,3.8
330,2017-08-15,216.0,1.6,3.5
330,2017-08-16,189.0,3.2,4.0
330,2017-08-17,198.0,7.6,8.5
330,2017-08-18,233.0,7.6,8.3
330,2017-08-19,258.0,9.4,9.8
330,2017-08-20,271.0,7.2,7.4
330,2017-08-21,265.0,0.4,4.0
330,2017-08-22,78.0,3.6,4.8
330,2017-08-23,152.0,3.5,6.8
330,2017-08-24,258.0,5.6,5.8
330,2017-08-25,8.0,1.0,3.8
330,2017-08-26,336.0,1.1,3.7
330,2017-08-27,18.0,2.7,3.6
330,2017-08-28,31.0,2.0,3.0
330,2017-08-29,10.0,1.0,4.1
330,2017-08-30,5.0,6.4,9.3
330,2017-08-31,291.0,4.8,6.3
330,2017-09-01,58.0,2.2,4.0
330,2017-09-02,14.0,3.2,4.0
330,2017-09-03,165.0,3.3,3.6
330,2017-09-04,177.0,5.3,5.5
330,2017-09-05,215.0,6.6,6.8
330,2017-09-06,285.0,10.0,10.4
330,2017-09-07,244.0,7.4,8.4
330,2017-09-08,220.0,8.9,9.2
330,2017-09-09,238.0,4.4,5.6
330,2017-09-10,202.0,9.5,9.7
330,2017-09-11,227.0,10.5,11.6
330,2017-09-12,245.0,8.5,10.1
330,2017-09-13,247.0,12.8,14.0
330,2017-09-14,287.0,11.4,12.2
330,2017-09-15,257.0,3.8,6.0
330,2017-09-16,198.0,4.1,4.6
330,2017-09-17,204.0,3.1,3.8
330,2017-09-18,308.0,4.8,5.7
330,2017-09-19,342.0,3.1,4.1
330,2017-09-20,230.0,5.4,6.0
330,2017-09-21,173.0,5.9,6.0
330,2017-09-22,286.0,2.0,3.6
330,2017-09-23,125.0,1.4,3.4
330,2017-09-24,106.0,5.3,5.4
330,2017-09-25,91.0,5.6,5.8
330,2017-09-26,78.0,3.7,3.9
330,2017-09-27,116.0,4.6,4.8
330,2017-09-28,177.0,4.5,5.0
330,2017-09-29,192.0,4.9,6.3
330,2017-09-30,261.0,3.6,5.2
330,2017-10-01,180.0,10.3,10.3
330,2017-10-02,254.0,9.7,10.7
330,2017-10-03,287.0,10.0,10.1
330,2017-10-04,260.0,9.9,9.9
330,2017-10-05,294.0,13.0,14.8
330,2017-10-06,314.0,11.9,12.5
330,2017-10-07,268.0,9.4,10.6
330,2017-10-08,321.0,4.5,5.4
330,2017-10-09,232.0,4.6,4.9
330,2017-10-10,238.0,7.5,7.8
330,2017-10-11,212.0,10.3,10.5
330,2017-10-12,257.0,8.2,8.7
330,2017-10-13,222.0,7.8,8.0
330,2017-10-14,216.0,5.8,6.1
330,2017-10-15,175.0,6.7,6.8
330,2017-10-16,193.0,7.2,7.7
330,2017-10-17,226.0,4.5,4.9
330,2017-10-18,115.0,2.8,3.6
330,2017-10-19,157.0,6.4,6.6
330,2017-10-20,208.0,9.9,10.8
330,2017-10-21,194.0,10.7,11.1
330,2017-10-22,269.0,12.0,13.0
330,2017-10-23,256.0,7.0,8.8
330,2017-10-24,219.0,8.6,8.7
330,2017-10-25,237.0,6.6,6.8
330,2017-10-26,271.0,4.5,5.5
330,2017-10-27,324.0,10.3,10.9
330,2017-10-28,277.0,14.0,14.0
330,2017-10-29,335.0,14.7,15.4
330,2017-10-30,343.0,7.4,7.8
330,2017-10-31,251.0,7.0,7.1
330,2017-11-01,220.0,6.2,6.6
330,2017-11-02,300.0,4.4,5.3
330,2017-11-03,178.0,3.6,3.9
330,2017-11-04,206.0,4.7,7.7
330,2017-11-05,305.0,9.1,9.9
330,2017-11-06,337.0,4.1,6.3
330,2017-11-07,163.0,3.9,4.1
330,2017-11-08,66.0,2.5,3.4
330,2017-11-09,239.0,4.7,5.8
330,2017-11-10,286.0,11.4,12.0
330,2017-11-11,296.0,8.3,9.1
330,2017-11-12,331.0,10.4,12.2
330,2017-11-13,343.0,11.3,11.6
330,2017-11-14,236.0,6.0,6.5
330,2017-11-15,203.0,4.7,4.8
330,2017-11-16,245.0,3.2,6.6
330,2017-11-17,302.0,4.6,5.3
330,2017-11-18,288.0,11.0,11.7
330,2017-11-19,305.0,11.1,11.5
330,2017-11-20,242.0,7.8,8.8
330,2017-11-21,232.0,8.4,8.7
330,2017-11-22,191.0,11.6,12.0
330,2017-11-23,210.0,10.0,11.2
330,2017-11-24,266.0,2.4,3.4
330,2017-11-25,275.0,7.8,8.5
330,2017-11-26,280.0,12.0,12.0
330,2017-11-27,254.0,10.1,11.5
330,2017-11-28,279.0,8.9,9.0
330,2017-11-29,328.0,0.5,3.2
330,2017-11-30,347.0,5.8,6.6
330,2017-12-01,57.0,3.7,4.3
330,2017-12-02,193.0,5.2,5.3
330,2017-12-03,289.0,3.9,7.2
330,2017-12-04,297.0,6.9,7.1
330,2017-12-05,272.0,7.9,8.1
330,2017-12-06,230.0,7.5,8.5
330,2017-12-07,221.0,10.0,13.3
330,2017-12-08,284.0,15.3,15.4
330,2017-12-09,275.0,10.7,11.4
330,2017-12-10,153.0,2.3,9.8
330,2017-12-11,42.0,10.2,12.2
330,2017-12-12,252.0,3.6,7.2
330,2017-12-13,214.0,8.7,11.1
330,2017-12-14,249.0,8.5,9.7
330,2017-12-15,197.0,3.4,4.6
330,2017-12-16,317.0,8.9,9.4
330,2017-12-17,244.0,3.8,6.6
330,2017-12-18,344.0,9.9,10.1
330,2017-12-19,252.0,4.1,4.5
330,2017-12-20,270.0,3.9,4.0
330,2017-12-21,253.0,3.5,3.8
330,2017-12-22,279.0,4.2,4.8
330,2017-12-23,246.0,7.5,7.6
330,2017-12-24,233.0,9.1,9.2
330,2017-12-25,193.0,10.8,11.2
330,2017-12-26,201.0,8.9,10.7
330,2017-12-27,233.0,2.7,11.3
330,2017-12-28,285.0,11.3,11.7
330,2017-12-29,216.0,7.5,10.4
330,2017-12-30,223.0,9.1,10.1
330,2017-12-31,215.0,10.8,11.1
330,2018-01-01,228.0,7.7,8.5
330,2018-01-02,229.0,6.7,9.5
330,2018-01-03,253.0,14.5,15.1
330,2018-01-04,239.0,8.8,9.7
330,2018-01-05,224.0,6.3,6.8
330,2018-01-06,22.0,3.5,5.5
330,2018-01-07,60.0,10.7,10.8
330,2018-01-08,83.0,7.8,7.9
330,2018-01-09,136.0,4.6,5.8
330,2018-01-10,177.0,6.3,6.4
330,2018-01-11,38.0,2.0,3.6
330,2018-01-12,39.0,2.5,3.9
330,2018-01-13,120.0,6.1,6.4
330,2018-01-14,122.0,5.3,6.8
330,2018-01-15,204.0,9.8,11.6
330,2018-01-16,268.0,11.8,12.2
330,2018-01-17,275.0,15.7,16.0
330,2018-01-18,262.0,10.7,12.8
330,2018-01-19,271.0,8.2,8.5
330,2018-01-20,237.0,2.8,5.6
330,2018-01-21,230.0,1.8,7.6
330,2018-01-22,274.0,7.0,8.1
330,2018-01-23,208.0,8.7,9.0
330,2018-01-24,211.0,10.3,11.3
330,2018-01-25,210.0,7.2,7.3
330,2018-01-26,220.0,3.2,4.0
330,2018-01-27,206.0,8.4,8.8
330,2018-01-28,235.0,9.8,10.0
330,2018-01-29,249.0,8.8,10.1
330,2018-01-30,234.0,4.1,5.1
330,2018-01-31,246.0,9.1,10.3
330,2018-02-01,271.0,8.1,8.7
330,2018-02-02,337.0,8.1,9.8
330,2018-02-03,139.0,0.8,3.9
330,2018-02-04,43.0,10.4,10.6
330,2018-02-05,68.0,7.5,7.7
330,2018-02-06,60.0,5.7,5.8
330,2018-02-07,59.0,2.3,3.9
330,2018-02-08,199.0,5.6,5.8
330,2018-02-09,177.0,8.5,8.6
330,2018-02-10,212.0,5.3,8.1
330,2018-02-11,263.0,11.0,13.2
330,2018-02-12,270.0,7.5,8.7
330,2018-02-13,166.0,9.2,9.6
330,2018-02-14,159.0,10.6,10.8
330,2018-02-15,212.0,6.4,8.6
330,2018-02-16,261.0,4.7,5.4
330,2018-02-17,115.0,3.6,3.8
330,2018-02-18,172.0,4.8,4.8
330,2018-02-19,165.0,5.3,5.8
330,2018-02-20,72.0,3.7,4.2
330,2018-02-21,47.0,5.6,5.9
330,2018-02-22,70.0,7.3,7.4
330,2018-02-23,77.0,7.7,7.8
330,2018-02-24,85.0,10.6,10.7
330,2018-02-25,76.0,9.1,9.3
330,2018-02-26,60.0,8.5,8.7
330,2018-02-27,65.0,6.0,6.3
330,2018-02-28,86.0,10.3,10.4
330,2018-03-01,89.0,15.0,15.0
330,2018-03-02,92.0,12.9,13.0
330,2018-03-03,104.0,8.9,9.0
330,2018-03-04,140.0,5.5,7.0
330,2018-03-05,170.0,5.5,6.9
330,2018-03-06,156.0,2.1,4.0
330,2018-03-07,208.0,2.5,4.5
330,2018-03-08,215.0,8.3,9.3
330,2018-03-09,182.0,3.6,5.5
330,2018-03-10,182.0,6.6,6.7
330,2018-03-11,113.0,1.1,4.5
330,2018-03-12,183.0,5.9,6.5
330,2018-03-13,305.0,5.8,7.5
330,2018-03-14,130.0,6.0,6.7
330,2018-03-15,116.0,10.3,10.4
330,2018-03-16,98.0,7.9,8.0
330,2018-03-17,78.0,13.5,13.7
330,2018-03-18,82.0,11.8,11.8
330,2018-03-19,57.0,9.8,10.1
330,2018-03-20,3.0,9.8,10.1
330,2018-03-21,275.0,3.6,4.9
330,2018-03-22,274.0,6.1,7.0
330,2018-03-23,192.0,7.5,7.8
330,2018-03-24,76.0,2.9,5.3
330,2018-03-25,360.0,5.5,5.8
330,2018-03-26,257.0,3.0,3.4
330,2018-03-27,167.0,4.5,5.5
330,2018-03-28,289.0,4.5,5.7
330,2018-03-29,206.0,2.9,5.3
330,2018-03-30,139.0,6.1,7.0
330,2018-03-31,181.0,2.7,3.7
330,2018-04-01,326.0,3.3,4.5
330,2018-04-02,156.0,7.1,7.7
330,2018-04-03,201.0,7.4,7.7
330,2018-04-04,187.0,7.5,7.8
330,2018-04-05,285.0,6.5,8.3
330,2018-04-06,135.0,9.6,9.7
330,2018-04-07,160.0,4.8,6.3
330,2018-04-08,3.0,3.2,4.3
330,2018-04-09,19.0,7.5,7.7
330,2018-04-10,115.0,2.9,5.5
330,2018-04-11,49.0,2.9,4.5
330,2018-04-12,76.0,3.9,4.3
330,2018-04-13,219.0,3.1,4.3
330,2018-04-14,318.0,0.7,3.4
330,2018-04-15,178.0,2.3,3.6
330,2018-04-16,235.0,5.6,6.0
330,2018-04-17,188.0,5.6,5.9
330,2018-04-18,124.0,2.3,4.3
330,2018-04-19,109.0,3.4,5.3
330,2018-04-20,270.0,2.3,4.2
330,2018-04-21,43.0,4.4,5.0
330,2018-04-22,205.0,4.1,7.2
330,2018-04-23,243.0,7.8,8.1
330,2018-04-24,228.0,8.8,8.9
330,2018-04-25,253.0,8.5,9.0
330,2018-04-26,249.0,8.4,8.7
330,2018-04-27,143.0,2.8,5.4
330,2018-04-28,226.0,5.6,5.9
330,2018-04-29,22.0,7.9,8.8
330,2018-04-30,345.0,4.6,10.3
330,2018-05-01,256.0,8.7,9.9
330,2018-05-02,198.0,7.6,8.8
330,2018-05-03,323.0,3.2,3.8
330,2018-05-04,20.0,3.5,3.8
330,2018-05-05,29.0,4.6,5.1
330,2018-05-06,74.0,3.2,4.1
330,2018-05-07,92.0,2.8,4.1
330,2018-05-08,73.0,1.2,3.2
330,2018-05-09,309.0,2.9,3.5
330,2018-05-10,293.0,4.3,5.9
330,2018-05-11,76.0,2.6,4.0
330,2018-05-12,92.0,3.3,4.6
330,2018-05-13,308.0,5.6,6.3
330,2018-05-14,355.0,8.5,8.7
330,2018-05-15,4.0,6.4,6.5
330,2018-05-16,9.0,11.3,11.4
330,2018-05-17,3.0,9.9,10.0
330,2018-05-18,351.0,6.6,6.6
330,2018-05-19,347.0,3.5,3.7
330,2018-05-20,20.0,4.5,4.8
330,2018-05-21,56.0,4.0,4.8
330,2018-05-22,17.0,4.4,5.0
330,2018-05-23,26.0,5.4,5.6
330,2018-05-24,61.0,4.4,4.9
330,2018-05-25,324.0,1.6,3.6
330,2018-05-26,50.0,4.1,4.6
330,2018-05-27,93.0,5.7,6.0
330,2018-05-28,33.0,3.4,4.4
330,2018-05-29,26.0,4.0,5.3
330,2018-05-30,352.0,1.3,4.0
330,2018-05-31,2.0,3.0,3.5
330,2018-06-01,277.0,3.2,3.9
330,2018-06-02,223.0,5.0,5.1
330,2018-06-03,337.0,1.8,4.5
330,2018-06-04,12.0,6.8,6.8
330,2018-06-05,12.0,8.1,8.3
330,2018-06-06,19.0,7.0,7.1
330,2018-06-07,357.0,3.9,4.3
330,2018-06-08,7.0,6.0,6.2
330,2018-06-09,10.0,7.0,7.0
330,2018-06-10,17.0,8.1,8.3
330,2018-06-11,28.0,7.5,7.8
330,2018-06-12,7.0,7.6,8.2
330,2018-06-13,320.0,4.5,6.3
330,2018-06-14,213.0,7.3,7.8
330,2018-06-15,299.0,1.2,3.1
330,2018-06-16,228.0,6.7,7.0
330,2018-06-17,240.0,8.3,8.4
330,2018-06-18,225.0,8.5,8.6
330,2018-06-19,240.0,5.8,6.2
330,2018-06-20,225.0,6.8,7.0
330,2018-06-21,318.0,11.2,11.3
330,2018-06-22,326.0,10.6,10.7
330,2018-06-23,313.0,5.0,5.4
330,2018-06-24,352.0,5.6,5.8
330,2018-06-25,2.0,4.9,5.0
330,2018-06-26,24.0,6.6,6.9
330,2018-06-27,23.0,7.1,7.3
330,2018-06-28,21.0,6.8,7.1
330,2018-06-29,17.0,8.4,8.6
330,2018-06-30,40.0,5.5,6.3
330,2018-07-01,99.0,8.0,8.2
330,2018-07-02,63.0,6.5,7.6
330,2018-07-03,25.0,8.3,8.5
330,2018-07-04,18.0,6.0,6.2
330,2018-07-05,351.0,3.7,4.0
330,2018-07-06,10.0,4.7,5.0
330,2018-07-07,31.0,3.6,4.0
330,2018-07-08,359.0,3.5,4.1
330,2018-07-09,353.0,6.8,6.9
330,2018-07-10,340.0,10.7,11.0
330,2018-07-11,354.0,6.5,6.8
330,2018-07-12,353.0,6.8,6.9
330,2018-07-13,8.0,5.7,6.0
330,2018-07-14,28.0,4.3,4.9
330,2018-07-15,45.0,2.4,3.8
330,2018-07-16,93.0,1.6,4.3
330,2018-07-17,246.0,6.0,6.3
330,2018-07-18,276.0,1.9,4.3
330,2018-07-19,8.0,5.0,5.2
330,2018-07-20,3.0,4.0,4.5
330,2018-07-21,346.0,5.5,5.8
330,2018-07-22,304.0,1.9,3.2
330,2018-07-23,348.0,1.1,2.2
330,2018-07-24,334.0,1.5,2.8
330,2018-07-25,16.0,2.9,3.2
330,2018-07-26,46.0,2.0,3.2
330,2018-07-27,115.0,3.1,5.1
330,2018-07-28,233.0,7.0,7.8
330,2018-07-29,186.0,6.9,7.5
330,2018-07-30,207.0,4.3,5.2
330,2018-07-31,231.0,2.3,4.8
330,2018-08-01,321.0,0.9,2.9
330,2018-08-02,331.0,1.6,2.7
330,2018-08-03,19.0,3.4,3.7
330,2018-08-04,358.0,6.2,6.2
330,2018-08-05,24.0,5.5,6.0
330,2018-08-06,60.0,2.3,4.1
330,2018-08-07,317.0,0.4,3.2
330,2018-08-08,222.0,5.9,7.2
330,2018-08-09,330.0,2.9,7.5
330,2018-08-10,220.0,8.1,8.9
330,2018-08-11,264.0,5.5,6.6
330,2018-08-12,185.0,3.6,5.8
330,2018-08-13,264.0,4.8,5.4
330,2018-08-14,282.0,6.2,7.0
330,2018-08-15,221.0,6.5,6.8
330,2018-08-16,225.0,4.4,6.7
330,2018-08-17,275.0,3.1,4.3
330,2018-08-18,224.0,6.4,6.8
330,2018-08-19,222.0,7.7,8.0
330,2018-08-20,328.0,2.7,3.8
330,2018-08-21,217.0,1.1,3.0
330,2018-08-22,235.0,4.6,4.8
330,2018-08-23,234.0,5.5,6.7
330,2018-08-24,269.0,8.1,9.4
330,2018-08-25,304.0,7.3,7.8
330,2018-08-26,186.0,8.0,8.5
330,2018-08-27,255.0,8.7,9.0
330,2018-08-28,202.0,2.6,4.2
330,2018-08-29,2.0,4.3,5.4
330,2018-08-30,347.0,5.5,6.3
330,2018-08-31,25.0,1.5,2.7
330,2018-09-01,56.0,1.7,3.2
330,2018-09-02,62.0,3.7,4.8
330,2018-09-03,14.0,7.0,7.3
330,2018-09-04,3.0,7.1,7.1
330,2018-09-05,21.0,5.5,5.8
330,2018-09-06,336.0,4.8,6.1
330,2018-09-07,271.0,8.9,9.7
330,2018-09-08,231.0,6.2,6.8
330,2018-09-09,215.0,5.9,6.2
330,2018-09-10,247.0,7.3,7.6
330,2018-09-11,228.0,10.1,10.2
330,2018-09-12,350.0,3.3,5.8
330,2018-09-13,14.0,0.6,2.3
330,2018-09-14,234.0,6.2,7.0
330,2018-09-15,262.0,5.2,6.4
330,2018-09-16,200.0,5.6,5.7
330,2018-09-17,180.0,4.7,5.2
330,2018-09-18,214.0,8.8,9.7
330,2018-09-19,208.0,7.9,8.1
330,2018-09-20,206.0,7.5,7.8
330,2018-09-21,253.0,13.1,14.8
330,2018-09-22,244.0,6.7,8.0
330,2018-09-23,6.0,6.2,7.9
330,2018-09-24,331.0,9.1,9.3
330,2018-09-25,211.0,0.4,2.8
330,2018-09-26,216.0,5.9,6.0
330,2018-09-27,224.0,3.9,4.5
330,2018-09-28,32.0,8.3,8.7
330,2018-09-29,135.0,1.5,2.5
330,2018-09-30,299.0,3.9,5.8
330,2018-10-01,326.0,10.8,11.4
330,2018-10-02,287.0,9.0,10.1
330,2018-10-03,294.0,6.3,7.2
330,2018-10-04,214.0,4.8,5.3
330,2018-10-05,178.0,4.0,4.0
330,2018-10-06,11.0,2.4,6.2
330,2018-10-07,40.0,5.6,6.6
330,2018-10-08,215.0,5.2,5.5
330,2018-10-09,188.0,4.5,4.7
330,2018-10-10,112.0,5.4,5.6
330,2018-10-11,159.0,7.5,7.8
330,2018-10-12,179.0,8.5,8.6
330,2018-10-13,169.0,7.3,7.5
330,2018-10-14,164.0,5.2,5.6
330,2018-10-15,192.0,3.0,4.1
330,2018-10-16,180.0,2.6,3.4
330,2018-10-17,292.0,2.2,3.6
330,2018-10-18,40.0,6.3,6.8
330,2018-10-19,45.0,3.3,3.9
330,2018-10-20,207.0,2.5,3.0
330,2018-10-21,213.0,3.5,5.3
330,2018-10-22,348.0,7.7,8.8
330,2018-10-23,288.0,12.0,12.3
330,2018-10-24,307.0,8.8,9.4
330,2018-10-25,286.0,5.9,6.3
330,2018-10-26,287.0,8.7,10.8
330,2018-10-27,357.0,2.9,6.0
330,2018-10-28,61.0,8.0,8.1
330,2018-10-29,52.0,8.1,8.2
330,2018-10-30,263.0,2.6,9.9
330,2018-10-31,161.0,5.5,7.3
330,2018-11-01,166.0,6.6,8.3
330,2018-11-02,288.0,7.1,7.3
330,2018-11-03,175.0,5.5,5.8
330,2018-11-04,136.0,4.5,4.9
330,2018-11-05,113.0,4.5,4.7
330,2018-11-06,153.0,6.1,6.3
330,2018-11-07,166.0,9.8,10.0
330,2018-11-08,179.0,4.5,6.0
330,2018-11-09,143.0,6.5,6.9
330,2018-11-10,174.0,9.1,9.3
330,2018-11-11,192.0,8.1,8.4
330,2018-11-12,189.0,6.1,6.2
330,2018-11-13,211.0,8.0,8.3
330,2018-11-14,172.0,6.1,6.4
330,2018-11-15,140.0,4.9,5.0
330,2018-11-16,122.0,3.4,3.8
330,2018-11-17,92.0,5.9,6.0
330,2018-11-18,71.0,6.8,7.0
330,2018-11-19,60.0,10.4,10.5
330,2018-11-20,77.0,9.6,9.8
330,2018-11-21,98.0,5.0,5.1
330,2018-11-22,92.0,4.3,4.3
330,2018-11-23,105.0,5.0,5.1
330,2018-11-24,87.0,4.6,4.7
330,2018-11-25,71.0,5.4,5.5
330,2018-11-26,75.0,5.3,5.4
330,2018-11-27,132.0,5.3,5.8
330,2018-11-28,163.0,10.1,10.3
330,2018-11-29,179.0,10.7,10.8
330,2018-11-30,205.0,8.4,8.5
330,2018-12-01,186.0,9.2,9.4
330,2018-12-02,217.0,9.5,9.9
330,2018-12-03,244.0,7.8,9.8
330,2018-12-04,288.0,2.7,4.5
330,2018-12-05,161.0,6.7,7.0
330,2018-12-06,225.0,8.4,8.6
330,2018-12-07,235.0,10.0,12.3
330,2018-12-08,249.0,13.5,13.9
330,2018-12-09,294.0,13.0,13.9
330,2018-12-10,316.0,10.6,10.9
330,2018-12-11,324.0,4.1,5.0
330,2018-12-12,94.0,3.9,4.0
330,2018-12-13,87.0,6.2,6.3
330,2018-12-14,85.0,4.5,4.6
330,2018-12-15,144.0,9.4,9.4
330,2018-12-16,177.0,7.2,7.6
330,2018-12-17,219.0,5.4,7.0
330,2018-12-18,164.0,9.2,9.6
330,2018-12-19,186.0,7.9,8.0
330,2018-12-20,198.0,8.8,9.0
330,2018-12-21,225.0,9.5,11.0
330,2018-12-22,263.0,8.9,9.1
330,2018-12-23,260.0,1.0,5.6
330,2018-12-24,339.0,2.8,3.5
330,2018-12-25,216.0,5.5,5.7
330,2018-12-26,200.0,5.2,5.3
330,2018-12-27,190.0,3.3,3.4
330,2018-12-28,211.0,3.1,3.5
330,2018-12-29,261.0,6.6,8.8
330,2018-12-30,273.0,5.1,5.9
330,2018-12-31,276.0,5.3,5.6
330,2019-01-01,316.0,8.5,10.0
330,2019-01-02,357.0,9.3,9.5
330,2019-01-03,3.0,5.5,5.6
330,2019-01-04,318.0,7.2,7.9
330,2019-01-05,326.0,9.1,9.2
330,2019-01-06,316.0,3.7,4.3
330,2019-01-07,252.0,7.0,7.3
330,2019-01-08,319.0,14.5,15.1
330,2019-01-09,6.0,12.1,12.6
330,2019-01-10,296.0,1.2,3.7
330,2019-01-11,324.0,6.7,7.1
330,2019-01-12,270.0,9.1,9.4
330,2019-01-13,282.0,10.7,11.3
330,2019-01-14,320.0,9.1,9.5
330,2019-01-15,244.0,8.3,8.5
330,2019-01-16,215.0,8.9,9.6
330,2019-01-17,314.0,8.9,10.6
330,2019-01-18,161.0,2.8,4.6
330,2019-01-19,132.0,5.8,6.2
330,2019-01-20,88.0,3.1,3.3
330,2019-01-21,205.0,3.4,3.8
330,2019-01-22,180.0,9.2,9.3
330,2019-01-23,83.0,4.2,5.0
330,2019-01-24,152.0,3.0,3.5
330,2019-01-25,213.0,5.2,7.3
330,2019-01-26,224.0,8.9,9.6
330,2019-01-27,271.0,9.8,12.6
330,2019-01-28,327.0,12.9,13.3
330,2019-01-29,187.0,5.1,7.2
330,2019-01-30,281.0,1.6,4.0
330,2019-01-31,140.0,4.2,6.1
330,2019-02-01,78.0,4.6,5.0
330,2019-02-02,15.0,7.7,7.8
330,2019-02-03,310.0,2.8,5.6
330,2019-02-04,194.0,9.8,10.0
330,2019-02-05,196.0,6.1,6.4
330,2019-02-06,190.0,7.8,7.8
330,2019-02-07,217.0,10.7,11.2
330,2019-02-08,194.0,12.0,12.1
330,2019-02-09,219.0,12.1,12.2
330,2019-02-10,276.0,5.1,9.0
330,2019-02-11,308.0,6.8,7.1
330,2019-02-12,229.0,6.2,6.4
330,2019-02-13,206.0,6.6,6.8
330,2019-02-14,160.0,3.2,3.6
330,2019-02-15,170.0,4.2,4.4
330,2019-02-16,200.0,5.1,5.2
330,2019-02-17,181.0,5.7,5.8
330,2019-02-18,212.0,4.2,4.9
330,2019-02-19,234.0,8.0,8.1
330,2019-02-20,211.0,6.4,6.5
330,2019-02-21,229.0,6.8,7.0
330,2019-02-22,187.0,0.5,2.5
330,2019-02-23,115.0,4.3,4.5
330,2019-02-24,101.0,2.1,2.8
330,2019-02-25,95.0,2.5,3.4
330,2019-02-26,97.0,1.8,2.5
330,2019-02-27,209.0,3.2,3.9
330,2019-02-28,230.0,6.8,7.0
330,2019-03-01,326.0,4.9,6.2
330,2019-03-02,200.0,7.2,7.5
330,2019-03-03,207.0,11.2,11.4
330,2019-03-04,240.0,11.5,12.3
330,2019-03-05,230.0,7.5,8.2
330,2019-03-06,173.0,9.4,9.5
330,2019-03-07,231.0,11.3,12.2
330,2019-03-08,253.0,7.8,9.7
330,2019-03-09,253.0,10.2,10.6
330,2019-03-10,267.0,8.1,11.0
330,2019-03-11,289.0,11.9,12.6
330,2019-03-12,211.0,11.4,13.0
330,2019-03-13,258.0,12.3,13.0
330,2019-03-14,261.0,10.7,11.3
330,2019-03-15,250.0,9.3,9.8
330,2019-03-16,223.0,12.0,12.2
330,2019-03-17,265.0,10.4,11.2
330,2019-03-18,297.0,6.7,7.1
330,2019-03-19,216.0,3.6,3.8
330,2019-03-20,227.0,5.2,5.3
330,2019-03-21,224.0,3.5,3.8
330,2019-03-22,231.0,2.2,3.9
330,2019-03-23,4.0,3.8,5.8
330,2019-03-24,300.0,2.3,4.4
330,2019-03-25,331.0,12.0,12.6
330,2019-03-26,313.0,5.5,5.8
330,2019-03-27,285.0,3.3,3.4
330,2019-03-28,329.0,2.5,2.8
330,2019-03-29,47.0,1.5,2.4
330,2019-03-30,19.0,1.6,2.9
330,2019-03-31,44.0,8.1,8.3
330,2019-04-01,84.0,5.6,5.9
330,2019-04-02,204.0,4.6,6.1
330,2019-04-03,177.0,4.0,5.4
330,2019-04-04,144.0,4.5,4.9
330,2019-04-05,77.0,4.0,5.3
330,2019-04-06,49.0,3.8,4.5
330,2019-04-07,41.0,4.3,5.0
330,2019-04-08,293.0,1.5,3.5
330,2019-04-09,55.0,7.2,7.3
330,2019-04-10,42.0,9.4,9.7
330,2019-04-11,31.0,8.7,9.2
330,2019-04-12,44.0,6.0,6.6
330,2019-04-13,35.0,6.2,6.7
330,2019-04-14,66.0,5.3,5.4
330,2019-04-15,99.0,6.2,6.4
330,2019-04-16,97.0,6.2,6.7
330,2019-04-17,103.0,2.6,3.6
330,2019-04-18,89.0,6.4,6.5
330,2019-04-19,49.0,4.2,5.1
330,2019-04-20,39.0,4.4,5.1
330,2019-04-21,50.0,3.8,4.6
330,2019-04-22,101.0,6.4,6.4
330,2019-04-23,99.0,7.7,7.8
330,2019-04-24,170.0,7.0,7.4
330,2019-04-25,157.0,7.7,8.0
330,2019-04-26,215.0,5.6,5.8
330,2019-04-27,232.0,9.5,10.3
330,2019-04-28,302.0,2.7,4.4
330,2019-04-29,15.0,5.5,5.8
330,2019-04-30,15.0,5.0,5.1
330,2019-05-01,317.0,2.1,2.3
330,2019-05-02,312.0,5.1,6.1
330,2019-05-03,336.0,6.3,6.6
330,2019-05-04,351.0,11.1,11.4
330,2019-05-05,347.0,9.0,9.4
330,2019-05-06,281.0,4.3,5.6
330,2019-05-07,181.0,3.2,4.0
330,2019-05-08,168.0,6.4,8.2
330,2019-05-09,234.0,3.9,6.2
330,2019-05-10,354.0,3.5,4.4
330,2019-05-11,10.0,7.7,8.1
330,2019-05-12,4.0,7.2,7.7
330,2019-05-13,27.0,6.0,6.5
330,2019-05-14,27.0,6.6,7.4
330,2019-05-15,38.0,5.2,6.5
330,2019-05-16,44.0,6.6,7.2
330,2019-05-17,75.0,3.6,4.6
330,2019-05-18,4.0,3.1,3.8
330,2019-05-19,357.0,7.7,7.8
330,2019-05-20,336.0,7.5,7.6
330,2019-05-21,324.0,8.1,8.2
330,2019-05-22,285.0,2.1,3.5
330,2019-05-23,219.0,3.3,4.0
330,2019-05-24,304.0,3.3,4.5
330,2019-05-25,343.0,1.3,2.6
330,2019-05-26,227.0,8.7,9.0
330,2019-05-27,259.0,6.3,6.6
330,2019-05-28,21.0,4.8,5.2
330,2019-05-29,195.0,3.7,5.0
330,2019-05-30,221.0,9.6,9.7
330,2019-05-31,231.0,6.2,6.3
330,2019-06-01,274.0,1.0,3.6
330,2019-06-02,196.0,5.0,6.0
330,2019-06-03,238.0,5.0,5.3
330,2019-06-04,156.0,3.2,5.5
330,2019-06-05,258.0,3.2,5.8
330,2019-06-06,260.0,4.7,6.3
330,2019-06-07,141.0,6.8,8.1
330,2019-06-08,215.0,14.6,15.0
330,2019-06-09,296.0,1.3,5.3
330,2019-06-10,50.0,4.2,5.0
330,2019-06-11,257.0,3.2,4.4
330,2019-06-12,23.0,0.9,4.1
330,2019-06-13,184.0,8.6,8.7
330,2019-06-14,168.0,1.6,5.2
330,2019-06-15,327.0,1.9,3.8
330,2019-06-16,214.0,5.5,5.9
330,2019-06-17,220.0,1.1,3.7
330,2019-06-18,20.0,3.0,4.1
330,2019-06-19,221.0,1.9,4.6
330,2019-06-20,245.0,6.0,6.3
330,2019-06-21,269.0,3.5,5.3
330,2019-06-22,29.0,6.1,6.7
330,2019-06-23,74.0,3.4,4.3
330,2019-06-24,118.0,2.5,4.9
330,2019-06-25,342.0,1.2,4.5
330,2019-06-26,10.0,8.7,9.1
330,2019-06-27,26.0,9.3,9.6
330,2019-06-28,34.0,5.6,5.9
330,2019-06-29,118.0,3.1,3.9
330,2019-06-30,249.0,5.6,6.6
330,2019-07-01,272.0,6.4,6.6
330,2019-07-02,354.0,6.2,6.5
330,2019-07-03,11.0,7.0,7.2
330,2019-07-04,331.0,1.6,3.5
330,2019-07-05,296.0,3.4,3.8
330,2019-07-06,313.0,3.7,5.7
330,2019-07-07,344.0,5.8,5.9
330,2019-07-08,333.0,7.3,7.8
330,2019-07-09,354.0,3.3,4.1
330,2019-07-10,172.0,4.2,4.5
330,2019-07-11,243.0,2.9,3.9
330,2019-07-12,305.0,5.8,6.6
330,2019-07-13,341.0,8.0,8.2
330,2019-07-14,360.0,7.9,8.0
330,2019-07-15,350.0,5.2,5.6
330,2019-07-16,320.0,2.7,2.8
330,2019-07-17,64.0,0.9,2.8
330,2019-07-18,226.0,5.9,6.5
330,2019-07-19,232.0,2.8,3.6
330,2019-07-20,215.0,6.3,7.3
330,2019-07-21,277.0,3.8,4.5
330,2019-07-22,227.0,6.1,6.5
330,2019-07-23,63.0,2.3,4.3
330,2019-07-24,193.0,2.0,4.6
330,2019-07-25,115.0,3.4,4.8
330,2019-07-26,349.0,3.2,6.9
330,2019-07-27,299.0,5.3,5.9
330,2019-07-28,265.0,5.3,5.7
330,2019-07-29,198.0,1.4,4.5
330,2019-07-30,182.0,4.2,6.1
330,2019-07-31,211.0,9.6,9.9
330,2019-08-01,257.0,6.3,7.0
330,2019-08-02,325.0,8.7,9.8
330,2019-08-03,7.0,4.9,5.3
330,2019-08-04,83.0,2.0,3.7
330,2019-08-05,234.0,6.3,7.3
330,2019-08-06,236.0,7.2,7.3
330,2019-08-07,238.0,8.6,8.7
330,2019-08-08,250.0,4.1,5.8
330,2019-08-09,162.0,5.7,7.4
330,2019-08-10,221.0,13.6,14.0
330,2019-08-11,223.0,9.8,9.9
330,2019-08-12,245.0,3.3,5.1
330,2019-08-13,279.0,6.3,7.5
330,2019-08-14,183.0,6.9,7.3
330,2019-08-15,260.0,8.3,9.3
330,2019-08-16,210.0,4.9,5.7
330,2019-08-17,213.0,8.1,8.3
330,2019-08-18,225.0,7.1,7.5
330,2019-08-19,236.0,9.1,9.3
330,2019-08-20,253.0,6.0,6.3
330,2019-08-21,214.0,1.7,3.7
330,2019-08-22,226.0,3.6,4.5
330,2019-08-23,81.0,0.5,3.3
330,2019-08-24,55.0,2.1,3.0
330,2019-08-25,38.0,1.8,2.3
330,2019-08-26,25.0,2.4,3.3
330,2019-08-27,35.0,1.8,2.9
330,2019-08-28,239.0,4.8,5.1
330,2019-08-29,250.0,4.9,5.3
330,2019-08-30,211.0,4.5,4.9
330,2019-08-31,227.0,2.8,5.5
330,2019-09-01,295.0,5.5,6.1
330,2019-09-02,258.0,6.3,7.1
330,2019-09-03,250.0,6.8,7.3
330,2019-09-04,236.0,7.3,8.8
330,2019-09-05,311.0,10.2,10.8
330,2019-09-06,224.0,7.0,8.2
330,2019-09-07,342.0,8.0,8.8
330,2019-09-08,354.0,5.3,5.9
330,2019-09-09,210.0,2.3,3.8
330,2019-09-10,232.0,2.2,3.6
330,2019-09-11,225.0,7.6,8.1
330,2019-09-12,238.0,5.7,6.1
330,2019-09-13,348.0,4.7,6.4
330,2019-09-14,90.0,2.0,3.3
330,2019-09-15,262.0,3.7,4.6
330,2019-09-16,6.0,3.2,4.3
330,2019-09-17,333.0,8.0,8.6
330,2019-09-18,3.0,6.0,6.4
330,2019-09-19,68.0,1.4,2.5
330,2019-09-20,102.0,4.1,4.3
330,2019-09-21,113.0,6.6,6.6
330,2019-09-22,170.0,4.4,6.5
330,2019-09-23,199.0,5.7,6.1
330,2019-09-24,170.0,8.6,8.9
330,2019-09-25,193.0,8.1,8.4
330,2019-09-26,202.0,8.3,8.5
330,2019-09-27,209.0,9.4,9.7
330,2019-09-28,234.0,10.0,10.3
330,2019-09-29,223.0,8.6,11.7
330,2019-09-30,264.0,7.5,9.7
330,2019-10-01,232.0,3.5,8.8
330,2019-10-02,327.0,10.4,11.2
330,2019-10-03,284.0,4.2,7.1
330,2019-10-04,281.0,1.9,9.4
330,2019-10-05,98.0,4.3,4.6
330,2019-10-06,98.0,8.3,8.7
330,2019-10-07,150.0,5.1,6.8
330,2019-10-08,241.0,8.2,8.6
330,2019-10-09,234.0,8.8,9.5
330,2019-10-10,243.0,8.9,9.8
330,2019-10-11,207.0,11.3,11.6
330,2019-10-12,249.0,1.6,3.7
330,2019-10-13,206.0,6.1,7.5
330,2019-10-14,121.0,3.0,5.3
330,2019-10-15,201.0,5.9,6.0
330,2019-10-16,188.0,7.3,8.0
330,2019-10-17,192.0,4.9,6.1
330,2019-10-18,197.0,9.7,10.2
330,2019-10-19,196.0,7.5,7.6
330,2019-10-20,36.0,2.1,5.0
330,2019-10-21,104.0,2.4,6.3
330,2019-10-22,246.0,1.3,3.2
330,2019-10-23,88.0,3.4,3.7
330,2019-10-24,198.0,6.8,7.4
330,2019-10-25,196.0,9.4,9.6
330,2019-10-26,211.0,9.0,11.0
330,2019-10-27,302.0,8.1,8.3
330,2019-10-28,4.0,4.1,4.8
330,2019-10-29,69.0,4.5,4.5
330,2019-10-30,95.0,5.1,5.1
330,2019-10-31,102.0,5.9,6.0
330,2019-11-01,170.0,7.0,7.3
330,2019-11-02,199.0,11.0,11.3
330,2019-11-03,178.0,4.8,5.2
330,2019-11-04,186.0,6.3,6.5
330,2019-11-05,198.0,3.0,4.3
330,2019-11-06,51.0,1.8,3.3
330,2019-11-07,169.0,6.1,7.5
330,2019-11-08,191.0,6.2,6.3
330,2019-11-09,248.0,7.5,8.7
330,2019-11-10,168.0,3.0,3.3
330,2019-11-11,214.0,7.7,10.3
330,2019-11-12,201.0,9.0,9.8
330,2019-11-13,249.0,4.9,8.4
330,2019-11-14,125.0,6.3,7.1
330,2019-11-15,64.0,6.0,6.6
330,2019-11-16,183.0,4.7,4.8
330,2019-11-17,112.0,1.8,4.3
330,2019-11-18,336.0,6.2,7.4
330,2019-11-19,282.0,4.7,6.3
330,2019-11-20,116.0,4.4,4.8
330,2019-11-21,108.0,6.4,6.5
330,2019-11-22,131.0,7.2,7.7
330,2019-11-23,99.0,7.2,7.3
330,2019-11-24,165.0,3.4,4.2
330,2019-11-25,154.0,6.4,6.5
330,2019-11-26,173.0,8.0,8.0
330,2019-11-27,181.0,7.9,9.5
330,2019-11-28,282.0,7.0,9.9
330,2019-11-29,335.0,7.5,7.8
330,2019-11-30,112.0,1.6,2.7
330,2019-12-01,61.0,4.5,4.7
330,2019-12-02,321.0,7.3,7.5
330,2019-12-03,214.0,4.7,5.0
330,2019-12-04,190.0,2.8,3.5
330,2019-12-05,200.0,7.0,7.1
330,2019-12-06,215.0,10.9,12.0
330,2019-12-07,245.0,7.8,8.8
330,2019-12-08,224.0,10.9,11.5
330,2019-12-09,313.0,8.0,12.3
330,2019-12-10,193.0,8.9,10.6
330,2019-12-11,210.0,5.8,6.3
330,2019-12-12,177.0,8.1,10.1
330,2019-12-13,225.0,3.9,8.4
330,2019-12-14,248.0,10.0,11.5
330,2019-12-15,215.0,10.1,11.1
330,2019-12-16,179.0,5.7,6.5
330,2019-12-17,209.0,3.8,6.0
330,2019-12-18,170.0,6.4,7.3
330,2019-12-19,151.0,9.9,10.0
330,2019-12-20,176.0,9.0,10.4
330,2019-12-21,166.0,8.9,9.3
330,2019-12-22,233.0,5.0,7.9
330,2019-12-23,256.0,7.7,8.0
330,2019-12-24,233.0,7.7,9.3
330,2019-12-25,299.0,6.1,6.7
330,2019-12-26,145.0,5.8,6.0
330,2019-12-27,91.0,4.3,4.5
330,2019-12-28,160.0,3.7,4.0
330,2019-12-29,181.0,6.1,6.1
330,2019-12-30,212.0,6.9,7.6
330,2019-12-31,77.0,2.5,4.3
330,2020-01-01,173.0,5.1,5.5
330,2020-01-02,188.0,7.6,7.7
330,2020-01-03,261.0,6.1,10.1
330,2020-01-04,285.0,8.9,9.1
330,2020-01-05,228.0,5.1,5.2
330,2020-01-06,199.0,7.1,7.4
330,2020-01-07,205.0,7.6,8.5
330,2020-01-08,221.0,6.8,7.0
330,2020-01-09,193.0,8.9,9.0
330,2020-01-10,301.0,4.8,6.8
330,2020-01-11,200.0,9.4,9.5
330,2020-01-12,217.0,9.3,9.9
330,2020-01-13,185.0,9.5,9.8
330,2020-01-14,196.0,12.6,12.7
330,2020-01-15,205.0,10.4,11.3
330,2020-01-16,170.0,8.2,8.5
330,2020-01-17,216.0,8.0,9.5
330,2020-01-18,291.0,7.2,8.6
330,2020-01-19,360.0,7.9,8.1
330,2020-01-20,220.0,2.4,2.8
330,2020-01-21,194.0,4.6,4.7
330,2020-01-22,213.0,2.5,2.8
330,2020-01-23,131.0,1.8,2.3
330,2020-01-24,187.0,4.8,4.9
330,2020-01-25,169.0,5.8,6.0
330,2020-01-26,176.0,7.2,7.5
330,2020-01-27,198.0,7.5,7.9
330,2020-01-28,255.0,10.9,11.8
330,2020-01-29,261.0,11.0,11.5
330,2020-01-30,212.0,9.4,9.9
330,2020-01-31,218.0,10.7,10.8
330,2020-02-01,232.0,10.2,10.5
330,2020-02-02,230.0,8.4,9.3
330,2020-02-03,251.0,8.4,9.3
330,2020-02-04,305.0,11.2,12.4
330,2020-02-05,307.0,2.0,3.5
330,2020-02-06,259.0,2.3,3.1
330,2020-02-07,139.0,6.7,6.9
330,2020-02-08,192.0,6.8,7.1
330,2020-02-09,204.0,15.5,16.3
330,2020-02-10,254.0,14.8,15.5
330,2020-02-11,267.0,17.7,17.8
330,2020-02-12,260.0,11.3,11.8
330,2020-02-13,201.0,6.4,8.8
330,2020-02-14,241.0,4.2,7.6
330,2020-02-15,191.0,12.3,12.4
330,2020-02-16,210.0,13.3,14.3
330,2020-02-17,228.0,11.6,11.9
330,2020-02-18,239.0,11.0,11.5
330,2020-02-19,261.0,8.9,10.7
330,2020-02-20,233.0,9.5,12.3
330,2020-02-21,239.0,10.5,11.5
330,2020-02-22,224.0,12.5,12.6
330,2020-02-23,262.0,10.7,13.0
330,2020-02-24,221.0,9.2,10.8
330,2020-02-25,251.0,9.2,9.5
330,2020-02-26,296.0,10.7,10.9
330,2020-02-27,291.0,3.5,8.7
330,2020-02-28,201.0,7.5,9.8
330,2020-02-29,206.0,11.7,12.9
330,2020-03-01,210.0,10.6,10.7
330,2020-03-02,221.0,3.3,6.8
330,2020-03-03,229.0,5.5,6.3
330,2020-03-04,250.0,3.4,4.9
330,2020-03-05,71.0,7.1,7.8
330,2020-03-06,354.0,8.9,9.3
330,2020-03-07,225.0,6.2,7.8
330,2020-03-08,201.0,10.2,10.5
330,2020-03-09,237.0,7.6,8.4
330,2020-03-10,226.0,12.5,12.8
330,2020-03-11,230.0,9.2,9.5
330,2020-03-12,245.0,12.5,13.0
330,2020-03-13,268.0,7.2,8.2
330,2020-03-14,174.0,7.3,7.6
330,2020-03-15,195.0,8.2,8.5
330,2020-03-16,284.0,2.6,3.0
330,2020-03-17,217.0,7.3,7.3
330,2020-03-18,226.0,7.5,7.7
330,2020-03-19,39.0,4.7,5.6
330,2020-03-20,40.0,9.5,9.7
330,2020-03-21,77.0,9.1,9.2
330,2020-03-22,92.0,8.0,8.1
330,2020-03-23,120.0,9.5,9.6
330,2020-03-24,130.0,6.7,6.9
330,2020-03-25,93.0,4.8,5.4
330,2020-03-26,71.0,6.3,6.5
330,2020-03-27,30.0,8.1,8.4
330,2020-03-28,21.0,12.3,12.6
330,2020-03-29,25.0,14.4,14.8
330,2020-03-30,7.0,5.3,6.2
330,2020-03-31,38.0,6.5,7.1
330,2020-04-01,310.0,1.7,2.9
330,2020-04-02,247.0,6.6,6.8
330,2020-04-03,285.0,5.8,6.6
330,2020-04-04,147.0,3.1,4.5
330,2020-04-05,132.0,7.0,7.3
330,2020-04-06,205.0,5.8,6.9
330,2020-04-07,111.0,3.2,3.6
330,2020-04-08,41.0,2.3,3.1
330,2020-04-09,36.0,3.9,4.2
330,2020-04-10,61.0,4.0,4.8
330,2020-04-11,79.0,2.1,3.7
330,2020-04-12,274.0,0.5,4.0
330,2020-04-13,18.0,12.6,12.8
330,2020-04-14,6.0,5.5,5.7
330,2020-04-15,45.0,1.7,3.7
330,2020-04-16,46.0,4.2,4.8
330,2020-04-17,44.0,7.6,8.0
330,2020-04-18,12.0,3.9,4.9
330,2020-04-19,50.0,6.9,7.3
330,2020-04-20,78.0,9.7,9.8
330,2020-04-21,79.0,9.4,9.5
330,2020-04-22,85.0,7.5,7.5
330,2020-04-23,37.0,1.8,4.0
330,2020-04-24,6.0,6.3,6.5
330,2020-04-25,18.0,6.1,6.3
330,2020-04-26,11.0,1.7,2.6
330,2020-04-27,346.0,1.7,4.3
330,2020-04-28,43.0,6.7,6.8
330,2020-04-29,222.0,3.8,5.0
330,2020-04-30,205.0,8.5,9.1
330,2020-05-01,239.0,8.1,8.8
330,2020-05-02,271.0,7.2,7.5
330,2020-05-03,306.0,1.3,3.9
330,2020-05-04,33.0,7.9,8.3
330,2020-05-05,38.0,7.5,8.1
330,2020-05-06,43.0,4.9,6.3
330,2020-05-07,57.0,2.0,3.1
330,2020-05-08,5.0,1.7,2.7
330,2020-05-09,30.0,4.5,4.8
330,2020-05-10,22.0,10.3,10.5
330,2020-05-11,17.0,14.9,15.0
330,2020-05-12,299.0,4.0,4.9
330,2020-05-13,9.0,8.0,9.7
330,2020-05-14,31.0,7.3,7.9
330,2020-05-15,343.0,1.9,3.8
330,2020-05-16,264.0,5.1,5.6
330,2020-05-17,248.0,4.4,4.7
330,2020-05-18,237.0,5.7,5.9
330,2020-05-19,293.0,2.6,3.0
330,2020-05-20,43.0,1.6,3.1
330,2020-05-21,87.0,1.7,3.1
330,2020-05-22,218.0,9.0,9.5
330,2020-05-23,239.0,10.1,10.2
330,2020-05-24,262.0,8.4,8.5
330,2020-05-25,329.0,3.3,3.8
330,2020-05-26,343.0,1.6,3.9
330,2020-05-27,12.0,6.7,7.0
330,2020-05-28,32.0,7.8,8.4
330,2020-05-29,32.0,6.1,7.0
330,2020-05-30,54.0,5.7,7.0
330,2020-05-31,65.0,6.8,7.0
330,2020-06-01,33.0,4.9,5.7
330,2020-06-02,320.0,2.8,3.2
330,2020-06-03,339.0,5.6,6.4
330,2020-06-04,331.0,9.1,9.9
330,2020-06-05,264.0,6.5,8.2
330,2020-06-06,240.0,11.0,11.6
330,2020-06-07,275.0,8.5,8.7
330,2020-06-08,356.0,7.5,8.0
330,2020-06-09,15.0,5.5,5.9
330,2020-06-10,13.0,3.6,4.1
330,2020-06-11,51.0,4.6,5.2
330,2020-06-12,103.0,4.1,5.1
330,2020-06-13,59.0,2.8,4.5
330,2020-06-14,281.0,2.8,3.6
330,2020-06-15,305.0,1.6,3.3
330,2020-06-16,47.0,3.1,3.6
330,2020-06-17,20.0,5.0,5.8
330,2020-06-18,232.0,1.5,4.5
330,2020-06-19,233.0,4.5,5.3
330,2020-06-20,262.0,2.9,4.3
330,2020-06-21,209.0,5.6,7.2
330,2020-06-22,292.0,3.3,3.9
330,2020-06-23,26.0,1.5,4.2
330,2020-06-24,83.0,4.1,4.8
330,2020-06-25,109.0,5.5,5.7
330,2020-06-26,133.0,2.8,4.3
330,2020-06-27,215.0,7.2,7.5
330,2020-06-28,231.0,11.5,11.6
330,2020-06-29,233.0,11.6,11.7
330,2020-06-30,238.0,9.3,9.5
330,2020-07-01,234.0,8.3,8.4
330,2020-07-02,251.0,7.6,7.9
330,2020-07-03,237.0,9.5,10.0
330,2020-07-04,222.0,11.5,11.6
330,2020-07-05,234.0,13.2,13.5
330,2020-07-06,285.0,9.8,10.1
330,2020-07-07,260.0,4.7,5.5
330,2020-07-08,244.0,2.9,3.7
330,2020-07-09,233.0,8.1,8.2
330,2020-07-10,336.0,5.2,6.3
330,2020-07-11,314.0,3.6,4.1
330,2020-07-12,11.0,3.7,4.1
330,2020-07-13,229.0,2.0,3.7
330,2020-07-14,326.0,3.7,4.3
330,2020-07-15,281.0,3.9,4.2
330,2020-07-16,314.0,6.4,6.6
330,2020-07-17,258.0,1.4,3.0
330,2020-07-18,235.0,3.0,3.8
330,2020-07-19,318.0,2.7,5.8
330,2020-07-20,343.0,5.7,5.9
330,2020-07-21,325.0,5.3,5.5
330,2020-07-22,3.0,2.8,3.7
330,2020-07-23,220.0,5.9,6.5
330,2020-07-24,260.0,5.0,5.6
330,2020-07-25,215.0,7.1,7.5
330,2020-07-26,240.0,8.0,8.4
330,2020-07-27,203.0,6.8,8.0
330,2020-07-28,269.0,8.6,9.1
330,2020-07-29,277.0,5.6,6.3
330,2020-07-30,91.0,1.7,4.0
330,2020-07-31,122.0,5.3,6.1
330,2020-08-01,240.0,5.9,6.2
330,2020-08-02,282.0,3.5,4.5
330,2020-08-03,25.0,2.1,5.4
330,2020-08-04,274.0,1.7,4.3
330,2020-08-05,213.0,5.0,5.7
330,2020-08-06,347.0,0.6,3.9
330,2020-08-07,85.0,1.5,3.0
330,2020-08-08,36.0,2.7,3.3
330,2020-08-09,32.0,5.2,5.5
330,2020-08-10,78.0,3.6,4.0
330,2020-08-11,74.0,1.3,3.4
330,2020-08-12,35.0,3.7,4.4
330,2020-08-13,306.0,0.3,2.8
330,2020-08-14,264.0,1.8,3.3
330,2020-08-15,2.0,1.7,3.4
330,2020-08-16,89.0,1.1,4.0
330,2020-08-17,220.0,1.9,3.3
330,2020-08-18,238.0,5.4,5.8
330,2020-08-19,170.0,6.6,6.8
330,2020-08-20,167.0,4.5,5.4
330,2020-08-21,229.0,8.5,9.3
330,2020-08-22,233.0,11.1,11.3
330,2020-08-23,255.0,8.9,9.1
330,2020-08-24,256.0,6.6,7.4
330,2020-08-25,202.0,10.3,11.5
330,2020-08-26,272.0,13.5,14.6
330,2020-08-27,161.0,4.6,5.3
330,2020-08-28,228.0,7.4,7.8
330,2020-08-29,270.0,4.6,5.3
330,2020-08-30,1.0,11.2,11.4
330,2020-08-31,15.0,5.4,5.7
330,2020-09-01,30.0,1.8,2.5
330,2020-09-02,275.0,1.1,2.6
330,2020-09-03,217.0,8.9,9.6
330,2020-09-04,256.0,6.6,6.8
330,2020-09-05,287.0,7.3,7.6
330,2020-09-06,275.0,5.2,5.5
330,2020-09-07,219.0,6.0,6.3
330,2020-09-08,229.0,5.7,6.1
330,2020-09-09,276.0,3.8,7.0
330,2020-09-10,324.0,1.7,2.8
330,2020-09-11,246.0,2.9,3.4
330,2020-09-12,249.0,6.6,6.8
330,2020-09-13,212.0,4.8,4.9
330,2020-09-14,111.0,2.6,3.1
330,2020-09-15,42.0,0.4,3.0
330,2020-09-16,19.0,8.8,9.3
330,2020-09-17,60.0,7.4,7.5
330,2020-09-18,77.0,7.1,7.2
330,2020-09-19,68.0,5.7,5.9
330,2020-09-20,43.0,5.2,5.5
330,2020-09-21,15.0,3.0,3.4
330,2020-09-22,231.0,1.7,2.8
330,2020-09-23,198.0,7.1,7.3
330,2020-09-24,203.0,9.1,10.4
330,2020-09-25,259.0,7.9,13.1
330,2020-09-26,353.0,10.2,10.2
330,2020-09-27,11.0,8.4,9.1
330,2020-09-28,331.0,8.2,8.6
330,2020-09-29,258.0,3.0,4.5
330,2020-09-30,171.0,6.3,6.5
330,2020-10-01,167.0,6.3,7.6
330,2020-10-02,84.0,7.7,8.0
330,2020-10-03,141.0,5.1,6.7
330,2020-10-04,177.0,10.2,10.7
330,2020-10-05,190.0,9.5,10.3
330,2020-10-06,242.0,8.5,9.9
330,2020-10-07,275.0,9.4,10.1
330,2020-10-08,241.0,6.3,10.2
330,2020-10-09,264.0,5.5,6.6
330,2020-10-10,291.0,8.5,9.7
330,2020-10-11,325.0,7.1,8.3
330,2020-10-12,269.0,2.9,6.3
330,2020-10-13,131.0,5.2,6.6
330,2020-10-14,50.0,8.0,8.2
330,2020-10-15,47.0,7.5,7.6
330,2020-10-16,54.0,3.2,3.6
330,2020-10-17,218.0,2.0,2.4
330,2020-10-18,314.0,3.6,4.3
330,2020-10-19,166.0,5.0,6.0
330,2020-10-20,171.0,7.9,8.3
330,2020-10-21,190.0,9.7,10.9
330,2020-10-22,213.0,7.9,8.1
330,2020-10-23,208.0,5.9,6.2
330,2020-10-24,191.0,9.9,10.3
330,2020-10-25,197.0,8.3,8.5
330,2020-10-26,201.0,9.1,9.2
330,2020-10-27,195.0,9.4,10.0
330,2020-10-28,213.0,8.8,9.6
330,2020-10-29,242.0,8.7,9.9
330,2020-10-30,221.0,10.1,10.2
330,2020-10-31,192.0,7.6,8.6
330,2020-11-01,196.0,9.8,10.2
330,2020-11-02,221.0,11.0,11.9
330,2020-11-03,238.0,8.4,10.1
330,2020-11-04,290.0,5.1,5.2
330,2020-11-05,233.0,2.4,3.0
330,2020-11-06,103.0,4.2,4.3
330,2020-11-07,127.0,3.4,3.6
330,2020-11-08,129.0,3.5,3.7
330,2020-11-09,137.0,3.3,3.5
330,2020-11-10,182.0,2.7,3.1
330,2020-11-11,164.0,6.2,6.4
330,2020-11-12,213.0,6.9,8.0
330,2020-11-13,191.0,6.2,6.6
330,2020-11-14,179.0,8.5,8.6
330,2020-11-15,188.0,11.1,11.9
330,2020-11-16,239.0,8.8,9.3
330,2020-11-17,214.0,9.2,9.3
330,2020-11-18,198.0,8.6,9.7
330,2020-11-19,296.0,9.5,11.5
330,2020-11-20,238.0,4.4,6.9
330,2020-11-21,217.0,8.4,8.7
330,2020-11-22,276.0,6.6,7.0
330,2020-11-23,242.0,4.0,5.7
330,2020-11-24,180.0,7.5,7.6
330,2020-11-25,183.0,7.1,7.3
330,2020-11-26,39.0,1.8,2.9
330,2020-11-27,80.0,3.1,3.2
330,2020-11-28,93.0,4.6,4.6
330,2020-11-29,106.0,3.2,3.9
330,2020-11-30,237.0,5.3,8.4
330,2020-12-01,358.0,12.6,13.2
330,2020-12-02,173.0,2.4,4.0
330,2020-12-03,171.0,8.3,9.0
330,2020-12-04,164.0,11.4,12.0
330,2020-12-05,150.0,5.4,6.0
330,2020-12-06,69.0,2.8,3.7
330,2020-12-07,202.0,4.2,5.3
330,2020-12-08,136.0,2.9,3.5
330,2020-12-09,168.0,7.3,7.5
330,2020-12-10,146.0,6.9,7.0
330,2020-12-11,139.0,8.6,8.7
330,2020-12-12,237.0,2.4,4.1
330,2020-12-13,184.0,6.6,8.0
330,2020-12-14,181.0,9.3,9.3
330,2020-12-15,193.0,5.3,5.5
330,2020-12-16,160.0,7.4,7.5
330,2020-12-17,204.0,7.4,7.4
330,2020-12-18,178.0,10.1,10.2
330,2020-12-19,177.0,9.7,9.9
330,2020-12-20,196.0,7.8,7.9
330,2020-12-21,185.0,8.7,9.5
330,2020-12-22,231.0,5.0,6.3
330,2020-12-23,205.0,5.5,5.9
330,2020-12-24,10.0,9.1,11.5
330,2020-12-25,353.0,6.9,7.6
330,2020-12-26,213.0,9.5,10.4
330,2020-12-27,195.0,12.0,12.2
330,2020-12-28,145.0,4.3,4.9
330,2020-12-29,236.0,3.0,4.3
330,2020-12-30,258.0,5.2,6.2
330,2020-12-31,161.0,0.7,2.9
330,2021-01-01,255.0,4.3,4.8
330,2021-01-02,196.0,0.5,2.1
330,2021-01-03,56.0,6.7,7.0
330,2021-01-04,49.0,9.7,9.8
330,2021-01-05,56.0,7.6,7.7
330,2021-01-06,30.0,4.3,5.0
330,2021-01-07,338.0,8.8,9.0
330,2021-01-08,2.0,3.6,4.3
330,2021-01-09,339.0,4.2,4.6
330,2021-01-10,256.0,4.9,5.3
330,2021-01-11,242.0,8.9,9.0
330,2021-01-12,310.0,8.3,9.9
330,2021-01-13,301.0,8.2,9.0
330,2021-01-14,82.0,5.3,5.8
330,2021-01-15,80.0,0.9,4.0
330,2021-01-16,186.0,7.7,7.9
330,2021-01-17,307.0,7.5,8.0
330,2021-01-18,240.0,6.9,7.4
330,2021-01-19,213.0,12.3,12.9
330,2021-01-20,185.0,12.5,12.6
330,2021-01-21,210.0,10.3,11.1
330,2021-01-22,235.0,6.1,6.8
330,2021-01-23,250.0,3.7,5.5
330,2021-01-24,261.0,1.1,6.6
330,2021-01-25,290.0,4.9,7.5
330,2021-01-26,261.0,6.4,8.6
330,2021-01-27,227.0,5.3,6.8
330,2021-01-28,135.0,2.9,4.4
330,2021-01-29,264.0,7.1,9.5
330,2021-01-30,76.0,8.8,8.9
330,2021-01-31,88.0,6.3,6.4
330,2021-02-01,40.0,2.8,4.4
330,2021-02-02,178.0,4.3,6.5
330,2021-02-03,228.0,6.0,6.9
330,2021-02-04,183.0,3.3,5.5
330,2021-02-05,152.0,3.1,3.8
330,2021-02-06,75.0,7.7,8.0
330,2021-02-07,58.0,12.4,12.5
330,2021-02-08,66.0,9.4,9.5
330,2021-02-09,62.0,6.2,6.3
330,2021-02-10,58.0,5.4,5.5
330,2021-02-11,93.0,3.8,3.9
330,2021-02-12,83.0,7.2,7.3
330,2021-02-13,108.0,7.6,7.8
330,2021-02-14,146.0,9.0,9.1
330,2021-02-15,190.0,9.4,9.8
330,2021-02-16,196.0,8.1,8.5
330,2021-02-17,201.0,8.2,8.4
330,2021-02-18,180.0,8.1,9.3
330,2021-02-19,183.0,8.4,8.6
330,2021-02-20,162.0,9.2,9.3
330,2021-02-21,170.0,5.7,6.0
330,2021-02-22,183.0,5.9,6.1
330,2021-02-23,192.0,7.0,7.1
330,2021-02-24,189.0,7.9,8.0
330,2021-02-25,227.0,3.0,4.6
330,2021-02-26,306.0,3.4,3.6
330,2021-02-27,360.0,1.5,2.5
330,2021-02-28,43.0,3.9,4.2
330,2021-03-01,88.0,4.7,4.8
330,2021-03-02,80.0,1.3,2.5
330,2021-03-03,337.0,2.6,2.8
330,2021-03-04,9.0,6.0,6.2
330,2021-03-05,30.0,6.8,7.2
330,2021-03-06,38.0,3.5,4.0
330,2021-03-07,4.0,2.0,2.9
330,2021-03-08,247.0,4.6,5.0
330,2021-03-09,290.0,3.6,4.7
330,2021-03-10,191.0,10.2,10.3
330,2021-03-11,226.0,13.3,13.9
330,2021-03-12,224.0,10.2,10.5
330,2021-03-13,242.0,11.7,12.9
330,2021-03-14,272.0,8.1,8.3
330,2021-03-15,321.0,9.4,9.5
330,2021-03-16,316.0,3.2,4.8
330,2021-03-17,356.0,7.8,8.0
330,2021-03-18,359.0,5.7,6.3
330,2021-03-19,22.0,8.1,8.5
330,2021-03-20,299.0,2.0,4.2
330,2021-03-21,348.0,8.0,8.6
330,2021-03-22,321.0,2.4,4.0
330,2021-03-23,216.0,3.9,4.1
330,2021-03-24,227.0,3.7,4.2
330,2021-03-25,220.0,5.6,5.9
330,2021-03-26,199.0,8.0,8.7
330,2021-03-27,249.0,9.4,9.9
330,2021-03-28,217.0,10.3,10.5
330,2021-03-29,219.0,8.7,8.7
330,2021-03-30,147.0,2.0,3.3
330,2021-03-31,187.0,0.8,2.3
330,2021-04-01,14.0,8.2,8.7
330,2021-04-02,10.0,9.2,9.5
330,2021-04-03,8.0,9.5,9.6
330,2021-04-04,257.0,3.2,5.9
330,2021-04-05,321.0,13.6,14.4
330,2021-04-06,321.0,12.6,12.8
330,2021-04-07,306.0,12.9,13.2
330,2021-04-08,238.0,6.5,7.3
330,2021-04-09,247.0,3.5,6.5
330,2021-04-10,44.0,9.3,9.6
330,2021-04-11,355.0,8.8,9.3
330,2021-04-12,313.0,5.1,5.8
330,2021-04-13,300.0,3.6,3.8
330,2021-04-14,18.0,4.4,5.5
330,2021-04-15,20.0,6.5,6.8
330,2021-04-16,18.0,7.7,8.0
330,2021-04-17,14.0,7.8,7.9
330,2021-04-18,341.0,3.3,3.5
330,2021-04-19,7.0,4.0,4.3
330,2021-04-20,5.0,2.0,2.8
330,2021-04-21,13.0,8.9,9.1
330,2021-04-22,20.0,6.1,6.4
330,2021-04-23,27.0,3.9,4.3
330,2021-04-24,32.0,6.0,6.5
330,2021-04-25,28.0,8.3,8.7
330,2021-04-26,28.0,7.5,8.0
330,2021-04-27,54.0,4.0,5.2
330,2021-04-28,24.0,7.0,7.4
330,2021-04-29,329.0,9.9,10.8
330,2021-04-30,325.0,4.8,5.0
330,2021-05-01,314.0,5.2,5.8
330,2021-05-02,307.0,4.9,6.0
330,2021-05-03,216.0,7.5,7.6
330,2021-05-04,251.0,12.7,14.0
330,2021-05-05,284.0,8.6,9.1
330,2021-05-06,281.0,3.6,4.5
330,2021-05-07,276.0,3.7,5.3
330,2021-05-08,169.0,7.0,7.5
330,2021-05-09,179.0,4.9,6.1
330,2021-05-10,210.0,4.7,5.7
330,2021-05-11,337.0,1.4,3.3
330,2021-05-12,240.0,1.7,4.2
330,2021-05-13,52.0,1.8,4.0
330,2021-05-14,1.0,4.3,4.6
330,2021-05-15,199.0,1.6,2.9
330,2021-05-16,228.0,5.4,5.9
330,2021-05-17,255.0,3.4,5.8
330,2021-05-18,266.0,4.7,5.0
330,2021-05-19,265.0,4.0,5.1
330,2021-05-20,195.0,6.4,7.2
330,2021-05-21,219.0,14.4,14.5
330,2021-05-22,261.0,7.1,8.3
330,2021-05-23,218.0,5.4,6.2
330,2021-05-24,191.0,6.7,7.0
330,2021-05-25,259.0,7.4,8.2
330,2021-05-26,275.0,8.3,8.8
330,2021-05-27,320.0,8.1,8.8
330,2021-05-28,28.0,3.2,4.1
330,2021-05-29,29.0,6.1,6.5
330,2021-05-30,34.0,5.8,6.0
330,2021-05-31,35.0,4.6,5.0
330,2021-06-01,89.0,4.2,4.6
330,2021-06-02,75.0,2.6,4.0
330,2021-06-03,227.0,4.4,4.7
330,2021-06-04,7.0,3.5,4.6
330,2021-06-05,331.0,6.2,6.5
330,2021-06-06,354.0,4.8,5.5
330,2021-06-07,21.0,4.7,4.9
330,2021-06-08,354.0,1.8,2.5
330,2021-06-09,256.0,3.2,3.5
330,2021-06-10,247.0,3.0,3.5
330,2021-06-11,220.0,5.1,5.3
330,2021-06-12,312.0,4.6,5.3
330,2021-06-13,348.0,2.0,2.7
330,2021-06-14,328.0,1.2,4.8
330,2021-06-15,26.0,6.0,6.2
330,2021-06-16,96.0,3.1,4.4
330,2021-06-17,200.0,0.1,4.9
330,2021-06-18,104.0,1.5,4.7
330,2021-06-19,306.0,3.0,6.0
330,2021-06-20,13.0,4.5,6.1
330,2021-06-21,34.0,10.0,10.1
330,2021-06-22,21.0,9.7,10.0
330,2021-06-23,23.0,6.3,6.6
330,2021-06-24,358.0,1.9,3.6
330,2021-06-25,212.0,5.4,5.7
330,2021-06-26,18.0,2.6,3.8
330,2021-06-27,64.0,4.6,6.0
330,2021-06-28,13.0,1.7,3.0
330,2021-06-29,359.0,6.7,6.8
330,2021-06-30,338.0,7.9,8.3
330,2021-07-01,285.0,7.4,7.6
330,2021-07-02,303.0,2.4,4.0
330,2021-07-03,154.0,2.0,4.5
330,2021-07-04,220.0,3.0,3.7
330,2021-07-05,191.0,4.8,5.8
330,2021-07-06,205.0,10.5,11.4
330,2021-07-07,214.0,5.2,5.7
330,2021-07-08,247.0,3.4,3.7
330,2021-07-09,258.0,2.5,3.3
330,2021-07-10,32.0,0.9,2.9
330,2021-07-11,346.0,1.1,2.8
330,2021-07-12,39.0,2.7,4.4
330,2021-07-13,357.0,8.5,8.8
330,2021-07-14,340.0,10.9,11.0
330,2021-07-15,355.0,12.2,12.2
330,2021-07-16,357.0,8.6,8.8
330,2021-07-17,7.0,6.6,6.8
330,2021-07-18,343.0,3.0,3.8
330,2021-07-19,41.0,4.0,4.4
330,2021-07-20,43.0,2.7,3.9
330,2021-07-21,7.0,1.7,3.6
330,2021-07-22,18.0,6.4,6.6
330,2021-07-23,47.0,4.6,5.2
330,2021-07-24,88.0,3.4,4.5
330,2021-07-25,92.0,0.3,3.5
330,2021-07-26,274.0,1.9,3.2
330,2021-07-27,204.0,5.7,5.9
330,2021-07-28,219.0,9.8,10.2
330,2021-07-29,241.0,9.8,10.0
330,2021-07-30,209.0,8.2,8.7
330,2021-07-31,259.0,8.9,9.0
330,2021-08-01,308.0,4.8,5.7
330,2021-08-02,328.0,3.5,3.7
330,2021-08-03,35.0,3.5,4.2
330,2021-08-04,72.0,2.4,3.2
330,2021-08-05,142.0,2.0,3.1
330,2021-08-06,212.0,9.8,10.3
330,2021-08-07,195.0,6.9,7.6
330,2021-08-08,230.0,11.3,11.6
330,2021-08-09,216.0,8.7,8.9
330,2021-08-10,239.0,5.1,5.4
330,2021-08-11,216.0,3.7,4.2
330,2021-08-12,242.0,3.2,3.8
330,2021-08-13,242.0,6.8,7.0
330,2021-08-14,231.0,4.6,4.9
330,2021-08-15,234.0,7.6,7.8
330,2021-08-16,297.0,11.0,11.5
330,2021-08-17,280.0,7.8,8.1
330,2021-08-18,271.0,6.1,6.4
330,2021-08-19,251.0,5.9,6.0
330,2021-08-20,247.0,3.9,4.2
330,2021-08-21,107.0,1.1,3.2
330,2021-08-22,314.0,5.1,7.2
330,2021-08-23,23.0,10.3,10.5
330,2021-08-24,29.0,7.9,8.2
330,2021-08-25,360.0,5.8,6.7
330,2021-08-26,354.0,9.3,9.9
330,2021-08-27,357.0,9.5,9.6
330,2021-08-28,14.0,10.9,11.0
330,2021-08-29,2.0,10.3,10.7
330,2021-08-30,13.0,9.6,9.8
330,2021-08-31,15.0,8.2,8.3
330,2021-09-01,18.0,5.7,5.9
330,2021-09-02,40.0,4.8,5.2
330,2021-09-03,37.0,6.4,6.8
330,2021-09-04,56.0,5.0,5.2
330,2021-09-05,57.0,3.4,4.0
330,2021-09-06,60.0,1.2,2.0
330,2021-09-07,97.0,2.1,3.1
330,2021-09-08,110.0,4.0,4.1
330,2021-09-09,186.0,2.9,4.2
330,2021-09-10,216.0,4.7,5.0
330,2021-09-11,237.0,6.7,6.9
330,2021-09-12,300.0,2.5,4.8
330,2021-09-13,54.0,2.7,3.3
330,2021-09-14,128.0,3.6,4.5
330,2021-09-15,305.0,6.0,6.7
330,2021-09-16,287.0,4.9,5.4
330,2021-09-17,226.0,1.8,3.5
330,2021-09-18,109.0,3.5,3.9
330,2021-09-19,100.0,3.1,3.7
330,2021-09-20,82.0,5.0,5.3
330,2021-09-21,232.0,1.5,3.0
330,2021-09-22,215.0,4.5,4.7
330,2021-09-23,259.0,6.7,7.4
330,2021-09-24,232.0,6.7,6.8
330,2021-09-25,194.0,2.0,3.9
330,2021-09-26,184.0,3.8,4.4
330,2021-09-27,214.0,6.8,8.6
330,2021-09-28,181.0,6.6,7.1
330,2021-09-29,272.0,8.4,11.1
330,2021-09-30,221.0,8.2,10.0
330,2021-10-01,195.0,8.7,9.3
330,2021-10-02,174.0,8.3,9.3
330,2021-10-03,212.0,7.1,7.6
330,2021-10-04,190.0,8.5,8.7
330,2021-10-05,202.0,7.4,10.3
330,2021-10-06,289.0,11.8,12.6
330,2021-10-07,311.0,1.8,3.4
330,2021-10-08,98.0,2.6,3.0
330,2021-10-09,102.0,2.9,3.0
330,2021-10-10,339.0,3.4,3.8
330,2021-10-11,325.0,8.0,8.2
330,2021-10-12,333.0,8.7,9.9
330,2021-10-13,299.0,5.2,6.8
330,2021-10-14,257.0,6.5,7.1
330,2021-10-15,329.0,5.7,7.7
330,2021-10-16,207.0,3.7,4.3
330,2021-10-17,189.0,6.2,6.2
330,2021-10-18,181.0,6.9,7.0
330,2021-10-19,203.0,8.4,8.6
330,2021-10-20,209.0,9.7,10.2
330,2021-10-21,293.0,12.1,14.3
330,2021-10-22,292.0,11.0,12.1
330,2021-10-23,204.0,3.7,4.8
330,2021-10-24,182.0,6.3,6.4
330,2021-10-25,196.0,6.8,6.9
330,2021-10-26,217.0,7.4,7.7
330,2021-10-27,205.0,8.3,8.4
330,2021-10-28,173.0,8.3,8.3
330,2021-10-29,175.0,9.4,9.7
330,2021-10-30,174.0,7.2,7.9
330,2021-10-31,177.0,7.9,8.7
330,2021-11-01,198.0,10.0,10.0
330,2021-11-02,208.0,4.0,5.0
330,2021-11-03,162.0,0.3,2.6
330,2021-11-04,350.0,6.9,7.5
330,2021-11-05,303.0,5.5,7.0
330,2021-11-06,232.0,8.5,8.8
330,2021-11-07,294.0,11.3,11.7
330,2021-11-08,267.0,3.6,4.8
330,2021-11-09,191.0,6.5,6.6
330,2021-11-10,193.0,4.7,4.7
330,2021-11-11,190.0,4.1,4.2
330,2021-11-12,187.0,7.8,8.1
330,2021-11-13,309.0,4.6,5.9
330,2021-11-14,70.0,4.3,4.4
330,2021-11-15,67.0,4.2,4.1
330,2021-11-16,166.0,3.3,4.4
330,2021-11-17,276.0,5.8,7.6
330,2021-11-18,249.0,7.0,7.2
330,2021-11-19,261.0,5.8,6.0
330,2021-11-20,246.0,5.4,5.9
330,2021-11-21,7.0,8.8,10.0
330,2021-11-22,50.0,4.5,4.8
330,2021-11-23,8.0,2.8,4.0
330,2021-11-24,175.0,4.2,4.3
330,2021-11-25,328.0,6.6,7.8
330,2021-11-26,266.0,4.7,9.5
330,2021-11-27,186.0,2.5,5.4
330,2021-11-28,29.0,3.9,6.0
330,2021-11-29,313.0,9.2,11.2
330,2021-11-30,267.0,10.9,11.7
330,2021-12-01,278.0,9.3,13.3
330,2021-12-02,343.0,7.1,8.8
330,2021-12-03,208.0,8.6,8.9
330,2021-12-04,238.0,6.1,8.0
330,2021-12-05,163.0,2.6,4.5
330,2021-12-06,176.0,4.6,7.8
330,2021-12-07,183.0,5.2,10.0
330,2021-12-08,194.0,9.7,9.9
330,2021-12-09,191.0,7.3,7.5
330,2021-12-10,130.0,3.0,5.1
330,2021-12-11,257.0,3.9,6.7
330,2021-12-12,216.0,7.7,8.0
330,2021-12-13,200.0,6.2,6.3
330,2021-12-14,218.0,6.9,7.0
330,2021-12-15,227.0,5.5,5.6
330,2021-12-16,273.0,3.0,3.3
330,2021-12-17,57.0,3.3,3.7
330,2021-12-18,52.0,2.0,2.5
330,2021-12-19,353.0,5.7,6.2
330,2021-12-20,70.0,2.9,3.1
330,2021-12-21,114.0,3.1,3.3
330,2021-12-22,157.0,4.9,5.1
330,2021-12-23,206.0,7.8,8.2
330,2021-12-24,263.0,4.0,6.8
330,2021-12-25,84.0,7.6,7.8
330,2021-12-26,108.0,6.5,6.5
330,2021-12-27,151.0,5.9,6.2
330,2021-12-28,236.0,6.5,9.9
330,2021-12-29,227.0,6.4,7.8
330,2021-12-30,227.0,11.4,11.5
330,2021-12-31,219.0,9.7,9.8
